Audiofile,start,end,class
S01_U04.CH4.wav,0,0.3999375,background
S01_U04.CH4.wav,0.24,0.4799375,foreground
S01_U04.CH4.wav,0.32,1.9199375,background
S01_U04.CH4.wav,1.76,2.1599375,foreground
S01_U04.CH4.wav,2,3.1999375,background
S01_U04.CH4.wav,3.04,3.3199375,foreground
S01_U04.CH4.wav,3.16,4.3199375,background
S01_U04.CH4.wav,4.16,4.3999375,foreground
S01_U04.CH4.wav,4.24,4.6799375,background
S01_U04.CH4.wav,4.52,4.7199375,foreground
S01_U04.CH4.wav,4.56,4.9199375,background
S01_U04.CH4.wav,4.76,4.9599375,foreground
S01_U04.CH4.wav,4.8,6.4799375,background
S01_U04.CH4.wav,6.32,6.5599375,foreground
S01_U04.CH4.wav,6.4,6.8799375,background
S01_U04.CH4.wav,6.72,6.9999375,foreground
S01_U04.CH4.wav,6.84,7.3199375,background
S01_U04.CH4.wav,7.16,7.3999375,foreground
S01_U04.CH4.wav,7.24,8.2399375,background
S01_U04.CH4.wav,8.08,8.5599375,foreground
S01_U04.CH4.wav,8.4,9.3999375,background
S01_U04.CH4.wav,9.24,9.4799375,foreground
S01_U04.CH4.wav,9.32,10.3999375,background
S01_U04.CH4.wav,10.24,10.5199375,foreground
S01_U04.CH4.wav,10.36,10.7599375,background
S01_U04.CH4.wav,10.6,10.9199375,foreground
S01_U04.CH4.wav,10.76,11.2399375,background
S01_U04.CH4.wav,11.08,11.3599375,foreground
S01_U04.CH4.wav,11.2,12.0799375,background
S01_U04.CH4.wav,11.92,12.1199375,foreground
S01_U04.CH4.wav,11.96,13.0799375,background
S01_U04.CH4.wav,12.92,13.1599375,foreground
S01_U04.CH4.wav,13,13.5599375,background
S01_U04.CH4.wav,13.4,13.8399375,foreground
S01_U04.CH4.wav,13.68,15.1999375,background
S01_U04.CH4.wav,15.04,15.3199375,foreground
S01_U04.CH4.wav,15.16,15.4399375,background
S01_U04.CH4.wav,15.28,15.8799375,foreground
S01_U04.CH4.wav,15.72,19.1599375,background
S01_U04.CH4.wav,19,19.3199375,foreground
S01_U04.CH4.wav,19.16,19.4399375,background
S01_U04.CH4.wav,19.28,19.6799375,foreground
S01_U04.CH4.wav,19.52,20.1199375,background
S01_U04.CH4.wav,19.96,20.1999375,foreground
S01_U04.CH4.wav,20.04,31.5999375,background
S01_U04.CH4.wav,31.44,31.6399375,foreground
S01_U04.CH4.wav,31.48,34.1199375,background
S01_U04.CH4.wav,33.96,34.3199375,foreground
S01_U04.CH4.wav,34.16,35.4399375,background
S01_U04.CH4.wav,35.28,35.6399375,foreground
S01_U04.CH4.wav,35.48,36.1999375,background
S01_U04.CH4.wav,36.04,36.2799375,foreground
S01_U04.CH4.wav,36.12,36.3199375,background
S01_U04.CH4.wav,36.16,36.3599375,foreground
S01_U04.CH4.wav,36.2,38.4399375,background
S01_U04.CH4.wav,38.28,38.5199375,foreground
S01_U04.CH4.wav,38.36,38.6399375,background
S01_U04.CH4.wav,38.48,38.6799375,foreground
S01_U04.CH4.wav,38.52,38.9599375,background
S01_U04.CH4.wav,38.8,38.9999375,foreground
S01_U04.CH4.wav,38.84,39.0399375,background
S01_U04.CH4.wav,38.88,39.0799375,foreground
S01_U04.CH4.wav,38.92,39.5599375,background
S01_U04.CH4.wav,39.4,39.5999375,foreground
S01_U04.CH4.wav,39.44,44.2799375,background
S01_U04.CH4.wav,44.12,44.3999375,foreground
S01_U04.CH4.wav,44.24,45.0799375,background
S01_U04.CH4.wav,44.92,45.1599375,foreground
S01_U04.CH4.wav,45,47.1999375,background
S01_U04.CH4.wav,47.04,47.3599375,foreground
S01_U04.CH4.wav,47.2,50.9599375,background
S01_U04.CH4.wav,50.8,51.1199375,foreground
S01_U04.CH4.wav,50.96,51.1599375,background
S01_U04.CH4.wav,51,51.3599375,foreground
S01_U04.CH4.wav,51.2,51.5199375,background
S01_U04.CH4.wav,51.36,51.5599375,foreground
S01_U04.CH4.wav,51.4,53.7599375,background
S01_U04.CH4.wav,53.6,53.8399375,foreground
S01_U04.CH4.wav,53.68,54.8399375,background
S01_U04.CH4.wav,54.68,54.8799375,foreground
S01_U04.CH4.wav,54.72,61.5199375,background
S01_U04.CH4.wav,61.36,61.5999375,foreground
S01_U04.CH4.wav,61.44,61.6399375,background
S01_U04.CH4.wav,61.48,61.6799375,foreground
S01_U04.CH4.wav,61.52,65.9199375,background
S01_U04.CH4.wav,65.76,66.5199375,foreground
S01_U04.CH4.wav,66.36,67.9599375,background
S01_U04.CH4.wav,67.8,68.0399375,foreground
S01_U04.CH4.wav,67.88,69.1199375,background
S01_U04.CH4.wav,68.96,69.1599375,foreground
S01_U04.CH4.wav,69,70.5999375,background
S01_U04.CH4.wav,70.44,70.6399375,foreground
S01_U04.CH4.wav,70.48,70.6799375,background
S01_U04.CH4.wav,70.52,70.7199375,foreground
S01_U04.CH4.wav,70.56,71.7599375,background
S01_U04.CH4.wav,71.6,71.9599375,foreground
S01_U04.CH4.wav,71.8,76.7999375,background
S01_U04.CH4.wav,76.64,76.8399375,foreground
S01_U04.CH4.wav,76.68,77.8799375,background
S01_U04.CH4.wav,77.72,78.0399375,foreground
S01_U04.CH4.wav,77.88,78.8399375,background
S01_U04.CH4.wav,78.68,78.8799375,foreground
S01_U04.CH4.wav,78.72,78.9999375,background
S01_U04.CH4.wav,78.84,79.1199375,foreground
S01_U04.CH4.wav,78.96,79.2399375,background
S01_U04.CH4.wav,79.08,79.3599375,foreground
S01_U04.CH4.wav,79.2,82.5999375,background
S01_U04.CH4.wav,82.44,82.6399375,foreground
S01_U04.CH4.wav,82.48,82.7599375,background
S01_U04.CH4.wav,82.6,82.7999375,foreground
S01_U04.CH4.wav,82.64,83.0399375,background
S01_U04.CH4.wav,82.88,83.2399375,foreground
S01_U04.CH4.wav,83.08,117.2399375,background
S01_U04.CH4.wav,117.08,117.3599375,foreground
S01_U04.CH4.wav,117.2,121.5599375,background
S01_U04.CH4.wav,121.4,121.5999375,foreground
S01_U04.CH4.wav,121.44,126.4399375,background
S01_U04.CH4.wav,126.28,126.5199375,foreground
S01_U04.CH4.wav,126.36,127.7599375,background
S01_U04.CH4.wav,127.6,127.8799375,foreground
S01_U04.CH4.wav,127.72,128.5199375,background
S01_U04.CH4.wav,128.36,128.6399375,foreground
S01_U04.CH4.wav,128.48,128.6799375,background
S01_U04.CH4.wav,128.52,128.7199375,foreground
S01_U04.CH4.wav,128.56,128.8799375,background
S01_U04.CH4.wav,128.72,129.0799375,foreground
S01_U04.CH4.wav,128.92,129.1199375,background
S01_U04.CH4.wav,128.96,129.2799375,foreground
S01_U04.CH4.wav,129.12,129.5999375,background
S01_U04.CH4.wav,129.44,129.7599375,foreground
S01_U04.CH4.wav,129.6,131.1999375,background
S01_U04.CH4.wav,131.04,131.2399375,foreground
S01_U04.CH4.wav,131.08,131.7599375,background
S01_U04.CH4.wav,131.6,132.1199375,foreground
S01_U04.CH4.wav,131.96,132.4399375,background
S01_U04.CH4.wav,132.28,132.6799375,foreground
S01_U04.CH4.wav,132.52,133.3199375,background
S01_U04.CH4.wav,133.16,133.7999375,foreground
S01_U04.CH4.wav,133.64,134.3999375,background
S01_U04.CH4.wav,134.24,134.4399375,foreground
S01_U04.CH4.wav,134.28,134.6799375,background
S01_U04.CH4.wav,134.52,134.7599375,foreground
S01_U04.CH4.wav,134.6,134.7999375,background
S01_U04.CH4.wav,134.64,134.9999375,foreground
S01_U04.CH4.wav,134.84,135.2799375,background
S01_U04.CH4.wav,135.12,135.3599375,foreground
S01_U04.CH4.wav,135.2,135.8399375,background
S01_U04.CH4.wav,135.68,136.5199375,foreground
S01_U04.CH4.wav,136.36,138.7199375,background
S01_U04.CH4.wav,138.56,138.9199375,foreground
S01_U04.CH4.wav,138.76,138.9999375,background
S01_U04.CH4.wav,138.84,139.0799375,foreground
S01_U04.CH4.wav,138.92,139.2399375,background
S01_U04.CH4.wav,139.08,139.4399375,foreground
S01_U04.CH4.wav,139.28,139.5599375,background
S01_U04.CH4.wav,139.4,139.6399375,foreground
S01_U04.CH4.wav,139.48,139.7999375,background
S01_U04.CH4.wav,139.64,140.0399375,foreground
S01_U04.CH4.wav,139.88,140.2799375,background
S01_U04.CH4.wav,140.12,140.3599375,foreground
S01_U04.CH4.wav,140.2,141.6399375,background
S01_U04.CH4.wav,141.48,141.6799375,foreground
S01_U04.CH4.wav,141.52,142.1999375,background
S01_U04.CH4.wav,142.04,142.2799375,foreground
S01_U04.CH4.wav,142.12,142.6799375,background
S01_U04.CH4.wav,142.52,142.7999375,foreground
S01_U04.CH4.wav,142.64,143.7999375,background
S01_U04.CH4.wav,143.64,143.8399375,foreground
S01_U04.CH4.wav,143.68,144.2799375,background
S01_U04.CH4.wav,144.12,144.3999375,foreground
S01_U04.CH4.wav,144.24,144.7599375,background
S01_U04.CH4.wav,144.6,144.9199375,foreground
S01_U04.CH4.wav,144.76,148.1199375,background
S01_U04.CH4.wav,147.96,148.1599375,foreground
S01_U04.CH4.wav,148,182.9199375,background
S01_U04.CH4.wav,182.76,182.9999375,foreground
S01_U04.CH4.wav,182.84,191.9999375,background
S01_U04.CH4.wav,191.84,192.1199375,foreground
S01_U04.CH4.wav,191.96,201.3199375,background
S01_U04.CH4.wav,201.16,201.4799375,foreground
S01_U04.CH4.wav,201.32,213.1999375,background
S01_U04.CH4.wav,213.04,213.3999375,foreground
S01_U04.CH4.wav,213.24,214.2399375,background
S01_U04.CH4.wav,214.08,214.3999375,foreground
S01_U04.CH4.wav,214.24,216.4799375,background
S01_U04.CH4.wav,216.32,216.5999375,foreground
S01_U04.CH4.wav,216.44,217.3999375,background
S01_U04.CH4.wav,217.24,217.4399375,foreground
S01_U04.CH4.wav,217.28,217.7999375,background
S01_U04.CH4.wav,217.64,218.0399375,foreground
S01_U04.CH4.wav,217.88,218.0799375,background
S01_U04.CH4.wav,217.92,218.1199375,foreground
S01_U04.CH4.wav,217.96,218.4399375,background
S01_U04.CH4.wav,218.28,218.4799375,foreground
S01_U04.CH4.wav,218.32,219.3199375,background
S01_U04.CH4.wav,219.16,219.3599375,foreground
S01_U04.CH4.wav,219.2,219.4799375,background
S01_U04.CH4.wav,219.32,219.7199375,foreground
S01_U04.CH4.wav,219.56,220.4799375,background
S01_U04.CH4.wav,220.32,220.5599375,foreground
S01_U04.CH4.wav,220.4,220.8399375,background
S01_U04.CH4.wav,220.68,220.8799375,foreground
S01_U04.CH4.wav,220.72,221.6399375,background
S01_U04.CH4.wav,221.48,221.8399375,foreground
S01_U04.CH4.wav,221.68,221.8799375,background
S01_U04.CH4.wav,221.72,222.0399375,foreground
S01_U04.CH4.wav,221.88,223.3999375,background
S01_U04.CH4.wav,223.24,223.4799375,foreground
S01_U04.CH4.wav,223.32,223.5199375,background
S01_U04.CH4.wav,223.36,223.5599375,foreground
S01_U04.CH4.wav,223.4,243.7199375,background
S01_U04.CH4.wav,243.56,243.7599375,foreground
S01_U04.CH4.wav,243.6,247.1999375,background
S01_U04.CH4.wav,247.04,247.2399375,foreground
S01_U04.CH4.wav,247.08,249.5199375,background
S01_U04.CH4.wav,249.36,249.6799375,foreground
S01_U04.CH4.wav,249.52,250.7599375,background
S01_U04.CH4.wav,250.6,250.9599375,foreground
S01_U04.CH4.wav,250.8,252.5999375,background
S01_U04.CH4.wav,252.44,252.8399375,foreground
S01_U04.CH4.wav,252.68,253.1999375,background
S01_U04.CH4.wav,253.04,253.2799375,foreground
S01_U04.CH4.wav,253.12,253.6399375,background
S01_U04.CH4.wav,253.48,253.7199375,foreground
S01_U04.CH4.wav,253.56,253.8799375,background
S01_U04.CH4.wav,253.72,254.0399375,foreground
S01_U04.CH4.wav,253.88,254.2399375,background
S01_U04.CH4.wav,254.08,254.3999375,foreground
S01_U04.CH4.wav,254.24,254.6399375,background
S01_U04.CH4.wav,254.48,254.7199375,foreground
S01_U04.CH4.wav,254.56,254.7599375,background
S01_U04.CH4.wav,254.6,254.9599375,foreground
S01_U04.CH4.wav,254.8,255.8799375,background
S01_U04.CH4.wav,255.72,255.9599375,foreground
S01_U04.CH4.wav,255.8,256.2799375,background
S01_U04.CH4.wav,256.12,256.3199375,foreground
S01_U04.CH4.wav,256.16,257.5599375,background
S01_U04.CH4.wav,257.4,257.7599375,foreground
S01_U04.CH4.wav,257.6,258.2399375,background
S01_U04.CH4.wav,258.08,258.4399375,foreground
S01_U04.CH4.wav,258.28,258.6399375,background
S01_U04.CH4.wav,258.48,258.7599375,foreground
S01_U04.CH4.wav,258.6,260.1199375,background
S01_U04.CH4.wav,259.96,260.1599375,foreground
S01_U04.CH4.wav,260,260.1999375,background
S01_U04.CH4.wav,260.04,260.3599375,foreground
S01_U04.CH4.wav,260.2,261.5199375,background
S01_U04.CH4.wav,261.36,261.5999375,foreground
S01_U04.CH4.wav,261.44,261.6399375,background
S01_U04.CH4.wav,261.48,261.7199375,foreground
S01_U04.CH4.wav,261.56,263.7199375,background
S01_U04.CH4.wav,263.56,263.7599375,foreground
S01_U04.CH4.wav,263.6,265.3999375,background
S01_U04.CH4.wav,265.24,265.5599375,foreground
S01_U04.CH4.wav,265.4,266.4799375,background
S01_U04.CH4.wav,266.32,266.5599375,foreground
S01_U04.CH4.wav,266.4,268.1199375,background
S01_U04.CH4.wav,267.96,268.2399375,foreground
S01_U04.CH4.wav,268.08,268.9199375,background
S01_U04.CH4.wav,268.76,269.0399375,foreground
S01_U04.CH4.wav,268.88,270.5199375,background
S01_U04.CH4.wav,270.36,270.6799375,foreground
S01_U04.CH4.wav,270.52,271.2399375,background
S01_U04.CH4.wav,271.08,271.4399375,foreground
S01_U04.CH4.wav,271.28,272.7599375,background
S01_U04.CH4.wav,272.6,272.7999375,foreground
S01_U04.CH4.wav,272.64,276.0799375,background
S01_U04.CH4.wav,275.92,276.2399375,foreground
S01_U04.CH4.wav,276.08,276.6399375,background
S01_U04.CH4.wav,276.48,276.7199375,foreground
S01_U04.CH4.wav,276.56,277.1199375,background
S01_U04.CH4.wav,276.96,277.1599375,foreground
S01_U04.CH4.wav,277,277.8799375,background
S01_U04.CH4.wav,277.72,277.9199375,foreground
S01_U04.CH4.wav,277.76,278.2799375,background
S01_U04.CH4.wav,278.12,278.3599375,foreground
S01_U04.CH4.wav,278.2,279.3199375,background
S01_U04.CH4.wav,279.16,279.3599375,foreground
S01_U04.CH4.wav,279.2,282.9999375,background
S01_U04.CH4.wav,282.84,283.1999375,foreground
S01_U04.CH4.wav,283.04,283.7999375,background
S01_U04.CH4.wav,283.64,284.0399375,foreground
S01_U04.CH4.wav,283.88,284.3999375,background
S01_U04.CH4.wav,284.24,284.6799375,foreground
S01_U04.CH4.wav,284.52,284.8399375,background
S01_U04.CH4.wav,284.68,285.1199375,foreground
S01_U04.CH4.wav,284.96,286.3199375,background
S01_U04.CH4.wav,286.16,286.6799375,foreground
S01_U04.CH4.wav,286.52,287.7999375,background
S01_U04.CH4.wav,287.64,287.9199375,foreground
S01_U04.CH4.wav,287.76,288.2399375,background
S01_U04.CH4.wav,288.08,288.5199375,foreground
S01_U04.CH4.wav,288.36,289.5599375,background
S01_U04.CH4.wav,289.4,289.6399375,foreground
S01_U04.CH4.wav,289.48,289.7599375,background
S01_U04.CH4.wav,289.6,290.2799375,foreground
S01_U04.CH4.wav,290.12,291.3999375,background
S01_U04.CH4.wav,291.24,291.9599375,foreground
S01_U04.CH4.wav,291.8,292.1599375,background
S01_U04.CH4.wav,292,292.2799375,foreground
S01_U04.CH4.wav,292.12,292.8399375,background
S01_U04.CH4.wav,292.68,292.8799375,foreground
S01_U04.CH4.wav,292.72,293.1999375,background
S01_U04.CH4.wav,293.04,293.2799375,foreground
S01_U04.CH4.wav,293.12,293.8399375,background
S01_U04.CH4.wav,293.68,293.8799375,foreground
S01_U04.CH4.wav,293.72,294.1199375,background
S01_U04.CH4.wav,293.96,294.2399375,foreground
S01_U04.CH4.wav,294.08,294.3599375,background
S01_U04.CH4.wav,294.2,294.3999375,foreground
S01_U04.CH4.wav,294.24,294.4399375,background
S01_U04.CH4.wav,294.28,294.6399375,foreground
S01_U04.CH4.wav,294.48,294.6799375,background
S01_U04.CH4.wav,294.52,294.7599375,foreground
S01_U04.CH4.wav,294.6,296.6399375,background
S01_U04.CH4.wav,296.48,296.7199375,foreground
S01_U04.CH4.wav,296.56,296.8799375,background
S01_U04.CH4.wav,296.72,296.9199375,foreground
S01_U04.CH4.wav,296.76,297.1199375,background
S01_U04.CH4.wav,296.96,297.3199375,foreground
S01_U04.CH4.wav,297.16,297.9199375,background
S01_U04.CH4.wav,297.76,297.9599375,foreground
S01_U04.CH4.wav,297.8,299.0799375,background
S01_U04.CH4.wav,298.92,299.7999375,foreground
S01_U04.CH4.wav,299.64,299.9999375,background
S01_U04.CH4.wav,299.84,300.0799375,foreground
S01_U04.CH4.wav,299.92,301.6399375,background
S01_U04.CH4.wav,301.48,301.7999375,foreground
S01_U04.CH4.wav,301.64,306.2799375,background
S01_U04.CH4.wav,306.12,306.3199375,foreground
S01_U04.CH4.wav,306.16,306.5999375,background
S01_U04.CH4.wav,306.44,306.8799375,foreground
S01_U04.CH4.wav,306.72,311.8399375,background
S01_U04.CH4.wav,311.68,311.9599375,foreground
S01_U04.CH4.wav,311.8,320.1599375,background
S01_U04.CH4.wav,320,320.1999375,foreground
S01_U04.CH4.wav,320.04,327.3599375,background
S01_U04.CH4.wav,327.2,327.5199375,foreground
S01_U04.CH4.wav,327.36,334.1999375,background
S01_U04.CH4.wav,334.04,334.3599375,foreground
S01_U04.CH4.wav,334.2,340.5599375,background
S01_U04.CH4.wav,340.4,340.5999375,foreground
S01_U04.CH4.wav,340.44,341.7599375,background
S01_U04.CH4.wav,341.6,341.8799375,foreground
S01_U04.CH4.wav,341.72,345.0799375,background
S01_U04.CH4.wav,344.92,345.2799375,foreground
S01_U04.CH4.wav,345.12,345.8799375,background
S01_U04.CH4.wav,345.72,345.9599375,foreground
S01_U04.CH4.wav,345.8,346.1999375,background
S01_U04.CH4.wav,346.04,346.4799375,foreground
S01_U04.CH4.wav,346.32,348.4399375,background
S01_U04.CH4.wav,348.28,348.4799375,foreground
S01_U04.CH4.wav,348.32,348.9199375,background
S01_U04.CH4.wav,348.76,348.9999375,foreground
S01_U04.CH4.wav,348.84,349.0799375,background
S01_U04.CH4.wav,348.92,349.3199375,foreground
S01_U04.CH4.wav,349.16,349.5199375,background
S01_U04.CH4.wav,349.36,349.6799375,foreground
S01_U04.CH4.wav,349.52,349.9199375,background
S01_U04.CH4.wav,349.76,350.1599375,foreground
S01_U04.CH4.wav,350,350.3199375,background
S01_U04.CH4.wav,350.16,350.5599375,foreground
S01_U04.CH4.wav,350.4,351.5999375,background
S01_U04.CH4.wav,351.44,352.0799375,foreground
S01_U04.CH4.wav,351.92,355.6799375,background
S01_U04.CH4.wav,355.52,355.7999375,foreground
S01_U04.CH4.wav,355.64,355.8399375,background
S01_U04.CH4.wav,355.68,355.9199375,foreground
S01_U04.CH4.wav,355.76,356.5599375,background
S01_U04.CH4.wav,356.4,356.5999375,foreground
S01_U04.CH4.wav,356.44,357.7999375,background
S01_U04.CH4.wav,357.64,358.0399375,foreground
S01_U04.CH4.wav,357.88,358.0799375,background
S01_U04.CH4.wav,357.92,358.1199375,foreground
S01_U04.CH4.wav,357.96,358.5999375,background
S01_U04.CH4.wav,358.44,358.7199375,foreground
S01_U04.CH4.wav,358.56,359.3999375,background
S01_U04.CH4.wav,359.24,359.4799375,foreground
S01_U04.CH4.wav,359.32,359.6399375,background
S01_U04.CH4.wav,359.48,359.7199375,foreground
S01_U04.CH4.wav,359.56,359.9199375,background
S01_U04.CH4.wav,359.76,360.0399375,foreground
S01_U04.CH4.wav,359.88,360.1199375,background
S01_U04.CH4.wav,359.96,360.1599375,foreground
S01_U04.CH4.wav,360,360.6399375,background
S01_U04.CH4.wav,360.48,360.6799375,foreground
S01_U04.CH4.wav,360.52,360.7599375,background
S01_U04.CH4.wav,360.6,360.9199375,foreground
S01_U04.CH4.wav,360.76,361.0799375,background
S01_U04.CH4.wav,360.92,361.1599375,foreground
S01_U04.CH4.wav,361,362.7199375,background
S01_U04.CH4.wav,362.56,362.7999375,foreground
S01_U04.CH4.wav,362.64,362.8399375,background
S01_U04.CH4.wav,362.68,362.9199375,foreground
S01_U04.CH4.wav,362.76,365.7199375,background
S01_U04.CH4.wav,365.56,366.2799375,foreground
S01_U04.CH4.wav,366.12,367.0399375,background
S01_U04.CH4.wav,366.88,367.1599375,foreground
S01_U04.CH4.wav,367,368.0399375,background
S01_U04.CH4.wav,367.88,368.2399375,foreground
S01_U04.CH4.wav,368.08,371.9199375,background
S01_U04.CH4.wav,371.76,371.9999375,foreground
S01_U04.CH4.wav,371.84,374.0399375,background
S01_U04.CH4.wav,373.88,374.1199375,foreground
S01_U04.CH4.wav,373.96,374.3999375,background
S01_U04.CH4.wav,374.24,374.4399375,foreground
S01_U04.CH4.wav,374.28,376.3199375,background
S01_U04.CH4.wav,376.16,376.3599375,foreground
S01_U04.CH4.wav,376.2,378.3999375,background
S01_U04.CH4.wav,378.24,378.4799375,foreground
S01_U04.CH4.wav,378.32,378.8799375,background
S01_U04.CH4.wav,378.72,379.0399375,foreground
S01_U04.CH4.wav,378.88,379.4799375,background
S01_U04.CH4.wav,379.32,379.7199375,foreground
S01_U04.CH4.wav,379.56,379.9199375,background
S01_U04.CH4.wav,379.76,380.1599375,foreground
S01_U04.CH4.wav,380,380.4399375,background
S01_U04.CH4.wav,380.28,380.5999375,foreground
S01_U04.CH4.wav,380.44,380.6799375,background
S01_U04.CH4.wav,380.52,380.7599375,foreground
S01_U04.CH4.wav,380.6,381.0799375,background
S01_U04.CH4.wav,380.92,381.3599375,foreground
S01_U04.CH4.wav,381.2,382.2399375,background
S01_U04.CH4.wav,382.08,382.2799375,foreground
S01_U04.CH4.wav,382.12,382.3599375,background
S01_U04.CH4.wav,382.2,382.4799375,foreground
S01_U04.CH4.wav,382.32,382.9999375,background
S01_U04.CH4.wav,382.84,383.1599375,foreground
S01_U04.CH4.wav,383,385.9199375,background
S01_U04.CH4.wav,385.76,385.9999375,foreground
S01_U04.CH4.wav,385.84,389.8799375,background
S01_U04.CH4.wav,389.72,390.1599375,foreground
S01_U04.CH4.wav,390,395.2399375,background
S01_U04.CH4.wav,395.08,395.3199375,foreground
S01_U04.CH4.wav,395.16,395.4399375,background
S01_U04.CH4.wav,395.28,395.4799375,foreground
S01_U04.CH4.wav,395.32,395.5999375,background
S01_U04.CH4.wav,395.44,395.9199375,foreground
S01_U04.CH4.wav,395.76,396.1199375,background
S01_U04.CH4.wav,395.96,396.2399375,foreground
S01_U04.CH4.wav,396.08,396.5199375,background
S01_U04.CH4.wav,396.36,396.5599375,foreground
S01_U04.CH4.wav,396.4,396.6799375,background
S01_U04.CH4.wav,396.52,396.7599375,foreground
S01_U04.CH4.wav,396.6,397.7199375,background
S01_U04.CH4.wav,397.56,397.7599375,foreground
S01_U04.CH4.wav,397.6,399.7999375,background
S01_U04.CH4.wav,399.64,399.8399375,foreground
S01_U04.CH4.wav,399.68,399.9199375,background
S01_U04.CH4.wav,399.76,399.9599375,foreground
S01_U04.CH4.wav,399.8,403.5199375,background
S01_U04.CH4.wav,403.36,403.5599375,foreground
S01_U04.CH4.wav,403.4,404.5199375,background
S01_U04.CH4.wav,404.36,404.5599375,foreground
S01_U04.CH4.wav,404.4,404.5999375,background
S01_U04.CH4.wav,404.44,404.6399375,foreground
S01_U04.CH4.wav,404.48,405.6399375,background
S01_U04.CH4.wav,405.48,405.6799375,foreground
S01_U04.CH4.wav,405.52,410.5599375,background
S01_U04.CH4.wav,410.4,410.5999375,foreground
S01_U04.CH4.wav,410.44,410.6799375,background
S01_U04.CH4.wav,410.52,410.8399375,foreground
S01_U04.CH4.wav,410.68,411.8799375,background
S01_U04.CH4.wav,411.72,412.1599375,foreground
S01_U04.CH4.wav,412,415.7999375,background
S01_U04.CH4.wav,415.64,415.9999375,foreground
S01_U04.CH4.wav,415.84,416.2799375,background
S01_U04.CH4.wav,416.12,416.3999375,foreground
S01_U04.CH4.wav,416.24,428.3999375,background
S01_U04.CH4.wav,428.24,428.5999375,foreground
S01_U04.CH4.wav,428.44,428.6799375,background
S01_U04.CH4.wav,428.52,428.7199375,foreground
S01_U04.CH4.wav,428.56,429.2399375,background
S01_U04.CH4.wav,429.08,429.2799375,foreground
S01_U04.CH4.wav,429.12,429.3199375,background
S01_U04.CH4.wav,429.16,429.4799375,foreground
S01_U04.CH4.wav,429.32,430.0399375,background
S01_U04.CH4.wav,429.88,430.0799375,foreground
S01_U04.CH4.wav,429.92,430.7999375,background
S01_U04.CH4.wav,430.64,430.9199375,foreground
S01_U04.CH4.wav,430.76,432.5199375,background
S01_U04.CH4.wav,432.36,432.7199375,foreground
S01_U04.CH4.wav,432.56,433.8399375,background
S01_U04.CH4.wav,433.68,433.9599375,foreground
S01_U04.CH4.wav,433.8,435.5199375,background
S01_U04.CH4.wav,435.36,435.5999375,foreground
S01_U04.CH4.wav,435.44,435.7599375,background
S01_U04.CH4.wav,435.6,435.7999375,foreground
S01_U04.CH4.wav,435.64,435.9199375,background
S01_U04.CH4.wav,435.76,436.1199375,foreground
S01_U04.CH4.wav,435.96,436.2399375,background
S01_U04.CH4.wav,436.08,436.4799375,foreground
S01_U04.CH4.wav,436.32,436.6399375,background
S01_U04.CH4.wav,436.48,436.9599375,foreground
S01_U04.CH4.wav,436.8,437.3199375,background
S01_U04.CH4.wav,437.16,437.5199375,foreground
S01_U04.CH4.wav,437.36,437.5999375,background
S01_U04.CH4.wav,437.44,437.6799375,foreground
S01_U04.CH4.wav,437.52,437.7599375,background
S01_U04.CH4.wav,437.6,437.9199375,foreground
S01_U04.CH4.wav,437.76,438.2399375,background
S01_U04.CH4.wav,438.08,438.3599375,foreground
S01_U04.CH4.wav,438.2,438.5599375,background
S01_U04.CH4.wav,438.4,438.6799375,foreground
S01_U04.CH4.wav,438.52,438.8799375,background
S01_U04.CH4.wav,438.72,438.9999375,foreground
S01_U04.CH4.wav,438.84,445.5599375,background
S01_U04.CH4.wav,445.4,445.5999375,foreground
S01_U04.CH4.wav,445.44,449.3199375,background
S01_U04.CH4.wav,449.16,449.3999375,foreground
S01_U04.CH4.wav,449.24,449.5999375,background
S01_U04.CH4.wav,449.44,449.7199375,foreground
S01_U04.CH4.wav,449.56,450.5199375,background
S01_U04.CH4.wav,450.36,450.6399375,foreground
S01_U04.CH4.wav,450.48,451.4399375,background
S01_U04.CH4.wav,451.28,451.5999375,foreground
S01_U04.CH4.wav,451.44,451.6799375,background
S01_U04.CH4.wav,451.52,451.8399375,foreground
S01_U04.CH4.wav,451.68,451.8799375,background
S01_U04.CH4.wav,451.72,451.9199375,foreground
S01_U04.CH4.wav,451.76,452.0399375,background
S01_U04.CH4.wav,451.88,452.1599375,foreground
S01_U04.CH4.wav,452,452.4799375,background
S01_U04.CH4.wav,452.32,452.6399375,foreground
S01_U04.CH4.wav,452.48,454.1199375,background
S01_U04.CH4.wav,453.96,454.3999375,foreground
S01_U04.CH4.wav,454.24,454.5199375,background
S01_U04.CH4.wav,454.36,454.9199375,foreground
S01_U04.CH4.wav,454.76,455.3599375,background
S01_U04.CH4.wav,455.2,455.4799375,foreground
S01_U04.CH4.wav,455.32,461.4399375,background
S01_U04.CH4.wav,461.28,461.4799375,foreground
S01_U04.CH4.wav,461.32,464.6799375,background
S01_U04.CH4.wav,464.52,464.9199375,foreground
S01_U04.CH4.wav,464.76,465.6399375,background
S01_U04.CH4.wav,465.48,465.8799375,foreground
S01_U04.CH4.wav,465.72,473.7199375,background
S01_U04.CH4.wav,473.56,473.9599375,foreground
S01_U04.CH4.wav,473.8,474.8399375,background
S01_U04.CH4.wav,474.68,474.8799375,foreground
S01_U04.CH4.wav,474.72,475.4399375,background
S01_U04.CH4.wav,475.28,475.4799375,foreground
S01_U04.CH4.wav,475.32,477.3999375,background
S01_U04.CH4.wav,477.24,477.5999375,foreground
S01_U04.CH4.wav,477.44,478.0799375,background
S01_U04.CH4.wav,477.92,478.3599375,foreground
S01_U04.CH4.wav,478.2,479.9999375,background
S01_U04.CH4.wav,479.84,480.0399375,foreground
S01_U04.CH4.wav,479.88,480.0799375,background
S01_U04.CH4.wav,479.92,480.2799375,foreground
S01_U04.CH4.wav,480.12,489.8799375,background
S01_U04.CH4.wav,489.72,489.9199375,foreground
S01_U04.CH4.wav,489.76,491.4399375,background
S01_U04.CH4.wav,491.28,491.5199375,foreground
S01_U04.CH4.wav,491.36,491.5599375,background
S01_U04.CH4.wav,491.4,491.5999375,foreground
S01_U04.CH4.wav,491.44,491.9199375,background
S01_U04.CH4.wav,491.76,491.9999375,foreground
S01_U04.CH4.wav,491.84,497.5999375,background
S01_U04.CH4.wav,497.44,497.6799375,foreground
S01_U04.CH4.wav,497.52,498.0399375,background
S01_U04.CH4.wav,497.88,498.1199375,foreground
S01_U04.CH4.wav,497.96,500.4799375,background
S01_U04.CH4.wav,500.32,500.5199375,foreground
S01_U04.CH4.wav,500.36,502.5599375,background
S01_U04.CH4.wav,502.4,502.5999375,foreground
S01_U04.CH4.wav,502.44,503.3599375,background
S01_U04.CH4.wav,503.2,503.4799375,foreground
S01_U04.CH4.wav,503.32,509.6399375,background
S01_U04.CH4.wav,509.48,509.8799375,foreground
S01_U04.CH4.wav,509.72,513.9999375,background
S01_U04.CH4.wav,513.84,514.1599375,foreground
S01_U04.CH4.wav,514,519.1199375,background
S01_U04.CH4.wav,518.96,519.3599375,foreground
S01_U04.CH4.wav,519.2,520.9999375,background
S01_U04.CH4.wav,520.84,521.5199375,foreground
S01_U04.CH4.wav,521.36,522.6799375,background
S01_U04.CH4.wav,522.52,522.8399375,foreground
S01_U04.CH4.wav,522.68,524.1999375,background
S01_U04.CH4.wav,524.04,524.2399375,foreground
S01_U04.CH4.wav,524.08,524.3199375,background
S01_U04.CH4.wav,524.16,524.3599375,foreground
S01_U04.CH4.wav,524.2,524.6799375,background
S01_U04.CH4.wav,524.52,524.7599375,foreground
S01_U04.CH4.wav,524.6,525.6399375,background
S01_U04.CH4.wav,525.48,525.7199375,foreground
S01_U04.CH4.wav,525.56,529.1599375,background
S01_U04.CH4.wav,529,529.1999375,foreground
S01_U04.CH4.wav,529.04,529.3999375,background
S01_U04.CH4.wav,529.24,529.4399375,foreground
S01_U04.CH4.wav,529.28,529.5199375,background
S01_U04.CH4.wav,529.36,529.5999375,foreground
S01_U04.CH4.wav,529.44,529.6399375,background
S01_U04.CH4.wav,529.48,529.7999375,foreground
S01_U04.CH4.wav,529.64,542.4799375,background
S01_U04.CH4.wav,542.32,542.6399375,foreground
S01_U04.CH4.wav,542.48,548.2799375,background
S01_U04.CH4.wav,548.12,548.4799375,foreground
S01_U04.CH4.wav,548.32,557.9599375,background
S01_U04.CH4.wav,557.8,557.9999375,foreground
S01_U04.CH4.wav,557.84,558.4399375,background
S01_U04.CH4.wav,558.28,558.4799375,foreground
S01_U04.CH4.wav,558.32,559.2799375,background
S01_U04.CH4.wav,559.12,559.4399375,foreground
S01_U04.CH4.wav,559.28,559.7999375,background
S01_U04.CH4.wav,559.64,560.1199375,foreground
S01_U04.CH4.wav,559.96,560.7599375,background
S01_U04.CH4.wav,560.6,560.9199375,foreground
S01_U04.CH4.wav,560.76,563.2799375,background
S01_U04.CH4.wav,563.12,563.3599375,foreground
S01_U04.CH4.wav,563.2,568.4399375,background
S01_U04.CH4.wav,568.28,568.4799375,foreground
S01_U04.CH4.wav,568.32,569.7599375,background
S01_U04.CH4.wav,569.6,569.8399375,foreground
S01_U04.CH4.wav,569.68,574.0799375,background
S01_U04.CH4.wav,573.92,574.1999375,foreground
S01_U04.CH4.wav,574.04,577.4399375,background
S01_U04.CH4.wav,577.28,577.5599375,foreground
S01_U04.CH4.wav,577.4,578.9999375,background
S01_U04.CH4.wav,578.84,579.0799375,foreground
S01_U04.CH4.wav,578.92,581.9599375,background
S01_U04.CH4.wav,581.8,582.0399375,foreground
S01_U04.CH4.wav,581.88,593.2799375,background
S01_U04.CH4.wav,593.12,593.3999375,foreground
S01_U04.CH4.wav,593.24,594.3599375,background
S01_U04.CH4.wav,594.2,594.4799375,foreground
S01_U04.CH4.wav,594.32,595.8399375,background
S01_U04.CH4.wav,595.68,595.8799375,foreground
S01_U04.CH4.wav,595.72,595.9199375,background
S01_U04.CH4.wav,595.76,595.9599375,foreground
S01_U04.CH4.wav,595.8,601.3199375,background
S01_U04.CH4.wav,601.16,601.3599375,foreground
S01_U04.CH4.wav,601.2,602.0799375,background
S01_U04.CH4.wav,601.92,602.3199375,foreground
S01_U04.CH4.wav,602.16,602.3599375,background
S01_U04.CH4.wav,602.2,602.9999375,foreground
S01_U04.CH4.wav,602.84,603.0799375,background
S01_U04.CH4.wav,602.92,603.1999375,foreground
S01_U04.CH4.wav,603.04,603.5999375,background
S01_U04.CH4.wav,603.44,603.9999375,foreground
S01_U04.CH4.wav,603.84,605.7599375,background
S01_U04.CH4.wav,605.6,605.9199375,foreground
S01_U04.CH4.wav,605.76,606.3599375,background
S01_U04.CH4.wav,606.2,606.6399375,foreground
S01_U04.CH4.wav,606.48,606.6799375,background
S01_U04.CH4.wav,606.52,606.7599375,foreground
S01_U04.CH4.wav,606.6,608.4799375,background
S01_U04.CH4.wav,608.32,608.5599375,foreground
S01_U04.CH4.wav,608.4,608.8799375,background
S01_U04.CH4.wav,608.72,608.9199375,foreground
S01_U04.CH4.wav,608.76,611.7599375,background
S01_U04.CH4.wav,611.6,611.7999375,foreground
S01_U04.CH4.wav,611.64,612.1199375,background
S01_U04.CH4.wav,611.96,612.1999375,foreground
S01_U04.CH4.wav,612.04,612.9199375,background
S01_U04.CH4.wav,612.76,612.9599375,foreground
S01_U04.CH4.wav,612.8,613.5199375,background
S01_U04.CH4.wav,613.36,613.5999375,foreground
S01_U04.CH4.wav,613.44,614.3199375,background
S01_U04.CH4.wav,614.16,614.8399375,foreground
S01_U04.CH4.wav,614.68,614.9199375,background
S01_U04.CH4.wav,614.76,615.1199375,foreground
S01_U04.CH4.wav,614.96,615.6399375,background
S01_U04.CH4.wav,615.48,615.6799375,foreground
S01_U04.CH4.wav,615.52,615.8399375,background
S01_U04.CH4.wav,615.68,616.1999375,foreground
S01_U04.CH4.wav,616.04,616.7999375,background
S01_U04.CH4.wav,616.64,616.8399375,foreground
S01_U04.CH4.wav,616.68,616.8799375,background
S01_U04.CH4.wav,616.72,617.1199375,foreground
S01_U04.CH4.wav,616.96,617.8399375,background
S01_U04.CH4.wav,617.68,618.1599375,foreground
S01_U04.CH4.wav,618,618.8799375,background
S01_U04.CH4.wav,618.72,618.9199375,foreground
S01_U04.CH4.wav,618.76,618.9999375,background
S01_U04.CH4.wav,618.84,619.0399375,foreground
S01_U04.CH4.wav,618.88,619.0799375,background
S01_U04.CH4.wav,618.92,619.1199375,foreground
S01_U04.CH4.wav,618.96,619.5599375,background
S01_U04.CH4.wav,619.4,619.6399375,foreground
S01_U04.CH4.wav,619.48,620.9999375,background
S01_U04.CH4.wav,620.84,621.0399375,foreground
S01_U04.CH4.wav,620.88,621.2399375,background
S01_U04.CH4.wav,621.08,621.6399375,foreground
S01_U04.CH4.wav,621.48,621.6799375,background
S01_U04.CH4.wav,621.52,621.7999375,foreground
S01_U04.CH4.wav,621.64,622.0399375,background
S01_U04.CH4.wav,621.88,622.2799375,foreground
S01_U04.CH4.wav,622.12,632.4399375,background
S01_U04.CH4.wav,632.28,632.4799375,foreground
S01_U04.CH4.wav,632.32,642.9999375,background
S01_U04.CH4.wav,642.84,643.0799375,foreground
S01_U04.CH4.wav,642.92,643.3199375,background
S01_U04.CH4.wav,643.16,643.4799375,foreground
S01_U04.CH4.wav,643.32,644.2799375,background
S01_U04.CH4.wav,644.12,644.7999375,foreground
S01_U04.CH4.wav,644.64,644.8799375,background
S01_U04.CH4.wav,644.72,644.9199375,foreground
S01_U04.CH4.wav,644.76,645.0799375,background
S01_U04.CH4.wav,644.92,645.1199375,foreground
S01_U04.CH4.wav,644.96,646.1199375,background
S01_U04.CH4.wav,645.96,646.3999375,foreground
S01_U04.CH4.wav,646.24,646.9599375,background
S01_U04.CH4.wav,646.8,647.0399375,foreground
S01_U04.CH4.wav,646.88,648.5199375,background
S01_U04.CH4.wav,648.36,648.6399375,foreground
S01_U04.CH4.wav,648.48,650.8799375,background
S01_U04.CH4.wav,650.72,650.9199375,foreground
S01_U04.CH4.wav,650.76,651.6399375,background
S01_U04.CH4.wav,651.48,651.8799375,foreground
S01_U04.CH4.wav,651.72,652.6399375,background
S01_U04.CH4.wav,652.48,652.6799375,foreground
S01_U04.CH4.wav,652.52,653.2799375,background
S01_U04.CH4.wav,653.12,653.3599375,foreground
S01_U04.CH4.wav,653.2,653.8399375,background
S01_U04.CH4.wav,653.68,653.9599375,foreground
S01_U04.CH4.wav,653.8,653.9999375,background
S01_U04.CH4.wav,653.84,654.0399375,foreground
S01_U04.CH4.wav,653.88,654.2399375,background
S01_U04.CH4.wav,654.08,654.7999375,foreground
S01_U04.CH4.wav,654.64,656.9199375,background
S01_U04.CH4.wav,656.76,656.9999375,foreground
S01_U04.CH4.wav,656.84,658.3199375,background
S01_U04.CH4.wav,658.16,658.3599375,foreground
S01_U04.CH4.wav,658.2,659.3599375,background
S01_U04.CH4.wav,659.2,659.3999375,foreground
S01_U04.CH4.wav,659.24,659.6799375,background
S01_U04.CH4.wav,659.52,659.7199375,foreground
S01_U04.CH4.wav,659.56,661.3999375,background
S01_U04.CH4.wav,661.24,661.4399375,foreground
S01_U04.CH4.wav,661.28,661.7999375,background
S01_U04.CH4.wav,661.64,661.8399375,foreground
S01_U04.CH4.wav,661.68,665.0799375,background
S01_U04.CH4.wav,664.92,665.1599375,foreground
S01_U04.CH4.wav,665,665.3999375,background
S01_U04.CH4.wav,665.24,665.5599375,foreground
S01_U04.CH4.wav,665.4,666.1199375,background
S01_U04.CH4.wav,665.96,666.3599375,foreground
S01_U04.CH4.wav,666.2,673.6399375,background
S01_U04.CH4.wav,673.48,673.7599375,foreground
S01_U04.CH4.wav,673.6,680.9599375,background
S01_U04.CH4.wav,680.8,681.0399375,foreground
S01_U04.CH4.wav,680.88,682.6799375,background
S01_U04.CH4.wav,682.52,682.7599375,foreground
S01_U04.CH4.wav,682.6,704.9999375,background
S01_U04.CH4.wav,704.84,705.0799375,foreground
S01_U04.CH4.wav,704.92,705.1199375,background
S01_U04.CH4.wav,704.96,705.2799375,foreground
S01_U04.CH4.wav,705.12,711.6799375,background
S01_U04.CH4.wav,711.52,711.7599375,foreground
S01_U04.CH4.wav,711.6,712.2399375,background
S01_U04.CH4.wav,712.08,712.3999375,foreground
S01_U04.CH4.wav,712.24,716.5599375,background
S01_U04.CH4.wav,716.4,716.7599375,foreground
S01_U04.CH4.wav,716.6,717.3999375,background
S01_U04.CH4.wav,717.24,717.4399375,foreground
S01_U04.CH4.wav,717.28,719.9599375,background
S01_U04.CH4.wav,719.8,720.0799375,foreground
S01_U04.CH4.wav,719.92,721.4799375,background
S01_U04.CH4.wav,721.32,721.5199375,foreground
S01_U04.CH4.wav,721.36,723.9199375,background
S01_U04.CH4.wav,723.76,723.9599375,foreground
S01_U04.CH4.wav,723.8,724.0399375,background
S01_U04.CH4.wav,723.88,724.1999375,foreground
S01_U04.CH4.wav,724.04,725.0799375,background
S01_U04.CH4.wav,724.92,725.1999375,foreground
S01_U04.CH4.wav,725.04,728.1599375,background
S01_U04.CH4.wav,728,728.4399375,foreground
S01_U04.CH4.wav,728.28,729.3999375,background
S01_U04.CH4.wav,729.24,729.4799375,foreground
S01_U04.CH4.wav,729.32,729.5999375,background
S01_U04.CH4.wav,729.44,729.6399375,foreground
S01_U04.CH4.wav,729.48,729.8399375,background
S01_U04.CH4.wav,729.68,729.9199375,foreground
S01_U04.CH4.wav,729.76,730.4799375,background
S01_U04.CH4.wav,730.32,730.5199375,foreground
S01_U04.CH4.wav,730.36,731.4799375,background
S01_U04.CH4.wav,731.32,731.7999375,foreground
S01_U04.CH4.wav,731.64,740.8799375,background
S01_U04.CH4.wav,740.72,741.0799375,foreground
S01_U04.CH4.wav,740.92,744.6799375,background
S01_U04.CH4.wav,744.52,744.9999375,foreground
S01_U04.CH4.wav,744.84,745.8399375,background
S01_U04.CH4.wav,745.68,745.9999375,foreground
S01_U04.CH4.wav,745.84,747.1599375,background
S01_U04.CH4.wav,747,747.3599375,foreground
S01_U04.CH4.wav,747.2,747.5599375,background
S01_U04.CH4.wav,747.4,747.6399375,foreground
S01_U04.CH4.wav,747.48,749.2399375,background
S01_U04.CH4.wav,749.08,749.3599375,foreground
S01_U04.CH4.wav,749.2,749.6799375,background
S01_U04.CH4.wav,749.52,749.7599375,foreground
S01_U04.CH4.wav,749.6,751.9599375,background
S01_U04.CH4.wav,751.8,751.9999375,foreground
S01_U04.CH4.wav,751.84,753.6799375,background
S01_U04.CH4.wav,753.52,753.7199375,foreground
S01_U04.CH4.wav,753.56,753.7599375,background
S01_U04.CH4.wav,753.6,753.8799375,foreground
S01_U04.CH4.wav,753.72,754.0399375,background
S01_U04.CH4.wav,753.88,754.1599375,foreground
S01_U04.CH4.wav,754,754.7999375,background
S01_U04.CH4.wav,754.64,754.8399375,foreground
S01_U04.CH4.wav,754.68,755.8399375,background
S01_U04.CH4.wav,755.68,756.0399375,foreground
S01_U04.CH4.wav,755.88,756.3199375,background
S01_U04.CH4.wav,756.16,756.4399375,foreground
S01_U04.CH4.wav,756.28,757.7999375,background
S01_U04.CH4.wav,757.64,757.8399375,foreground
S01_U04.CH4.wav,757.68,758.9199375,background
S01_U04.CH4.wav,758.76,759.2399375,foreground
S01_U04.CH4.wav,759.08,759.7599375,background
S01_U04.CH4.wav,759.6,759.8399375,foreground
S01_U04.CH4.wav,759.68,759.8799375,background
S01_U04.CH4.wav,759.72,759.9599375,foreground
S01_U04.CH4.wav,759.8,760.2799375,background
S01_U04.CH4.wav,760.12,760.3999375,foreground
S01_U04.CH4.wav,760.24,761.5599375,background
S01_U04.CH4.wav,761.4,761.6799375,foreground
S01_U04.CH4.wav,761.52,762.7599375,background
S01_U04.CH4.wav,762.6,762.7999375,foreground
S01_U04.CH4.wav,762.64,763.9599375,background
S01_U04.CH4.wav,763.8,763.9999375,foreground
S01_U04.CH4.wav,763.84,764.0399375,background
S01_U04.CH4.wav,763.88,764.1999375,foreground
S01_U04.CH4.wav,764.04,766.9199375,background
S01_U04.CH4.wav,766.76,766.9999375,foreground
S01_U04.CH4.wav,766.84,767.1599375,background
S01_U04.CH4.wav,767,767.3199375,foreground
S01_U04.CH4.wav,767.16,767.5599375,background
S01_U04.CH4.wav,767.4,767.6399375,foreground
S01_U04.CH4.wav,767.48,767.7999375,background
S01_U04.CH4.wav,767.64,767.8799375,foreground
S01_U04.CH4.wav,767.72,768.0799375,background
S01_U04.CH4.wav,767.92,768.1199375,foreground
S01_U04.CH4.wav,767.96,768.2399375,background
S01_U04.CH4.wav,768.08,768.3199375,foreground
S01_U04.CH4.wav,768.16,768.8399375,background
S01_U04.CH4.wav,768.68,768.9599375,foreground
S01_U04.CH4.wav,768.8,769.0799375,background
S01_U04.CH4.wav,768.92,769.2399375,foreground
S01_U04.CH4.wav,769.08,769.6799375,background
S01_U04.CH4.wav,769.52,769.7199375,foreground
S01_U04.CH4.wav,769.56,769.8399375,background
S01_U04.CH4.wav,769.68,769.9599375,foreground
S01_U04.CH4.wav,769.8,770.5599375,background
S01_U04.CH4.wav,770.4,770.7199375,foreground
S01_U04.CH4.wav,770.56,771.6399375,background
S01_U04.CH4.wav,771.48,771.6799375,foreground
S01_U04.CH4.wav,771.52,772.1599375,background
S01_U04.CH4.wav,772,772.2399375,foreground
S01_U04.CH4.wav,772.08,772.6799375,background
S01_U04.CH4.wav,772.52,773.1199375,foreground
S01_U04.CH4.wav,772.96,773.1599375,background
S01_U04.CH4.wav,773,773.3999375,foreground
S01_U04.CH4.wav,773.24,773.7199375,background
S01_U04.CH4.wav,773.56,773.9199375,foreground
S01_U04.CH4.wav,773.76,774.6799375,background
S01_U04.CH4.wav,774.52,774.8799375,foreground
S01_U04.CH4.wav,774.72,775.7599375,background
S01_U04.CH4.wav,775.6,775.9199375,foreground
S01_U04.CH4.wav,775.76,776.0399375,background
S01_U04.CH4.wav,775.88,776.2399375,foreground
S01_U04.CH4.wav,776.08,776.9599375,background
S01_U04.CH4.wav,776.8,777.0799375,foreground
S01_U04.CH4.wav,776.92,777.8399375,background
S01_U04.CH4.wav,777.68,778.1999375,foreground
S01_U04.CH4.wav,778.04,778.4399375,background
S01_U04.CH4.wav,778.28,778.6799375,foreground
S01_U04.CH4.wav,778.52,778.9599375,background
S01_U04.CH4.wav,778.8,779.1599375,foreground
S01_U04.CH4.wav,779,779.5199375,background
S01_U04.CH4.wav,779.36,779.5599375,foreground
S01_U04.CH4.wav,779.4,780.6399375,background
S01_U04.CH4.wav,780.48,780.8399375,foreground
S01_U04.CH4.wav,780.68,781.5599375,background
S01_U04.CH4.wav,781.4,781.9999375,foreground
S01_U04.CH4.wav,781.84,782.0399375,background
S01_U04.CH4.wav,781.88,782.1599375,foreground
S01_U04.CH4.wav,782,782.8399375,background
S01_U04.CH4.wav,782.68,782.8799375,foreground
S01_U04.CH4.wav,782.72,783.5599375,background
S01_U04.CH4.wav,783.4,783.5999375,foreground
S01_U04.CH4.wav,783.44,783.8799375,background
S01_U04.CH4.wav,783.72,783.9199375,foreground
S01_U04.CH4.wav,783.76,785.3599375,background
S01_U04.CH4.wav,785.2,785.4799375,foreground
S01_U04.CH4.wav,785.32,786.0799375,background
S01_U04.CH4.wav,785.92,786.1999375,foreground
S01_U04.CH4.wav,786.04,787.6399375,background
S01_U04.CH4.wav,787.48,787.6799375,foreground
S01_U04.CH4.wav,787.52,797.1999375,background
S01_U04.CH4.wav,797.04,797.2799375,foreground
S01_U04.CH4.wav,797.12,797.5199375,background
S01_U04.CH4.wav,797.36,797.5599375,foreground
S01_U04.CH4.wav,797.4,799.9199375,background
S01_U04.CH4.wav,799.76,799.9999375,foreground
S01_U04.CH4.wav,799.84,804.1199375,background
S01_U04.CH4.wav,803.96,804.1599375,foreground
S01_U04.CH4.wav,804,818.1999375,background
S01_U04.CH4.wav,818.04,818.3599375,foreground
S01_U04.CH4.wav,818.2,831.9199375,background
S01_U04.CH4.wav,831.76,831.9599375,foreground
S01_U04.CH4.wav,831.8,831.9999375,background
S01_U04.CH4.wav,831.84,832.0399375,foreground
S01_U04.CH4.wav,831.88,835.2399375,background
S01_U04.CH4.wav,835.08,835.8399375,foreground
S01_U04.CH4.wav,835.68,836.0399375,background
S01_U04.CH4.wav,835.88,836.0799375,foreground
S01_U04.CH4.wav,835.92,838.7599375,background
S01_U04.CH4.wav,838.6,838.9599375,foreground
S01_U04.CH4.wav,838.8,838.9999375,background
S01_U04.CH4.wav,838.84,839.1199375,foreground
S01_U04.CH4.wav,838.96,839.4399375,background
S01_U04.CH4.wav,839.28,839.5999375,foreground
S01_U04.CH4.wav,839.44,841.3599375,background
S01_U04.CH4.wav,841.2,841.3999375,foreground
S01_U04.CH4.wav,841.24,857.3999375,background
S01_U04.CH4.wav,857.24,857.5199375,foreground
S01_U04.CH4.wav,857.36,885.2799375,background
S01_U04.CH4.wav,885.12,885.3599375,foreground
S01_U04.CH4.wav,885.2,885.6399375,background
S01_U04.CH4.wav,885.48,885.7999375,foreground
S01_U04.CH4.wav,885.64,893.1999375,background
S01_U04.CH4.wav,893.04,893.4399375,foreground
S01_U04.CH4.wav,893.28,893.5199375,background
S01_U04.CH4.wav,893.36,893.5599375,foreground
S01_U04.CH4.wav,893.4,894.9999375,background
S01_U04.CH4.wav,894.84,895.1599375,foreground
S01_U04.CH4.wav,895,895.2399375,background
S01_U04.CH4.wav,895.08,895.2799375,foreground
S01_U04.CH4.wav,895.12,895.5199375,background
S01_U04.CH4.wav,895.36,895.6399375,foreground
S01_U04.CH4.wav,895.48,895.7999375,background
S01_U04.CH4.wav,895.64,895.8399375,foreground
S01_U04.CH4.wav,895.68,895.9599375,background
S01_U04.CH4.wav,895.8,896.1599375,foreground
S01_U04.CH4.wav,896,896.3599375,background
S01_U04.CH4.wav,896.2,896.7599375,foreground
S01_U04.CH4.wav,896.6,921.9599375,background
S01_U04.CH4.wav,921.8,921.9999375,foreground
S01_U04.CH4.wav,921.84,922.5199375,background
S01_U04.CH4.wav,922.36,922.6799375,foreground
S01_U04.CH4.wav,922.52,925.6399375,background
S01_U04.CH4.wav,925.48,925.6799375,foreground
S01_U04.CH4.wav,925.52,926.4799375,background
S01_U04.CH4.wav,926.32,926.5199375,foreground
S01_U04.CH4.wav,926.36,930.3199375,background
S01_U04.CH4.wav,930.16,930.4399375,foreground
S01_U04.CH4.wav,930.28,943.2799375,background
S01_U04.CH4.wav,943.12,943.3199375,foreground
S01_U04.CH4.wav,943.16,943.6399375,background
S01_U04.CH4.wav,943.48,943.6799375,foreground
S01_U04.CH4.wav,943.52,957.3199375,background
S01_U04.CH4.wav,957.16,957.3599375,foreground
S01_U04.CH4.wav,957.2,958.3999375,background
S01_U04.CH4.wav,958.24,958.5199375,foreground
S01_U04.CH4.wav,958.36,960.6799375,background
S01_U04.CH4.wav,960.52,960.7599375,foreground
S01_U04.CH4.wav,960.6,960.8799375,background
S01_U04.CH4.wav,960.72,961.1199375,foreground
S01_U04.CH4.wav,960.96,961.4799375,background
S01_U04.CH4.wav,961.32,961.5199375,foreground
S01_U04.CH4.wav,961.36,966.3199375,background
S01_U04.CH4.wav,966.16,966.3599375,foreground
S01_U04.CH4.wav,966.2,986.6799375,background
S01_U04.CH4.wav,986.52,986.7999375,foreground
S01_U04.CH4.wav,986.64,989.9999375,background
S01_U04.CH4.wav,989.84,990.0399375,foreground
S01_U04.CH4.wav,989.88,1011.7999375,background
S01_U04.CH4.wav,1011.64,1011.8399375,foreground
S01_U04.CH4.wav,1011.68,1012.8799375,background
S01_U04.CH4.wav,1012.72,1012.9199375,foreground
S01_U04.CH4.wav,1012.76,1013.0799375,background
S01_U04.CH4.wav,1012.92,1013.3599375,foreground
S01_U04.CH4.wav,1013.2,1014.7999375,background
S01_U04.CH4.wav,1014.64,1014.8399375,foreground
S01_U04.CH4.wav,1014.68,1014.8799375,background
S01_U04.CH4.wav,1014.72,1015.0399375,foreground
S01_U04.CH4.wav,1014.88,1026.6399375,background
S01_U04.CH4.wav,1026.48,1026.7599375,foreground
S01_U04.CH4.wav,1026.6,1031.1999375,background
S01_U04.CH4.wav,1031.04,1031.2399375,foreground
S01_U04.CH4.wav,1031.08,1031.2799375,background
S01_U04.CH4.wav,1031.12,1031.3199375,foreground
S01_U04.CH4.wav,1031.16,1032.2799375,background
S01_U04.CH4.wav,1032.12,1032.3199375,foreground
S01_U04.CH4.wav,1032.16,1032.8399375,background
S01_U04.CH4.wav,1032.68,1032.9199375,foreground
S01_U04.CH4.wav,1032.76,1032.9599375,background
S01_U04.CH4.wav,1032.8,1032.9999375,foreground
S01_U04.CH4.wav,1032.84,1033.3599375,background
S01_U04.CH4.wav,1033.2,1033.3999375,foreground
S01_U04.CH4.wav,1033.24,1033.4799375,background
S01_U04.CH4.wav,1033.32,1033.5199375,foreground
S01_U04.CH4.wav,1033.36,1033.7599375,background
S01_U04.CH4.wav,1033.6,1033.9999375,foreground
S01_U04.CH4.wav,1033.84,1034.0399375,background
S01_U04.CH4.wav,1033.88,1034.1599375,foreground
S01_U04.CH4.wav,1034,1034.9599375,background
S01_U04.CH4.wav,1034.8,1035.3199375,foreground
S01_U04.CH4.wav,1035.16,1035.5199375,background
S01_U04.CH4.wav,1035.36,1035.7599375,foreground
S01_U04.CH4.wav,1035.6,1036.3199375,background
S01_U04.CH4.wav,1036.16,1036.4399375,foreground
S01_U04.CH4.wav,1036.28,1036.7599375,background
S01_U04.CH4.wav,1036.6,1036.7999375,foreground
S01_U04.CH4.wav,1036.64,1037.1599375,background
S01_U04.CH4.wav,1037,1037.2399375,foreground
S01_U04.CH4.wav,1037.08,1037.2799375,background
S01_U04.CH4.wav,1037.12,1037.3199375,foreground
S01_U04.CH4.wav,1037.16,1060.2399375,background
S01_U04.CH4.wav,1060.08,1060.3999375,foreground
S01_U04.CH4.wav,1060.24,1067.1199375,background
S01_U04.CH4.wav,1066.96,1067.2799375,foreground
S01_U04.CH4.wav,1067.12,1067.5599375,background
S01_U04.CH4.wav,1067.4,1067.6799375,foreground
S01_U04.CH4.wav,1067.52,1076.1999375,background
S01_U04.CH4.wav,1076.04,1076.2399375,foreground
S01_U04.CH4.wav,1076.08,1078.1199375,background
S01_U04.CH4.wav,1077.96,1078.2399375,foreground
S01_U04.CH4.wav,1078.08,1078.7999375,background
S01_U04.CH4.wav,1078.64,1078.9599375,foreground
S01_U04.CH4.wav,1078.8,1079.1199375,background
S01_U04.CH4.wav,1078.96,1079.3999375,foreground
S01_U04.CH4.wav,1079.24,1079.5599375,background
S01_U04.CH4.wav,1079.4,1079.6399375,foreground
S01_U04.CH4.wav,1079.48,1081.1199375,background
S01_U04.CH4.wav,1080.96,1081.1599375,foreground
S01_U04.CH4.wav,1081,1081.8399375,background
S01_U04.CH4.wav,1081.68,1081.9999375,foreground
S01_U04.CH4.wav,1081.84,1082.1599375,background
S01_U04.CH4.wav,1082,1082.2799375,foreground
S01_U04.CH4.wav,1082.12,1082.9199375,background
S01_U04.CH4.wav,1082.76,1082.9999375,foreground
S01_U04.CH4.wav,1082.84,1083.1599375,background
S01_U04.CH4.wav,1083,1083.3199375,foreground
S01_U04.CH4.wav,1083.16,1083.3599375,background
S01_U04.CH4.wav,1083.2,1083.3999375,foreground
S01_U04.CH4.wav,1083.24,1083.4799375,background
S01_U04.CH4.wav,1083.32,1083.6399375,foreground
S01_U04.CH4.wav,1083.48,1084.0399375,background
S01_U04.CH4.wav,1083.88,1084.4399375,foreground
S01_U04.CH4.wav,1084.28,1085.4799375,background
S01_U04.CH4.wav,1085.32,1085.5199375,foreground
S01_U04.CH4.wav,1085.36,1085.5599375,background
S01_U04.CH4.wav,1085.4,1085.6399375,foreground
S01_U04.CH4.wav,1085.48,1087.8399375,background
S01_U04.CH4.wav,1087.68,1087.8799375,foreground
S01_U04.CH4.wav,1087.72,1101.1599375,background
S01_U04.CH4.wav,1101,1101.2799375,foreground
S01_U04.CH4.wav,1101.12,1101.3199375,background
S01_U04.CH4.wav,1101.16,1101.3999375,foreground
S01_U04.CH4.wav,1101.24,1102.0799375,background
S01_U04.CH4.wav,1101.92,1102.3199375,foreground
S01_U04.CH4.wav,1102.16,1104.1199375,background
S01_U04.CH4.wav,1103.96,1104.1599375,foreground
S01_U04.CH4.wav,1104,1107.8399375,background
S01_U04.CH4.wav,1107.68,1107.9199375,foreground
S01_U04.CH4.wav,1107.76,1107.9599375,background
S01_U04.CH4.wav,1107.8,1108.0799375,foreground
S01_U04.CH4.wav,1107.92,1114.2799375,background
S01_U04.CH4.wav,1114.12,1114.4399375,foreground
S01_U04.CH4.wav,1114.28,1115.1599375,background
S01_U04.CH4.wav,1115,1115.3199375,foreground
S01_U04.CH4.wav,1115.16,1119.7199375,background
S01_U04.CH4.wav,1119.56,1120.1199375,foreground
S01_U04.CH4.wav,1119.96,1121.0399375,background
S01_U04.CH4.wav,1120.88,1121.1199375,foreground
S01_U04.CH4.wav,1120.96,1121.1599375,background
S01_U04.CH4.wav,1121,1121.2399375,foreground
S01_U04.CH4.wav,1121.08,1128.3999375,background
S01_U04.CH4.wav,1128.24,1128.4399375,foreground
S01_U04.CH4.wav,1128.28,1129.0799375,background
S01_U04.CH4.wav,1128.92,1129.1199375,foreground
S01_U04.CH4.wav,1128.96,1130.0799375,background
S01_U04.CH4.wav,1129.92,1130.1999375,foreground
S01_U04.CH4.wav,1130.04,1130.2799375,background
S01_U04.CH4.wav,1130.12,1130.3999375,foreground
S01_U04.CH4.wav,1130.24,1130.5999375,background
S01_U04.CH4.wav,1130.44,1130.7599375,foreground
S01_U04.CH4.wav,1130.6,1131.1199375,background
S01_U04.CH4.wav,1130.96,1131.1999375,foreground
S01_U04.CH4.wav,1131.04,1134.7199375,background
S01_U04.CH4.wav,1134.56,1134.7599375,foreground
S01_U04.CH4.wav,1134.6,1134.7999375,background
S01_U04.CH4.wav,1134.64,1134.8399375,foreground
S01_U04.CH4.wav,1134.68,1134.8799375,background
S01_U04.CH4.wav,1134.72,1134.9999375,foreground
S01_U04.CH4.wav,1134.84,1136.3599375,background
S01_U04.CH4.wav,1136.2,1136.4799375,foreground
S01_U04.CH4.wav,1136.32,1137.1199375,background
S01_U04.CH4.wav,1136.96,1137.1999375,foreground
S01_U04.CH4.wav,1137.04,1137.9199375,background
S01_U04.CH4.wav,1137.76,1137.9599375,foreground
S01_U04.CH4.wav,1137.8,1143.7599375,background
S01_U04.CH4.wav,1143.6,1143.9199375,foreground
S01_U04.CH4.wav,1143.76,1143.9599375,background
S01_U04.CH4.wav,1143.8,1143.9999375,foreground
S01_U04.CH4.wav,1143.84,1144.0399375,background
S01_U04.CH4.wav,1143.88,1144.1199375,foreground
S01_U04.CH4.wav,1143.96,1144.1999375,background
S01_U04.CH4.wav,1144.04,1144.2399375,foreground
S01_U04.CH4.wav,1144.08,1148.8799375,background
S01_U04.CH4.wav,1148.72,1148.9599375,foreground
S01_U04.CH4.wav,1148.8,1149.7599375,background
S01_U04.CH4.wav,1149.6,1149.7999375,foreground
S01_U04.CH4.wav,1149.64,1149.8799375,background
S01_U04.CH4.wav,1149.72,1150.2399375,foreground
S01_U04.CH4.wav,1150.08,1151.4399375,background
S01_U04.CH4.wav,1151.28,1151.5199375,foreground
S01_U04.CH4.wav,1151.36,1152.2399375,background
S01_U04.CH4.wav,1152.08,1152.2799375,foreground
S01_U04.CH4.wav,1152.12,1152.8799375,background
S01_U04.CH4.wav,1152.72,1152.9199375,foreground
S01_U04.CH4.wav,1152.76,1153.2799375,background
S01_U04.CH4.wav,1153.12,1153.3999375,foreground
S01_U04.CH4.wav,1153.24,1153.5199375,background
S01_U04.CH4.wav,1153.36,1153.5599375,foreground
S01_U04.CH4.wav,1153.4,1154.4399375,background
S01_U04.CH4.wav,1154.28,1154.8799375,foreground
S01_U04.CH4.wav,1154.72,1154.9999375,background
S01_U04.CH4.wav,1154.84,1155.2799375,foreground
S01_U04.CH4.wav,1155.12,1156.7599375,background
S01_U04.CH4.wav,1156.6,1156.8399375,foreground
S01_U04.CH4.wav,1156.68,1157.9199375,background
S01_U04.CH4.wav,1157.76,1158.1199375,foreground
S01_U04.CH4.wav,1157.96,1158.9599375,background
S01_U04.CH4.wav,1158.8,1159.1599375,foreground
S01_U04.CH4.wav,1159,1159.2799375,background
S01_U04.CH4.wav,1159.12,1159.4399375,foreground
S01_U04.CH4.wav,1159.28,1160.8399375,background
S01_U04.CH4.wav,1160.68,1160.9999375,foreground
S01_U04.CH4.wav,1160.84,1162.0399375,background
S01_U04.CH4.wav,1161.88,1162.1199375,foreground
S01_U04.CH4.wav,1161.96,1162.2399375,background
S01_U04.CH4.wav,1162.08,1162.4399375,foreground
S01_U04.CH4.wav,1162.28,1162.7999375,background
S01_U04.CH4.wav,1162.64,1162.8799375,foreground
S01_U04.CH4.wav,1162.72,1163.3999375,background
S01_U04.CH4.wav,1163.24,1163.5199375,foreground
S01_U04.CH4.wav,1163.36,1163.9999375,background
S01_U04.CH4.wav,1163.84,1164.1999375,foreground
S01_U04.CH4.wav,1164.04,1164.4399375,background
S01_U04.CH4.wav,1164.28,1164.7199375,foreground
S01_U04.CH4.wav,1164.56,1165.6399375,background
S01_U04.CH4.wav,1165.48,1165.8799375,foreground
S01_U04.CH4.wav,1165.72,1166.3199375,background
S01_U04.CH4.wav,1166.16,1166.6799375,foreground
S01_U04.CH4.wav,1166.52,1166.7199375,background
S01_U04.CH4.wav,1166.56,1166.9599375,foreground
S01_U04.CH4.wav,1166.8,1167.2799375,background
S01_U04.CH4.wav,1167.12,1167.4799375,foreground
S01_U04.CH4.wav,1167.32,1170.2799375,background
S01_U04.CH4.wav,1170.12,1170.3999375,foreground
S01_U04.CH4.wav,1170.24,1170.7599375,background
S01_U04.CH4.wav,1170.6,1170.8399375,foreground
S01_U04.CH4.wav,1170.68,1171.6399375,background
S01_U04.CH4.wav,1171.48,1171.6799375,foreground
S01_U04.CH4.wav,1171.52,1171.7599375,background
S01_U04.CH4.wav,1171.6,1171.8799375,foreground
S01_U04.CH4.wav,1171.72,1171.9199375,background
S01_U04.CH4.wav,1171.76,1171.9599375,foreground
S01_U04.CH4.wav,1171.8,1171.9999375,background
S01_U04.CH4.wav,1171.84,1172.0799375,foreground
S01_U04.CH4.wav,1171.92,1172.1199375,background
S01_U04.CH4.wav,1171.96,1172.2399375,foreground
S01_U04.CH4.wav,1172.08,1173.9599375,background
S01_U04.CH4.wav,1173.8,1174.1599375,foreground
S01_U04.CH4.wav,1174,1174.5999375,background
S01_U04.CH4.wav,1174.44,1174.6399375,foreground
S01_U04.CH4.wav,1174.48,1175.6399375,background
S01_U04.CH4.wav,1175.48,1175.7999375,foreground
S01_U04.CH4.wav,1175.64,1176.7999375,background
S01_U04.CH4.wav,1176.64,1176.8399375,foreground
S01_U04.CH4.wav,1176.68,1177.7599375,background
S01_U04.CH4.wav,1177.6,1178.1199375,foreground
S01_U04.CH4.wav,1177.96,1179.4399375,background
S01_U04.CH4.wav,1179.28,1179.5599375,foreground
S01_U04.CH4.wav,1179.4,1179.5999375,background
S01_U04.CH4.wav,1179.44,1179.7599375,foreground
S01_U04.CH4.wav,1179.6,1179.7999375,background
S01_U04.CH4.wav,1179.64,1179.8799375,foreground
S01_U04.CH4.wav,1179.72,1180.0799375,background
S01_U04.CH4.wav,1179.92,1180.3599375,foreground
S01_U04.CH4.wav,1180.2,1185.6799375,background
S01_U04.CH4.wav,1185.52,1186.3199375,foreground
S01_U04.CH4.wav,1186.16,1186.8399375,background
S01_U04.CH4.wav,1186.68,1186.8799375,foreground
S01_U04.CH4.wav,1186.72,1186.9199375,background
S01_U04.CH4.wav,1186.76,1186.9599375,foreground
S01_U04.CH4.wav,1186.8,1194.7999375,background
S01_U04.CH4.wav,1194.64,1194.8399375,foreground
S01_U04.CH4.wav,1194.68,1194.9999375,background
S01_U04.CH4.wav,1194.84,1195.1599375,foreground
S01_U04.CH4.wav,1195,1195.1999375,background
S01_U04.CH4.wav,1195.04,1195.2399375,foreground
S01_U04.CH4.wav,1195.08,1195.7599375,background
S01_U04.CH4.wav,1195.6,1195.9199375,foreground
S01_U04.CH4.wav,1195.76,1198.2799375,background
S01_U04.CH4.wav,1198.12,1198.4799375,foreground
S01_U04.CH4.wav,1198.32,1198.5199375,background
S01_U04.CH4.wav,1198.36,1198.5599375,foreground
S01_U04.CH4.wav,1198.4,1198.5999375,background
S01_U04.CH4.wav,1198.44,1198.7199375,foreground
S01_U04.CH4.wav,1198.56,1199.6799375,background
S01_U04.CH4.wav,1199.52,1199.7599375,foreground
S01_U04.CH4.wav,1199.6,1200.2399375,background
S01_U04.CH4.wav,1200.08,1200.2799375,foreground
S01_U04.CH4.wav,1200.12,1200.5599375,background
S01_U04.CH4.wav,1200.4,1200.7199375,foreground
S01_U04.CH4.wav,1200.56,1202.1599375,background
S01_U04.CH4.wav,1202,1202.3199375,foreground
S01_U04.CH4.wav,1202.16,1207.4399375,background
S01_U04.CH4.wav,1207.28,1207.4799375,foreground
S01_U04.CH4.wav,1207.32,1207.8799375,background
S01_U04.CH4.wav,1207.72,1207.9999375,foreground
S01_U04.CH4.wav,1207.84,1208.6399375,background
S01_U04.CH4.wav,1208.48,1208.6799375,foreground
S01_U04.CH4.wav,1208.52,1208.7199375,background
S01_U04.CH4.wav,1208.56,1208.8799375,foreground
S01_U04.CH4.wav,1208.72,1212.4399375,background
S01_U04.CH4.wav,1212.28,1212.5199375,foreground
S01_U04.CH4.wav,1212.36,1215.5599375,background
S01_U04.CH4.wav,1215.4,1215.7199375,foreground
S01_U04.CH4.wav,1215.56,1216.5999375,background
S01_U04.CH4.wav,1216.44,1216.6799375,foreground
S01_U04.CH4.wav,1216.52,1227.9199375,background
S01_U04.CH4.wav,1227.76,1228.2399375,foreground
S01_U04.CH4.wav,1228.08,1228.7599375,background
S01_U04.CH4.wav,1228.6,1228.7999375,foreground
S01_U04.CH4.wav,1228.64,1230.1599375,background
S01_U04.CH4.wav,1230,1230.2399375,foreground
S01_U04.CH4.wav,1230.08,1230.2799375,background
S01_U04.CH4.wav,1230.12,1230.3199375,foreground
S01_U04.CH4.wav,1230.16,1230.7999375,background
S01_U04.CH4.wav,1230.64,1230.9999375,foreground
S01_U04.CH4.wav,1230.84,1231.0799375,background
S01_U04.CH4.wav,1230.92,1231.1199375,foreground
S01_U04.CH4.wav,1230.96,1231.1599375,background
S01_U04.CH4.wav,1231,1231.1999375,foreground
S01_U04.CH4.wav,1231.04,1232.2399375,background
S01_U04.CH4.wav,1232.08,1232.4399375,foreground
S01_U04.CH4.wav,1232.28,1233.0399375,background
S01_U04.CH4.wav,1232.88,1233.1199375,foreground
S01_U04.CH4.wav,1232.96,1233.3199375,background
S01_U04.CH4.wav,1233.16,1233.5199375,foreground
S01_U04.CH4.wav,1233.36,1234.4399375,background
S01_U04.CH4.wav,1234.28,1234.6399375,foreground
S01_U04.CH4.wav,1234.48,1235.8799375,background
S01_U04.CH4.wav,1235.72,1235.9599375,foreground
S01_U04.CH4.wav,1235.8,1236.8799375,background
S01_U04.CH4.wav,1236.72,1237.1599375,foreground
S01_U04.CH4.wav,1237,1238.1999375,background
S01_U04.CH4.wav,1238.04,1238.3599375,foreground
S01_U04.CH4.wav,1238.2,1240.2799375,background
S01_U04.CH4.wav,1240.12,1240.5599375,foreground
S01_U04.CH4.wav,1240.4,1240.6799375,background
S01_U04.CH4.wav,1240.52,1240.7199375,foreground
S01_U04.CH4.wav,1240.56,1240.9199375,background
S01_U04.CH4.wav,1240.76,1241.1199375,foreground
S01_U04.CH4.wav,1240.96,1241.7599375,background
S01_U04.CH4.wav,1241.6,1241.8399375,foreground
S01_U04.CH4.wav,1241.68,1242.8799375,background
S01_U04.CH4.wav,1242.72,1243.5599375,foreground
S01_U04.CH4.wav,1243.4,1243.7999375,background
S01_U04.CH4.wav,1243.64,1243.8399375,foreground
S01_U04.CH4.wav,1243.68,1243.8799375,background
S01_U04.CH4.wav,1243.72,1243.9199375,foreground
S01_U04.CH4.wav,1243.76,1243.9599375,background
S01_U04.CH4.wav,1243.8,1244.0799375,foreground
S01_U04.CH4.wav,1243.92,1245.7199375,background
S01_U04.CH4.wav,1245.56,1245.8799375,foreground
S01_U04.CH4.wav,1245.72,1247.7599375,background
S01_U04.CH4.wav,1247.6,1247.8399375,foreground
S01_U04.CH4.wav,1247.68,1247.8799375,background
S01_U04.CH4.wav,1247.72,1248.1599375,foreground
S01_U04.CH4.wav,1248,1259.3999375,background
S01_U04.CH4.wav,1259.24,1259.4399375,foreground
S01_U04.CH4.wav,1259.28,1262.3199375,background
S01_U04.CH4.wav,1262.16,1262.3599375,foreground
S01_U04.CH4.wav,1262.2,1262.3999375,background
S01_U04.CH4.wav,1262.24,1262.4799375,foreground
S01_U04.CH4.wav,1262.32,1262.5199375,background
S01_U04.CH4.wav,1262.36,1262.6399375,foreground
S01_U04.CH4.wav,1262.48,1264.1199375,background
S01_U04.CH4.wav,1263.96,1264.1599375,foreground
S01_U04.CH4.wav,1264,1272.5199375,background
S01_U04.CH4.wav,1272.36,1272.5599375,foreground
S01_U04.CH4.wav,1272.4,1282.6399375,background
S01_U04.CH4.wav,1282.48,1282.7599375,foreground
S01_U04.CH4.wav,1282.6,1287.5999375,background
S01_U04.CH4.wav,1287.44,1287.6399375,foreground
S01_U04.CH4.wav,1287.48,1287.9199375,background
S01_U04.CH4.wav,1287.76,1288.0399375,foreground
S01_U04.CH4.wav,1287.88,1290.9199375,background
S01_U04.CH4.wav,1290.76,1291.0399375,foreground
S01_U04.CH4.wav,1290.88,1291.4399375,background
S01_U04.CH4.wav,1291.28,1291.5199375,foreground
S01_U04.CH4.wav,1291.36,1292.8399375,background
S01_U04.CH4.wav,1292.68,1292.9999375,foreground
S01_U04.CH4.wav,1292.84,1293.0799375,background
S01_U04.CH4.wav,1292.92,1293.1999375,foreground
S01_U04.CH4.wav,1293.04,1293.8399375,background
S01_U04.CH4.wav,1293.68,1293.9199375,foreground
S01_U04.CH4.wav,1293.76,1295.5599375,background
S01_U04.CH4.wav,1295.4,1295.8399375,foreground
S01_U04.CH4.wav,1295.68,1321.4799375,background
S01_U04.CH4.wav,1321.32,1321.6399375,foreground
S01_U04.CH4.wav,1321.48,1321.9599375,background
S01_U04.CH4.wav,1321.8,1321.9999375,foreground
S01_U04.CH4.wav,1321.84,1324.9999375,background
S01_U04.CH4.wav,1324.84,1325.1599375,foreground
S01_U04.CH4.wav,1325,1326.4399375,background
S01_U04.CH4.wav,1326.28,1327.0399375,foreground
S01_U04.CH4.wav,1326.88,1327.1999375,background
S01_U04.CH4.wav,1327.04,1327.4399375,foreground
S01_U04.CH4.wav,1327.28,1327.5999375,background
S01_U04.CH4.wav,1327.44,1327.9199375,foreground
S01_U04.CH4.wav,1327.76,1328.7599375,background
S01_U04.CH4.wav,1328.6,1328.9199375,foreground
S01_U04.CH4.wav,1328.76,1333.0399375,background
S01_U04.CH4.wav,1332.88,1333.1199375,foreground
S01_U04.CH4.wav,1332.96,1334.1599375,background
S01_U04.CH4.wav,1334,1334.2399375,foreground
S01_U04.CH4.wav,1334.08,1334.3199375,background
S01_U04.CH4.wav,1334.16,1334.4799375,foreground
S01_U04.CH4.wav,1334.32,1335.7599375,background
S01_U04.CH4.wav,1335.6,1336.0399375,foreground
S01_U04.CH4.wav,1335.88,1337.3999375,background
S01_U04.CH4.wav,1337.24,1337.6399375,foreground
S01_U04.CH4.wav,1337.48,1338.1199375,background
S01_U04.CH4.wav,1337.96,1338.1599375,foreground
S01_U04.CH4.wav,1338,1338.6799375,background
S01_U04.CH4.wav,1338.52,1338.7599375,foreground
S01_U04.CH4.wav,1338.6,1350.7599375,background
S01_U04.CH4.wav,1350.6,1351.4399375,foreground
S01_U04.CH4.wav,1351.28,1351.9599375,background
S01_U04.CH4.wav,1351.8,1352.0399375,foreground
S01_U04.CH4.wav,1351.88,1352.2399375,background
S01_U04.CH4.wav,1352.08,1352.3199375,foreground
S01_U04.CH4.wav,1352.16,1352.7199375,background
S01_U04.CH4.wav,1352.56,1352.7999375,foreground
S01_U04.CH4.wav,1352.64,1353.0799375,background
S01_U04.CH4.wav,1352.92,1353.1999375,foreground
S01_U04.CH4.wav,1353.04,1353.4799375,background
S01_U04.CH4.wav,1353.32,1353.6799375,foreground
S01_U04.CH4.wav,1353.52,1354.5199375,background
S01_U04.CH4.wav,1354.36,1354.6799375,foreground
S01_U04.CH4.wav,1354.52,1354.7599375,background
S01_U04.CH4.wav,1354.6,1355.4399375,foreground
S01_U04.CH4.wav,1355.28,1356.5199375,background
S01_U04.CH4.wav,1356.36,1356.5999375,foreground
S01_U04.CH4.wav,1356.44,1360.3599375,background
S01_U04.CH4.wav,1360.2,1360.3999375,foreground
S01_U04.CH4.wav,1360.24,1360.7599375,background
S01_U04.CH4.wav,1360.6,1361.1599375,foreground
S01_U04.CH4.wav,1361,1362.1999375,background
S01_U04.CH4.wav,1362.04,1362.3599375,foreground
S01_U04.CH4.wav,1362.2,1362.7999375,background
S01_U04.CH4.wav,1362.64,1363.0399375,foreground
S01_U04.CH4.wav,1362.88,1363.1599375,background
S01_U04.CH4.wav,1363,1363.5199375,foreground
S01_U04.CH4.wav,1363.36,1365.7999375,background
S01_U04.CH4.wav,1365.64,1365.9199375,foreground
S01_U04.CH4.wav,1365.76,1366.3999375,background
S01_U04.CH4.wav,1366.24,1366.4399375,foreground
S01_U04.CH4.wav,1366.28,1368.8799375,background
S01_U04.CH4.wav,1368.72,1369.0799375,foreground
S01_U04.CH4.wav,1368.92,1369.8799375,background
S01_U04.CH4.wav,1369.72,1369.9999375,foreground
S01_U04.CH4.wav,1369.84,1378.9599375,background
S01_U04.CH4.wav,1378.8,1379.2399375,foreground
S01_U04.CH4.wav,1379.08,1379.6399375,background
S01_U04.CH4.wav,1379.48,1379.6799375,foreground
S01_U04.CH4.wav,1379.52,1379.7599375,background
S01_U04.CH4.wav,1379.6,1380.1999375,foreground
S01_U04.CH4.wav,1380.04,1380.7999375,background
S01_U04.CH4.wav,1380.64,1381.0399375,foreground
S01_U04.CH4.wav,1380.88,1381.7999375,background
S01_U04.CH4.wav,1381.64,1381.8399375,foreground
S01_U04.CH4.wav,1381.68,1382.4399375,background
S01_U04.CH4.wav,1382.28,1382.4799375,foreground
S01_U04.CH4.wav,1382.32,1382.5999375,background
S01_U04.CH4.wav,1382.44,1382.6399375,foreground
S01_U04.CH4.wav,1382.48,1384.0799375,background
S01_U04.CH4.wav,1383.92,1384.4399375,foreground
S01_U04.CH4.wav,1384.28,1384.4799375,background
S01_U04.CH4.wav,1384.32,1384.6799375,foreground
S01_U04.CH4.wav,1384.52,1384.8799375,background
S01_U04.CH4.wav,1384.72,1384.9999375,foreground
S01_U04.CH4.wav,1384.84,1385.0399375,background
S01_U04.CH4.wav,1384.88,1385.1999375,foreground
S01_U04.CH4.wav,1385.04,1385.5599375,background
S01_U04.CH4.wav,1385.4,1385.6799375,foreground
S01_U04.CH4.wav,1385.52,1387.1999375,background
S01_U04.CH4.wav,1387.04,1387.5599375,foreground
S01_U04.CH4.wav,1387.4,1388.0799375,background
S01_U04.CH4.wav,1387.92,1388.3199375,foreground
S01_U04.CH4.wav,1388.16,1388.5999375,background
S01_U04.CH4.wav,1388.44,1388.8799375,foreground
S01_U04.CH4.wav,1388.72,1389.0399375,background
S01_U04.CH4.wav,1388.88,1389.1599375,foreground
S01_U04.CH4.wav,1389,1389.2799375,background
S01_U04.CH4.wav,1389.12,1389.3999375,foreground
S01_U04.CH4.wav,1389.24,1390.6399375,background
S01_U04.CH4.wav,1390.48,1390.7199375,foreground
S01_U04.CH4.wav,1390.56,1390.9199375,background
S01_U04.CH4.wav,1390.76,1390.9599375,foreground
S01_U04.CH4.wav,1390.8,1391.0399375,background
S01_U04.CH4.wav,1390.88,1391.1199375,foreground
S01_U04.CH4.wav,1390.96,1391.8399375,background
S01_U04.CH4.wav,1391.68,1391.8799375,foreground
S01_U04.CH4.wav,1391.72,1392.1199375,background
S01_U04.CH4.wav,1391.96,1392.2399375,foreground
S01_U04.CH4.wav,1392.08,1392.3199375,background
S01_U04.CH4.wav,1392.16,1392.3599375,foreground
S01_U04.CH4.wav,1392.2,1392.3999375,background
S01_U04.CH4.wav,1392.24,1392.4799375,foreground
S01_U04.CH4.wav,1392.32,1392.9999375,background
S01_U04.CH4.wav,1392.84,1393.2399375,foreground
S01_U04.CH4.wav,1393.08,1395.1999375,background
S01_U04.CH4.wav,1395.04,1395.2399375,foreground
S01_U04.CH4.wav,1395.08,1399.5599375,background
S01_U04.CH4.wav,1399.4,1399.7199375,foreground
S01_U04.CH4.wav,1399.56,1399.7599375,background
S01_U04.CH4.wav,1399.6,1399.8399375,foreground
S01_U04.CH4.wav,1399.68,1400.6399375,background
S01_U04.CH4.wav,1400.48,1400.7599375,foreground
S01_U04.CH4.wav,1400.6,1401.7999375,background
S01_U04.CH4.wav,1401.64,1401.9599375,foreground
S01_U04.CH4.wav,1401.8,1402.8799375,background
S01_U04.CH4.wav,1402.72,1402.9199375,foreground
S01_U04.CH4.wav,1402.76,1405.4399375,background
S01_U04.CH4.wav,1405.28,1405.5199375,foreground
S01_U04.CH4.wav,1405.36,1405.5599375,background
S01_U04.CH4.wav,1405.4,1405.9199375,foreground
S01_U04.CH4.wav,1405.76,1406.7599375,background
S01_U04.CH4.wav,1406.6,1406.7999375,foreground
S01_U04.CH4.wav,1406.64,1407.9199375,background
S01_U04.CH4.wav,1407.76,1408.1599375,foreground
S01_U04.CH4.wav,1408,1408.6399375,background
S01_U04.CH4.wav,1408.48,1408.8399375,foreground
S01_U04.CH4.wav,1408.68,1417.1599375,background
S01_U04.CH4.wav,1417,1417.1999375,foreground
S01_U04.CH4.wav,1417.04,1417.8799375,background
S01_U04.CH4.wav,1417.72,1418.3599375,foreground
S01_U04.CH4.wav,1418.2,1418.7999375,background
S01_U04.CH4.wav,1418.64,1419.0399375,foreground
S01_U04.CH4.wav,1418.88,1419.1999375,background
S01_U04.CH4.wav,1419.04,1419.5199375,foreground
S01_U04.CH4.wav,1419.36,1423.1199375,background
S01_U04.CH4.wav,1422.96,1423.1599375,foreground
S01_U04.CH4.wav,1423,1423.1999375,background
S01_U04.CH4.wav,1423.04,1423.2399375,foreground
S01_U04.CH4.wav,1423.08,1429.7599375,background
S01_U04.CH4.wav,1429.6,1429.7999375,foreground
S01_U04.CH4.wav,1429.64,1429.9999375,background
S01_U04.CH4.wav,1429.84,1430.1999375,foreground
S01_U04.CH4.wav,1430.04,1431.5999375,background
S01_U04.CH4.wav,1431.44,1431.9199375,foreground
S01_U04.CH4.wav,1431.76,1431.9599375,background
S01_U04.CH4.wav,1431.8,1431.9999375,foreground
S01_U04.CH4.wav,1431.84,1432.6799375,background
S01_U04.CH4.wav,1432.52,1432.8399375,foreground
S01_U04.CH4.wav,1432.68,1432.9199375,background
S01_U04.CH4.wav,1432.76,1433.1599375,foreground
S01_U04.CH4.wav,1433,1433.3199375,background
S01_U04.CH4.wav,1433.16,1433.5199375,foreground
S01_U04.CH4.wav,1433.36,1433.7199375,background
S01_U04.CH4.wav,1433.56,1433.7999375,foreground
S01_U04.CH4.wav,1433.64,1433.8399375,background
S01_U04.CH4.wav,1433.68,1433.8799375,foreground
S01_U04.CH4.wav,1433.72,1433.9199375,background
S01_U04.CH4.wav,1433.76,1434.1599375,foreground
S01_U04.CH4.wav,1434,1434.5599375,background
S01_U04.CH4.wav,1434.4,1434.6399375,foreground
S01_U04.CH4.wav,1434.48,1436.0399375,background
S01_U04.CH4.wav,1435.88,1436.1199375,foreground
S01_U04.CH4.wav,1435.96,1436.1599375,background
S01_U04.CH4.wav,1436,1436.3199375,foreground
S01_U04.CH4.wav,1436.16,1436.6799375,background
S01_U04.CH4.wav,1436.52,1436.7199375,foreground
S01_U04.CH4.wav,1436.56,1436.8399375,background
S01_U04.CH4.wav,1436.68,1436.8799375,foreground
S01_U04.CH4.wav,1436.72,1436.9199375,background
S01_U04.CH4.wav,1436.76,1436.9999375,foreground
S01_U04.CH4.wav,1436.84,1437.1199375,background
S01_U04.CH4.wav,1436.96,1437.5999375,foreground
S01_U04.CH4.wav,1437.44,1437.9599375,background
S01_U04.CH4.wav,1437.8,1437.9999375,foreground
S01_U04.CH4.wav,1437.84,1438.8399375,background
S01_U04.CH4.wav,1438.68,1439.1999375,foreground
S01_U04.CH4.wav,1439.04,1439.4399375,background
S01_U04.CH4.wav,1439.28,1439.4799375,foreground
S01_U04.CH4.wav,1439.32,1440.2799375,background
S01_U04.CH4.wav,1440.12,1440.3199375,foreground
S01_U04.CH4.wav,1440.16,1440.5999375,background
S01_U04.CH4.wav,1440.44,1440.8399375,foreground
S01_U04.CH4.wav,1440.68,1442.7599375,background
S01_U04.CH4.wav,1442.6,1442.8799375,foreground
S01_U04.CH4.wav,1442.72,1442.9199375,background
S01_U04.CH4.wav,1442.76,1443.2399375,foreground
S01_U04.CH4.wav,1443.08,1462.1199375,background
S01_U04.CH4.wav,1461.96,1462.1999375,foreground
S01_U04.CH4.wav,1462.04,1462.2399375,background
S01_U04.CH4.wav,1462.08,1462.2799375,foreground
S01_U04.CH4.wav,1462.12,1463.5999375,background
S01_U04.CH4.wav,1463.44,1463.6399375,foreground
S01_U04.CH4.wav,1463.48,1464.1999375,background
S01_U04.CH4.wav,1464.04,1464.2399375,foreground
S01_U04.CH4.wav,1464.08,1464.3199375,background
S01_U04.CH4.wav,1464.16,1464.3599375,foreground
S01_U04.CH4.wav,1464.2,1465.1599375,background
S01_U04.CH4.wav,1465,1465.7199375,foreground
S01_U04.CH4.wav,1465.56,1475.9599375,background
S01_U04.CH4.wav,1475.8,1475.9999375,foreground
S01_U04.CH4.wav,1475.84,1476.7599375,background
S01_U04.CH4.wav,1476.6,1476.8399375,foreground
S01_U04.CH4.wav,1476.68,1476.9999375,background
S01_U04.CH4.wav,1476.84,1477.0399375,foreground
S01_U04.CH4.wav,1476.88,1478.5599375,background
S01_U04.CH4.wav,1478.4,1478.6399375,foreground
S01_U04.CH4.wav,1478.48,1479.5599375,background
S01_U04.CH4.wav,1479.4,1479.6799375,foreground
S01_U04.CH4.wav,1479.52,1479.9999375,background
S01_U04.CH4.wav,1479.84,1480.0399375,foreground
S01_U04.CH4.wav,1479.88,1480.5199375,background
S01_U04.CH4.wav,1480.36,1480.6399375,foreground
S01_U04.CH4.wav,1480.48,1494.0799375,background
S01_U04.CH4.wav,1493.92,1494.2799375,foreground
S01_U04.CH4.wav,1494.12,1494.3999375,background
S01_U04.CH4.wav,1494.24,1494.5199375,foreground
S01_U04.CH4.wav,1494.36,1494.6799375,background
S01_U04.CH4.wav,1494.52,1494.7599375,foreground
S01_U04.CH4.wav,1494.6,1495.1599375,background
S01_U04.CH4.wav,1495,1495.3599375,foreground
S01_U04.CH4.wav,1495.2,1495.7599375,background
S01_U04.CH4.wav,1495.6,1495.9599375,foreground
S01_U04.CH4.wav,1495.8,1496.1599375,background
S01_U04.CH4.wav,1496,1496.1999375,foreground
S01_U04.CH4.wav,1496.04,1496.5999375,background
S01_U04.CH4.wav,1496.44,1496.9599375,foreground
S01_U04.CH4.wav,1496.8,1497.7199375,background
S01_U04.CH4.wav,1497.56,1497.8399375,foreground
S01_U04.CH4.wav,1497.68,1497.9199375,background
S01_U04.CH4.wav,1497.76,1497.9599375,foreground
S01_U04.CH4.wav,1497.8,1498.0799375,background
S01_U04.CH4.wav,1497.92,1498.2399375,foreground
S01_U04.CH4.wav,1498.08,1498.3199375,background
S01_U04.CH4.wav,1498.16,1498.7599375,foreground
S01_U04.CH4.wav,1498.6,1499.1999375,background
S01_U04.CH4.wav,1499.04,1499.2399375,foreground
S01_U04.CH4.wav,1499.08,1500.9999375,background
S01_U04.CH4.wav,1500.84,1501.2399375,foreground
S01_U04.CH4.wav,1501.08,1501.5199375,background
S01_U04.CH4.wav,1501.36,1501.8799375,foreground
S01_U04.CH4.wav,1501.72,1501.9999375,background
S01_U04.CH4.wav,1501.84,1502.1999375,foreground
S01_U04.CH4.wav,1502.04,1502.7999375,background
S01_U04.CH4.wav,1502.64,1502.8399375,foreground
S01_U04.CH4.wav,1502.68,1503.8399375,background
S01_U04.CH4.wav,1503.68,1504.0799375,foreground
S01_U04.CH4.wav,1503.92,1505.1599375,background
S01_U04.CH4.wav,1505,1505.2399375,foreground
S01_U04.CH4.wav,1505.08,1505.3999375,background
S01_U04.CH4.wav,1505.24,1505.6799375,foreground
S01_U04.CH4.wav,1505.52,1505.8799375,background
S01_U04.CH4.wav,1505.72,1505.9199375,foreground
S01_U04.CH4.wav,1505.76,1507.3599375,background
S01_U04.CH4.wav,1507.2,1507.4799375,foreground
S01_U04.CH4.wav,1507.32,1508.4799375,background
S01_U04.CH4.wav,1508.32,1508.7199375,foreground
S01_U04.CH4.wav,1508.56,1508.7999375,background
S01_U04.CH4.wav,1508.64,1508.8399375,foreground
S01_U04.CH4.wav,1508.68,1509.0399375,background
S01_U04.CH4.wav,1508.88,1509.0799375,foreground
S01_U04.CH4.wav,1508.92,1509.1599375,background
S01_U04.CH4.wav,1509,1509.3599375,foreground
S01_U04.CH4.wav,1509.2,1510.3999375,background
S01_U04.CH4.wav,1510.24,1510.4399375,foreground
S01_U04.CH4.wav,1510.28,1517.3599375,background
S01_U04.CH4.wav,1517.2,1517.3999375,foreground
S01_U04.CH4.wav,1517.24,1520.3999375,background
S01_U04.CH4.wav,1520.24,1520.7199375,foreground
S01_U04.CH4.wav,1520.56,1521.0399375,background
S01_U04.CH4.wav,1520.88,1521.0799375,foreground
S01_U04.CH4.wav,1520.92,1528.3199375,background
S01_U04.CH4.wav,1528.16,1528.3599375,foreground
S01_U04.CH4.wav,1528.2,1528.7599375,background
S01_U04.CH4.wav,1528.6,1528.7999375,foreground
S01_U04.CH4.wav,1528.64,1533.4799375,background
S01_U04.CH4.wav,1533.32,1533.6399375,foreground
S01_U04.CH4.wav,1533.48,1533.9599375,background
S01_U04.CH4.wav,1533.8,1534.1199375,foreground
S01_U04.CH4.wav,1533.96,1535.6799375,background
S01_U04.CH4.wav,1535.52,1535.7999375,foreground
S01_U04.CH4.wav,1535.64,1535.8799375,background
S01_U04.CH4.wav,1535.72,1535.9199375,foreground
S01_U04.CH4.wav,1535.76,1535.9999375,background
S01_U04.CH4.wav,1535.84,1536.0399375,foreground
S01_U04.CH4.wav,1535.88,1536.3199375,background
S01_U04.CH4.wav,1536.16,1536.4799375,foreground
S01_U04.CH4.wav,1536.32,1539.6799375,background
S01_U04.CH4.wav,1539.52,1539.7199375,foreground
S01_U04.CH4.wav,1539.56,1540.2799375,background
S01_U04.CH4.wav,1540.12,1540.3599375,foreground
S01_U04.CH4.wav,1540.2,1540.4399375,background
S01_U04.CH4.wav,1540.28,1540.6799375,foreground
S01_U04.CH4.wav,1540.52,1540.9199375,background
S01_U04.CH4.wav,1540.76,1540.9599375,foreground
S01_U04.CH4.wav,1540.8,1541.0399375,background
S01_U04.CH4.wav,1540.88,1541.0799375,foreground
S01_U04.CH4.wav,1540.92,1543.4399375,background
S01_U04.CH4.wav,1543.28,1543.4799375,foreground
S01_U04.CH4.wav,1543.32,1544.6399375,background
S01_U04.CH4.wav,1544.48,1544.6799375,foreground
S01_U04.CH4.wav,1544.52,1546.1199375,background
S01_U04.CH4.wav,1545.96,1546.1599375,foreground
S01_U04.CH4.wav,1546,1547.9599375,background
S01_U04.CH4.wav,1547.8,1547.9999375,foreground
S01_U04.CH4.wav,1547.84,1556.6799375,background
S01_U04.CH4.wav,1556.52,1556.9199375,foreground
S01_U04.CH4.wav,1556.76,1557.5599375,background
S01_U04.CH4.wav,1557.4,1557.6399375,foreground
S01_U04.CH4.wav,1557.48,1563.0799375,background
S01_U04.CH4.wav,1562.92,1563.3199375,foreground
S01_U04.CH4.wav,1563.16,1569.0799375,background
S01_U04.CH4.wav,1568.92,1569.1599375,foreground
S01_U04.CH4.wav,1569,1571.1599375,background
S01_U04.CH4.wav,1571,1571.2399375,foreground
S01_U04.CH4.wav,1571.08,1572.6799375,background
S01_U04.CH4.wav,1572.52,1572.9199375,foreground
S01_U04.CH4.wav,1572.76,1574.8799375,background
S01_U04.CH4.wav,1574.72,1574.9199375,foreground
S01_U04.CH4.wav,1574.76,1575.5199375,background
S01_U04.CH4.wav,1575.36,1575.8399375,foreground
S01_U04.CH4.wav,1575.68,1576.4799375,background
S01_U04.CH4.wav,1576.32,1576.5199375,foreground
S01_U04.CH4.wav,1576.36,1578.1599375,background
S01_U04.CH4.wav,1578,1578.2399375,foreground
S01_U04.CH4.wav,1578.08,1579.2399375,background
S01_U04.CH4.wav,1579.08,1579.4399375,foreground
S01_U04.CH4.wav,1579.28,1579.7999375,background
S01_U04.CH4.wav,1579.64,1579.8399375,foreground
S01_U04.CH4.wav,1579.68,1580.7999375,background
S01_U04.CH4.wav,1580.64,1580.9599375,foreground
S01_U04.CH4.wav,1580.8,1581.1199375,background
S01_U04.CH4.wav,1580.96,1581.1999375,foreground
S01_U04.CH4.wav,1581.04,1584.3599375,background
S01_U04.CH4.wav,1584.2,1584.4799375,foreground
S01_U04.CH4.wav,1584.32,1584.5199375,background
S01_U04.CH4.wav,1584.36,1584.5999375,foreground
S01_U04.CH4.wav,1584.44,1584.8799375,background
S01_U04.CH4.wav,1584.72,1585.3999375,foreground
S01_U04.CH4.wav,1585.24,1585.4799375,background
S01_U04.CH4.wav,1585.32,1585.7599375,foreground
S01_U04.CH4.wav,1585.6,1585.9199375,background
S01_U04.CH4.wav,1585.76,1585.9599375,foreground
S01_U04.CH4.wav,1585.8,1587.3599375,background
S01_U04.CH4.wav,1587.2,1587.5999375,foreground
S01_U04.CH4.wav,1587.44,1588.5599375,background
S01_U04.CH4.wav,1588.4,1588.5999375,foreground
S01_U04.CH4.wav,1588.44,1589.4799375,background
S01_U04.CH4.wav,1589.32,1589.5599375,foreground
S01_U04.CH4.wav,1589.4,1589.8399375,background
S01_U04.CH4.wav,1589.68,1589.9199375,foreground
S01_U04.CH4.wav,1589.76,1591.3999375,background
S01_U04.CH4.wav,1591.24,1591.4399375,foreground
S01_U04.CH4.wav,1591.28,1592.5599375,background
S01_U04.CH4.wav,1592.4,1592.6799375,foreground
S01_U04.CH4.wav,1592.52,1593.3199375,background
S01_U04.CH4.wav,1593.16,1593.4799375,foreground
S01_U04.CH4.wav,1593.32,1594.3999375,background
S01_U04.CH4.wav,1594.24,1594.5599375,foreground
S01_U04.CH4.wav,1594.4,1595.3199375,background
S01_U04.CH4.wav,1595.16,1595.4399375,foreground
S01_U04.CH4.wav,1595.28,1597.3999375,background
S01_U04.CH4.wav,1597.24,1597.5999375,foreground
S01_U04.CH4.wav,1597.44,1612.8799375,background
S01_U04.CH4.wav,1612.72,1612.9999375,foreground
S01_U04.CH4.wav,1612.84,1616.1599375,background
S01_U04.CH4.wav,1616,1616.1999375,foreground
S01_U04.CH4.wav,1616.04,1616.2399375,background
S01_U04.CH4.wav,1616.08,1616.3199375,foreground
S01_U04.CH4.wav,1616.16,1616.8799375,background
S01_U04.CH4.wav,1616.72,1616.9599375,foreground
S01_U04.CH4.wav,1616.8,1616.9999375,background
S01_U04.CH4.wav,1616.84,1617.0799375,foreground
S01_U04.CH4.wav,1616.92,1618.1599375,background
S01_U04.CH4.wav,1618,1618.2799375,foreground
S01_U04.CH4.wav,1618.12,1618.3599375,background
S01_U04.CH4.wav,1618.2,1618.4799375,foreground
S01_U04.CH4.wav,1618.32,1618.8799375,background
S01_U04.CH4.wav,1618.72,1618.9599375,foreground
S01_U04.CH4.wav,1618.8,1626.2799375,background
S01_U04.CH4.wav,1626.12,1626.7599375,foreground
S01_U04.CH4.wav,1626.6,1626.8399375,background
S01_U04.CH4.wav,1626.68,1626.9199375,foreground
S01_U04.CH4.wav,1626.76,1631.1199375,background
S01_U04.CH4.wav,1630.96,1631.1999375,foreground
S01_U04.CH4.wav,1631.04,1634.7599375,background
S01_U04.CH4.wav,1634.6,1634.8799375,foreground
S01_U04.CH4.wav,1634.72,1635.9999375,background
S01_U04.CH4.wav,1635.84,1636.0799375,foreground
S01_U04.CH4.wav,1635.92,1636.5199375,background
S01_U04.CH4.wav,1636.36,1636.7599375,foreground
S01_U04.CH4.wav,1636.6,1637.1199375,background
S01_U04.CH4.wav,1636.96,1637.1599375,foreground
S01_U04.CH4.wav,1637,1637.4399375,background
S01_U04.CH4.wav,1637.28,1637.5599375,foreground
S01_U04.CH4.wav,1637.4,1637.5999375,background
S01_U04.CH4.wav,1637.44,1637.7599375,foreground
S01_U04.CH4.wav,1637.6,1637.8399375,background
S01_U04.CH4.wav,1637.68,1638.0799375,foreground
S01_U04.CH4.wav,1637.92,1638.1199375,background
S01_U04.CH4.wav,1637.96,1638.2799375,foreground
S01_U04.CH4.wav,1638.12,1642.1199375,background
S01_U04.CH4.wav,1641.96,1642.4799375,foreground
S01_U04.CH4.wav,1642.32,1643.3599375,background
S01_U04.CH4.wav,1643.2,1643.4799375,foreground
S01_U04.CH4.wav,1643.32,1647.3599375,background
S01_U04.CH4.wav,1647.2,1647.5199375,foreground
S01_U04.CH4.wav,1647.36,1647.5599375,background
S01_U04.CH4.wav,1647.4,1647.5999375,foreground
S01_U04.CH4.wav,1647.44,1648.3199375,background
S01_U04.CH4.wav,1648.16,1648.3599375,foreground
S01_U04.CH4.wav,1648.2,1649.5599375,background
S01_U04.CH4.wav,1649.4,1649.6399375,foreground
S01_U04.CH4.wav,1649.48,1650.7999375,background
S01_U04.CH4.wav,1650.64,1650.9199375,foreground
S01_U04.CH4.wav,1650.76,1650.9599375,background
S01_U04.CH4.wav,1650.8,1651.3599375,foreground
S01_U04.CH4.wav,1651.2,1651.3999375,background
S01_U04.CH4.wav,1651.24,1651.4799375,foreground
S01_U04.CH4.wav,1651.32,1652.1199375,background
S01_U04.CH4.wav,1651.96,1652.1999375,foreground
S01_U04.CH4.wav,1652.04,1653.1999375,background
S01_U04.CH4.wav,1653.04,1653.3199375,foreground
S01_U04.CH4.wav,1653.16,1653.9999375,background
S01_U04.CH4.wav,1653.84,1654.0399375,foreground
S01_U04.CH4.wav,1653.88,1655.9599375,background
S01_U04.CH4.wav,1655.8,1656.1199375,foreground
S01_U04.CH4.wav,1655.96,1657.1199375,background
S01_U04.CH4.wav,1656.96,1657.1999375,foreground
S01_U04.CH4.wav,1657.04,1657.7999375,background
S01_U04.CH4.wav,1657.64,1657.8399375,foreground
S01_U04.CH4.wav,1657.68,1658.7599375,background
S01_U04.CH4.wav,1658.6,1658.7999375,foreground
S01_U04.CH4.wav,1658.64,1659.7999375,background
S01_U04.CH4.wav,1659.64,1660.1999375,foreground
S01_U04.CH4.wav,1660.04,1662.3199375,background
S01_U04.CH4.wav,1662.16,1662.3599375,foreground
S01_U04.CH4.wav,1662.2,1663.7199375,background
S01_U04.CH4.wav,1663.56,1663.9999375,foreground
S01_U04.CH4.wav,1663.84,1664.0799375,background
S01_U04.CH4.wav,1663.92,1664.3199375,foreground
S01_U04.CH4.wav,1664.16,1664.3599375,background
S01_U04.CH4.wav,1664.2,1664.6399375,foreground
S01_U04.CH4.wav,1664.48,1665.8399375,background
S01_U04.CH4.wav,1665.68,1665.8799375,foreground
S01_U04.CH4.wav,1665.72,1668.5599375,background
S01_U04.CH4.wav,1668.4,1668.6399375,foreground
S01_U04.CH4.wav,1668.48,1669.9599375,background
S01_U04.CH4.wav,1669.8,1670.1999375,foreground
S01_U04.CH4.wav,1670.04,1671.6399375,background
S01_U04.CH4.wav,1671.48,1671.7199375,foreground
S01_U04.CH4.wav,1671.56,1673.7199375,background
S01_U04.CH4.wav,1673.56,1673.7599375,foreground
S01_U04.CH4.wav,1673.6,1674.5599375,background
S01_U04.CH4.wav,1674.4,1674.5999375,foreground
S01_U04.CH4.wav,1674.44,1679.5999375,background
S01_U04.CH4.wav,1679.44,1679.6799375,foreground
S01_U04.CH4.wav,1679.52,1680.2799375,background
S01_U04.CH4.wav,1680.12,1680.3199375,foreground
S01_U04.CH4.wav,1680.16,1681.8399375,background
S01_U04.CH4.wav,1681.68,1681.8799375,foreground
S01_U04.CH4.wav,1681.72,1682.9999375,background
S01_U04.CH4.wav,1682.84,1683.3599375,foreground
S01_U04.CH4.wav,1683.2,1685.5199375,background
S01_U04.CH4.wav,1685.36,1685.5599375,foreground
S01_U04.CH4.wav,1685.4,1685.8799375,background
S01_U04.CH4.wav,1685.72,1685.9599375,foreground
S01_U04.CH4.wav,1685.8,1688.4399375,background
S01_U04.CH4.wav,1688.28,1688.5199375,foreground
S01_U04.CH4.wav,1688.36,1688.5999375,background
S01_U04.CH4.wav,1688.44,1688.8399375,foreground
S01_U04.CH4.wav,1688.68,1689.9599375,background
S01_U04.CH4.wav,1689.8,1689.9999375,foreground
S01_U04.CH4.wav,1689.84,1690.4799375,background
S01_U04.CH4.wav,1690.32,1690.5999375,foreground
S01_U04.CH4.wav,1690.44,1691.1599375,background
S01_U04.CH4.wav,1691,1691.2399375,foreground
S01_U04.CH4.wav,1691.08,1692.4799375,background
S01_U04.CH4.wav,1692.32,1692.5199375,foreground
S01_U04.CH4.wav,1692.36,1694.1999375,background
S01_U04.CH4.wav,1694.04,1694.8399375,foreground
S01_U04.CH4.wav,1694.68,1696.9999375,background
S01_U04.CH4.wav,1696.84,1697.0399375,foreground
S01_U04.CH4.wav,1696.88,1697.2799375,background
S01_U04.CH4.wav,1697.12,1697.3199375,foreground
S01_U04.CH4.wav,1697.16,1700.0399375,background
S01_U04.CH4.wav,1699.88,1700.0799375,foreground
S01_U04.CH4.wav,1699.92,1701.6799375,background
S01_U04.CH4.wav,1701.52,1701.8399375,foreground
S01_U04.CH4.wav,1701.68,1703.0799375,background
S01_U04.CH4.wav,1702.92,1703.1599375,foreground
S01_U04.CH4.wav,1703,1704.6399375,background
S01_U04.CH4.wav,1704.48,1704.8399375,foreground
S01_U04.CH4.wav,1704.68,1707.1599375,background
S01_U04.CH4.wav,1707,1707.4399375,foreground
S01_U04.CH4.wav,1707.28,1708.3999375,background
S01_U04.CH4.wav,1708.24,1708.4399375,foreground
S01_U04.CH4.wav,1708.28,1709.8399375,background
S01_U04.CH4.wav,1709.68,1709.9199375,foreground
S01_U04.CH4.wav,1709.76,1715.1199375,background
S01_U04.CH4.wav,1714.96,1715.1599375,foreground
S01_U04.CH4.wav,1715,1715.4799375,background
S01_U04.CH4.wav,1715.32,1715.5199375,foreground
S01_U04.CH4.wav,1715.36,1716.5999375,background
S01_U04.CH4.wav,1716.44,1716.6399375,foreground
S01_U04.CH4.wav,1716.48,1716.9199375,background
S01_U04.CH4.wav,1716.76,1717.0399375,foreground
S01_U04.CH4.wav,1716.88,1725.4399375,background
S01_U04.CH4.wav,1725.28,1725.5199375,foreground
S01_U04.CH4.wav,1725.36,1725.5599375,background
S01_U04.CH4.wav,1725.4,1725.7199375,foreground
S01_U04.CH4.wav,1725.56,1728.1599375,background
S01_U04.CH4.wav,1728,1728.4399375,foreground
S01_U04.CH4.wav,1728.28,1729.8799375,background
S01_U04.CH4.wav,1729.72,1730.3599375,foreground
S01_U04.CH4.wav,1730.2,1730.3999375,background
S01_U04.CH4.wav,1730.24,1730.4399375,foreground
S01_U04.CH4.wav,1730.28,1740.1999375,background
S01_U04.CH4.wav,1740.04,1740.3199375,foreground
S01_U04.CH4.wav,1740.16,1740.4799375,background
S01_U04.CH4.wav,1740.32,1740.5199375,foreground
S01_U04.CH4.wav,1740.36,1742.7999375,background
S01_U04.CH4.wav,1742.64,1742.8399375,foreground
S01_U04.CH4.wav,1742.68,1744.4399375,background
S01_U04.CH4.wav,1744.28,1744.5599375,foreground
S01_U04.CH4.wav,1744.4,1744.8399375,background
S01_U04.CH4.wav,1744.68,1745.0799375,foreground
S01_U04.CH4.wav,1744.92,1745.5199375,background
S01_U04.CH4.wav,1745.36,1745.5999375,foreground
S01_U04.CH4.wav,1745.44,1746.0799375,background
S01_U04.CH4.wav,1745.92,1746.3599375,foreground
S01_U04.CH4.wav,1746.2,1748.9599375,background
S01_U04.CH4.wav,1748.8,1749.0799375,foreground
S01_U04.CH4.wav,1748.92,1749.1599375,background
S01_U04.CH4.wav,1749,1749.1999375,foreground
S01_U04.CH4.wav,1749.04,1751.5999375,background
S01_U04.CH4.wav,1751.44,1751.7199375,foreground
S01_U04.CH4.wav,1751.56,1754.1199375,background
S01_U04.CH4.wav,1753.96,1754.2399375,foreground
S01_U04.CH4.wav,1754.08,1754.4399375,background
S01_U04.CH4.wav,1754.28,1754.5999375,foreground
S01_U04.CH4.wav,1754.44,1767.4799375,background
S01_U04.CH4.wav,1767.32,1767.6799375,foreground
S01_U04.CH4.wav,1767.52,1774.3999375,background
S01_U04.CH4.wav,1774.24,1774.5199375,foreground
S01_U04.CH4.wav,1774.36,1777.5599375,background
S01_U04.CH4.wav,1777.4,1777.5999375,foreground
S01_U04.CH4.wav,1777.44,1777.7599375,background
S01_U04.CH4.wav,1777.6,1777.7999375,foreground
S01_U04.CH4.wav,1777.64,1778.4799375,background
S01_U04.CH4.wav,1778.32,1778.5599375,foreground
S01_U04.CH4.wav,1778.4,1782.2799375,background
S01_U04.CH4.wav,1782.12,1782.3199375,foreground
S01_U04.CH4.wav,1782.16,1782.5199375,background
S01_U04.CH4.wav,1782.36,1782.5999375,foreground
S01_U04.CH4.wav,1782.44,1784.7199375,background
S01_U04.CH4.wav,1784.56,1784.8799375,foreground
S01_U04.CH4.wav,1784.72,1785.6399375,background
S01_U04.CH4.wav,1785.48,1785.6799375,foreground
S01_U04.CH4.wav,1785.52,1786.1199375,background
S01_U04.CH4.wav,1785.96,1786.1999375,foreground
S01_U04.CH4.wav,1786.04,1786.7999375,background
S01_U04.CH4.wav,1786.64,1786.9599375,foreground
S01_U04.CH4.wav,1786.8,1788.3599375,background
S01_U04.CH4.wav,1788.2,1788.3999375,foreground
S01_U04.CH4.wav,1788.24,1788.7999375,background
S01_U04.CH4.wav,1788.64,1788.9199375,foreground
S01_U04.CH4.wav,1788.76,1790.6799375,background
S01_U04.CH4.wav,1790.52,1790.7199375,foreground
S01_U04.CH4.wav,1790.56,1791.5599375,background
S01_U04.CH4.wav,1791.4,1791.6799375,foreground
S01_U04.CH4.wav,1791.52,1793.8799375,background
S01_U04.CH4.wav,1793.72,1794.2799375,foreground
S01_U04.CH4.wav,1794.12,1794.3199375,background
S01_U04.CH4.wav,1794.16,1794.5199375,foreground
S01_U04.CH4.wav,1794.36,1794.5999375,background
S01_U04.CH4.wav,1794.44,1794.7599375,foreground
S01_U04.CH4.wav,1794.6,1795.1199375,background
S01_U04.CH4.wav,1794.96,1795.1999375,foreground
S01_U04.CH4.wav,1795.04,1795.2799375,background
S01_U04.CH4.wav,1795.12,1795.3199375,foreground
S01_U04.CH4.wav,1795.16,1795.5999375,background
S01_U04.CH4.wav,1795.44,1795.8399375,foreground
S01_U04.CH4.wav,1795.68,1795.9199375,background
S01_U04.CH4.wav,1795.76,1795.9599375,foreground
S01_U04.CH4.wav,1795.8,1797.1999375,background
S01_U04.CH4.wav,1797.04,1797.3199375,foreground
S01_U04.CH4.wav,1797.16,1797.7599375,background
S01_U04.CH4.wav,1797.6,1797.9199375,foreground
S01_U04.CH4.wav,1797.76,1801.9999375,background
S01_U04.CH4.wav,1801.84,1802.0399375,foreground
S01_U04.CH4.wav,1801.88,1803.6399375,background
S01_U04.CH4.wav,1803.48,1803.7599375,foreground
S01_U04.CH4.wav,1803.6,1805.1199375,background
S01_U04.CH4.wav,1804.96,1805.1599375,foreground
S01_U04.CH4.wav,1805,1805.8799375,background
S01_U04.CH4.wav,1805.72,1805.9599375,foreground
S01_U04.CH4.wav,1805.8,1808.5999375,background
S01_U04.CH4.wav,1808.44,1808.6399375,foreground
S01_U04.CH4.wav,1808.48,1809.9999375,background
S01_U04.CH4.wav,1809.84,1810.1199375,foreground
S01_U04.CH4.wav,1809.96,1811.2799375,background
S01_U04.CH4.wav,1811.12,1811.3999375,foreground
S01_U04.CH4.wav,1811.24,1812.3199375,background
S01_U04.CH4.wav,1812.16,1812.3599375,foreground
S01_U04.CH4.wav,1812.2,1812.3999375,background
S01_U04.CH4.wav,1812.24,1812.4399375,foreground
S01_U04.CH4.wav,1812.28,1812.4799375,background
S01_U04.CH4.wav,1812.32,1812.5199375,foreground
S01_U04.CH4.wav,1812.36,1813.3199375,background
S01_U04.CH4.wav,1813.16,1813.4399375,foreground
S01_U04.CH4.wav,1813.28,1814.6799375,background
S01_U04.CH4.wav,1814.52,1814.7599375,foreground
S01_U04.CH4.wav,1814.6,1815.1599375,background
S01_U04.CH4.wav,1815,1815.1999375,foreground
S01_U04.CH4.wav,1815.04,1816.3999375,background
S01_U04.CH4.wav,1816.24,1816.4799375,foreground
S01_U04.CH4.wav,1816.32,1818.3199375,background
S01_U04.CH4.wav,1818.16,1818.3599375,foreground
S01_U04.CH4.wav,1818.2,1818.7199375,background
S01_U04.CH4.wav,1818.56,1819.0399375,foreground
S01_U04.CH4.wav,1818.88,1819.6799375,background
S01_U04.CH4.wav,1819.52,1819.8399375,foreground
S01_U04.CH4.wav,1819.68,1821.5999375,background
S01_U04.CH4.wav,1821.44,1821.7999375,foreground
S01_U04.CH4.wav,1821.64,1822.1599375,background
S01_U04.CH4.wav,1822,1822.2399375,foreground
S01_U04.CH4.wav,1822.08,1829.4399375,background
S01_U04.CH4.wav,1829.28,1829.5999375,foreground
S01_U04.CH4.wav,1829.44,1829.9199375,background
S01_U04.CH4.wav,1829.76,1830.1599375,foreground
S01_U04.CH4.wav,1830,1830.1999375,background
S01_U04.CH4.wav,1830.04,1830.2399375,foreground
S01_U04.CH4.wav,1830.08,1831.0399375,background
S01_U04.CH4.wav,1830.88,1831.3999375,foreground
S01_U04.CH4.wav,1831.24,1831.6399375,background
S01_U04.CH4.wav,1831.48,1831.6799375,foreground
S01_U04.CH4.wav,1831.52,1832.1199375,background
S01_U04.CH4.wav,1831.96,1832.1999375,foreground
S01_U04.CH4.wav,1832.04,1832.2399375,background
S01_U04.CH4.wav,1832.08,1832.3599375,foreground
S01_U04.CH4.wav,1832.2,1832.9599375,background
S01_U04.CH4.wav,1832.8,1833.1599375,foreground
S01_U04.CH4.wav,1833,1833.9599375,background
S01_U04.CH4.wav,1833.8,1834.0799375,foreground
S01_U04.CH4.wav,1833.92,1835.3199375,background
S01_U04.CH4.wav,1835.16,1835.6399375,foreground
S01_U04.CH4.wav,1835.48,1837.6399375,background
S01_U04.CH4.wav,1837.48,1837.7999375,foreground
S01_U04.CH4.wav,1837.64,1838.1199375,background
S01_U04.CH4.wav,1837.96,1838.4799375,foreground
S01_U04.CH4.wav,1838.32,1839.3999375,background
S01_U04.CH4.wav,1839.24,1839.5199375,foreground
S01_U04.CH4.wav,1839.36,1839.5599375,background
S01_U04.CH4.wav,1839.4,1839.6399375,foreground
S01_U04.CH4.wav,1839.48,1839.6799375,background
S01_U04.CH4.wav,1839.52,1839.7199375,foreground
S01_U04.CH4.wav,1839.56,1840.5199375,background
S01_U04.CH4.wav,1840.36,1840.6799375,foreground
S01_U04.CH4.wav,1840.52,1843.7199375,background
S01_U04.CH4.wav,1843.56,1843.7599375,foreground
S01_U04.CH4.wav,1843.6,1844.2399375,background
S01_U04.CH4.wav,1844.08,1844.3999375,foreground
S01_U04.CH4.wav,1844.24,1845.4399375,background
S01_U04.CH4.wav,1845.28,1845.5199375,foreground
S01_U04.CH4.wav,1845.36,1846.0399375,background
S01_U04.CH4.wav,1845.88,1846.1599375,foreground
S01_U04.CH4.wav,1846,1847.9199375,background
S01_U04.CH4.wav,1847.76,1847.9599375,foreground
S01_U04.CH4.wav,1847.8,1848.0799375,background
S01_U04.CH4.wav,1847.92,1848.3199375,foreground
S01_U04.CH4.wav,1848.16,1848.3999375,background
S01_U04.CH4.wav,1848.24,1848.7199375,foreground
S01_U04.CH4.wav,1848.56,1848.7599375,background
S01_U04.CH4.wav,1848.6,1848.9999375,foreground
S01_U04.CH4.wav,1848.84,1849.0799375,background
S01_U04.CH4.wav,1848.92,1849.4399375,foreground
S01_U04.CH4.wav,1849.28,1850.1199375,background
S01_U04.CH4.wav,1849.96,1850.1599375,foreground
S01_U04.CH4.wav,1850,1850.1999375,background
S01_U04.CH4.wav,1850.04,1850.3599375,foreground
S01_U04.CH4.wav,1850.2,1850.4799375,background
S01_U04.CH4.wav,1850.32,1850.9999375,foreground
S01_U04.CH4.wav,1850.84,1852.8799375,background
S01_U04.CH4.wav,1852.72,1853.0799375,foreground
S01_U04.CH4.wav,1852.92,1853.1599375,background
S01_U04.CH4.wav,1853,1853.1999375,foreground
S01_U04.CH4.wav,1853.04,1853.6399375,background
S01_U04.CH4.wav,1853.48,1853.7599375,foreground
S01_U04.CH4.wav,1853.6,1853.7999375,background
S01_U04.CH4.wav,1853.64,1853.9599375,foreground
S01_U04.CH4.wav,1853.8,1854.7199375,background
S01_U04.CH4.wav,1854.56,1854.7999375,foreground
S01_U04.CH4.wav,1854.64,1855.4399375,background
S01_U04.CH4.wav,1855.28,1855.5999375,foreground
S01_U04.CH4.wav,1855.44,1855.6399375,background
S01_U04.CH4.wav,1855.48,1855.7199375,foreground
S01_U04.CH4.wav,1855.56,1858.6399375,background
S01_U04.CH4.wav,1858.48,1858.7999375,foreground
S01_U04.CH4.wav,1858.64,1858.9999375,background
S01_U04.CH4.wav,1858.84,1859.0799375,foreground
S01_U04.CH4.wav,1858.92,1860.1199375,background
S01_U04.CH4.wav,1859.96,1860.1599375,foreground
S01_U04.CH4.wav,1860,1861.1599375,background
S01_U04.CH4.wav,1861,1861.1999375,foreground
S01_U04.CH4.wav,1861.04,1861.3599375,background
S01_U04.CH4.wav,1861.2,1861.5199375,foreground
S01_U04.CH4.wav,1861.36,1862.5199375,background
S01_U04.CH4.wav,1862.36,1862.5599375,foreground
S01_U04.CH4.wav,1862.4,1862.6799375,background
S01_U04.CH4.wav,1862.52,1862.7599375,foreground
S01_U04.CH4.wav,1862.6,1862.9599375,background
S01_U04.CH4.wav,1862.8,1863.1599375,foreground
S01_U04.CH4.wav,1863,1863.2399375,background
S01_U04.CH4.wav,1863.08,1863.3199375,foreground
S01_U04.CH4.wav,1863.16,1864.0399375,background
S01_U04.CH4.wav,1863.88,1864.5999375,foreground
S01_U04.CH4.wav,1864.44,1864.8399375,background
S01_U04.CH4.wav,1864.68,1865.5199375,foreground
S01_U04.CH4.wav,1865.36,1868.5199375,background
S01_U04.CH4.wav,1868.36,1868.5599375,foreground
S01_U04.CH4.wav,1868.4,1868.7199375,background
S01_U04.CH4.wav,1868.56,1868.8399375,foreground
S01_U04.CH4.wav,1868.68,1869.1599375,background
S01_U04.CH4.wav,1869,1869.4799375,foreground
S01_U04.CH4.wav,1869.32,1869.5199375,background
S01_U04.CH4.wav,1869.36,1869.7599375,foreground
S01_U04.CH4.wav,1869.6,1869.9999375,background
S01_U04.CH4.wav,1869.84,1870.0799375,foreground
S01_U04.CH4.wav,1869.92,1870.1199375,background
S01_U04.CH4.wav,1869.96,1870.1599375,foreground
S01_U04.CH4.wav,1870,1872.5999375,background
S01_U04.CH4.wav,1872.44,1872.6399375,foreground
S01_U04.CH4.wav,1872.48,1873.4799375,background
S01_U04.CH4.wav,1873.32,1873.5999375,foreground
S01_U04.CH4.wav,1873.44,1874.7199375,background
S01_U04.CH4.wav,1874.56,1874.8399375,foreground
S01_U04.CH4.wav,1874.68,1876.9199375,background
S01_U04.CH4.wav,1876.76,1877.0799375,foreground
S01_U04.CH4.wav,1876.92,1878.1999375,background
S01_U04.CH4.wav,1878.04,1878.2799375,foreground
S01_U04.CH4.wav,1878.12,1878.3999375,background
S01_U04.CH4.wav,1878.24,1878.5599375,foreground
S01_U04.CH4.wav,1878.4,1879.1999375,background
S01_U04.CH4.wav,1879.04,1879.3199375,foreground
S01_U04.CH4.wav,1879.16,1879.3599375,background
S01_U04.CH4.wav,1879.2,1879.4799375,foreground
S01_U04.CH4.wav,1879.32,1879.5599375,background
S01_U04.CH4.wav,1879.4,1879.6399375,foreground
S01_U04.CH4.wav,1879.48,1880.7199375,background
S01_U04.CH4.wav,1880.56,1881.2399375,foreground
S01_U04.CH4.wav,1881.08,1881.5599375,background
S01_U04.CH4.wav,1881.4,1881.7599375,foreground
S01_U04.CH4.wav,1881.6,1882.6399375,background
S01_U04.CH4.wav,1882.48,1882.8399375,foreground
S01_U04.CH4.wav,1882.68,1882.9999375,background
S01_U04.CH4.wav,1882.84,1883.1199375,foreground
S01_U04.CH4.wav,1882.96,1883.2399375,background
S01_U04.CH4.wav,1883.08,1883.4799375,foreground
S01_U04.CH4.wav,1883.32,1889.9199375,background
S01_U04.CH4.wav,1889.76,1890.2399375,foreground
S01_U04.CH4.wav,1890.08,1890.9999375,background
S01_U04.CH4.wav,1890.84,1891.1199375,foreground
S01_U04.CH4.wav,1890.96,1891.1599375,background
S01_U04.CH4.wav,1891,1891.3199375,foreground
S01_U04.CH4.wav,1891.16,1891.7199375,background
S01_U04.CH4.wav,1891.56,1892.1199375,foreground
S01_U04.CH4.wav,1891.96,1894.7599375,background
S01_U04.CH4.wav,1894.6,1895.3599375,foreground
S01_U04.CH4.wav,1895.2,1895.9199375,background
S01_U04.CH4.wav,1895.76,1895.9999375,foreground
S01_U04.CH4.wav,1895.84,1896.2399375,background
S01_U04.CH4.wav,1896.08,1896.3199375,foreground
S01_U04.CH4.wav,1896.16,1896.7999375,background
S01_U04.CH4.wav,1896.64,1896.8399375,foreground
S01_U04.CH4.wav,1896.68,1899.6799375,background
S01_U04.CH4.wav,1899.52,1899.9999375,foreground
S01_U04.CH4.wav,1899.84,1900.9599375,background
S01_U04.CH4.wav,1900.8,1901.0399375,foreground
S01_U04.CH4.wav,1900.88,1901.1199375,background
S01_U04.CH4.wav,1900.96,1901.2799375,foreground
S01_U04.CH4.wav,1901.12,1905.5999375,background
S01_U04.CH4.wav,1905.44,1905.7599375,foreground
S01_U04.CH4.wav,1905.6,1905.7999375,background
S01_U04.CH4.wav,1905.64,1906.0399375,foreground
S01_U04.CH4.wav,1905.88,1909.2799375,background
S01_U04.CH4.wav,1909.12,1909.4799375,foreground
S01_U04.CH4.wav,1909.32,1910.0799375,background
S01_U04.CH4.wav,1909.92,1910.1199375,foreground
S01_U04.CH4.wav,1909.96,1910.2399375,background
S01_U04.CH4.wav,1910.08,1910.3199375,foreground
S01_U04.CH4.wav,1910.16,1910.6799375,background
S01_U04.CH4.wav,1910.52,1910.7599375,foreground
S01_U04.CH4.wav,1910.6,1910.7999375,background
S01_U04.CH4.wav,1910.64,1911.1199375,foreground
S01_U04.CH4.wav,1910.96,1911.3199375,background
S01_U04.CH4.wav,1911.16,1911.5199375,foreground
S01_U04.CH4.wav,1911.36,1911.6399375,background
S01_U04.CH4.wav,1911.48,1911.9599375,foreground
S01_U04.CH4.wav,1911.8,1912.2399375,background
S01_U04.CH4.wav,1912.08,1912.5599375,foreground
S01_U04.CH4.wav,1912.4,1914.2399375,background
S01_U04.CH4.wav,1914.08,1914.3199375,foreground
S01_U04.CH4.wav,1914.16,1915.2799375,background
S01_U04.CH4.wav,1915.12,1915.3999375,foreground
S01_U04.CH4.wav,1915.24,1915.5999375,background
S01_U04.CH4.wav,1915.44,1915.8399375,foreground
S01_U04.CH4.wav,1915.68,1916.6399375,background
S01_U04.CH4.wav,1916.48,1916.7999375,foreground
S01_U04.CH4.wav,1916.64,1916.8799375,background
S01_U04.CH4.wav,1916.72,1917.1599375,foreground
S01_U04.CH4.wav,1917,1917.2799375,background
S01_U04.CH4.wav,1917.12,1917.7599375,foreground
S01_U04.CH4.wav,1917.6,1917.9599375,background
S01_U04.CH4.wav,1917.8,1918.1599375,foreground
S01_U04.CH4.wav,1918,1918.3199375,background
S01_U04.CH4.wav,1918.16,1918.4799375,foreground
S01_U04.CH4.wav,1918.32,1918.6399375,background
S01_U04.CH4.wav,1918.48,1918.8799375,foreground
S01_U04.CH4.wav,1918.72,1919.1599375,background
S01_U04.CH4.wav,1919,1919.4799375,foreground
S01_U04.CH4.wav,1919.32,1920.2399375,background
S01_U04.CH4.wav,1920.08,1920.2799375,foreground
S01_U04.CH4.wav,1920.12,1920.5199375,background
S01_U04.CH4.wav,1920.36,1920.6399375,foreground
S01_U04.CH4.wav,1920.48,1921.0399375,background
S01_U04.CH4.wav,1920.88,1921.1999375,foreground
S01_U04.CH4.wav,1921.04,1922.1999375,background
S01_U04.CH4.wav,1922.04,1922.4799375,foreground
S01_U04.CH4.wav,1922.32,1922.5599375,background
S01_U04.CH4.wav,1922.4,1922.6799375,foreground
S01_U04.CH4.wav,1922.52,1922.8399375,background
S01_U04.CH4.wav,1922.68,1922.9599375,foreground
S01_U04.CH4.wav,1922.8,1923.3199375,background
S01_U04.CH4.wav,1923.16,1923.5199375,foreground
S01_U04.CH4.wav,1923.36,1925.3999375,background
S01_U04.CH4.wav,1925.24,1925.5199375,foreground
S01_U04.CH4.wav,1925.36,1925.6799375,background
S01_U04.CH4.wav,1925.52,1925.7199375,foreground
S01_U04.CH4.wav,1925.56,1926.2799375,background
S01_U04.CH4.wav,1926.12,1926.5999375,foreground
S01_U04.CH4.wav,1926.44,1927.0399375,background
S01_U04.CH4.wav,1926.88,1927.1599375,foreground
S01_U04.CH4.wav,1927,1927.9599375,background
S01_U04.CH4.wav,1927.8,1928.1199375,foreground
S01_U04.CH4.wav,1927.96,1928.1999375,background
S01_U04.CH4.wav,1928.04,1928.3199375,foreground
S01_U04.CH4.wav,1928.16,1929.1599375,background
S01_U04.CH4.wav,1929,1929.4799375,foreground
S01_U04.CH4.wav,1929.32,1929.8399375,background
S01_U04.CH4.wav,1929.68,1929.9599375,foreground
S01_U04.CH4.wav,1929.8,1930.9999375,background
S01_U04.CH4.wav,1930.84,1931.2799375,foreground
S01_U04.CH4.wav,1931.12,1931.3199375,background
S01_U04.CH4.wav,1931.16,1931.3999375,foreground
S01_U04.CH4.wav,1931.24,1931.8399375,background
S01_U04.CH4.wav,1931.68,1931.9199375,foreground
S01_U04.CH4.wav,1931.76,1932.0399375,background
S01_U04.CH4.wav,1931.88,1932.0799375,foreground
S01_U04.CH4.wav,1931.92,1932.3999375,background
S01_U04.CH4.wav,1932.24,1932.7199375,foreground
S01_U04.CH4.wav,1932.56,1933.3199375,background
S01_U04.CH4.wav,1933.16,1933.5599375,foreground
S01_U04.CH4.wav,1933.4,1933.7599375,background
S01_U04.CH4.wav,1933.6,1933.8399375,foreground
S01_U04.CH4.wav,1933.68,1936.6399375,background
S01_U04.CH4.wav,1936.48,1936.6799375,foreground
S01_U04.CH4.wav,1936.52,1937.9599375,background
S01_U04.CH4.wav,1937.8,1938.1999375,foreground
S01_U04.CH4.wav,1938.04,1938.5599375,background
S01_U04.CH4.wav,1938.4,1938.5999375,foreground
S01_U04.CH4.wav,1938.44,1938.8399375,background
S01_U04.CH4.wav,1938.68,1938.9599375,foreground
S01_U04.CH4.wav,1938.8,1940.5999375,background
S01_U04.CH4.wav,1940.44,1940.7599375,foreground
S01_U04.CH4.wav,1940.6,1941.5599375,background
S01_U04.CH4.wav,1941.4,1941.7199375,foreground
S01_U04.CH4.wav,1941.56,1942.7599375,background
S01_U04.CH4.wav,1942.6,1942.9599375,foreground
S01_U04.CH4.wav,1942.8,1942.9999375,background
S01_U04.CH4.wav,1942.84,1943.1199375,foreground
S01_U04.CH4.wav,1942.96,1945.2799375,background
S01_U04.CH4.wav,1945.12,1945.3199375,foreground
S01_U04.CH4.wav,1945.16,1945.5999375,background
S01_U04.CH4.wav,1945.44,1945.7199375,foreground
S01_U04.CH4.wav,1945.56,1946.7599375,background
S01_U04.CH4.wav,1946.6,1946.7999375,foreground
S01_U04.CH4.wav,1946.64,1946.8399375,background
S01_U04.CH4.wav,1946.68,1946.8799375,foreground
S01_U04.CH4.wav,1946.72,1947.1599375,background
S01_U04.CH4.wav,1947,1947.4799375,foreground
S01_U04.CH4.wav,1947.32,1951.0799375,background
S01_U04.CH4.wav,1950.92,1951.1199375,foreground
S01_U04.CH4.wav,1950.96,1951.1599375,background
S01_U04.CH4.wav,1951,1951.2799375,foreground
S01_U04.CH4.wav,1951.12,1951.9999375,background
S01_U04.CH4.wav,1951.84,1952.1599375,foreground
S01_U04.CH4.wav,1952,1952.7999375,background
S01_U04.CH4.wav,1952.64,1952.9199375,foreground
S01_U04.CH4.wav,1952.76,1953.1199375,background
S01_U04.CH4.wav,1952.96,1953.1599375,foreground
S01_U04.CH4.wav,1953,1953.3599375,background
S01_U04.CH4.wav,1953.2,1953.4399375,foreground
S01_U04.CH4.wav,1953.28,1953.4799375,background
S01_U04.CH4.wav,1953.32,1953.5199375,foreground
S01_U04.CH4.wav,1953.36,1954.2399375,background
S01_U04.CH4.wav,1954.08,1954.3199375,foreground
S01_U04.CH4.wav,1954.16,1955.2799375,background
S01_U04.CH4.wav,1955.12,1955.4799375,foreground
S01_U04.CH4.wav,1955.32,1957.2799375,background
S01_U04.CH4.wav,1957.12,1957.3999375,foreground
S01_U04.CH4.wav,1957.24,1957.4799375,background
S01_U04.CH4.wav,1957.32,1957.7199375,foreground
S01_U04.CH4.wav,1957.56,1959.0799375,background
S01_U04.CH4.wav,1958.92,1959.1199375,foreground
S01_U04.CH4.wav,1958.96,1959.3999375,background
S01_U04.CH4.wav,1959.24,1959.5599375,foreground
S01_U04.CH4.wav,1959.4,1959.7199375,background
S01_U04.CH4.wav,1959.56,1959.8399375,foreground
S01_U04.CH4.wav,1959.68,1960.5999375,background
S01_U04.CH4.wav,1960.44,1960.8399375,foreground
S01_U04.CH4.wav,1960.68,1961.4399375,background
S01_U04.CH4.wav,1961.28,1961.4799375,foreground
S01_U04.CH4.wav,1961.32,1961.5199375,background
S01_U04.CH4.wav,1961.36,1961.5999375,foreground
S01_U04.CH4.wav,1961.44,1961.6399375,background
S01_U04.CH4.wav,1961.48,1961.6799375,foreground
S01_U04.CH4.wav,1961.52,1961.7199375,background
S01_U04.CH4.wav,1961.56,1961.8399375,foreground
S01_U04.CH4.wav,1961.68,1962.1999375,background
S01_U04.CH4.wav,1962.04,1962.3999375,foreground
S01_U04.CH4.wav,1962.24,1962.5199375,background
S01_U04.CH4.wav,1962.36,1962.6399375,foreground
S01_U04.CH4.wav,1962.48,1962.8399375,background
S01_U04.CH4.wav,1962.68,1963.0399375,foreground
S01_U04.CH4.wav,1962.88,1963.5599375,background
S01_U04.CH4.wav,1963.4,1963.5999375,foreground
S01_U04.CH4.wav,1963.44,1963.7199375,background
S01_U04.CH4.wav,1963.56,1963.9599375,foreground
S01_U04.CH4.wav,1963.8,1963.9999375,background
S01_U04.CH4.wav,1963.84,1964.0799375,foreground
S01_U04.CH4.wav,1963.92,1964.3599375,background
S01_U04.CH4.wav,1964.2,1964.3999375,foreground
S01_U04.CH4.wav,1964.24,1965.0799375,background
S01_U04.CH4.wav,1964.92,1965.1999375,foreground
S01_U04.CH4.wav,1965.04,1966.1199375,background
S01_U04.CH4.wav,1965.96,1966.1999375,foreground
S01_U04.CH4.wav,1966.04,1966.9599375,background
S01_U04.CH4.wav,1966.8,1967.0799375,foreground
S01_U04.CH4.wav,1966.92,1968.7999375,background
S01_U04.CH4.wav,1968.64,1968.8399375,foreground
S01_U04.CH4.wav,1968.68,1970.4399375,background
S01_U04.CH4.wav,1970.28,1970.5599375,foreground
S01_U04.CH4.wav,1970.4,1971.5599375,background
S01_U04.CH4.wav,1971.4,1971.5999375,foreground
S01_U04.CH4.wav,1971.44,1971.6399375,background
S01_U04.CH4.wav,1971.48,1971.9999375,foreground
S01_U04.CH4.wav,1971.84,1974.4799375,background
S01_U04.CH4.wav,1974.32,1974.5199375,foreground
S01_U04.CH4.wav,1974.36,1974.5999375,background
S01_U04.CH4.wav,1974.44,1974.6799375,foreground
S01_U04.CH4.wav,1974.52,1975.0799375,background
S01_U04.CH4.wav,1974.92,1975.2399375,foreground
S01_U04.CH4.wav,1975.08,1975.7999375,background
S01_U04.CH4.wav,1975.64,1975.8799375,foreground
S01_U04.CH4.wav,1975.72,1976.8799375,background
S01_U04.CH4.wav,1976.72,1976.9199375,foreground
S01_U04.CH4.wav,1976.76,1978.7199375,background
S01_U04.CH4.wav,1978.56,1978.8799375,foreground
S01_U04.CH4.wav,1978.72,1981.0399375,background
S01_U04.CH4.wav,1980.88,1981.1199375,foreground
S01_U04.CH4.wav,1980.96,1981.8799375,background
S01_U04.CH4.wav,1981.72,1981.9599375,foreground
S01_U04.CH4.wav,1981.8,1982.5199375,background
S01_U04.CH4.wav,1982.36,1982.7199375,foreground
S01_U04.CH4.wav,1982.56,1983.5199375,background
S01_U04.CH4.wav,1983.36,1983.5999375,foreground
S01_U04.CH4.wav,1983.44,1984.0799375,background
S01_U04.CH4.wav,1983.92,1984.2799375,foreground
S01_U04.CH4.wav,1984.12,1984.3999375,background
S01_U04.CH4.wav,1984.24,1984.5199375,foreground
S01_U04.CH4.wav,1984.36,1984.6799375,background
S01_U04.CH4.wav,1984.52,1984.9599375,foreground
S01_U04.CH4.wav,1984.8,1984.9999375,background
S01_U04.CH4.wav,1984.84,1985.0399375,foreground
S01_U04.CH4.wav,1984.88,1985.4399375,background
S01_U04.CH4.wav,1985.28,1985.4799375,foreground
S01_U04.CH4.wav,1985.32,1985.8799375,background
S01_U04.CH4.wav,1985.72,1986.1199375,foreground
S01_U04.CH4.wav,1985.96,1986.1599375,background
S01_U04.CH4.wav,1986,1986.2799375,foreground
S01_U04.CH4.wav,1986.12,1988.1199375,background
S01_U04.CH4.wav,1987.96,1988.7599375,foreground
S01_U04.CH4.wav,1988.6,1988.8399375,background
S01_U04.CH4.wav,1988.68,1988.8799375,foreground
S01_U04.CH4.wav,1988.72,1989.6399375,background
S01_U04.CH4.wav,1989.48,1989.7199375,foreground
S01_U04.CH4.wav,1989.56,1989.8399375,background
S01_U04.CH4.wav,1989.68,1989.9599375,foreground
S01_U04.CH4.wav,1989.8,1990.0399375,background
S01_U04.CH4.wav,1989.88,1990.0799375,foreground
S01_U04.CH4.wav,1989.92,1990.1599375,background
S01_U04.CH4.wav,1990,1990.5199375,foreground
S01_U04.CH4.wav,1990.36,1992.5999375,background
S01_U04.CH4.wav,1992.44,1992.6799375,foreground
S01_U04.CH4.wav,1992.52,1992.7199375,background
S01_U04.CH4.wav,1992.56,1992.7599375,foreground
S01_U04.CH4.wav,1992.6,1992.9599375,background
S01_U04.CH4.wav,1992.8,1992.9999375,foreground
S01_U04.CH4.wav,1992.84,1993.4399375,background
S01_U04.CH4.wav,1993.28,1993.5599375,foreground
S01_U04.CH4.wav,1993.4,1994.2399375,background
S01_U04.CH4.wav,1994.08,1994.3199375,foreground
S01_U04.CH4.wav,1994.16,1995.0399375,background
S01_U04.CH4.wav,1994.88,1995.1199375,foreground
S01_U04.CH4.wav,1994.96,1996.1599375,background
S01_U04.CH4.wav,1996,1996.3599375,foreground
S01_U04.CH4.wav,1996.2,1997.5199375,background
S01_U04.CH4.wav,1997.36,1997.6399375,foreground
S01_U04.CH4.wav,1997.48,1997.9599375,background
S01_U04.CH4.wav,1997.8,1998.1999375,foreground
S01_U04.CH4.wav,1998.04,1998.7199375,background
S01_U04.CH4.wav,1998.56,1998.8399375,foreground
S01_U04.CH4.wav,1998.68,1999.1999375,background
S01_U04.CH4.wav,1999.04,1999.2399375,foreground
S01_U04.CH4.wav,1999.08,1999.2799375,background
S01_U04.CH4.wav,1999.12,1999.4799375,foreground
S01_U04.CH4.wav,1999.32,2000.3199375,background
S01_U04.CH4.wav,2000.16,2000.3599375,foreground
S01_U04.CH4.wav,2000.2,2001.6799375,background
S01_U04.CH4.wav,2001.52,2001.7199375,foreground
S01_U04.CH4.wav,2001.56,2002.3599375,background
S01_U04.CH4.wav,2002.2,2002.4399375,foreground
S01_U04.CH4.wav,2002.28,2004.1199375,background
S01_U04.CH4.wav,2003.96,2004.2799375,foreground
S01_U04.CH4.wav,2004.12,2004.3599375,background
S01_U04.CH4.wav,2004.2,2004.4799375,foreground
S01_U04.CH4.wav,2004.32,2004.9999375,background
S01_U04.CH4.wav,2004.84,2005.0799375,foreground
S01_U04.CH4.wav,2004.92,2005.1599375,background
S01_U04.CH4.wav,2005,2005.5199375,foreground
S01_U04.CH4.wav,2005.36,2006.3199375,background
S01_U04.CH4.wav,2006.16,2006.4799375,foreground
S01_U04.CH4.wav,2006.32,2008.1199375,background
S01_U04.CH4.wav,2007.96,2008.1999375,foreground
S01_U04.CH4.wav,2008.04,2009.2399375,background
S01_U04.CH4.wav,2009.08,2009.2799375,foreground
S01_U04.CH4.wav,2009.12,2014.2399375,background
S01_U04.CH4.wav,2014.08,2014.4399375,foreground
S01_U04.CH4.wav,2014.28,2014.5999375,background
S01_U04.CH4.wav,2014.44,2014.7199375,foreground
S01_U04.CH4.wav,2014.56,2014.9599375,background
S01_U04.CH4.wav,2014.8,2015.1999375,foreground
S01_U04.CH4.wav,2015.04,2015.3999375,background
S01_U04.CH4.wav,2015.24,2015.9199375,foreground
S01_U04.CH4.wav,2015.76,2016.1599375,background
S01_U04.CH4.wav,2016,2016.5599375,foreground
S01_U04.CH4.wav,2016.4,2019.4399375,background
S01_U04.CH4.wav,2019.28,2019.6399375,foreground
S01_U04.CH4.wav,2019.48,2021.3999375,background
S01_U04.CH4.wav,2021.24,2021.4399375,foreground
S01_U04.CH4.wav,2021.28,2021.5199375,background
S01_U04.CH4.wav,2021.36,2021.7599375,foreground
S01_U04.CH4.wav,2021.6,2022.8799375,background
S01_U04.CH4.wav,2022.72,2022.9199375,foreground
S01_U04.CH4.wav,2022.76,2024.1199375,background
S01_U04.CH4.wav,2023.96,2024.3599375,foreground
S01_U04.CH4.wav,2024.2,2024.5199375,background
S01_U04.CH4.wav,2024.36,2024.5599375,foreground
S01_U04.CH4.wav,2024.4,2024.6799375,background
S01_U04.CH4.wav,2024.52,2025.3199375,foreground
S01_U04.CH4.wav,2025.16,2026.3599375,background
S01_U04.CH4.wav,2026.2,2026.4799375,foreground
S01_U04.CH4.wav,2026.32,2026.7199375,background
S01_U04.CH4.wav,2026.56,2026.9199375,foreground
S01_U04.CH4.wav,2026.76,2027.3599375,background
S01_U04.CH4.wav,2027.2,2027.4399375,foreground
S01_U04.CH4.wav,2027.28,2028.6399375,background
S01_U04.CH4.wav,2028.48,2028.9199375,foreground
S01_U04.CH4.wav,2028.76,2029.7599375,background
S01_U04.CH4.wav,2029.6,2029.7999375,foreground
S01_U04.CH4.wav,2029.64,2031.5199375,background
S01_U04.CH4.wav,2031.36,2031.6399375,foreground
S01_U04.CH4.wav,2031.48,2034.3199375,background
S01_U04.CH4.wav,2034.16,2034.3999375,foreground
S01_U04.CH4.wav,2034.24,2034.4799375,background
S01_U04.CH4.wav,2034.32,2034.6399375,foreground
S01_U04.CH4.wav,2034.48,2034.9199375,background
S01_U04.CH4.wav,2034.76,2034.9599375,foreground
S01_U04.CH4.wav,2034.8,2034.9999375,background
S01_U04.CH4.wav,2034.84,2035.0799375,foreground
S01_U04.CH4.wav,2034.92,2035.5199375,background
S01_U04.CH4.wav,2035.36,2035.5599375,foreground
S01_U04.CH4.wav,2035.4,2036.8799375,background
S01_U04.CH4.wav,2036.72,2036.9599375,foreground
S01_U04.CH4.wav,2036.8,2037.2399375,background
S01_U04.CH4.wav,2037.08,2037.2799375,foreground
S01_U04.CH4.wav,2037.12,2037.9599375,background
S01_U04.CH4.wav,2037.8,2038.1199375,foreground
S01_U04.CH4.wav,2037.96,2038.4799375,background
S01_U04.CH4.wav,2038.32,2038.5199375,foreground
S01_U04.CH4.wav,2038.36,2039.5599375,background
S01_U04.CH4.wav,2039.4,2039.7199375,foreground
S01_U04.CH4.wav,2039.56,2040.4399375,background
S01_U04.CH4.wav,2040.28,2040.5199375,foreground
S01_U04.CH4.wav,2040.36,2040.5599375,background
S01_U04.CH4.wav,2040.4,2040.5999375,foreground
S01_U04.CH4.wav,2040.44,2042.1599375,background
S01_U04.CH4.wav,2042,2042.2399375,foreground
S01_U04.CH4.wav,2042.08,2042.3999375,background
S01_U04.CH4.wav,2042.24,2042.5199375,foreground
S01_U04.CH4.wav,2042.36,2042.7599375,background
S01_U04.CH4.wav,2042.6,2043.1999375,foreground
S01_U04.CH4.wav,2043.04,2044.4799375,background
S01_U04.CH4.wav,2044.32,2044.5599375,foreground
S01_U04.CH4.wav,2044.4,2044.8799375,background
S01_U04.CH4.wav,2044.72,2045.3599375,foreground
S01_U04.CH4.wav,2045.2,2045.5999375,background
S01_U04.CH4.wav,2045.44,2045.7999375,foreground
S01_U04.CH4.wav,2045.64,2045.8399375,background
S01_U04.CH4.wav,2045.68,2046.0799375,foreground
S01_U04.CH4.wav,2045.92,2046.2399375,background
S01_U04.CH4.wav,2046.08,2046.3199375,foreground
S01_U04.CH4.wav,2046.16,2047.7199375,background
S01_U04.CH4.wav,2047.56,2047.9199375,foreground
S01_U04.CH4.wav,2047.76,2048.8399375,background
S01_U04.CH4.wav,2048.68,2048.9199375,foreground
S01_U04.CH4.wav,2048.76,2051.0799375,background
S01_U04.CH4.wav,2050.92,2051.1199375,foreground
S01_U04.CH4.wav,2050.96,2051.7599375,background
S01_U04.CH4.wav,2051.6,2051.8799375,foreground
S01_U04.CH4.wav,2051.72,2051.9999375,background
S01_U04.CH4.wav,2051.84,2052.0399375,foreground
S01_U04.CH4.wav,2051.88,2052.7999375,background
S01_U04.CH4.wav,2052.64,2052.9599375,foreground
S01_U04.CH4.wav,2052.8,2054.5199375,background
S01_U04.CH4.wav,2054.36,2054.5599375,foreground
S01_U04.CH4.wav,2054.4,2055.7999375,background
S01_U04.CH4.wav,2055.64,2055.8399375,foreground
S01_U04.CH4.wav,2055.68,2055.8799375,background
S01_U04.CH4.wav,2055.72,2056.2799375,foreground
S01_U04.CH4.wav,2056.12,2056.9999375,background
S01_U04.CH4.wav,2056.84,2057.1199375,foreground
S01_U04.CH4.wav,2056.96,2057.1999375,background
S01_U04.CH4.wav,2057.04,2057.2799375,foreground
S01_U04.CH4.wav,2057.12,2057.3599375,background
S01_U04.CH4.wav,2057.2,2057.3999375,foreground
S01_U04.CH4.wav,2057.24,2057.5599375,background
S01_U04.CH4.wav,2057.4,2057.5999375,foreground
S01_U04.CH4.wav,2057.44,2057.7199375,background
S01_U04.CH4.wav,2057.56,2057.9999375,foreground
S01_U04.CH4.wav,2057.84,2059.3999375,background
S01_U04.CH4.wav,2059.24,2059.6399375,foreground
S01_U04.CH4.wav,2059.48,2059.6799375,background
S01_U04.CH4.wav,2059.52,2059.7199375,foreground
S01_U04.CH4.wav,2059.56,2059.9599375,background
S01_U04.CH4.wav,2059.8,2059.9999375,foreground
S01_U04.CH4.wav,2059.84,2060.2799375,background
S01_U04.CH4.wav,2060.12,2060.5999375,foreground
S01_U04.CH4.wav,2060.44,2060.6799375,background
S01_U04.CH4.wav,2060.52,2060.8799375,foreground
S01_U04.CH4.wav,2060.72,2061.1599375,background
S01_U04.CH4.wav,2061,2061.2799375,foreground
S01_U04.CH4.wav,2061.12,2061.3999375,background
S01_U04.CH4.wav,2061.24,2061.4799375,foreground
S01_U04.CH4.wav,2061.32,2061.6799375,background
S01_U04.CH4.wav,2061.52,2061.7199375,foreground
S01_U04.CH4.wav,2061.56,2061.8799375,background
S01_U04.CH4.wav,2061.72,2062.0799375,foreground
S01_U04.CH4.wav,2061.92,2062.1599375,background
S01_U04.CH4.wav,2062,2062.2799375,foreground
S01_U04.CH4.wav,2062.12,2062.3999375,background
S01_U04.CH4.wav,2062.24,2062.4799375,foreground
S01_U04.CH4.wav,2062.32,2064.7999375,background
S01_U04.CH4.wav,2064.64,2064.8399375,foreground
S01_U04.CH4.wav,2064.68,2064.8799375,background
S01_U04.CH4.wav,2064.72,2064.9199375,foreground
S01_U04.CH4.wav,2064.76,2065.2399375,background
S01_U04.CH4.wav,2065.08,2065.5999375,foreground
S01_U04.CH4.wav,2065.44,2066.7999375,background
S01_U04.CH4.wav,2066.64,2066.9599375,foreground
S01_U04.CH4.wav,2066.8,2068.1599375,background
S01_U04.CH4.wav,2068,2068.3599375,foreground
S01_U04.CH4.wav,2068.2,2068.4799375,background
S01_U04.CH4.wav,2068.32,2068.5999375,foreground
S01_U04.CH4.wav,2068.44,2068.7999375,background
S01_U04.CH4.wav,2068.64,2068.8399375,foreground
S01_U04.CH4.wav,2068.68,2069.2399375,background
S01_U04.CH4.wav,2069.08,2069.3199375,foreground
S01_U04.CH4.wav,2069.16,2071.7999375,background
S01_U04.CH4.wav,2071.64,2071.9199375,foreground
S01_U04.CH4.wav,2071.76,2074.3999375,background
S01_U04.CH4.wav,2074.24,2074.5199375,foreground
S01_U04.CH4.wav,2074.36,2076.3199375,background
S01_U04.CH4.wav,2076.16,2076.4799375,foreground
S01_U04.CH4.wav,2076.32,2076.5999375,background
S01_U04.CH4.wav,2076.44,2076.6399375,foreground
S01_U04.CH4.wav,2076.48,2076.6799375,background
S01_U04.CH4.wav,2076.52,2076.7199375,foreground
S01_U04.CH4.wav,2076.56,2078.3599375,background
S01_U04.CH4.wav,2078.2,2078.5199375,foreground
S01_U04.CH4.wav,2078.36,2078.5599375,background
S01_U04.CH4.wav,2078.4,2078.5999375,foreground
S01_U04.CH4.wav,2078.44,2078.6399375,background
S01_U04.CH4.wav,2078.48,2078.9199375,foreground
S01_U04.CH4.wav,2078.76,2078.9599375,background
S01_U04.CH4.wav,2078.8,2079.1199375,foreground
S01_U04.CH4.wav,2078.96,2079.5599375,background
S01_U04.CH4.wav,2079.4,2079.5999375,foreground
S01_U04.CH4.wav,2079.44,2079.7599375,background
S01_U04.CH4.wav,2079.6,2079.9999375,foreground
S01_U04.CH4.wav,2079.84,2080.3599375,background
S01_U04.CH4.wav,2080.2,2080.4799375,foreground
S01_U04.CH4.wav,2080.32,2080.6799375,background
S01_U04.CH4.wav,2080.52,2080.7999375,foreground
S01_U04.CH4.wav,2080.64,2081.8799375,background
S01_U04.CH4.wav,2081.72,2082.1199375,foreground
S01_U04.CH4.wav,2081.96,2088.6799375,background
S01_U04.CH4.wav,2088.52,2088.7599375,foreground
S01_U04.CH4.wav,2088.6,2089.5999375,background
S01_U04.CH4.wav,2089.44,2089.6799375,foreground
S01_U04.CH4.wav,2089.52,2090.3599375,background
S01_U04.CH4.wav,2090.2,2090.6799375,foreground
S01_U04.CH4.wav,2090.52,2092.4399375,background
S01_U04.CH4.wav,2092.28,2092.5999375,foreground
S01_U04.CH4.wav,2092.44,2093.6399375,background
S01_U04.CH4.wav,2093.48,2093.6799375,foreground
S01_U04.CH4.wav,2093.52,2095.3999375,background
S01_U04.CH4.wav,2095.24,2095.5599375,foreground
S01_U04.CH4.wav,2095.4,2096.8399375,background
S01_U04.CH4.wav,2096.68,2096.9599375,foreground
S01_U04.CH4.wav,2096.8,2097.1599375,background
S01_U04.CH4.wav,2097,2097.2399375,foreground
S01_U04.CH4.wav,2097.08,2098.7599375,background
S01_U04.CH4.wav,2098.6,2098.9199375,foreground
S01_U04.CH4.wav,2098.76,2100.0799375,background
S01_U04.CH4.wav,2099.92,2100.1199375,foreground
S01_U04.CH4.wav,2099.96,2100.1999375,background
S01_U04.CH4.wav,2100.04,2100.2799375,foreground
S01_U04.CH4.wav,2100.12,2103.5199375,background
S01_U04.CH4.wav,2103.36,2103.5599375,foreground
S01_U04.CH4.wav,2103.4,2103.6399375,background
S01_U04.CH4.wav,2103.48,2103.6799375,foreground
S01_U04.CH4.wav,2103.52,2103.9999375,background
S01_U04.CH4.wav,2103.84,2104.0799375,foreground
S01_U04.CH4.wav,2103.92,2105.9599375,background
S01_U04.CH4.wav,2105.8,2105.9999375,foreground
S01_U04.CH4.wav,2105.84,2109.7599375,background
S01_U04.CH4.wav,2109.6,2109.7999375,foreground
S01_U04.CH4.wav,2109.64,2109.8399375,background
S01_U04.CH4.wav,2109.68,2109.9199375,foreground
S01_U04.CH4.wav,2109.76,2110.7999375,background
S01_U04.CH4.wav,2110.64,2110.8799375,foreground
S01_U04.CH4.wav,2110.72,2112.4399375,background
S01_U04.CH4.wav,2112.28,2112.5199375,foreground
S01_U04.CH4.wav,2112.36,2112.8799375,background
S01_U04.CH4.wav,2112.72,2112.9999375,foreground
S01_U04.CH4.wav,2112.84,2115.3999375,background
S01_U04.CH4.wav,2115.24,2115.5199375,foreground
S01_U04.CH4.wav,2115.36,2125.0799375,background
S01_U04.CH4.wav,2124.92,2125.3199375,foreground
S01_U04.CH4.wav,2125.16,2127.1599375,background
S01_U04.CH4.wav,2127,2127.2799375,foreground
S01_U04.CH4.wav,2127.12,2129.9199375,background
S01_U04.CH4.wav,2129.76,2129.9599375,foreground
S01_U04.CH4.wav,2129.8,2131.1599375,background
S01_U04.CH4.wav,2131,2131.1999375,foreground
S01_U04.CH4.wav,2131.04,2133.2799375,background
S01_U04.CH4.wav,2133.12,2133.3199375,foreground
S01_U04.CH4.wav,2133.16,2139.9599375,background
S01_U04.CH4.wav,2139.8,2140.0399375,foreground
S01_U04.CH4.wav,2139.88,2140.2799375,background
S01_U04.CH4.wav,2140.12,2140.3999375,foreground
S01_U04.CH4.wav,2140.24,2140.5199375,background
S01_U04.CH4.wav,2140.36,2140.6799375,foreground
S01_U04.CH4.wav,2140.52,2141.1199375,background
S01_U04.CH4.wav,2140.96,2141.2399375,foreground
S01_U04.CH4.wav,2141.08,2142.3999375,background
S01_U04.CH4.wav,2142.24,2142.5999375,foreground
S01_U04.CH4.wav,2142.44,2142.6399375,background
S01_U04.CH4.wav,2142.48,2143.0399375,foreground
S01_U04.CH4.wav,2142.88,2143.0799375,background
S01_U04.CH4.wav,2142.92,2143.1599375,foreground
S01_U04.CH4.wav,2143,2145.6399375,background
S01_U04.CH4.wav,2145.48,2145.7999375,foreground
S01_U04.CH4.wav,2145.64,2146.3199375,background
S01_U04.CH4.wav,2146.16,2146.3599375,foreground
S01_U04.CH4.wav,2146.2,2146.9599375,background
S01_U04.CH4.wav,2146.8,2147.1199375,foreground
S01_U04.CH4.wav,2146.96,2147.6799375,background
S01_U04.CH4.wav,2147.52,2147.7999375,foreground
S01_U04.CH4.wav,2147.64,2147.8399375,background
S01_U04.CH4.wav,2147.68,2148.0799375,foreground
S01_U04.CH4.wav,2147.92,2148.9599375,background
S01_U04.CH4.wav,2148.8,2149.0399375,foreground
S01_U04.CH4.wav,2148.88,2149.0799375,background
S01_U04.CH4.wav,2148.92,2149.1999375,foreground
S01_U04.CH4.wav,2149.04,2150.7199375,background
S01_U04.CH4.wav,2150.56,2151.0799375,foreground
S01_U04.CH4.wav,2150.92,2153.0399375,background
S01_U04.CH4.wav,2152.88,2153.3199375,foreground
S01_U04.CH4.wav,2153.16,2155.4799375,background
S01_U04.CH4.wav,2155.32,2155.5999375,foreground
S01_U04.CH4.wav,2155.44,2155.9199375,background
S01_U04.CH4.wav,2155.76,2155.9599375,foreground
S01_U04.CH4.wav,2155.8,2157.4399375,background
S01_U04.CH4.wav,2157.28,2157.4799375,foreground
S01_U04.CH4.wav,2157.32,2157.5599375,background
S01_U04.CH4.wav,2157.4,2157.5999375,foreground
S01_U04.CH4.wav,2157.44,2158.5199375,background
S01_U04.CH4.wav,2158.36,2158.6799375,foreground
S01_U04.CH4.wav,2158.52,2160.5599375,background
S01_U04.CH4.wav,2160.4,2160.7199375,foreground
S01_U04.CH4.wav,2160.56,2163.4399375,background
S01_U04.CH4.wav,2163.28,2163.4799375,foreground
S01_U04.CH4.wav,2163.32,2163.5199375,background
S01_U04.CH4.wav,2163.36,2163.5999375,foreground
S01_U04.CH4.wav,2163.44,2163.7999375,background
S01_U04.CH4.wav,2163.64,2163.8399375,foreground
S01_U04.CH4.wav,2163.68,2165.7999375,background
S01_U04.CH4.wav,2165.64,2166.2799375,foreground
S01_U04.CH4.wav,2166.12,2166.5599375,background
S01_U04.CH4.wav,2166.4,2166.7199375,foreground
S01_U04.CH4.wav,2166.56,2166.9199375,background
S01_U04.CH4.wav,2166.76,2166.9999375,foreground
S01_U04.CH4.wav,2166.84,2167.3599375,background
S01_U04.CH4.wav,2167.2,2167.4399375,foreground
S01_U04.CH4.wav,2167.28,2167.9599375,background
S01_U04.CH4.wav,2167.8,2168.0399375,foreground
S01_U04.CH4.wav,2167.88,2173.3199375,background
S01_U04.CH4.wav,2173.16,2173.3999375,foreground
S01_U04.CH4.wav,2173.24,2173.6799375,background
S01_U04.CH4.wav,2173.52,2173.9999375,foreground
S01_U04.CH4.wav,2173.84,2174.3199375,background
S01_U04.CH4.wav,2174.16,2174.3599375,foreground
S01_U04.CH4.wav,2174.2,2176.1999375,background
S01_U04.CH4.wav,2176.04,2176.2799375,foreground
S01_U04.CH4.wav,2176.12,2176.4399375,background
S01_U04.CH4.wav,2176.28,2176.6399375,foreground
S01_U04.CH4.wav,2176.48,2176.6799375,background
S01_U04.CH4.wav,2176.52,2176.7199375,foreground
S01_U04.CH4.wav,2176.56,2176.7999375,background
S01_U04.CH4.wav,2176.64,2177.2799375,foreground
S01_U04.CH4.wav,2177.12,2177.5999375,background
S01_U04.CH4.wav,2177.44,2177.6799375,foreground
S01_U04.CH4.wav,2177.52,2178.3999375,background
S01_U04.CH4.wav,2178.24,2178.4399375,foreground
S01_U04.CH4.wav,2178.28,2178.5199375,background
S01_U04.CH4.wav,2178.36,2178.5999375,foreground
S01_U04.CH4.wav,2178.44,2178.6399375,background
S01_U04.CH4.wav,2178.48,2178.8399375,foreground
S01_U04.CH4.wav,2178.68,2179.1999375,background
S01_U04.CH4.wav,2179.04,2179.3599375,foreground
S01_U04.CH4.wav,2179.2,2182.0399375,background
S01_U04.CH4.wav,2181.88,2182.2799375,foreground
S01_U04.CH4.wav,2182.12,2182.5199375,background
S01_U04.CH4.wav,2182.36,2182.5599375,foreground
S01_U04.CH4.wav,2182.4,2182.6399375,background
S01_U04.CH4.wav,2182.48,2182.7999375,foreground
S01_U04.CH4.wav,2182.64,2182.8399375,background
S01_U04.CH4.wav,2182.68,2182.8799375,foreground
S01_U04.CH4.wav,2182.72,2183.2399375,background
S01_U04.CH4.wav,2183.08,2183.3199375,foreground
S01_U04.CH4.wav,2183.16,2183.4399375,background
S01_U04.CH4.wav,2183.28,2183.4799375,foreground
S01_U04.CH4.wav,2183.32,2183.5199375,background
S01_U04.CH4.wav,2183.36,2183.5599375,foreground
S01_U04.CH4.wav,2183.4,2184.1199375,background
S01_U04.CH4.wav,2183.96,2184.1999375,foreground
S01_U04.CH4.wav,2184.04,2184.2399375,background
S01_U04.CH4.wav,2184.08,2184.3199375,foreground
S01_U04.CH4.wav,2184.16,2184.3599375,background
S01_U04.CH4.wav,2184.2,2184.3999375,foreground
S01_U04.CH4.wav,2184.24,2185.8799375,background
S01_U04.CH4.wav,2185.72,2186.1199375,foreground
S01_U04.CH4.wav,2185.96,2186.2399375,background
S01_U04.CH4.wav,2186.08,2186.3199375,foreground
S01_U04.CH4.wav,2186.16,2186.4399375,background
S01_U04.CH4.wav,2186.28,2186.8399375,foreground
S01_U04.CH4.wav,2186.68,2186.9199375,background
S01_U04.CH4.wav,2186.76,2186.9599375,foreground
S01_U04.CH4.wav,2186.8,2189.1999375,background
S01_U04.CH4.wav,2189.04,2189.2399375,foreground
S01_U04.CH4.wav,2189.08,2189.9599375,background
S01_U04.CH4.wav,2189.8,2190.1199375,foreground
S01_U04.CH4.wav,2189.96,2190.3199375,background
S01_U04.CH4.wav,2190.16,2190.3599375,foreground
S01_U04.CH4.wav,2190.2,2204.7599375,background
S01_U04.CH4.wav,2204.6,2205.3199375,foreground
S01_U04.CH4.wav,2205.16,2205.5999375,background
S01_U04.CH4.wav,2205.44,2205.7599375,foreground
S01_U04.CH4.wav,2205.6,2206.6799375,background
S01_U04.CH4.wav,2206.52,2206.7199375,foreground
S01_U04.CH4.wav,2206.56,2212.2399375,background
S01_U04.CH4.wav,2212.08,2212.3999375,foreground
S01_U04.CH4.wav,2212.24,2212.9199375,background
S01_U04.CH4.wav,2212.76,2212.9999375,foreground
S01_U04.CH4.wav,2212.84,2213.4799375,background
S01_U04.CH4.wav,2213.32,2213.5199375,foreground
S01_U04.CH4.wav,2213.36,2213.8399375,background
S01_U04.CH4.wav,2213.68,2213.8799375,foreground
S01_U04.CH4.wav,2213.72,2213.9999375,background
S01_U04.CH4.wav,2213.84,2214.2799375,foreground
S01_U04.CH4.wav,2214.12,2214.7999375,background
S01_U04.CH4.wav,2214.64,2214.9199375,foreground
S01_U04.CH4.wav,2214.76,2217.2399375,background
S01_U04.CH4.wav,2217.08,2217.2799375,foreground
S01_U04.CH4.wav,2217.12,2218.0399375,background
S01_U04.CH4.wav,2217.88,2218.2799375,foreground
S01_U04.CH4.wav,2218.12,2218.4799375,background
S01_U04.CH4.wav,2218.32,2218.6399375,foreground
S01_U04.CH4.wav,2218.48,2218.6799375,background
S01_U04.CH4.wav,2218.52,2218.7999375,foreground
S01_U04.CH4.wav,2218.64,2218.8399375,background
S01_U04.CH4.wav,2218.68,2218.9199375,foreground
S01_U04.CH4.wav,2218.76,2219.6799375,background
S01_U04.CH4.wav,2219.52,2219.8399375,foreground
S01_U04.CH4.wav,2219.68,2219.9999375,background
S01_U04.CH4.wav,2219.84,2220.1199375,foreground
S01_U04.CH4.wav,2219.96,2221.5599375,background
S01_U04.CH4.wav,2221.4,2221.5999375,foreground
S01_U04.CH4.wav,2221.44,2222.0799375,background
S01_U04.CH4.wav,2221.92,2222.2399375,foreground
S01_U04.CH4.wav,2222.08,2222.3599375,background
S01_U04.CH4.wav,2222.2,2222.5999375,foreground
S01_U04.CH4.wav,2222.44,2222.6399375,background
S01_U04.CH4.wav,2222.48,2222.6799375,foreground
S01_U04.CH4.wav,2222.52,2223.0799375,background
S01_U04.CH4.wav,2222.92,2223.1599375,foreground
S01_U04.CH4.wav,2223,2223.6399375,background
S01_U04.CH4.wav,2223.48,2223.8799375,foreground
S01_U04.CH4.wav,2223.72,2223.9199375,background
S01_U04.CH4.wav,2223.76,2224.0399375,foreground
S01_U04.CH4.wav,2223.88,2225.2399375,background
S01_U04.CH4.wav,2225.08,2225.2799375,foreground
S01_U04.CH4.wav,2225.12,2226.1999375,background
S01_U04.CH4.wav,2226.04,2226.2399375,foreground
S01_U04.CH4.wav,2226.08,2226.2799375,background
S01_U04.CH4.wav,2226.12,2226.3199375,foreground
S01_U04.CH4.wav,2226.16,2226.7599375,background
S01_U04.CH4.wav,2226.6,2226.8399375,foreground
S01_U04.CH4.wav,2226.68,2226.9199375,background
S01_U04.CH4.wav,2226.76,2227.0399375,foreground
S01_U04.CH4.wav,2226.88,2229.3599375,background
S01_U04.CH4.wav,2229.2,2229.4799375,foreground
S01_U04.CH4.wav,2229.32,2230.1599375,background
S01_U04.CH4.wav,2230,2230.1999375,foreground
S01_U04.CH4.wav,2230.04,2230.7999375,background
S01_U04.CH4.wav,2230.64,2230.9599375,foreground
S01_U04.CH4.wav,2230.8,2232.1999375,background
S01_U04.CH4.wav,2232.04,2232.3999375,foreground
S01_U04.CH4.wav,2232.24,2232.7199375,background
S01_U04.CH4.wav,2232.56,2232.8399375,foreground
S01_U04.CH4.wav,2232.68,2235.9999375,background
S01_U04.CH4.wav,2235.84,2236.0799375,foreground
S01_U04.CH4.wav,2235.92,2237.3199375,background
S01_U04.CH4.wav,2237.16,2237.6399375,foreground
S01_U04.CH4.wav,2237.48,2240.0399375,background
S01_U04.CH4.wav,2239.88,2240.0799375,foreground
S01_U04.CH4.wav,2239.92,2240.3599375,background
S01_U04.CH4.wav,2240.2,2240.5599375,foreground
S01_U04.CH4.wav,2240.4,2240.5999375,background
S01_U04.CH4.wav,2240.44,2240.6399375,foreground
S01_U04.CH4.wav,2240.48,2240.6799375,background
S01_U04.CH4.wav,2240.52,2240.8799375,foreground
S01_U04.CH4.wav,2240.72,2242.4399375,background
S01_U04.CH4.wav,2242.28,2242.4799375,foreground
S01_U04.CH4.wav,2242.32,2242.7599375,background
S01_U04.CH4.wav,2242.6,2242.7999375,foreground
S01_U04.CH4.wav,2242.64,2242.8399375,background
S01_U04.CH4.wav,2242.68,2242.8799375,foreground
S01_U04.CH4.wav,2242.72,2243.0399375,background
S01_U04.CH4.wav,2242.88,2243.0799375,foreground
S01_U04.CH4.wav,2242.92,2243.7599375,background
S01_U04.CH4.wav,2243.6,2243.7999375,foreground
S01_U04.CH4.wav,2243.64,2245.2799375,background
S01_U04.CH4.wav,2245.12,2245.3599375,foreground
S01_U04.CH4.wav,2245.2,2245.9599375,background
S01_U04.CH4.wav,2245.8,2246.1599375,foreground
S01_U04.CH4.wav,2246,2250.2399375,background
S01_U04.CH4.wav,2250.08,2250.3599375,foreground
S01_U04.CH4.wav,2250.2,2251.3199375,background
S01_U04.CH4.wav,2251.16,2251.4799375,foreground
S01_U04.CH4.wav,2251.32,2251.7199375,background
S01_U04.CH4.wav,2251.56,2251.9599375,foreground
S01_U04.CH4.wav,2251.8,2252.3599375,background
S01_U04.CH4.wav,2252.2,2252.8799375,foreground
S01_U04.CH4.wav,2252.72,2252.9199375,background
S01_U04.CH4.wav,2252.76,2253.3599375,foreground
S01_U04.CH4.wav,2253.2,2256.4799375,background
S01_U04.CH4.wav,2256.32,2256.7199375,foreground
S01_U04.CH4.wav,2256.56,2258.3999375,background
S01_U04.CH4.wav,2258.24,2258.5199375,foreground
S01_U04.CH4.wav,2258.36,2258.9199375,background
S01_U04.CH4.wav,2258.76,2259.1599375,foreground
S01_U04.CH4.wav,2259,2259.2399375,background
S01_U04.CH4.wav,2259.08,2259.2799375,foreground
S01_U04.CH4.wav,2259.12,2259.3999375,background
S01_U04.CH4.wav,2259.24,2259.5199375,foreground
S01_U04.CH4.wav,2259.36,2262.7599375,background
S01_U04.CH4.wav,2262.6,2262.7999375,foreground
S01_U04.CH4.wav,2262.64,2263.0399375,background
S01_U04.CH4.wav,2262.88,2263.1999375,foreground
S01_U04.CH4.wav,2263.04,2263.2399375,background
S01_U04.CH4.wav,2263.08,2263.2799375,foreground
S01_U04.CH4.wav,2263.12,2264.2399375,background
S01_U04.CH4.wav,2264.08,2264.5999375,foreground
S01_U04.CH4.wav,2264.44,2265.1199375,background
S01_U04.CH4.wav,2264.96,2265.2799375,foreground
S01_U04.CH4.wav,2265.12,2265.4399375,background
S01_U04.CH4.wav,2265.28,2265.7199375,foreground
S01_U04.CH4.wav,2265.56,2265.8799375,background
S01_U04.CH4.wav,2265.72,2265.9999375,foreground
S01_U04.CH4.wav,2265.84,2266.8799375,background
S01_U04.CH4.wav,2266.72,2267.0799375,foreground
S01_U04.CH4.wav,2266.92,2267.3199375,background
S01_U04.CH4.wav,2267.16,2267.4799375,foreground
S01_U04.CH4.wav,2267.32,2267.9999375,background
S01_U04.CH4.wav,2267.84,2268.0799375,foreground
S01_U04.CH4.wav,2267.92,2268.2799375,background
S01_U04.CH4.wav,2268.12,2268.3999375,foreground
S01_U04.CH4.wav,2268.24,2271.9599375,background
S01_U04.CH4.wav,2271.8,2272.0799375,foreground
S01_U04.CH4.wav,2271.92,2272.1599375,background
S01_U04.CH4.wav,2272,2272.1999375,foreground
S01_U04.CH4.wav,2272.04,2272.3199375,background
S01_U04.CH4.wav,2272.16,2272.4799375,foreground
S01_U04.CH4.wav,2272.32,2272.7599375,background
S01_U04.CH4.wav,2272.6,2272.7999375,foreground
S01_U04.CH4.wav,2272.64,2274.1199375,background
S01_U04.CH4.wav,2273.96,2274.4399375,foreground
S01_U04.CH4.wav,2274.28,2275.8399375,background
S01_U04.CH4.wav,2275.68,2275.9199375,foreground
S01_U04.CH4.wav,2275.76,2275.9999375,background
S01_U04.CH4.wav,2275.84,2276.0399375,foreground
S01_U04.CH4.wav,2275.88,2277.1599375,background
S01_U04.CH4.wav,2277,2277.1999375,foreground
S01_U04.CH4.wav,2277.04,2277.8399375,background
S01_U04.CH4.wav,2277.68,2278.0799375,foreground
S01_U04.CH4.wav,2277.92,2278.3599375,background
S01_U04.CH4.wav,2278.2,2278.4399375,foreground
S01_U04.CH4.wav,2278.28,2279.3999375,background
S01_U04.CH4.wav,2279.24,2279.4399375,foreground
S01_U04.CH4.wav,2279.28,2280.0399375,background
S01_U04.CH4.wav,2279.88,2280.0799375,foreground
S01_U04.CH4.wav,2279.92,2280.3599375,background
S01_U04.CH4.wav,2280.2,2280.3999375,foreground
S01_U04.CH4.wav,2280.24,2280.5599375,background
S01_U04.CH4.wav,2280.4,2280.7199375,foreground
S01_U04.CH4.wav,2280.56,2280.7599375,background
S01_U04.CH4.wav,2280.6,2281.0399375,foreground
S01_U04.CH4.wav,2280.88,2281.3599375,background
S01_U04.CH4.wav,2281.2,2281.5199375,foreground
S01_U04.CH4.wav,2281.36,2282.9199375,background
S01_U04.CH4.wav,2282.76,2282.9999375,foreground
S01_U04.CH4.wav,2282.84,2288.2399375,background
S01_U04.CH4.wav,2288.08,2288.3599375,foreground
S01_U04.CH4.wav,2288.2,2289.5599375,background
S01_U04.CH4.wav,2289.4,2289.7199375,foreground
S01_U04.CH4.wav,2289.56,2289.7999375,background
S01_U04.CH4.wav,2289.64,2289.9199375,foreground
S01_U04.CH4.wav,2289.76,2291.4799375,background
S01_U04.CH4.wav,2291.32,2291.6799375,foreground
S01_U04.CH4.wav,2291.52,2292.3999375,background
S01_U04.CH4.wav,2292.24,2292.4399375,foreground
S01_U04.CH4.wav,2292.28,2293.3199375,background
S01_U04.CH4.wav,2293.16,2293.6399375,foreground
S01_U04.CH4.wav,2293.48,2294.4799375,background
S01_U04.CH4.wav,2294.32,2294.7599375,foreground
S01_U04.CH4.wav,2294.6,2297.5199375,background
S01_U04.CH4.wav,2297.36,2297.6799375,foreground
S01_U04.CH4.wav,2297.52,2302.1599375,background
S01_U04.CH4.wav,2302,2302.3199375,foreground
S01_U04.CH4.wav,2302.16,2303.7999375,background
S01_U04.CH4.wav,2303.64,2304.1199375,foreground
S01_U04.CH4.wav,2303.96,2305.5199375,background
S01_U04.CH4.wav,2305.36,2305.7199375,foreground
S01_U04.CH4.wav,2305.56,2307.5199375,background
S01_U04.CH4.wav,2307.36,2307.5599375,foreground
S01_U04.CH4.wav,2307.4,2311.8799375,background
S01_U04.CH4.wav,2311.72,2311.9199375,foreground
S01_U04.CH4.wav,2311.76,2312.1999375,background
S01_U04.CH4.wav,2312.04,2312.3199375,foreground
S01_U04.CH4.wav,2312.16,2312.3599375,background
S01_U04.CH4.wav,2312.2,2312.4399375,foreground
S01_U04.CH4.wav,2312.28,2312.7999375,background
S01_U04.CH4.wav,2312.64,2312.8799375,foreground
S01_U04.CH4.wav,2312.72,2313.6399375,background
S01_U04.CH4.wav,2313.48,2313.7599375,foreground
S01_U04.CH4.wav,2313.6,2313.7999375,background
S01_U04.CH4.wav,2313.64,2313.8799375,foreground
S01_U04.CH4.wav,2313.72,2314.5199375,background
S01_U04.CH4.wav,2314.36,2314.5599375,foreground
S01_U04.CH4.wav,2314.4,2314.5999375,background
S01_U04.CH4.wav,2314.44,2314.7199375,foreground
S01_U04.CH4.wav,2314.56,2314.7599375,background
S01_U04.CH4.wav,2314.6,2314.9599375,foreground
S01_U04.CH4.wav,2314.8,2318.7599375,background
S01_U04.CH4.wav,2318.6,2319.1199375,foreground
S01_U04.CH4.wav,2318.96,2321.4799375,background
S01_U04.CH4.wav,2321.32,2321.5199375,foreground
S01_U04.CH4.wav,2321.36,2321.6399375,background
S01_U04.CH4.wav,2321.48,2321.8799375,foreground
S01_U04.CH4.wav,2321.72,2324.6399375,background
S01_U04.CH4.wav,2324.48,2324.7199375,foreground
S01_U04.CH4.wav,2324.56,2325.8799375,background
S01_U04.CH4.wav,2325.72,2325.9199375,foreground
S01_U04.CH4.wav,2325.76,2326.5999375,background
S01_U04.CH4.wav,2326.44,2326.6799375,foreground
S01_U04.CH4.wav,2326.52,2331.6799375,background
S01_U04.CH4.wav,2331.52,2331.7199375,foreground
S01_U04.CH4.wav,2331.56,2331.9199375,background
S01_U04.CH4.wav,2331.76,2331.9599375,foreground
S01_U04.CH4.wav,2331.8,2332.1599375,background
S01_U04.CH4.wav,2332,2332.4399375,foreground
S01_U04.CH4.wav,2332.28,2333.1999375,background
S01_U04.CH4.wav,2333.04,2333.3199375,foreground
S01_U04.CH4.wav,2333.16,2333.3599375,background
S01_U04.CH4.wav,2333.2,2333.4399375,foreground
S01_U04.CH4.wav,2333.28,2333.4799375,background
S01_U04.CH4.wav,2333.32,2333.5999375,foreground
S01_U04.CH4.wav,2333.44,2333.7999375,background
S01_U04.CH4.wav,2333.64,2334.0399375,foreground
S01_U04.CH4.wav,2333.88,2338.4799375,background
S01_U04.CH4.wav,2338.32,2338.5999375,foreground
S01_U04.CH4.wav,2338.44,2339.1199375,background
S01_U04.CH4.wav,2338.96,2339.1599375,foreground
S01_U04.CH4.wav,2339,2339.2799375,background
S01_U04.CH4.wav,2339.12,2339.5999375,foreground
S01_U04.CH4.wav,2339.44,2339.8399375,background
S01_U04.CH4.wav,2339.68,2339.8799375,foreground
S01_U04.CH4.wav,2339.72,2340.5199375,background
S01_U04.CH4.wav,2340.36,2340.5599375,foreground
S01_U04.CH4.wav,2340.4,2340.7999375,background
S01_U04.CH4.wav,2340.64,2340.9599375,foreground
S01_U04.CH4.wav,2340.8,2341.6799375,background
S01_U04.CH4.wav,2341.52,2341.7199375,foreground
S01_U04.CH4.wav,2341.56,2341.9599375,background
S01_U04.CH4.wav,2341.8,2341.9999375,foreground
S01_U04.CH4.wav,2341.84,2342.0399375,background
S01_U04.CH4.wav,2341.88,2342.0799375,foreground
S01_U04.CH4.wav,2341.92,2343.1199375,background
S01_U04.CH4.wav,2342.96,2343.3199375,foreground
S01_U04.CH4.wav,2343.16,2343.3599375,background
S01_U04.CH4.wav,2343.2,2343.4399375,foreground
S01_U04.CH4.wav,2343.28,2347.8399375,background
S01_U04.CH4.wav,2347.68,2347.9199375,foreground
S01_U04.CH4.wav,2347.76,2349.9199375,background
S01_U04.CH4.wav,2349.76,2349.9599375,foreground
S01_U04.CH4.wav,2349.8,2349.9999375,background
S01_U04.CH4.wav,2349.84,2350.3999375,foreground
S01_U04.CH4.wav,2350.24,2351.3999375,background
S01_U04.CH4.wav,2351.24,2351.4399375,foreground
S01_U04.CH4.wav,2351.28,2356.8799375,background
S01_U04.CH4.wav,2356.72,2356.9599375,foreground
S01_U04.CH4.wav,2356.8,2357.9199375,background
S01_U04.CH4.wav,2357.76,2357.9999375,foreground
S01_U04.CH4.wav,2357.84,2358.1199375,background
S01_U04.CH4.wav,2357.96,2358.2399375,foreground
S01_U04.CH4.wav,2358.08,2360.2799375,background
S01_U04.CH4.wav,2360.12,2360.3199375,foreground
S01_U04.CH4.wav,2360.16,2360.3599375,background
S01_U04.CH4.wav,2360.2,2360.4399375,foreground
S01_U04.CH4.wav,2360.28,2360.5999375,background
S01_U04.CH4.wav,2360.44,2360.9199375,foreground
S01_U04.CH4.wav,2360.76,2361.1599375,background
S01_U04.CH4.wav,2361,2361.2799375,foreground
S01_U04.CH4.wav,2361.12,2362.5999375,background
S01_U04.CH4.wav,2362.44,2362.7999375,foreground
S01_U04.CH4.wav,2362.64,2363.3999375,background
S01_U04.CH4.wav,2363.24,2363.5999375,foreground
S01_U04.CH4.wav,2363.44,2364.6399375,background
S01_U04.CH4.wav,2364.48,2364.7599375,foreground
S01_U04.CH4.wav,2364.6,2364.9999375,background
S01_U04.CH4.wav,2364.84,2365.0399375,foreground
S01_U04.CH4.wav,2364.88,2365.5999375,background
S01_U04.CH4.wav,2365.44,2365.6799375,foreground
S01_U04.CH4.wav,2365.52,2365.9599375,background
S01_U04.CH4.wav,2365.8,2366.1199375,foreground
S01_U04.CH4.wav,2365.96,2366.1599375,background
S01_U04.CH4.wav,2366,2366.2399375,foreground
S01_U04.CH4.wav,2366.08,2375.1999375,background
S01_U04.CH4.wav,2375.04,2375.2399375,foreground
S01_U04.CH4.wav,2375.08,2375.2799375,background
S01_U04.CH4.wav,2375.12,2375.4399375,foreground
S01_U04.CH4.wav,2375.28,2378.4399375,background
S01_U04.CH4.wav,2378.28,2378.5999375,foreground
S01_U04.CH4.wav,2378.44,2378.6399375,background
S01_U04.CH4.wav,2378.48,2378.7999375,foreground
S01_U04.CH4.wav,2378.64,2379.8399375,background
S01_U04.CH4.wav,2379.68,2379.8799375,foreground
S01_U04.CH4.wav,2379.72,2379.9199375,background
S01_U04.CH4.wav,2379.76,2379.9599375,foreground
S01_U04.CH4.wav,2379.8,2380.3199375,background
S01_U04.CH4.wav,2380.16,2380.4799375,foreground
S01_U04.CH4.wav,2380.32,2380.5599375,background
S01_U04.CH4.wav,2380.4,2380.5999375,foreground
S01_U04.CH4.wav,2380.44,2381.2799375,background
S01_U04.CH4.wav,2381.12,2381.4799375,foreground
S01_U04.CH4.wav,2381.32,2382.8799375,background
S01_U04.CH4.wav,2382.72,2382.9199375,foreground
S01_U04.CH4.wav,2382.76,2383.6399375,background
S01_U04.CH4.wav,2383.48,2383.7999375,foreground
S01_U04.CH4.wav,2383.64,2384.0799375,background
S01_U04.CH4.wav,2383.92,2384.1999375,foreground
S01_U04.CH4.wav,2384.04,2385.2799375,background
S01_U04.CH4.wav,2385.12,2385.3199375,foreground
S01_U04.CH4.wav,2385.16,2386.1599375,background
S01_U04.CH4.wav,2386,2386.1999375,foreground
S01_U04.CH4.wav,2386.04,2386.7199375,background
S01_U04.CH4.wav,2386.56,2386.7599375,foreground
S01_U04.CH4.wav,2386.6,2386.9199375,background
S01_U04.CH4.wav,2386.76,2387.1599375,foreground
S01_U04.CH4.wav,2387,2388.4799375,background
S01_U04.CH4.wav,2388.32,2388.6799375,foreground
S01_U04.CH4.wav,2388.52,2388.8799375,background
S01_U04.CH4.wav,2388.72,2388.9199375,foreground
S01_U04.CH4.wav,2388.76,2389.9599375,background
S01_U04.CH4.wav,2389.8,2390.0799375,foreground
S01_U04.CH4.wav,2389.92,2390.1199375,background
S01_U04.CH4.wav,2389.96,2390.2799375,foreground
S01_U04.CH4.wav,2390.12,2391.3999375,background
S01_U04.CH4.wav,2391.24,2391.4399375,foreground
S01_U04.CH4.wav,2391.28,2391.4799375,background
S01_U04.CH4.wav,2391.32,2391.5199375,foreground
S01_U04.CH4.wav,2391.36,2392.7599375,background
S01_U04.CH4.wav,2392.6,2392.7999375,foreground
S01_U04.CH4.wav,2392.64,2392.8799375,background
S01_U04.CH4.wav,2392.72,2393.2799375,foreground
S01_U04.CH4.wav,2393.12,2393.9599375,background
S01_U04.CH4.wav,2393.8,2394.0799375,foreground
S01_U04.CH4.wav,2393.92,2394.3999375,background
S01_U04.CH4.wav,2394.24,2394.5599375,foreground
S01_U04.CH4.wav,2394.4,2395.1199375,background
S01_U04.CH4.wav,2394.96,2395.1999375,foreground
S01_U04.CH4.wav,2395.04,2397.7599375,background
S01_U04.CH4.wav,2397.6,2397.9599375,foreground
S01_U04.CH4.wav,2397.8,2398.7199375,background
S01_U04.CH4.wav,2398.56,2398.7999375,foreground
S01_U04.CH4.wav,2398.64,2398.8399375,background
S01_U04.CH4.wav,2398.68,2398.9199375,foreground
S01_U04.CH4.wav,2398.76,2401.6799375,background
S01_U04.CH4.wav,2401.52,2401.7999375,foreground
S01_U04.CH4.wav,2401.64,2401.8799375,background
S01_U04.CH4.wav,2401.72,2401.9199375,foreground
S01_U04.CH4.wav,2401.76,2402.5599375,background
S01_U04.CH4.wav,2402.4,2402.9199375,foreground
S01_U04.CH4.wav,2402.76,2412.1999375,background
S01_U04.CH4.wav,2412.04,2412.2399375,foreground
S01_U04.CH4.wav,2412.08,2413.9999375,background
S01_U04.CH4.wav,2413.84,2414.0399375,foreground
S01_U04.CH4.wav,2413.88,2414.7999375,background
S01_U04.CH4.wav,2414.64,2414.8399375,foreground
S01_U04.CH4.wav,2414.68,2416.1999375,background
S01_U04.CH4.wav,2416.04,2416.3999375,foreground
S01_U04.CH4.wav,2416.24,2417.3999375,background
S01_U04.CH4.wav,2417.24,2417.6799375,foreground
S01_U04.CH4.wav,2417.52,2417.9599375,background
S01_U04.CH4.wav,2417.8,2417.9999375,foreground
S01_U04.CH4.wav,2417.84,2418.0799375,background
S01_U04.CH4.wav,2417.92,2418.1199375,foreground
S01_U04.CH4.wav,2417.96,2418.4399375,background
S01_U04.CH4.wav,2418.28,2418.5599375,foreground
S01_U04.CH4.wav,2418.4,2418.7599375,background
S01_U04.CH4.wav,2418.6,2418.9199375,foreground
S01_U04.CH4.wav,2418.76,2419.1199375,background
S01_U04.CH4.wav,2418.96,2419.2799375,foreground
S01_U04.CH4.wav,2419.12,2419.5199375,background
S01_U04.CH4.wav,2419.36,2419.6399375,foreground
S01_U04.CH4.wav,2419.48,2419.7599375,background
S01_U04.CH4.wav,2419.6,2419.8399375,foreground
S01_U04.CH4.wav,2419.68,2420.7199375,background
S01_U04.CH4.wav,2420.56,2420.7599375,foreground
S01_U04.CH4.wav,2420.6,2421.3999375,background
S01_U04.CH4.wav,2421.24,2421.5199375,foreground
S01_U04.CH4.wav,2421.36,2423.5199375,background
S01_U04.CH4.wav,2423.36,2423.6399375,foreground
S01_U04.CH4.wav,2423.48,2423.7599375,background
S01_U04.CH4.wav,2423.6,2423.9199375,foreground
S01_U04.CH4.wav,2423.76,2424.0399375,background
S01_U04.CH4.wav,2423.88,2424.3599375,foreground
S01_U04.CH4.wav,2424.2,2424.8399375,background
S01_U04.CH4.wav,2424.68,2424.9599375,foreground
S01_U04.CH4.wav,2424.8,2425.6799375,background
S01_U04.CH4.wav,2425.52,2425.8799375,foreground
S01_U04.CH4.wav,2425.72,2426.0799375,background
S01_U04.CH4.wav,2425.92,2426.1599375,foreground
S01_U04.CH4.wav,2426,2427.0799375,background
S01_U04.CH4.wav,2426.92,2427.1599375,foreground
S01_U04.CH4.wav,2427,2428.8399375,background
S01_U04.CH4.wav,2428.68,2428.9199375,foreground
S01_U04.CH4.wav,2428.76,2430.1599375,background
S01_U04.CH4.wav,2430,2430.2399375,foreground
S01_U04.CH4.wav,2430.08,2430.6799375,background
S01_U04.CH4.wav,2430.52,2430.8399375,foreground
S01_U04.CH4.wav,2430.68,2431.3199375,background
S01_U04.CH4.wav,2431.16,2431.3599375,foreground
S01_U04.CH4.wav,2431.2,2431.4399375,background
S01_U04.CH4.wav,2431.28,2431.5999375,foreground
S01_U04.CH4.wav,2431.44,2431.7599375,background
S01_U04.CH4.wav,2431.6,2432.0399375,foreground
S01_U04.CH4.wav,2431.88,2434.6799375,background
S01_U04.CH4.wav,2434.52,2434.7199375,foreground
S01_U04.CH4.wav,2434.56,2440.0399375,background
S01_U04.CH4.wav,2439.88,2440.1199375,foreground
S01_U04.CH4.wav,2439.96,2440.5199375,background
S01_U04.CH4.wav,2440.36,2440.6399375,foreground
S01_U04.CH4.wav,2440.48,2441.5999375,background
S01_U04.CH4.wav,2441.44,2441.7199375,foreground
S01_U04.CH4.wav,2441.56,2441.7599375,background
S01_U04.CH4.wav,2441.6,2441.7999375,foreground
S01_U04.CH4.wav,2441.64,2442.3599375,background
S01_U04.CH4.wav,2442.2,2442.3999375,foreground
S01_U04.CH4.wav,2442.24,2443.9199375,background
S01_U04.CH4.wav,2443.76,2444.1599375,foreground
S01_U04.CH4.wav,2444,2447.8799375,background
S01_U04.CH4.wav,2447.72,2448.0799375,foreground
S01_U04.CH4.wav,2447.92,2448.2799375,background
S01_U04.CH4.wav,2448.12,2448.3599375,foreground
S01_U04.CH4.wav,2448.2,2448.7599375,background
S01_U04.CH4.wav,2448.6,2448.7999375,foreground
S01_U04.CH4.wav,2448.64,2453.6399375,background
S01_U04.CH4.wav,2453.48,2453.9199375,foreground
S01_U04.CH4.wav,2453.76,2454.0399375,background
S01_U04.CH4.wav,2453.88,2454.0799375,foreground
S01_U04.CH4.wav,2453.92,2454.4399375,background
S01_U04.CH4.wav,2454.28,2454.4799375,foreground
S01_U04.CH4.wav,2454.32,2455.0799375,background
S01_U04.CH4.wav,2454.92,2455.4799375,foreground
S01_U04.CH4.wav,2455.32,2455.6399375,background
S01_U04.CH4.wav,2455.48,2455.7199375,foreground
S01_U04.CH4.wav,2455.56,2455.7599375,background
S01_U04.CH4.wav,2455.6,2455.9199375,foreground
S01_U04.CH4.wav,2455.76,2456.4799375,background
S01_U04.CH4.wav,2456.32,2456.5599375,foreground
S01_U04.CH4.wav,2456.4,2456.7599375,background
S01_U04.CH4.wav,2456.6,2456.8399375,foreground
S01_U04.CH4.wav,2456.68,2457.0399375,background
S01_U04.CH4.wav,2456.88,2457.2799375,foreground
S01_U04.CH4.wav,2457.12,2458.0799375,background
S01_U04.CH4.wav,2457.92,2458.1599375,foreground
S01_U04.CH4.wav,2458,2458.1999375,background
S01_U04.CH4.wav,2458.04,2458.2399375,foreground
S01_U04.CH4.wav,2458.08,2459.4799375,background
S01_U04.CH4.wav,2459.32,2459.5199375,foreground
S01_U04.CH4.wav,2459.36,2459.5599375,background
S01_U04.CH4.wav,2459.4,2459.8799375,foreground
S01_U04.CH4.wav,2459.72,2460.5199375,background
S01_U04.CH4.wav,2460.36,2460.5599375,foreground
S01_U04.CH4.wav,2460.4,2460.7199375,background
S01_U04.CH4.wav,2460.56,2460.7599375,foreground
S01_U04.CH4.wav,2460.6,2460.9199375,background
S01_U04.CH4.wav,2460.76,2460.9999375,foreground
S01_U04.CH4.wav,2460.84,2462.7599375,background
S01_U04.CH4.wav,2462.6,2462.9599375,foreground
S01_U04.CH4.wav,2462.8,2463.5999375,background
S01_U04.CH4.wav,2463.44,2463.6399375,foreground
S01_U04.CH4.wav,2463.48,2463.7999375,background
S01_U04.CH4.wav,2463.64,2463.9199375,foreground
S01_U04.CH4.wav,2463.76,2465.2799375,background
S01_U04.CH4.wav,2465.12,2465.4399375,foreground
S01_U04.CH4.wav,2465.28,2466.1599375,background
S01_U04.CH4.wav,2466,2466.2799375,foreground
S01_U04.CH4.wav,2466.12,2468.1199375,background
S01_U04.CH4.wav,2467.96,2468.1599375,foreground
S01_U04.CH4.wav,2468,2468.3999375,background
S01_U04.CH4.wav,2468.24,2468.6399375,foreground
S01_U04.CH4.wav,2468.48,2468.7999375,background
S01_U04.CH4.wav,2468.64,2468.8399375,foreground
S01_U04.CH4.wav,2468.68,2468.9199375,background
S01_U04.CH4.wav,2468.76,2469.0799375,foreground
S01_U04.CH4.wav,2468.92,2469.2799375,background
S01_U04.CH4.wav,2469.12,2469.3199375,foreground
S01_U04.CH4.wav,2469.16,2470.5199375,background
S01_U04.CH4.wav,2470.36,2470.6399375,foreground
S01_U04.CH4.wav,2470.48,2471.1199375,background
S01_U04.CH4.wav,2470.96,2471.1999375,foreground
S01_U04.CH4.wav,2471.04,2471.5999375,background
S01_U04.CH4.wav,2471.44,2471.6399375,foreground
S01_U04.CH4.wav,2471.48,2476.4799375,background
S01_U04.CH4.wav,2476.32,2476.6399375,foreground
S01_U04.CH4.wav,2476.48,2478.6799375,background
S01_U04.CH4.wav,2478.52,2478.8799375,foreground
S01_U04.CH4.wav,2478.72,2478.9199375,background
S01_U04.CH4.wav,2478.76,2478.9599375,foreground
S01_U04.CH4.wav,2478.8,2480.3599375,background
S01_U04.CH4.wav,2480.2,2480.5599375,foreground
S01_U04.CH4.wav,2480.4,2482.3199375,background
S01_U04.CH4.wav,2482.16,2482.7599375,foreground
S01_U04.CH4.wav,2482.6,2486.1599375,background
S01_U04.CH4.wav,2486,2486.3199375,foreground
S01_U04.CH4.wav,2486.16,2486.7599375,background
S01_U04.CH4.wav,2486.6,2487.1199375,foreground
S01_U04.CH4.wav,2486.96,2489.5599375,background
S01_U04.CH4.wav,2489.4,2489.6399375,foreground
S01_U04.CH4.wav,2489.48,2491.0399375,background
S01_U04.CH4.wav,2490.88,2491.4399375,foreground
S01_U04.CH4.wav,2491.28,2491.5999375,background
S01_U04.CH4.wav,2491.44,2492.3999375,foreground
S01_U04.CH4.wav,2492.24,2493.0799375,background
S01_U04.CH4.wav,2492.92,2493.2399375,foreground
S01_U04.CH4.wav,2493.08,2495.6399375,background
S01_U04.CH4.wav,2495.48,2495.9199375,foreground
S01_U04.CH4.wav,2495.76,2497.1599375,background
S01_U04.CH4.wav,2497,2497.2399375,foreground
S01_U04.CH4.wav,2497.08,2498.1199375,background
S01_U04.CH4.wav,2497.96,2498.1599375,foreground
S01_U04.CH4.wav,2498,2499.5599375,background
S01_U04.CH4.wav,2499.4,2499.6799375,foreground
S01_U04.CH4.wav,2499.52,2500.1599375,background
S01_U04.CH4.wav,2500,2500.2799375,foreground
S01_U04.CH4.wav,2500.12,2511.5999375,background
S01_U04.CH4.wav,2511.44,2511.7199375,foreground
S01_U04.CH4.wav,2511.56,2512.9999375,background
S01_U04.CH4.wav,2512.84,2513.1199375,foreground
S01_U04.CH4.wav,2512.96,2513.5199375,background
S01_U04.CH4.wav,2513.36,2513.7199375,foreground
S01_U04.CH4.wav,2513.56,2513.7999375,background
S01_U04.CH4.wav,2513.64,2513.9199375,foreground
S01_U04.CH4.wav,2513.76,2514.1999375,background
S01_U04.CH4.wav,2514.04,2514.2399375,foreground
S01_U04.CH4.wav,2514.08,2516.3199375,background
S01_U04.CH4.wav,2516.16,2516.4799375,foreground
S01_U04.CH4.wav,2516.32,2516.9199375,background
S01_U04.CH4.wav,2516.76,2517.0399375,foreground
S01_U04.CH4.wav,2516.88,2519.3999375,background
S01_U04.CH4.wav,2519.24,2519.4799375,foreground
S01_U04.CH4.wav,2519.32,2519.7199375,background
S01_U04.CH4.wav,2519.56,2519.9599375,foreground
S01_U04.CH4.wav,2519.8,2520.1199375,background
S01_U04.CH4.wav,2519.96,2520.1999375,foreground
S01_U04.CH4.wav,2520.04,2520.9199375,background
S01_U04.CH4.wav,2520.76,2521.1599375,foreground
S01_U04.CH4.wav,2521,2521.2799375,background
S01_U04.CH4.wav,2521.12,2521.4799375,foreground
S01_U04.CH4.wav,2521.32,2521.6399375,background
S01_U04.CH4.wav,2521.48,2521.7599375,foreground
S01_U04.CH4.wav,2521.6,2521.9199375,background
S01_U04.CH4.wav,2521.76,2522.0799375,foreground
S01_U04.CH4.wav,2521.92,2526.7999375,background
S01_U04.CH4.wav,2526.64,2527.1199375,foreground
S01_U04.CH4.wav,2526.96,2527.8799375,background
S01_U04.CH4.wav,2527.72,2527.9199375,foreground
S01_U04.CH4.wav,2527.76,2527.9999375,background
S01_U04.CH4.wav,2527.84,2528.0399375,foreground
S01_U04.CH4.wav,2527.88,2529.9999375,background
S01_U04.CH4.wav,2529.84,2530.0399375,foreground
S01_U04.CH4.wav,2529.88,2530.6399375,background
S01_U04.CH4.wav,2530.48,2530.7199375,foreground
S01_U04.CH4.wav,2530.56,2530.9199375,background
S01_U04.CH4.wav,2530.76,2531.0399375,foreground
S01_U04.CH4.wav,2530.88,2532.3599375,background
S01_U04.CH4.wav,2532.2,2532.5199375,foreground
S01_U04.CH4.wav,2532.36,2532.8399375,background
S01_U04.CH4.wav,2532.68,2533.2799375,foreground
S01_U04.CH4.wav,2533.12,2533.3999375,background
S01_U04.CH4.wav,2533.24,2533.5199375,foreground
S01_U04.CH4.wav,2533.36,2534.7599375,background
S01_U04.CH4.wav,2534.6,2535.1599375,foreground
S01_U04.CH4.wav,2535,2535.1999375,background
S01_U04.CH4.wav,2535.04,2535.4399375,foreground
S01_U04.CH4.wav,2535.28,2535.5999375,background
S01_U04.CH4.wav,2535.44,2535.6399375,foreground
S01_U04.CH4.wav,2535.48,2535.6799375,background
S01_U04.CH4.wav,2535.52,2535.7199375,foreground
S01_U04.CH4.wav,2535.56,2536.0399375,background
S01_U04.CH4.wav,2535.88,2536.3999375,foreground
S01_U04.CH4.wav,2536.24,2537.3199375,background
S01_U04.CH4.wav,2537.16,2537.3599375,foreground
S01_U04.CH4.wav,2537.2,2537.6799375,background
S01_U04.CH4.wav,2537.52,2537.9599375,foreground
S01_U04.CH4.wav,2537.8,2538.6399375,background
S01_U04.CH4.wav,2538.48,2538.8399375,foreground
S01_U04.CH4.wav,2538.68,2540.2799375,background
S01_U04.CH4.wav,2540.12,2540.3199375,foreground
S01_U04.CH4.wav,2540.16,2540.3599375,background
S01_U04.CH4.wav,2540.2,2540.4799375,foreground
S01_U04.CH4.wav,2540.32,2540.8399375,background
S01_U04.CH4.wav,2540.68,2540.9199375,foreground
S01_U04.CH4.wav,2540.76,2541.1999375,background
S01_U04.CH4.wav,2541.04,2541.2799375,foreground
S01_U04.CH4.wav,2541.12,2541.4799375,background
S01_U04.CH4.wav,2541.32,2541.5199375,foreground
S01_U04.CH4.wav,2541.36,2546.1199375,background
S01_U04.CH4.wav,2545.96,2546.2399375,foreground
S01_U04.CH4.wav,2546.08,2546.8399375,background
S01_U04.CH4.wav,2546.68,2547.1199375,foreground
S01_U04.CH4.wav,2546.96,2547.7599375,background
S01_U04.CH4.wav,2547.6,2548.0799375,foreground
S01_U04.CH4.wav,2547.92,2548.8799375,background
S01_U04.CH4.wav,2548.72,2548.9199375,foreground
S01_U04.CH4.wav,2548.76,2549.0799375,background
S01_U04.CH4.wav,2548.92,2549.1199375,foreground
S01_U04.CH4.wav,2548.96,2551.4399375,background
S01_U04.CH4.wav,2551.28,2551.6799375,foreground
S01_U04.CH4.wav,2551.52,2553.5199375,background
S01_U04.CH4.wav,2553.36,2553.5599375,foreground
S01_U04.CH4.wav,2553.4,2554.4399375,background
S01_U04.CH4.wav,2554.28,2554.4799375,foreground
S01_U04.CH4.wav,2554.32,2554.5199375,background
S01_U04.CH4.wav,2554.36,2554.7599375,foreground
S01_U04.CH4.wav,2554.6,2555.6399375,background
S01_U04.CH4.wav,2555.48,2555.8399375,foreground
S01_U04.CH4.wav,2555.68,2557.0799375,background
S01_U04.CH4.wav,2556.92,2557.1199375,foreground
S01_U04.CH4.wav,2556.96,2557.9999375,background
S01_U04.CH4.wav,2557.84,2558.3199375,foreground
S01_U04.CH4.wav,2558.16,2564.7199375,background
S01_U04.CH4.wav,2564.56,2564.8399375,foreground
S01_U04.CH4.wav,2564.68,2566.6399375,background
S01_U04.CH4.wav,2566.48,2566.6799375,foreground
S01_U04.CH4.wav,2566.52,2567.1199375,background
S01_U04.CH4.wav,2566.96,2567.1599375,foreground
S01_U04.CH4.wav,2567,2570.1199375,background
S01_U04.CH4.wav,2569.96,2570.1599375,foreground
S01_U04.CH4.wav,2570,2570.2799375,background
S01_U04.CH4.wav,2570.12,2570.4799375,foreground
S01_U04.CH4.wav,2570.32,2571.5199375,background
S01_U04.CH4.wav,2571.36,2571.8399375,foreground
S01_U04.CH4.wav,2571.68,2572.1999375,background
S01_U04.CH4.wav,2572.04,2572.3199375,foreground
S01_U04.CH4.wav,2572.16,2576.9599375,background
S01_U04.CH4.wav,2576.8,2577.0399375,foreground
S01_U04.CH4.wav,2576.88,2577.1599375,background
S01_U04.CH4.wav,2577,2577.2799375,foreground
S01_U04.CH4.wav,2577.12,2577.3599375,background
S01_U04.CH4.wav,2577.2,2577.6399375,foreground
S01_U04.CH4.wav,2577.48,2577.7199375,background
S01_U04.CH4.wav,2577.56,2578.1999375,foreground
S01_U04.CH4.wav,2578.04,2578.7199375,background
S01_U04.CH4.wav,2578.56,2578.9199375,foreground
S01_U04.CH4.wav,2578.76,2580.2399375,background
S01_U04.CH4.wav,2580.08,2580.6799375,foreground
S01_U04.CH4.wav,2580.52,2581.5199375,background
S01_U04.CH4.wav,2581.36,2581.7599375,foreground
S01_U04.CH4.wav,2581.6,2581.8399375,background
S01_U04.CH4.wav,2581.68,2581.9599375,foreground
S01_U04.CH4.wav,2581.8,2582.2399375,background
S01_U04.CH4.wav,2582.08,2582.3199375,foreground
S01_U04.CH4.wav,2582.16,2583.0799375,background
S01_U04.CH4.wav,2582.92,2583.2399375,foreground
S01_U04.CH4.wav,2583.08,2584.0399375,background
S01_U04.CH4.wav,2583.88,2584.1199375,foreground
S01_U04.CH4.wav,2583.96,2584.4799375,background
S01_U04.CH4.wav,2584.32,2584.7199375,foreground
S01_U04.CH4.wav,2584.56,2584.8399375,background
S01_U04.CH4.wav,2584.68,2584.9599375,foreground
S01_U04.CH4.wav,2584.8,2584.9999375,background
S01_U04.CH4.wav,2584.84,2585.1599375,foreground
S01_U04.CH4.wav,2585,2585.9199375,background
S01_U04.CH4.wav,2585.76,2585.9599375,foreground
S01_U04.CH4.wav,2585.8,2586.6399375,background
S01_U04.CH4.wav,2586.48,2586.6799375,foreground
S01_U04.CH4.wav,2586.52,2587.1199375,background
S01_U04.CH4.wav,2586.96,2587.3199375,foreground
S01_U04.CH4.wav,2587.16,2589.9999375,background
S01_U04.CH4.wav,2589.84,2590.3199375,foreground
S01_U04.CH4.wav,2590.16,2592.7599375,background
S01_U04.CH4.wav,2592.6,2592.7999375,foreground
S01_U04.CH4.wav,2592.64,2592.9199375,background
S01_U04.CH4.wav,2592.76,2592.9999375,foreground
S01_U04.CH4.wav,2592.84,2593.0399375,background
S01_U04.CH4.wav,2592.88,2593.1199375,foreground
S01_U04.CH4.wav,2592.96,2593.6799375,background
S01_U04.CH4.wav,2593.52,2593.9199375,foreground
S01_U04.CH4.wav,2593.76,2594.0799375,background
S01_U04.CH4.wav,2593.92,2594.1999375,foreground
S01_U04.CH4.wav,2594.04,2596.0399375,background
S01_U04.CH4.wav,2595.88,2596.1999375,foreground
S01_U04.CH4.wav,2596.04,2596.2399375,background
S01_U04.CH4.wav,2596.08,2596.6399375,foreground
S01_U04.CH4.wav,2596.48,2598.1999375,background
S01_U04.CH4.wav,2598.04,2598.2399375,foreground
S01_U04.CH4.wav,2598.08,2599.0799375,background
S01_U04.CH4.wav,2598.92,2599.2799375,foreground
S01_U04.CH4.wav,2599.12,2599.7199375,background
S01_U04.CH4.wav,2599.56,2599.7599375,foreground
S01_U04.CH4.wav,2599.6,2607.1999375,background
S01_U04.CH4.wav,2607.04,2607.2399375,foreground
S01_U04.CH4.wav,2607.08,2608.3599375,background
S01_U04.CH4.wav,2608.2,2608.4399375,foreground
S01_U04.CH4.wav,2608.28,2611.1999375,background
S01_U04.CH4.wav,2611.04,2611.2799375,foreground
S01_U04.CH4.wav,2611.12,2611.4399375,background
S01_U04.CH4.wav,2611.28,2611.6399375,foreground
S01_U04.CH4.wav,2611.48,2613.3599375,background
S01_U04.CH4.wav,2613.2,2613.3999375,foreground
S01_U04.CH4.wav,2613.24,2614.0399375,background
S01_U04.CH4.wav,2613.88,2614.0799375,foreground
S01_U04.CH4.wav,2613.92,2614.5999375,background
S01_U04.CH4.wav,2614.44,2614.7599375,foreground
S01_U04.CH4.wav,2614.6,2614.8399375,background
S01_U04.CH4.wav,2614.68,2614.9999375,foreground
S01_U04.CH4.wav,2614.84,2615.9999375,background
S01_U04.CH4.wav,2615.84,2616.1599375,foreground
S01_U04.CH4.wav,2616,2617.3999375,background
S01_U04.CH4.wav,2617.24,2617.4399375,foreground
S01_U04.CH4.wav,2617.28,2617.4799375,background
S01_U04.CH4.wav,2617.32,2617.5599375,foreground
S01_U04.CH4.wav,2617.4,2618.3599375,background
S01_U04.CH4.wav,2618.2,2618.5599375,foreground
S01_U04.CH4.wav,2618.4,2619.1599375,background
S01_U04.CH4.wav,2619,2619.3199375,foreground
S01_U04.CH4.wav,2619.16,2619.7199375,background
S01_U04.CH4.wav,2619.56,2619.7599375,foreground
S01_U04.CH4.wav,2619.6,2619.8399375,background
S01_U04.CH4.wav,2619.68,2619.8799375,foreground
S01_U04.CH4.wav,2619.72,2620.8399375,background
S01_U04.CH4.wav,2620.68,2620.9999375,foreground
S01_U04.CH4.wav,2620.84,2621.1199375,background
S01_U04.CH4.wav,2620.96,2621.1599375,foreground
S01_U04.CH4.wav,2621,2621.6399375,background
S01_U04.CH4.wav,2621.48,2621.7999375,foreground
S01_U04.CH4.wav,2621.64,2622.3199375,background
S01_U04.CH4.wav,2622.16,2622.4399375,foreground
S01_U04.CH4.wav,2622.28,2622.7999375,background
S01_U04.CH4.wav,2622.64,2622.8399375,foreground
S01_U04.CH4.wav,2622.68,2623.1999375,background
S01_U04.CH4.wav,2623.04,2623.2399375,foreground
S01_U04.CH4.wav,2623.08,2624.2399375,background
S01_U04.CH4.wav,2624.08,2624.4399375,foreground
S01_U04.CH4.wav,2624.28,2624.7599375,background
S01_U04.CH4.wav,2624.6,2625.0399375,foreground
S01_U04.CH4.wav,2624.88,2625.2399375,background
S01_U04.CH4.wav,2625.08,2625.2799375,foreground
S01_U04.CH4.wav,2625.12,2627.1999375,background
S01_U04.CH4.wav,2627.04,2627.2399375,foreground
S01_U04.CH4.wav,2627.08,2629.8799375,background
S01_U04.CH4.wav,2629.72,2629.9599375,foreground
S01_U04.CH4.wav,2629.8,2631.8399375,background
S01_U04.CH4.wav,2631.68,2631.9199375,foreground
S01_U04.CH4.wav,2631.76,2640.7599375,background
S01_U04.CH4.wav,2640.6,2640.9999375,foreground
S01_U04.CH4.wav,2640.84,2642.5999375,background
S01_U04.CH4.wav,2642.44,2642.7999375,foreground
S01_U04.CH4.wav,2642.64,2644.6799375,background
S01_U04.CH4.wav,2644.52,2644.7599375,foreground
S01_U04.CH4.wav,2644.6,2644.8399375,background
S01_U04.CH4.wav,2644.68,2644.8799375,foreground
S01_U04.CH4.wav,2644.72,2644.9199375,background
S01_U04.CH4.wav,2644.76,2645.0799375,foreground
S01_U04.CH4.wav,2644.92,2647.1599375,background
S01_U04.CH4.wav,2647,2647.3199375,foreground
S01_U04.CH4.wav,2647.16,2651.9999375,background
S01_U04.CH4.wav,2651.84,2652.0799375,foreground
S01_U04.CH4.wav,2651.92,2652.3599375,background
S01_U04.CH4.wav,2652.2,2652.4799375,foreground
S01_U04.CH4.wav,2652.32,2652.9599375,background
S01_U04.CH4.wav,2652.8,2652.9999375,foreground
S01_U04.CH4.wav,2652.84,2653.2399375,background
S01_U04.CH4.wav,2653.08,2653.2799375,foreground
S01_U04.CH4.wav,2653.12,2653.9199375,background
S01_U04.CH4.wav,2653.76,2653.9599375,foreground
S01_U04.CH4.wav,2653.8,2657.0399375,background
S01_U04.CH4.wav,2656.88,2657.2399375,foreground
S01_U04.CH4.wav,2657.08,2658.0399375,background
S01_U04.CH4.wav,2657.88,2658.2799375,foreground
S01_U04.CH4.wav,2658.12,2658.5599375,background
S01_U04.CH4.wav,2658.4,2658.7199375,foreground
S01_U04.CH4.wav,2658.56,2658.8399375,background
S01_U04.CH4.wav,2658.68,2658.8799375,foreground
S01_U04.CH4.wav,2658.72,2659.2399375,background
S01_U04.CH4.wav,2659.08,2659.2799375,foreground
S01_U04.CH4.wav,2659.12,2659.4799375,background
S01_U04.CH4.wav,2659.32,2659.5199375,foreground
S01_U04.CH4.wav,2659.36,2659.6799375,background
S01_U04.CH4.wav,2659.52,2659.7599375,foreground
S01_U04.CH4.wav,2659.6,2661.0399375,background
S01_U04.CH4.wav,2660.88,2661.1199375,foreground
S01_U04.CH4.wav,2660.96,2661.6799375,background
S01_U04.CH4.wav,2661.52,2661.7599375,foreground
S01_U04.CH4.wav,2661.6,2662.4399375,background
S01_U04.CH4.wav,2662.28,2662.5999375,foreground
S01_U04.CH4.wav,2662.44,2662.6399375,background
S01_U04.CH4.wav,2662.48,2662.7199375,foreground
S01_U04.CH4.wav,2662.56,2662.8399375,background
S01_U04.CH4.wav,2662.68,2662.9199375,foreground
S01_U04.CH4.wav,2662.76,2664.0799375,background
S01_U04.CH4.wav,2663.92,2664.1599375,foreground
S01_U04.CH4.wav,2664,2665.4799375,background
S01_U04.CH4.wav,2665.32,2665.5199375,foreground
S01_U04.CH4.wav,2665.36,2666.5999375,background
S01_U04.CH4.wav,2666.44,2667.2799375,foreground
S01_U04.CH4.wav,2667.12,2667.7599375,background
S01_U04.CH4.wav,2667.6,2667.7999375,foreground
S01_U04.CH4.wav,2667.64,2667.9199375,background
S01_U04.CH4.wav,2667.76,2668.1199375,foreground
S01_U04.CH4.wav,2667.96,2668.2799375,background
S01_U04.CH4.wav,2668.12,2668.5999375,foreground
S01_U04.CH4.wav,2668.44,2668.7999375,background
S01_U04.CH4.wav,2668.64,2668.8799375,foreground
S01_U04.CH4.wav,2668.72,2669.4399375,background
S01_U04.CH4.wav,2669.28,2670.0399375,foreground
S01_U04.CH4.wav,2669.88,2670.5999375,background
S01_U04.CH4.wav,2670.44,2670.7999375,foreground
S01_U04.CH4.wav,2670.64,2675.7599375,background
S01_U04.CH4.wav,2675.6,2675.9999375,foreground
S01_U04.CH4.wav,2675.84,2676.0399375,background
S01_U04.CH4.wav,2675.88,2676.3599375,foreground
S01_U04.CH4.wav,2676.2,2676.4399375,background
S01_U04.CH4.wav,2676.28,2676.4799375,foreground
S01_U04.CH4.wav,2676.32,2677.1199375,background
S01_U04.CH4.wav,2676.96,2677.1999375,foreground
S01_U04.CH4.wav,2677.04,2677.2399375,background
S01_U04.CH4.wav,2677.08,2677.2799375,foreground
S01_U04.CH4.wav,2677.12,2678.1599375,background
S01_U04.CH4.wav,2678,2678.3199375,foreground
S01_U04.CH4.wav,2678.16,2678.5999375,background
S01_U04.CH4.wav,2678.44,2678.6799375,foreground
S01_U04.CH4.wav,2678.52,2678.7599375,background
S01_U04.CH4.wav,2678.6,2678.7999375,foreground
S01_U04.CH4.wav,2678.64,2678.8799375,background
S01_U04.CH4.wav,2678.72,2679.3599375,foreground
S01_U04.CH4.wav,2679.2,2679.4799375,background
S01_U04.CH4.wav,2679.32,2679.5599375,foreground
S01_U04.CH4.wav,2679.4,2679.5999375,background
S01_U04.CH4.wav,2679.44,2679.6399375,foreground
S01_U04.CH4.wav,2679.48,2679.7199375,background
S01_U04.CH4.wav,2679.56,2679.9599375,foreground
S01_U04.CH4.wav,2679.8,2680.4399375,background
S01_U04.CH4.wav,2680.28,2680.5999375,foreground
S01_U04.CH4.wav,2680.44,2681.1599375,background
S01_U04.CH4.wav,2681,2681.2399375,foreground
S01_U04.CH4.wav,2681.08,2682.9199375,background
S01_U04.CH4.wav,2682.76,2683.3599375,foreground
S01_U04.CH4.wav,2683.2,2685.0799375,background
S01_U04.CH4.wav,2684.92,2685.3999375,foreground
S01_U04.CH4.wav,2685.24,2686.3599375,background
S01_U04.CH4.wav,2686.2,2686.3999375,foreground
S01_U04.CH4.wav,2686.24,2688.1199375,background
S01_U04.CH4.wav,2687.96,2688.3599375,foreground
S01_U04.CH4.wav,2688.2,2693.5599375,background
S01_U04.CH4.wav,2693.4,2693.5999375,foreground
S01_U04.CH4.wav,2693.44,2693.7599375,background
S01_U04.CH4.wav,2693.6,2693.9199375,foreground
S01_U04.CH4.wav,2693.76,2694.2799375,background
S01_U04.CH4.wav,2694.12,2694.3599375,foreground
S01_U04.CH4.wav,2694.2,2694.5599375,background
S01_U04.CH4.wav,2694.4,2694.5999375,foreground
S01_U04.CH4.wav,2694.44,2694.6399375,background
S01_U04.CH4.wav,2694.48,2694.6799375,foreground
S01_U04.CH4.wav,2694.52,2695.1199375,background
S01_U04.CH4.wav,2694.96,2695.3599375,foreground
S01_U04.CH4.wav,2695.2,2695.8799375,background
S01_U04.CH4.wav,2695.72,2695.9999375,foreground
S01_U04.CH4.wav,2695.84,2696.0799375,background
S01_U04.CH4.wav,2695.92,2696.1599375,foreground
S01_U04.CH4.wav,2696,2696.1999375,background
S01_U04.CH4.wav,2696.04,2696.3599375,foreground
S01_U04.CH4.wav,2696.2,2696.4799375,background
S01_U04.CH4.wav,2696.32,2696.5599375,foreground
S01_U04.CH4.wav,2696.4,2696.5999375,background
S01_U04.CH4.wav,2696.44,2696.7599375,foreground
S01_U04.CH4.wav,2696.6,2697.1999375,background
S01_U04.CH4.wav,2697.04,2697.3199375,foreground
S01_U04.CH4.wav,2697.16,2697.3599375,background
S01_U04.CH4.wav,2697.2,2697.4399375,foreground
S01_U04.CH4.wav,2697.28,2697.6799375,background
S01_U04.CH4.wav,2697.52,2697.7199375,foreground
S01_U04.CH4.wav,2697.56,2697.8399375,background
S01_U04.CH4.wav,2697.68,2698.0399375,foreground
S01_U04.CH4.wav,2697.88,2698.9199375,background
S01_U04.CH4.wav,2698.76,2699.0399375,foreground
S01_U04.CH4.wav,2698.88,2699.5599375,background
S01_U04.CH4.wav,2699.4,2699.6399375,foreground
S01_U04.CH4.wav,2699.48,2708.7199375,background
S01_U04.CH4.wav,2708.56,2708.7599375,foreground
S01_U04.CH4.wav,2708.6,2710.6399375,background
S01_U04.CH4.wav,2710.48,2710.6799375,foreground
S01_U04.CH4.wav,2710.52,2711.1599375,background
S01_U04.CH4.wav,2711,2711.3999375,foreground
S01_U04.CH4.wav,2711.24,2711.5999375,background
S01_U04.CH4.wav,2711.44,2711.6399375,foreground
S01_U04.CH4.wav,2711.48,2712.5599375,background
S01_U04.CH4.wav,2712.4,2712.5999375,foreground
S01_U04.CH4.wav,2712.44,2712.7199375,background
S01_U04.CH4.wav,2712.56,2712.8399375,foreground
S01_U04.CH4.wav,2712.68,2712.8799375,background
S01_U04.CH4.wav,2712.72,2712.9599375,foreground
S01_U04.CH4.wav,2712.8,2713.1599375,background
S01_U04.CH4.wav,2713,2713.5199375,foreground
S01_U04.CH4.wav,2713.36,2715.4399375,background
S01_U04.CH4.wav,2715.28,2715.4799375,foreground
S01_U04.CH4.wav,2715.32,2718.5599375,background
S01_U04.CH4.wav,2718.4,2718.9999375,foreground
S01_U04.CH4.wav,2718.84,2719.7999375,background
S01_U04.CH4.wav,2719.64,2719.9199375,foreground
S01_U04.CH4.wav,2719.76,2733.7599375,background
S01_U04.CH4.wav,2733.6,2733.8399375,foreground
S01_U04.CH4.wav,2733.68,2740.4799375,background
S01_U04.CH4.wav,2740.32,2740.5199375,foreground
S01_U04.CH4.wav,2740.36,2744.1599375,background
S01_U04.CH4.wav,2744,2744.3599375,foreground
S01_U04.CH4.wav,2744.2,2745.1199375,background
S01_U04.CH4.wav,2744.96,2745.1999375,foreground
S01_U04.CH4.wav,2745.04,2746.7599375,background
S01_U04.CH4.wav,2746.6,2746.8799375,foreground
S01_U04.CH4.wav,2746.72,2747.5199375,background
S01_U04.CH4.wav,2747.36,2747.5599375,foreground
S01_U04.CH4.wav,2747.4,2749.7999375,background
S01_U04.CH4.wav,2749.64,2749.9199375,foreground
S01_U04.CH4.wav,2749.76,2749.9599375,background
S01_U04.CH4.wav,2749.8,2749.9999375,foreground
S01_U04.CH4.wav,2749.84,2752.8799375,background
S01_U04.CH4.wav,2752.72,2752.9199375,foreground
S01_U04.CH4.wav,2752.76,2753.2399375,background
S01_U04.CH4.wav,2753.08,2753.4399375,foreground
S01_U04.CH4.wav,2753.28,2753.5999375,background
S01_U04.CH4.wav,2753.44,2753.7199375,foreground
S01_U04.CH4.wav,2753.56,2755.1599375,background
S01_U04.CH4.wav,2755,2755.4399375,foreground
S01_U04.CH4.wav,2755.28,2758.5199375,background
S01_U04.CH4.wav,2758.36,2758.5599375,foreground
S01_U04.CH4.wav,2758.4,2758.6399375,background
S01_U04.CH4.wav,2758.48,2758.7199375,foreground
S01_U04.CH4.wav,2758.56,2758.9999375,background
S01_U04.CH4.wav,2758.84,2759.1599375,foreground
S01_U04.CH4.wav,2759,2760.0799375,background
S01_U04.CH4.wav,2759.92,2760.2399375,foreground
S01_U04.CH4.wav,2760.08,2761.3999375,background
S01_U04.CH4.wav,2761.24,2761.4399375,foreground
S01_U04.CH4.wav,2761.28,2762.3199375,background
S01_U04.CH4.wav,2762.16,2762.4799375,foreground
S01_U04.CH4.wav,2762.32,2762.5199375,background
S01_U04.CH4.wav,2762.36,2762.5599375,foreground
S01_U04.CH4.wav,2762.4,2762.6399375,background
S01_U04.CH4.wav,2762.48,2762.6799375,foreground
S01_U04.CH4.wav,2762.52,2763.0799375,background
S01_U04.CH4.wav,2762.92,2763.1599375,foreground
S01_U04.CH4.wav,2763,2763.6799375,background
S01_U04.CH4.wav,2763.52,2763.8799375,foreground
S01_U04.CH4.wav,2763.72,2764.0799375,background
S01_U04.CH4.wav,2763.92,2764.1199375,foreground
S01_U04.CH4.wav,2763.96,2764.3199375,background
S01_U04.CH4.wav,2764.16,2764.4799375,foreground
S01_U04.CH4.wav,2764.32,2766.1199375,background
S01_U04.CH4.wav,2765.96,2766.1999375,foreground
S01_U04.CH4.wav,2766.04,2767.5199375,background
S01_U04.CH4.wav,2767.36,2767.5599375,foreground
S01_U04.CH4.wav,2767.4,2769.2399375,background
S01_U04.CH4.wav,2769.08,2769.2799375,foreground
S01_U04.CH4.wav,2769.12,2770.7599375,background
S01_U04.CH4.wav,2770.6,2770.8399375,foreground
S01_U04.CH4.wav,2770.68,2773.2399375,background
S01_U04.CH4.wav,2773.08,2773.2799375,foreground
S01_U04.CH4.wav,2773.12,2773.3999375,background
S01_U04.CH4.wav,2773.24,2773.4399375,foreground
S01_U04.CH4.wav,2773.28,2773.4799375,background
S01_U04.CH4.wav,2773.32,2773.5199375,foreground
S01_U04.CH4.wav,2773.36,2773.7999375,background
S01_U04.CH4.wav,2773.64,2773.9599375,foreground
S01_U04.CH4.wav,2773.8,2774.0399375,background
S01_U04.CH4.wav,2773.88,2774.1999375,foreground
S01_U04.CH4.wav,2774.04,2775.0399375,background
S01_U04.CH4.wav,2774.88,2775.0799375,foreground
S01_U04.CH4.wav,2774.92,2780.2799375,background
S01_U04.CH4.wav,2780.12,2780.4399375,foreground
S01_U04.CH4.wav,2780.28,2780.9599375,background
S01_U04.CH4.wav,2780.8,2781.1599375,foreground
S01_U04.CH4.wav,2781,2782.3199375,background
S01_U04.CH4.wav,2782.16,2782.3599375,foreground
S01_U04.CH4.wav,2782.2,2784.4799375,background
S01_U04.CH4.wav,2784.32,2784.5199375,foreground
S01_U04.CH4.wav,2784.36,2784.6799375,background
S01_U04.CH4.wav,2784.52,2784.8399375,foreground
S01_U04.CH4.wav,2784.68,2785.9999375,background
S01_U04.CH4.wav,2785.84,2786.1599375,foreground
S01_U04.CH4.wav,2786,2796.8799375,background
S01_U04.CH4.wav,2796.72,2796.9199375,foreground
S01_U04.CH4.wav,2796.76,2796.9599375,background
S01_U04.CH4.wav,2796.8,2797.0399375,foreground
S01_U04.CH4.wav,2796.88,2798.0799375,background
S01_U04.CH4.wav,2797.92,2798.1999375,foreground
S01_U04.CH4.wav,2798.04,2800.3199375,background
S01_U04.CH4.wav,2800.16,2800.3599375,foreground
S01_U04.CH4.wav,2800.2,2801.8399375,background
S01_U04.CH4.wav,2801.68,2802.1199375,foreground
S01_U04.CH4.wav,2801.96,2802.3599375,background
S01_U04.CH4.wav,2802.2,2802.3999375,foreground
S01_U04.CH4.wav,2802.24,2803.6399375,background
S01_U04.CH4.wav,2803.48,2803.6799375,foreground
S01_U04.CH4.wav,2803.52,2803.7199375,background
S01_U04.CH4.wav,2803.56,2803.9199375,foreground
S01_U04.CH4.wav,2803.76,2803.9999375,background
S01_U04.CH4.wav,2803.84,2804.0799375,foreground
S01_U04.CH4.wav,2803.92,2805.4799375,background
S01_U04.CH4.wav,2805.32,2805.5999375,foreground
S01_U04.CH4.wav,2805.44,2810.0399375,background
S01_U04.CH4.wav,2809.88,2810.1199375,foreground
S01_U04.CH4.wav,2809.96,2810.3999375,background
S01_U04.CH4.wav,2810.24,2810.7599375,foreground
S01_U04.CH4.wav,2810.6,2811.9599375,background
S01_U04.CH4.wav,2811.8,2812.1199375,foreground
S01_U04.CH4.wav,2811.96,2813.0399375,background
S01_U04.CH4.wav,2812.88,2813.0799375,foreground
S01_U04.CH4.wav,2812.92,2814.5599375,background
S01_U04.CH4.wav,2814.4,2814.7199375,foreground
S01_U04.CH4.wav,2814.56,2814.8799375,background
S01_U04.CH4.wav,2814.72,2814.9599375,foreground
S01_U04.CH4.wav,2814.8,2816.1599375,background
S01_U04.CH4.wav,2816,2816.2799375,foreground
S01_U04.CH4.wav,2816.12,2816.9599375,background
S01_U04.CH4.wav,2816.8,2816.9999375,foreground
S01_U04.CH4.wav,2816.84,2817.0399375,background
S01_U04.CH4.wav,2816.88,2817.0799375,foreground
S01_U04.CH4.wav,2816.92,2817.3999375,background
S01_U04.CH4.wav,2817.24,2817.5999375,foreground
S01_U04.CH4.wav,2817.44,2819.6799375,background
S01_U04.CH4.wav,2819.52,2819.8399375,foreground
S01_U04.CH4.wav,2819.68,2819.9999375,background
S01_U04.CH4.wav,2819.84,2820.5599375,foreground
S01_U04.CH4.wav,2820.4,2820.6399375,background
S01_U04.CH4.wav,2820.48,2820.7199375,foreground
S01_U04.CH4.wav,2820.56,2821.2799375,background
S01_U04.CH4.wav,2821.12,2821.7199375,foreground
S01_U04.CH4.wav,2821.56,2821.9599375,background
S01_U04.CH4.wav,2821.8,2822.0399375,foreground
S01_U04.CH4.wav,2821.88,2822.5999375,background
S01_U04.CH4.wav,2822.44,2822.6399375,foreground
S01_U04.CH4.wav,2822.48,2822.7199375,background
S01_U04.CH4.wav,2822.56,2822.7599375,foreground
S01_U04.CH4.wav,2822.6,2824.3599375,background
S01_U04.CH4.wav,2824.2,2824.5199375,foreground
S01_U04.CH4.wav,2824.36,2824.5599375,background
S01_U04.CH4.wav,2824.4,2824.5999375,foreground
S01_U04.CH4.wav,2824.44,2825.0799375,background
S01_U04.CH4.wav,2824.92,2825.1199375,foreground
S01_U04.CH4.wav,2824.96,2825.2799375,background
S01_U04.CH4.wav,2825.12,2825.3199375,foreground
S01_U04.CH4.wav,2825.16,2826.4799375,background
S01_U04.CH4.wav,2826.32,2826.5599375,foreground
S01_U04.CH4.wav,2826.4,2826.6799375,background
S01_U04.CH4.wav,2826.52,2826.7199375,foreground
S01_U04.CH4.wav,2826.56,2827.1999375,background
S01_U04.CH4.wav,2827.04,2827.2399375,foreground
S01_U04.CH4.wav,2827.08,2827.3199375,background
S01_U04.CH4.wav,2827.16,2827.3999375,foreground
S01_U04.CH4.wav,2827.24,2827.7599375,background
S01_U04.CH4.wav,2827.6,2827.9599375,foreground
S01_U04.CH4.wav,2827.8,2829.6799375,background
S01_U04.CH4.wav,2829.52,2830.1199375,foreground
S01_U04.CH4.wav,2829.96,2830.2399375,background
S01_U04.CH4.wav,2830.08,2830.2799375,foreground
S01_U04.CH4.wav,2830.12,2830.8799375,background
S01_U04.CH4.wav,2830.72,2830.9599375,foreground
S01_U04.CH4.wav,2830.8,2830.9999375,background
S01_U04.CH4.wav,2830.84,2831.2799375,foreground
S01_U04.CH4.wav,2831.12,2834.1199375,background
S01_U04.CH4.wav,2833.96,2834.1999375,foreground
S01_U04.CH4.wav,2834.04,2834.2799375,background
S01_U04.CH4.wav,2834.12,2834.4399375,foreground
S01_U04.CH4.wav,2834.28,2836.0399375,background
S01_U04.CH4.wav,2835.88,2836.1599375,foreground
S01_U04.CH4.wav,2836,2836.1999375,background
S01_U04.CH4.wav,2836.04,2836.2799375,foreground
S01_U04.CH4.wav,2836.12,2836.5999375,background
S01_U04.CH4.wav,2836.44,2836.6399375,foreground
S01_U04.CH4.wav,2836.48,2836.8399375,background
S01_U04.CH4.wav,2836.68,2837.0799375,foreground
S01_U04.CH4.wav,2836.92,2838.7999375,background
S01_U04.CH4.wav,2838.64,2838.9599375,foreground
S01_U04.CH4.wav,2838.8,2839.9199375,background
S01_U04.CH4.wav,2839.76,2839.9999375,foreground
S01_U04.CH4.wav,2839.84,2840.0399375,background
S01_U04.CH4.wav,2839.88,2840.1599375,foreground
S01_U04.CH4.wav,2840,2840.2799375,background
S01_U04.CH4.wav,2840.12,2840.3999375,foreground
S01_U04.CH4.wav,2840.24,2840.7199375,background
S01_U04.CH4.wav,2840.56,2840.9599375,foreground
S01_U04.CH4.wav,2840.8,2841.7999375,background
S01_U04.CH4.wav,2841.64,2841.9199375,foreground
S01_U04.CH4.wav,2841.76,2842.2399375,background
S01_U04.CH4.wav,2842.08,2842.3599375,foreground
S01_U04.CH4.wav,2842.2,2842.4799375,background
S01_U04.CH4.wav,2842.32,2842.5199375,foreground
S01_U04.CH4.wav,2842.36,2842.5999375,background
S01_U04.CH4.wav,2842.44,2843.1999375,foreground
S01_U04.CH4.wav,2843.04,2846.8799375,background
S01_U04.CH4.wav,2846.72,2847.1599375,foreground
S01_U04.CH4.wav,2847,2849.2399375,background
S01_U04.CH4.wav,2849.08,2849.2799375,foreground
S01_U04.CH4.wav,2849.12,2849.3199375,background
S01_U04.CH4.wav,2849.16,2849.3599375,foreground
S01_U04.CH4.wav,2849.2,2850.1599375,background
S01_U04.CH4.wav,2850,2850.2399375,foreground
S01_U04.CH4.wav,2850.08,2851.2399375,background
S01_U04.CH4.wav,2851.08,2851.4399375,foreground
S01_U04.CH4.wav,2851.28,2852.4399375,background
S01_U04.CH4.wav,2852.28,2852.5599375,foreground
S01_U04.CH4.wav,2852.4,2852.8799375,background
S01_U04.CH4.wav,2852.72,2852.9599375,foreground
S01_U04.CH4.wav,2852.8,2853.1999375,background
S01_U04.CH4.wav,2853.04,2853.3199375,foreground
S01_U04.CH4.wav,2853.16,2853.4799375,background
S01_U04.CH4.wav,2853.32,2853.5599375,foreground
S01_U04.CH4.wav,2853.4,2853.6399375,background
S01_U04.CH4.wav,2853.48,2853.6799375,foreground
S01_U04.CH4.wav,2853.52,2854.6799375,background
S01_U04.CH4.wav,2854.52,2854.7199375,foreground
S01_U04.CH4.wav,2854.56,2854.7999375,background
S01_U04.CH4.wav,2854.64,2854.8799375,foreground
S01_U04.CH4.wav,2854.72,2855.1999375,background
S01_U04.CH4.wav,2855.04,2855.2799375,foreground
S01_U04.CH4.wav,2855.12,2857.0799375,background
S01_U04.CH4.wav,2856.92,2857.2799375,foreground
S01_U04.CH4.wav,2857.12,2857.8799375,background
S01_U04.CH4.wav,2857.72,2857.9599375,foreground
S01_U04.CH4.wav,2857.8,2858.1999375,background
S01_U04.CH4.wav,2858.04,2858.2399375,foreground
S01_U04.CH4.wav,2858.08,2859.2799375,background
S01_U04.CH4.wav,2859.12,2859.3599375,foreground
S01_U04.CH4.wav,2859.2,2861.2799375,background
S01_U04.CH4.wav,2861.12,2861.4399375,foreground
S01_U04.CH4.wav,2861.28,2861.5999375,background
S01_U04.CH4.wav,2861.44,2861.6799375,foreground
S01_U04.CH4.wav,2861.52,2862.1999375,background
S01_U04.CH4.wav,2862.04,2862.7199375,foreground
S01_U04.CH4.wav,2862.56,2863.1999375,background
S01_U04.CH4.wav,2863.04,2863.5199375,foreground
S01_U04.CH4.wav,2863.36,2863.6799375,background
S01_U04.CH4.wav,2863.52,2864.0399375,foreground
S01_U04.CH4.wav,2863.88,2867.3999375,background
S01_U04.CH4.wav,2867.24,2867.4799375,foreground
S01_U04.CH4.wav,2867.32,2870.3199375,background
S01_U04.CH4.wav,2870.16,2870.3599375,foreground
S01_U04.CH4.wav,2870.2,2872.1599375,background
S01_U04.CH4.wav,2872,2872.4399375,foreground
S01_U04.CH4.wav,2872.28,2872.5599375,background
S01_U04.CH4.wav,2872.4,2872.5999375,foreground
S01_U04.CH4.wav,2872.44,2875.1599375,background
S01_U04.CH4.wav,2875,2875.4799375,foreground
S01_U04.CH4.wav,2875.32,2875.6399375,background
S01_U04.CH4.wav,2875.48,2875.6799375,foreground
S01_U04.CH4.wav,2875.52,2876.6799375,background
S01_U04.CH4.wav,2876.52,2876.7199375,foreground
S01_U04.CH4.wav,2876.56,2878.0799375,background
S01_U04.CH4.wav,2877.92,2878.2399375,foreground
S01_U04.CH4.wav,2878.08,2879.3999375,background
S01_U04.CH4.wav,2879.24,2879.5199375,foreground
S01_U04.CH4.wav,2879.36,2881.1199375,background
S01_U04.CH4.wav,2880.96,2881.1599375,foreground
S01_U04.CH4.wav,2881,2881.5199375,background
S01_U04.CH4.wav,2881.36,2881.5599375,foreground
S01_U04.CH4.wav,2881.4,2881.9199375,background
S01_U04.CH4.wav,2881.76,2882.1999375,foreground
S01_U04.CH4.wav,2882.04,2882.7599375,background
S01_U04.CH4.wav,2882.6,2882.7999375,foreground
S01_U04.CH4.wav,2882.64,2883.8399375,background
S01_U04.CH4.wav,2883.68,2883.9599375,foreground
S01_U04.CH4.wav,2883.8,2884.6799375,background
S01_U04.CH4.wav,2884.52,2884.7199375,foreground
S01_U04.CH4.wav,2884.56,2884.9599375,background
S01_U04.CH4.wav,2884.8,2885.0399375,foreground
S01_U04.CH4.wav,2884.88,2889.0799375,background
S01_U04.CH4.wav,2888.92,2889.1999375,foreground
S01_U04.CH4.wav,2889.04,2890.1199375,background
S01_U04.CH4.wav,2889.96,2890.3199375,foreground
S01_U04.CH4.wav,2890.16,2890.6799375,background
S01_U04.CH4.wav,2890.52,2890.7599375,foreground
S01_U04.CH4.wav,2890.6,2890.7999375,background
S01_U04.CH4.wav,2890.64,2891.0799375,foreground
S01_U04.CH4.wav,2890.92,2893.6399375,background
S01_U04.CH4.wav,2893.48,2893.6799375,foreground
S01_U04.CH4.wav,2893.52,2897.3999375,background
S01_U04.CH4.wav,2897.24,2897.5199375,foreground
S01_U04.CH4.wav,2897.36,2898.3599375,background
S01_U04.CH4.wav,2898.2,2898.5199375,foreground
S01_U04.CH4.wav,2898.36,2900.8799375,background
S01_U04.CH4.wav,2900.72,2901.0399375,foreground
S01_U04.CH4.wav,2900.88,2902.9599375,background
S01_U04.CH4.wav,2902.8,2903.1599375,foreground
S01_U04.CH4.wav,2903,2906.5199375,background
S01_U04.CH4.wav,2906.36,2906.9599375,foreground
S01_U04.CH4.wav,2906.8,2907.1999375,background
S01_U04.CH4.wav,2907.04,2907.2799375,foreground
S01_U04.CH4.wav,2907.12,2908.7599375,background
S01_U04.CH4.wav,2908.6,2908.7999375,foreground
S01_U04.CH4.wav,2908.64,2909.5599375,background
S01_U04.CH4.wav,2909.4,2909.6399375,foreground
S01_U04.CH4.wav,2909.48,2909.7199375,background
S01_U04.CH4.wav,2909.56,2909.7999375,foreground
S01_U04.CH4.wav,2909.64,2910.7599375,background
S01_U04.CH4.wav,2910.6,2910.9599375,foreground
S01_U04.CH4.wav,2910.8,2911.1599375,background
S01_U04.CH4.wav,2911,2911.2799375,foreground
S01_U04.CH4.wav,2911.12,2911.5199375,background
S01_U04.CH4.wav,2911.36,2911.5599375,foreground
S01_U04.CH4.wav,2911.4,2911.7199375,background
S01_U04.CH4.wav,2911.56,2911.8399375,foreground
S01_U04.CH4.wav,2911.68,2912.1999375,background
S01_U04.CH4.wav,2912.04,2912.3199375,foreground
S01_U04.CH4.wav,2912.16,2912.8399375,background
S01_U04.CH4.wav,2912.68,2912.8799375,foreground
S01_U04.CH4.wav,2912.72,2912.9999375,background
S01_U04.CH4.wav,2912.84,2913.0399375,foreground
S01_U04.CH4.wav,2912.88,2913.0799375,background
S01_U04.CH4.wav,2912.92,2913.1599375,foreground
S01_U04.CH4.wav,2913,2915.7999375,background
S01_U04.CH4.wav,2915.64,2915.9599375,foreground
S01_U04.CH4.wav,2915.8,2916.9199375,background
S01_U04.CH4.wav,2916.76,2916.9599375,foreground
S01_U04.CH4.wav,2916.8,2916.9999375,background
S01_U04.CH4.wav,2916.84,2917.1199375,foreground
S01_U04.CH4.wav,2916.96,2918.5599375,background
S01_U04.CH4.wav,2918.4,2918.5999375,foreground
S01_U04.CH4.wav,2918.44,2918.8799375,background
S01_U04.CH4.wav,2918.72,2918.9599375,foreground
S01_U04.CH4.wav,2918.8,2920.9199375,background
S01_U04.CH4.wav,2920.76,2920.9599375,foreground
S01_U04.CH4.wav,2920.8,2924.7999375,background
S01_U04.CH4.wav,2924.64,2924.9599375,foreground
S01_U04.CH4.wav,2924.8,2925.0399375,background
S01_U04.CH4.wav,2924.88,2925.0799375,foreground
S01_U04.CH4.wav,2924.92,2925.1199375,background
S01_U04.CH4.wav,2924.96,2925.2399375,foreground
S01_U04.CH4.wav,2925.08,2927.2399375,background
S01_U04.CH4.wav,2927.08,2927.2799375,foreground
S01_U04.CH4.wav,2927.12,2927.8399375,background
S01_U04.CH4.wav,2927.68,2927.9199375,foreground
S01_U04.CH4.wav,2927.76,2928.2399375,background
S01_U04.CH4.wav,2928.08,2928.4399375,foreground
S01_U04.CH4.wav,2928.28,2931.5199375,background
S01_U04.CH4.wav,2931.36,2931.5599375,foreground
S01_U04.CH4.wav,2931.4,2935.0399375,background
S01_U04.CH4.wav,2934.88,2935.0799375,foreground
S01_U04.CH4.wav,2934.92,2935.1199375,background
S01_U04.CH4.wav,2934.96,2935.1999375,foreground
S01_U04.CH4.wav,2935.04,2937.3999375,background
S01_U04.CH4.wav,2937.24,2937.5999375,foreground
S01_U04.CH4.wav,2937.44,2938.1599375,background
S01_U04.CH4.wav,2938,2938.3599375,foreground
S01_U04.CH4.wav,2938.2,2938.3999375,background
S01_U04.CH4.wav,2938.24,2938.7199375,foreground
S01_U04.CH4.wav,2938.56,2939.0399375,background
S01_U04.CH4.wav,2938.88,2939.2799375,foreground
S01_U04.CH4.wav,2939.12,2946.7199375,background
S01_U04.CH4.wav,2946.56,2946.8799375,foreground
S01_U04.CH4.wav,2946.72,2947.7999375,background
S01_U04.CH4.wav,2947.64,2947.8399375,foreground
S01_U04.CH4.wav,2947.68,2947.8799375,background
S01_U04.CH4.wav,2947.72,2947.9199375,foreground
S01_U04.CH4.wav,2947.76,2948.1999375,background
S01_U04.CH4.wav,2948.04,2948.2399375,foreground
S01_U04.CH4.wav,2948.08,2948.2799375,background
S01_U04.CH4.wav,2948.12,2948.3599375,foreground
S01_U04.CH4.wav,2948.2,2948.5599375,background
S01_U04.CH4.wav,2948.4,2948.8399375,foreground
S01_U04.CH4.wav,2948.68,2949.8799375,background
S01_U04.CH4.wav,2949.72,2950.0399375,foreground
S01_U04.CH4.wav,2949.88,2950.1999375,background
S01_U04.CH4.wav,2950.04,2950.2399375,foreground
S01_U04.CH4.wav,2950.08,2950.7599375,background
S01_U04.CH4.wav,2950.6,2950.8399375,foreground
S01_U04.CH4.wav,2950.68,2950.9999375,background
S01_U04.CH4.wav,2950.84,2951.0399375,foreground
S01_U04.CH4.wav,2950.88,2952.1999375,background
S01_U04.CH4.wav,2952.04,2952.2399375,foreground
S01_U04.CH4.wav,2952.08,2952.2799375,background
S01_U04.CH4.wav,2952.12,2952.5599375,foreground
S01_U04.CH4.wav,2952.4,2957.6399375,background
S01_U04.CH4.wav,2957.48,2957.7599375,foreground
S01_U04.CH4.wav,2957.6,2959.5199375,background
S01_U04.CH4.wav,2959.36,2959.6399375,foreground
S01_U04.CH4.wav,2959.48,2967.0399375,background
S01_U04.CH4.wav,2966.88,2967.2399375,foreground
S01_U04.CH4.wav,2967.08,2968.5999375,background
S01_U04.CH4.wav,2968.44,2968.7199375,foreground
S01_U04.CH4.wav,2968.56,2972.2399375,background
S01_U04.CH4.wav,2972.08,2972.4799375,foreground
S01_U04.CH4.wav,2972.32,2972.6399375,background
S01_U04.CH4.wav,2972.48,2972.6799375,foreground
S01_U04.CH4.wav,2972.52,2980.4799375,background
S01_U04.CH4.wav,2980.32,2980.5999375,foreground
S01_U04.CH4.wav,2980.44,2980.8399375,background
S01_U04.CH4.wav,2980.68,2980.9199375,foreground
S01_U04.CH4.wav,2980.76,2980.9599375,background
S01_U04.CH4.wav,2980.8,2981.0799375,foreground
S01_U04.CH4.wav,2980.92,2981.9599375,background
S01_U04.CH4.wav,2981.8,2981.9999375,foreground
S01_U04.CH4.wav,2981.84,2982.0799375,background
S01_U04.CH4.wav,2981.92,2982.1199375,foreground
S01_U04.CH4.wav,2981.96,2982.1599375,background
S01_U04.CH4.wav,2982,2982.3199375,foreground
S01_U04.CH4.wav,2982.16,2983.2799375,background
S01_U04.CH4.wav,2983.12,2983.5199375,foreground
S01_U04.CH4.wav,2983.36,2983.6399375,background
S01_U04.CH4.wav,2983.48,2983.7199375,foreground
S01_U04.CH4.wav,2983.56,2983.8399375,background
S01_U04.CH4.wav,2983.68,2983.8799375,foreground
S01_U04.CH4.wav,2983.72,2984.0399375,background
S01_U04.CH4.wav,2983.88,2984.6799375,foreground
S01_U04.CH4.wav,2984.52,2984.9999375,background
S01_U04.CH4.wav,2984.84,2985.1199375,foreground
S01_U04.CH4.wav,2984.96,2986.3599375,background
S01_U04.CH4.wav,2986.2,2986.6799375,foreground
S01_U04.CH4.wav,2986.52,2987.0799375,background
S01_U04.CH4.wav,2986.92,2987.1199375,foreground
S01_U04.CH4.wav,2986.96,2987.2399375,background
S01_U04.CH4.wav,2987.08,2987.3999375,foreground
S01_U04.CH4.wav,2987.24,2987.4799375,background
S01_U04.CH4.wav,2987.32,2987.5199375,foreground
S01_U04.CH4.wav,2987.36,2987.5999375,background
S01_U04.CH4.wav,2987.44,2987.9199375,foreground
S01_U04.CH4.wav,2987.76,2988.0799375,background
S01_U04.CH4.wav,2987.92,2988.1599375,foreground
S01_U04.CH4.wav,2988,2988.1999375,background
S01_U04.CH4.wav,2988.04,2988.2799375,foreground
S01_U04.CH4.wav,2988.12,2988.5199375,background
S01_U04.CH4.wav,2988.36,2988.6799375,foreground
S01_U04.CH4.wav,2988.52,2988.9999375,background
S01_U04.CH4.wav,2988.84,2989.0799375,foreground
S01_U04.CH4.wav,2988.92,2989.8399375,background
S01_U04.CH4.wav,2989.68,2989.9199375,foreground
S01_U04.CH4.wav,2989.76,2990.0799375,background
S01_U04.CH4.wav,2989.92,2990.1599375,foreground
S01_U04.CH4.wav,2990,2990.3199375,background
S01_U04.CH4.wav,2990.16,2990.5199375,foreground
S01_U04.CH4.wav,2990.36,2990.7999375,background
S01_U04.CH4.wav,2990.64,2990.9599375,foreground
S01_U04.CH4.wav,2990.8,2991.2399375,background
S01_U04.CH4.wav,2991.08,2991.3599375,foreground
S01_U04.CH4.wav,2991.2,2992.1999375,background
S01_U04.CH4.wav,2992.04,2992.3599375,foreground
S01_U04.CH4.wav,2992.2,2994.5999375,background
S01_U04.CH4.wav,2994.44,2994.8399375,foreground
S01_U04.CH4.wav,2994.68,2994.9599375,background
S01_U04.CH4.wav,2994.8,2995.0399375,foreground
S01_U04.CH4.wav,2994.88,2995.7199375,background
S01_U04.CH4.wav,2995.56,2995.8799375,foreground
S01_U04.CH4.wav,2995.72,2996.6399375,background
S01_U04.CH4.wav,2996.48,2996.7199375,foreground
S01_U04.CH4.wav,2996.56,3000.0399375,background
S01_U04.CH4.wav,2999.88,3000.2799375,foreground
S01_U04.CH4.wav,3000.12,3000.9199375,background
S01_U04.CH4.wav,3000.76,3000.9999375,foreground
S01_U04.CH4.wav,3000.84,3001.3199375,background
S01_U04.CH4.wav,3001.16,3001.3599375,foreground
S01_U04.CH4.wav,3001.2,3001.4399375,background
S01_U04.CH4.wav,3001.28,3001.4799375,foreground
S01_U04.CH4.wav,3001.32,3001.8799375,background
S01_U04.CH4.wav,3001.72,3001.9999375,foreground
S01_U04.CH4.wav,3001.84,3003.2399375,background
S01_U04.CH4.wav,3003.08,3003.3199375,foreground
S01_U04.CH4.wav,3003.16,3003.5199375,background
S01_U04.CH4.wav,3003.36,3003.6399375,foreground
S01_U04.CH4.wav,3003.48,3007.5199375,background
S01_U04.CH4.wav,3007.36,3007.6799375,foreground
S01_U04.CH4.wav,3007.52,3009.9599375,background
S01_U04.CH4.wav,3009.8,3009.9999375,foreground
S01_U04.CH4.wav,3009.84,3010.7199375,background
S01_U04.CH4.wav,3010.56,3010.7599375,foreground
S01_U04.CH4.wav,3010.6,3011.0399375,background
S01_U04.CH4.wav,3010.88,3011.4399375,foreground
S01_U04.CH4.wav,3011.28,3012.1599375,background
S01_U04.CH4.wav,3012,3012.1999375,foreground
S01_U04.CH4.wav,3012.04,3015.2799375,background
S01_U04.CH4.wav,3015.12,3015.8399375,foreground
S01_U04.CH4.wav,3015.68,3015.9999375,background
S01_U04.CH4.wav,3015.84,3016.1599375,foreground
S01_U04.CH4.wav,3016,3016.7599375,background
S01_U04.CH4.wav,3016.6,3016.7999375,foreground
S01_U04.CH4.wav,3016.64,3018.3599375,background
S01_U04.CH4.wav,3018.2,3018.4399375,foreground
S01_U04.CH4.wav,3018.28,3019.4799375,background
S01_U04.CH4.wav,3019.32,3019.5599375,foreground
S01_U04.CH4.wav,3019.4,3019.7599375,background
S01_U04.CH4.wav,3019.6,3019.7999375,foreground
S01_U04.CH4.wav,3019.64,3020.5999375,background
S01_U04.CH4.wav,3020.44,3020.7599375,foreground
S01_U04.CH4.wav,3020.6,3022.2799375,background
S01_U04.CH4.wav,3022.12,3022.3599375,foreground
S01_U04.CH4.wav,3022.2,3022.5599375,background
S01_U04.CH4.wav,3022.4,3022.7599375,foreground
S01_U04.CH4.wav,3022.6,3024.2399375,background
S01_U04.CH4.wav,3024.08,3024.2799375,foreground
S01_U04.CH4.wav,3024.12,3024.4799375,background
S01_U04.CH4.wav,3024.32,3024.5999375,foreground
S01_U04.CH4.wav,3024.44,3024.8399375,background
S01_U04.CH4.wav,3024.68,3024.9199375,foreground
S01_U04.CH4.wav,3024.76,3024.9999375,background
S01_U04.CH4.wav,3024.84,3025.4399375,foreground
S01_U04.CH4.wav,3025.28,3027.1199375,background
S01_U04.CH4.wav,3026.96,3027.1999375,foreground
S01_U04.CH4.wav,3027.04,3028.9599375,background
S01_U04.CH4.wav,3028.8,3029.0399375,foreground
S01_U04.CH4.wav,3028.88,3029.5599375,background
S01_U04.CH4.wav,3029.4,3029.6399375,foreground
S01_U04.CH4.wav,3029.48,3029.9599375,background
S01_U04.CH4.wav,3029.8,3030.1599375,foreground
S01_U04.CH4.wav,3030,3031.5599375,background
S01_U04.CH4.wav,3031.4,3031.6399375,foreground
S01_U04.CH4.wav,3031.48,3031.7199375,background
S01_U04.CH4.wav,3031.56,3031.9999375,foreground
S01_U04.CH4.wav,3031.84,3032.0799375,background
S01_U04.CH4.wav,3031.92,3032.1199375,foreground
S01_U04.CH4.wav,3031.96,3032.1599375,background
S01_U04.CH4.wav,3032,3032.2799375,foreground
S01_U04.CH4.wav,3032.12,3036.8399375,background
S01_U04.CH4.wav,3036.68,3036.8799375,foreground
S01_U04.CH4.wav,3036.72,3036.9199375,background
S01_U04.CH4.wav,3036.76,3036.9599375,foreground
S01_U04.CH4.wav,3036.8,3038.6399375,background
S01_U04.CH4.wav,3038.48,3038.7199375,foreground
S01_U04.CH4.wav,3038.56,3042.0399375,background
S01_U04.CH4.wav,3041.88,3042.1599375,foreground
S01_U04.CH4.wav,3042,3042.3199375,background
S01_U04.CH4.wav,3042.16,3042.6399375,foreground
S01_U04.CH4.wav,3042.48,3042.9999375,background
S01_U04.CH4.wav,3042.84,3043.1599375,foreground
S01_U04.CH4.wav,3043,3043.3599375,background
S01_U04.CH4.wav,3043.2,3043.5599375,foreground
S01_U04.CH4.wav,3043.4,3043.5999375,background
S01_U04.CH4.wav,3043.44,3043.6799375,foreground
S01_U04.CH4.wav,3043.52,3044.1999375,background
S01_U04.CH4.wav,3044.04,3044.3999375,foreground
S01_U04.CH4.wav,3044.24,3044.6799375,background
S01_U04.CH4.wav,3044.52,3044.8799375,foreground
S01_U04.CH4.wav,3044.72,3045.1599375,background
S01_U04.CH4.wav,3045,3045.1999375,foreground
S01_U04.CH4.wav,3045.04,3045.7599375,background
S01_U04.CH4.wav,3045.6,3045.8799375,foreground
S01_U04.CH4.wav,3045.72,3046.1599375,background
S01_U04.CH4.wav,3046,3046.3999375,foreground
S01_U04.CH4.wav,3046.24,3050.1599375,background
S01_U04.CH4.wav,3050,3050.3199375,foreground
S01_U04.CH4.wav,3050.16,3050.7199375,background
S01_U04.CH4.wav,3050.56,3050.8799375,foreground
S01_U04.CH4.wav,3050.72,3051.1599375,background
S01_U04.CH4.wav,3051,3051.1999375,foreground
S01_U04.CH4.wav,3051.04,3051.8399375,background
S01_U04.CH4.wav,3051.68,3051.8799375,foreground
S01_U04.CH4.wav,3051.72,3052.9999375,background
S01_U04.CH4.wav,3052.84,3053.2799375,foreground
S01_U04.CH4.wav,3053.12,3054.1199375,background
S01_U04.CH4.wav,3053.96,3054.2799375,foreground
S01_U04.CH4.wav,3054.12,3054.3199375,background
S01_U04.CH4.wav,3054.16,3054.4399375,foreground
S01_U04.CH4.wav,3054.28,3055.5199375,background
S01_U04.CH4.wav,3055.36,3055.5999375,foreground
S01_U04.CH4.wav,3055.44,3067.1199375,background
S01_U04.CH4.wav,3066.96,3067.1599375,foreground
S01_U04.CH4.wav,3067,3068.7199375,background
S01_U04.CH4.wav,3068.56,3068.7999375,foreground
S01_U04.CH4.wav,3068.64,3069.6399375,background
S01_U04.CH4.wav,3069.48,3069.7599375,foreground
S01_U04.CH4.wav,3069.6,3071.5199375,background
S01_U04.CH4.wav,3071.36,3071.7199375,foreground
S01_U04.CH4.wav,3071.56,3076.2799375,background
S01_U04.CH4.wav,3076.12,3076.3199375,foreground
S01_U04.CH4.wav,3076.16,3076.5599375,background
S01_U04.CH4.wav,3076.4,3076.5999375,foreground
S01_U04.CH4.wav,3076.44,3078.6799375,background
S01_U04.CH4.wav,3078.52,3078.7199375,foreground
S01_U04.CH4.wav,3078.56,3079.0399375,background
S01_U04.CH4.wav,3078.88,3079.2399375,foreground
S01_U04.CH4.wav,3079.08,3079.5199375,background
S01_U04.CH4.wav,3079.36,3079.5999375,foreground
S01_U04.CH4.wav,3079.44,3081.3999375,background
S01_U04.CH4.wav,3081.24,3081.7999375,foreground
S01_U04.CH4.wav,3081.64,3082.5999375,background
S01_U04.CH4.wav,3082.44,3082.6799375,foreground
S01_U04.CH4.wav,3082.52,3082.7199375,background
S01_U04.CH4.wav,3082.56,3082.7999375,foreground
S01_U04.CH4.wav,3082.64,3083.3999375,background
S01_U04.CH4.wav,3083.24,3083.4799375,foreground
S01_U04.CH4.wav,3083.32,3083.7999375,background
S01_U04.CH4.wav,3083.64,3083.8799375,foreground
S01_U04.CH4.wav,3083.72,3084.9999375,background
S01_U04.CH4.wav,3084.84,3085.0799375,foreground
S01_U04.CH4.wav,3084.92,3085.1599375,background
S01_U04.CH4.wav,3085,3085.2399375,foreground
S01_U04.CH4.wav,3085.08,3085.6399375,background
S01_U04.CH4.wav,3085.48,3085.6799375,foreground
S01_U04.CH4.wav,3085.52,3085.7199375,background
S01_U04.CH4.wav,3085.56,3085.7999375,foreground
S01_U04.CH4.wav,3085.64,3087.8799375,background
S01_U04.CH4.wav,3087.72,3087.9599375,foreground
S01_U04.CH4.wav,3087.8,3087.9999375,background
S01_U04.CH4.wav,3087.84,3088.0399375,foreground
S01_U04.CH4.wav,3087.88,3088.0799375,background
S01_U04.CH4.wav,3087.92,3088.2399375,foreground
S01_U04.CH4.wav,3088.08,3089.4399375,background
S01_U04.CH4.wav,3089.28,3089.5199375,foreground
S01_U04.CH4.wav,3089.36,3089.6799375,background
S01_U04.CH4.wav,3089.52,3089.7199375,foreground
S01_U04.CH4.wav,3089.56,3089.8399375,background
S01_U04.CH4.wav,3089.68,3089.9999375,foreground
S01_U04.CH4.wav,3089.84,3090.0399375,background
S01_U04.CH4.wav,3089.88,3090.2399375,foreground
S01_U04.CH4.wav,3090.08,3090.2799375,background
S01_U04.CH4.wav,3090.12,3090.3199375,foreground
S01_U04.CH4.wav,3090.16,3091.7599375,background
S01_U04.CH4.wav,3091.6,3091.7999375,foreground
S01_U04.CH4.wav,3091.64,3093.1599375,background
S01_U04.CH4.wav,3093,3093.4399375,foreground
S01_U04.CH4.wav,3093.28,3095.3599375,background
S01_U04.CH4.wav,3095.2,3095.3999375,foreground
S01_U04.CH4.wav,3095.24,3095.7199375,background
S01_U04.CH4.wav,3095.56,3095.7599375,foreground
S01_U04.CH4.wav,3095.6,3098.0399375,background
S01_U04.CH4.wav,3097.88,3098.4799375,foreground
S01_U04.CH4.wav,3098.32,3100.2399375,background
S01_U04.CH4.wav,3100.08,3100.3999375,foreground
S01_U04.CH4.wav,3100.24,3100.5599375,background
S01_U04.CH4.wav,3100.4,3100.7199375,foreground
S01_U04.CH4.wav,3100.56,3103.0399375,background
S01_U04.CH4.wav,3102.88,3103.0799375,foreground
S01_U04.CH4.wav,3102.92,3104.4799375,background
S01_U04.CH4.wav,3104.32,3104.5199375,foreground
S01_U04.CH4.wav,3104.36,3105.4799375,background
S01_U04.CH4.wav,3105.32,3105.5199375,foreground
S01_U04.CH4.wav,3105.36,3107.1599375,background
S01_U04.CH4.wav,3107,3107.2399375,foreground
S01_U04.CH4.wav,3107.08,3109.5199375,background
S01_U04.CH4.wav,3109.36,3109.6799375,foreground
S01_U04.CH4.wav,3109.52,3110.5599375,background
S01_U04.CH4.wav,3110.4,3110.5999375,foreground
S01_U04.CH4.wav,3110.44,3111.1199375,background
S01_U04.CH4.wav,3110.96,3111.2399375,foreground
S01_U04.CH4.wav,3111.08,3111.2799375,background
S01_U04.CH4.wav,3111.12,3111.3199375,foreground
S01_U04.CH4.wav,3111.16,3115.3599375,background
S01_U04.CH4.wav,3115.2,3115.5199375,foreground
S01_U04.CH4.wav,3115.36,3115.9599375,background
S01_U04.CH4.wav,3115.8,3116.0399375,foreground
S01_U04.CH4.wav,3115.88,3117.8799375,background
S01_U04.CH4.wav,3117.72,3117.9999375,foreground
S01_U04.CH4.wav,3117.84,3118.1999375,background
S01_U04.CH4.wav,3118.04,3118.2399375,foreground
S01_U04.CH4.wav,3118.08,3120.4799375,background
S01_U04.CH4.wav,3120.32,3120.5599375,foreground
S01_U04.CH4.wav,3120.4,3120.6399375,background
S01_U04.CH4.wav,3120.48,3120.7599375,foreground
S01_U04.CH4.wav,3120.6,3121.3199375,background
S01_U04.CH4.wav,3121.16,3121.3999375,foreground
S01_U04.CH4.wav,3121.24,3121.5999375,background
S01_U04.CH4.wav,3121.44,3121.6399375,foreground
S01_U04.CH4.wav,3121.48,3121.7199375,background
S01_U04.CH4.wav,3121.56,3121.8799375,foreground
S01_U04.CH4.wav,3121.72,3121.9599375,background
S01_U04.CH4.wav,3121.8,3121.9999375,foreground
S01_U04.CH4.wav,3121.84,3122.0799375,background
S01_U04.CH4.wav,3121.92,3122.1199375,foreground
S01_U04.CH4.wav,3121.96,3123.1599375,background
S01_U04.CH4.wav,3123,3123.2799375,foreground
S01_U04.CH4.wav,3123.12,3123.4399375,background
S01_U04.CH4.wav,3123.28,3123.7599375,foreground
S01_U04.CH4.wav,3123.6,3124.0799375,background
S01_U04.CH4.wav,3123.92,3124.5199375,foreground
S01_U04.CH4.wav,3124.36,3124.9199375,background
S01_U04.CH4.wav,3124.76,3125.1999375,foreground
S01_U04.CH4.wav,3125.04,3125.4799375,background
S01_U04.CH4.wav,3125.32,3125.5599375,foreground
S01_U04.CH4.wav,3125.4,3127.0799375,background
S01_U04.CH4.wav,3126.92,3127.1999375,foreground
S01_U04.CH4.wav,3127.04,3127.7599375,background
S01_U04.CH4.wav,3127.6,3127.7999375,foreground
S01_U04.CH4.wav,3127.64,3128.3599375,background
S01_U04.CH4.wav,3128.2,3128.5599375,foreground
S01_U04.CH4.wav,3128.4,3129.2399375,background
S01_U04.CH4.wav,3129.08,3129.7599375,foreground
S01_U04.CH4.wav,3129.6,3130.1599375,background
S01_U04.CH4.wav,3130,3130.2399375,foreground
S01_U04.CH4.wav,3130.08,3130.5199375,background
S01_U04.CH4.wav,3130.36,3130.5999375,foreground
S01_U04.CH4.wav,3130.44,3130.6399375,background
S01_U04.CH4.wav,3130.48,3130.7599375,foreground
S01_U04.CH4.wav,3130.6,3132.9599375,background
S01_U04.CH4.wav,3132.8,3132.9999375,foreground
S01_U04.CH4.wav,3132.84,3133.0799375,background
S01_U04.CH4.wav,3132.92,3133.1199375,foreground
S01_U04.CH4.wav,3132.96,3133.5599375,background
S01_U04.CH4.wav,3133.4,3133.6399375,foreground
S01_U04.CH4.wav,3133.48,3133.7599375,background
S01_U04.CH4.wav,3133.6,3133.9199375,foreground
S01_U04.CH4.wav,3133.76,3134.5199375,background
S01_U04.CH4.wav,3134.36,3134.5599375,foreground
S01_U04.CH4.wav,3134.4,3134.5999375,background
S01_U04.CH4.wav,3134.44,3134.7199375,foreground
S01_U04.CH4.wav,3134.56,3136.2799375,background
S01_U04.CH4.wav,3136.12,3136.5199375,foreground
S01_U04.CH4.wav,3136.36,3136.5999375,background
S01_U04.CH4.wav,3136.44,3136.6399375,foreground
S01_U04.CH4.wav,3136.48,3137.3199375,background
S01_U04.CH4.wav,3137.16,3137.3999375,foreground
S01_U04.CH4.wav,3137.24,3137.7199375,background
S01_U04.CH4.wav,3137.56,3137.8799375,foreground
S01_U04.CH4.wav,3137.72,3138.7999375,background
S01_U04.CH4.wav,3138.64,3138.9199375,foreground
S01_U04.CH4.wav,3138.76,3138.9599375,background
S01_U04.CH4.wav,3138.8,3139.0399375,foreground
S01_U04.CH4.wav,3138.88,3141.8799375,background
S01_U04.CH4.wav,3141.72,3141.9199375,foreground
S01_U04.CH4.wav,3141.76,3141.9599375,background
S01_U04.CH4.wav,3141.8,3141.9999375,foreground
S01_U04.CH4.wav,3141.84,3142.2799375,background
S01_U04.CH4.wav,3142.12,3142.3199375,foreground
S01_U04.CH4.wav,3142.16,3143.8799375,background
S01_U04.CH4.wav,3143.72,3143.9199375,foreground
S01_U04.CH4.wav,3143.76,3143.9999375,background
S01_U04.CH4.wav,3143.84,3144.0399375,foreground
S01_U04.CH4.wav,3143.88,3144.0799375,background
S01_U04.CH4.wav,3143.92,3144.3199375,foreground
S01_U04.CH4.wav,3144.16,3146.3199375,background
S01_U04.CH4.wav,3146.16,3146.3999375,foreground
S01_U04.CH4.wav,3146.24,3146.5999375,background
S01_U04.CH4.wav,3146.44,3146.6799375,foreground
S01_U04.CH4.wav,3146.52,3147.3599375,background
S01_U04.CH4.wav,3147.2,3147.4399375,foreground
S01_U04.CH4.wav,3147.28,3147.6399375,background
S01_U04.CH4.wav,3147.48,3147.7599375,foreground
S01_U04.CH4.wav,3147.6,3147.9599375,background
S01_U04.CH4.wav,3147.8,3148.0799375,foreground
S01_U04.CH4.wav,3147.92,3149.0399375,background
S01_U04.CH4.wav,3148.88,3149.0799375,foreground
S01_U04.CH4.wav,3148.92,3150.0399375,background
S01_U04.CH4.wav,3149.88,3150.0799375,foreground
S01_U04.CH4.wav,3149.92,3150.1199375,background
S01_U04.CH4.wav,3149.96,3150.1599375,foreground
S01_U04.CH4.wav,3150,3150.1999375,background
S01_U04.CH4.wav,3150.04,3150.4399375,foreground
S01_U04.CH4.wav,3150.28,3150.5199375,background
S01_U04.CH4.wav,3150.36,3150.6399375,foreground
S01_U04.CH4.wav,3150.48,3152.0399375,background
S01_U04.CH4.wav,3151.88,3152.0799375,foreground
S01_U04.CH4.wav,3151.92,3154.9999375,background
S01_U04.CH4.wav,3154.84,3155.3199375,foreground
S01_U04.CH4.wav,3155.16,3156.3199375,background
S01_U04.CH4.wav,3156.16,3156.3599375,foreground
S01_U04.CH4.wav,3156.2,3156.4399375,background
S01_U04.CH4.wav,3156.28,3156.4799375,foreground
S01_U04.CH4.wav,3156.32,3158.0799375,background
S01_U04.CH4.wav,3157.92,3158.1999375,foreground
S01_U04.CH4.wav,3158.04,3160.6799375,background
S01_U04.CH4.wav,3160.52,3160.9599375,foreground
S01_U04.CH4.wav,3160.8,3161.0799375,background
S01_U04.CH4.wav,3160.92,3161.2799375,foreground
S01_U04.CH4.wav,3161.12,3161.3599375,background
S01_U04.CH4.wav,3161.2,3161.7199375,foreground
S01_U04.CH4.wav,3161.56,3161.8399375,background
S01_U04.CH4.wav,3161.68,3161.8799375,foreground
S01_U04.CH4.wav,3161.72,3162.2399375,background
S01_U04.CH4.wav,3162.08,3162.3599375,foreground
S01_U04.CH4.wav,3162.2,3162.6399375,background
S01_U04.CH4.wav,3162.48,3162.7199375,foreground
S01_U04.CH4.wav,3162.56,3162.7599375,background
S01_U04.CH4.wav,3162.6,3162.8799375,foreground
S01_U04.CH4.wav,3162.72,3162.9599375,background
S01_U04.CH4.wav,3162.8,3163.1199375,foreground
S01_U04.CH4.wav,3162.96,3163.3599375,background
S01_U04.CH4.wav,3163.2,3163.3999375,foreground
S01_U04.CH4.wav,3163.24,3163.8399375,background
S01_U04.CH4.wav,3163.68,3164.3999375,foreground
S01_U04.CH4.wav,3164.24,3164.4399375,background
S01_U04.CH4.wav,3164.28,3164.7199375,foreground
S01_U04.CH4.wav,3164.56,3164.8799375,background
S01_U04.CH4.wav,3164.72,3164.9199375,foreground
S01_U04.CH4.wav,3164.76,3165.2399375,background
S01_U04.CH4.wav,3165.08,3165.4799375,foreground
S01_U04.CH4.wav,3165.32,3166.5999375,background
S01_U04.CH4.wav,3166.44,3166.6799375,foreground
S01_U04.CH4.wav,3166.52,3166.8799375,background
S01_U04.CH4.wav,3166.72,3167.0399375,foreground
S01_U04.CH4.wav,3166.88,3167.0799375,background
S01_U04.CH4.wav,3166.92,3167.1599375,foreground
S01_U04.CH4.wav,3167,3167.7599375,background
S01_U04.CH4.wav,3167.6,3167.9199375,foreground
S01_U04.CH4.wav,3167.76,3168.0399375,background
S01_U04.CH4.wav,3167.88,3168.3199375,foreground
S01_U04.CH4.wav,3168.16,3169.3599375,background
S01_U04.CH4.wav,3169.2,3169.3999375,foreground
S01_U04.CH4.wav,3169.24,3169.6399375,background
S01_U04.CH4.wav,3169.48,3169.7599375,foreground
S01_U04.CH4.wav,3169.6,3174.7599375,background
S01_U04.CH4.wav,3174.6,3174.8399375,foreground
S01_U04.CH4.wav,3174.68,3175.0399375,background
S01_U04.CH4.wav,3174.88,3175.1599375,foreground
S01_U04.CH4.wav,3175,3175.3999375,background
S01_U04.CH4.wav,3175.24,3175.4399375,foreground
S01_U04.CH4.wav,3175.28,3176.0799375,background
S01_U04.CH4.wav,3175.92,3176.1599375,foreground
S01_U04.CH4.wav,3176,3176.3199375,background
S01_U04.CH4.wav,3176.16,3176.4399375,foreground
S01_U04.CH4.wav,3176.28,3176.8799375,background
S01_U04.CH4.wav,3176.72,3177.1599375,foreground
S01_U04.CH4.wav,3177,3177.1999375,background
S01_U04.CH4.wav,3177.04,3177.2399375,foreground
S01_U04.CH4.wav,3177.08,3177.6399375,background
S01_U04.CH4.wav,3177.48,3177.7199375,foreground
S01_U04.CH4.wav,3177.56,3177.9999375,background
S01_U04.CH4.wav,3177.84,3178.0399375,foreground
S01_U04.CH4.wav,3177.88,3178.2799375,background
S01_U04.CH4.wav,3178.12,3178.3199375,foreground
S01_U04.CH4.wav,3178.16,3183.2799375,background
S01_U04.CH4.wav,3183.12,3183.3999375,foreground
S01_U04.CH4.wav,3183.24,3184.0799375,background
S01_U04.CH4.wav,3183.92,3184.1599375,foreground
S01_U04.CH4.wav,3184,3184.3199375,background
S01_U04.CH4.wav,3184.16,3184.4399375,foreground
S01_U04.CH4.wav,3184.28,3184.4799375,background
S01_U04.CH4.wav,3184.32,3184.5199375,foreground
S01_U04.CH4.wav,3184.36,3184.5599375,background
S01_U04.CH4.wav,3184.4,3185.0799375,foreground
S01_U04.CH4.wav,3184.92,3185.8799375,background
S01_U04.CH4.wav,3185.72,3186.1599375,foreground
S01_U04.CH4.wav,3186,3188.1599375,background
S01_U04.CH4.wav,3188,3188.1999375,foreground
S01_U04.CH4.wav,3188.04,3188.2399375,background
S01_U04.CH4.wav,3188.08,3188.3599375,foreground
S01_U04.CH4.wav,3188.2,3189.1999375,background
S01_U04.CH4.wav,3189.04,3189.2799375,foreground
S01_U04.CH4.wav,3189.12,3189.5599375,background
S01_U04.CH4.wav,3189.4,3189.8399375,foreground
S01_U04.CH4.wav,3189.68,3191.5599375,background
S01_U04.CH4.wav,3191.4,3191.6399375,foreground
S01_U04.CH4.wav,3191.48,3193.3199375,background
S01_U04.CH4.wav,3193.16,3193.3599375,foreground
S01_U04.CH4.wav,3193.2,3194.5999375,background
S01_U04.CH4.wav,3194.44,3194.6399375,foreground
S01_U04.CH4.wav,3194.48,3194.8399375,background
S01_U04.CH4.wav,3194.68,3194.8799375,foreground
S01_U04.CH4.wav,3194.72,3202.7199375,background
S01_U04.CH4.wav,3202.56,3202.8399375,foreground
S01_U04.CH4.wav,3202.68,3202.8799375,background
S01_U04.CH4.wav,3202.72,3203.0399375,foreground
S01_U04.CH4.wav,3202.88,3204.0399375,background
S01_U04.CH4.wav,3203.88,3204.0799375,foreground
S01_U04.CH4.wav,3203.92,3204.1199375,background
S01_U04.CH4.wav,3203.96,3204.2799375,foreground
S01_U04.CH4.wav,3204.12,3204.4399375,background
S01_U04.CH4.wav,3204.28,3204.5999375,foreground
S01_U04.CH4.wav,3204.44,3205.3199375,background
S01_U04.CH4.wav,3205.16,3205.4799375,foreground
S01_U04.CH4.wav,3205.32,3206.6799375,background
S01_U04.CH4.wav,3206.52,3207.0399375,foreground
S01_U04.CH4.wav,3206.88,3207.5599375,background
S01_U04.CH4.wav,3207.4,3207.5999375,foreground
S01_U04.CH4.wav,3207.44,3207.7599375,background
S01_U04.CH4.wav,3207.6,3208.4799375,foreground
S01_U04.CH4.wav,3208.32,3209.0399375,background
S01_U04.CH4.wav,3208.88,3209.3199375,foreground
S01_U04.CH4.wav,3209.16,3209.9199375,background
S01_U04.CH4.wav,3209.76,3209.9999375,foreground
S01_U04.CH4.wav,3209.84,3210.1199375,background
S01_U04.CH4.wav,3209.96,3210.2399375,foreground
S01_U04.CH4.wav,3210.08,3210.5199375,background
S01_U04.CH4.wav,3210.36,3210.5999375,foreground
S01_U04.CH4.wav,3210.44,3210.9599375,background
S01_U04.CH4.wav,3210.8,3211.2799375,foreground
S01_U04.CH4.wav,3211.12,3211.3199375,background
S01_U04.CH4.wav,3211.16,3211.3999375,foreground
S01_U04.CH4.wav,3211.24,3211.5999375,background
S01_U04.CH4.wav,3211.44,3211.6399375,foreground
S01_U04.CH4.wav,3211.48,3211.7599375,background
S01_U04.CH4.wav,3211.6,3211.8399375,foreground
S01_U04.CH4.wav,3211.68,3212.0399375,background
S01_U04.CH4.wav,3211.88,3212.2399375,foreground
S01_U04.CH4.wav,3212.08,3212.2799375,background
S01_U04.CH4.wav,3212.12,3212.3199375,foreground
S01_U04.CH4.wav,3212.16,3212.3599375,background
S01_U04.CH4.wav,3212.2,3212.4799375,foreground
S01_U04.CH4.wav,3212.32,3212.8399375,background
S01_U04.CH4.wav,3212.68,3212.9199375,foreground
S01_U04.CH4.wav,3212.76,3212.9599375,background
S01_U04.CH4.wav,3212.8,3213.1999375,foreground
S01_U04.CH4.wav,3213.04,3213.3999375,background
S01_U04.CH4.wav,3213.24,3213.5199375,foreground
S01_U04.CH4.wav,3213.36,3213.7199375,background
S01_U04.CH4.wav,3213.56,3213.7599375,foreground
S01_U04.CH4.wav,3213.6,3215.3999375,background
S01_U04.CH4.wav,3215.24,3215.6399375,foreground
S01_U04.CH4.wav,3215.48,3216.1999375,background
S01_U04.CH4.wav,3216.04,3216.2799375,foreground
S01_U04.CH4.wav,3216.12,3216.4799375,background
S01_U04.CH4.wav,3216.32,3216.5199375,foreground
S01_U04.CH4.wav,3216.36,3217.7999375,background
S01_U04.CH4.wav,3217.64,3217.9599375,foreground
S01_U04.CH4.wav,3217.8,3218.5199375,background
S01_U04.CH4.wav,3218.36,3218.6399375,foreground
S01_U04.CH4.wav,3218.48,3222.9599375,background
S01_U04.CH4.wav,3222.8,3223.1999375,foreground
S01_U04.CH4.wav,3223.04,3223.5999375,background
S01_U04.CH4.wav,3223.44,3223.6399375,foreground
S01_U04.CH4.wav,3223.48,3224.6399375,background
S01_U04.CH4.wav,3224.48,3224.6799375,foreground
S01_U04.CH4.wav,3224.52,3225.2799375,background
S01_U04.CH4.wav,3225.12,3225.5199375,foreground
S01_U04.CH4.wav,3225.36,3226.0399375,background
S01_U04.CH4.wav,3225.88,3226.1999375,foreground
S01_U04.CH4.wav,3226.04,3226.2799375,background
S01_U04.CH4.wav,3226.12,3226.4399375,foreground
S01_U04.CH4.wav,3226.28,3230.2399375,background
S01_U04.CH4.wav,3230.08,3230.3199375,foreground
S01_U04.CH4.wav,3230.16,3230.6399375,background
S01_U04.CH4.wav,3230.48,3230.7999375,foreground
S01_U04.CH4.wav,3230.64,3234.4799375,background
S01_U04.CH4.wav,3234.32,3234.5199375,foreground
S01_U04.CH4.wav,3234.36,3234.7199375,background
S01_U04.CH4.wav,3234.56,3234.8399375,foreground
S01_U04.CH4.wav,3234.68,3237.0399375,background
S01_U04.CH4.wav,3236.88,3237.0799375,foreground
S01_U04.CH4.wav,3236.92,3237.7599375,background
S01_U04.CH4.wav,3237.6,3237.7999375,foreground
S01_U04.CH4.wav,3237.64,3238.1999375,background
S01_U04.CH4.wav,3238.04,3238.3199375,foreground
S01_U04.CH4.wav,3238.16,3238.8799375,background
S01_U04.CH4.wav,3238.72,3238.9999375,foreground
S01_U04.CH4.wav,3238.84,3239.0399375,background
S01_U04.CH4.wav,3238.88,3239.0799375,foreground
S01_U04.CH4.wav,3238.92,3240.3199375,background
S01_U04.CH4.wav,3240.16,3240.5599375,foreground
S01_U04.CH4.wav,3240.4,3243.4799375,background
S01_U04.CH4.wav,3243.32,3243.5599375,foreground
S01_U04.CH4.wav,3243.4,3248.1599375,background
S01_U04.CH4.wav,3248,3248.3599375,foreground
S01_U04.CH4.wav,3248.2,3251.3199375,background
S01_U04.CH4.wav,3251.16,3251.3599375,foreground
S01_U04.CH4.wav,3251.2,3251.4799375,background
S01_U04.CH4.wav,3251.32,3251.5999375,foreground
S01_U04.CH4.wav,3251.44,3251.6399375,background
S01_U04.CH4.wav,3251.48,3251.7599375,foreground
S01_U04.CH4.wav,3251.6,3252.7199375,background
S01_U04.CH4.wav,3252.56,3252.7599375,foreground
S01_U04.CH4.wav,3252.6,3253.2399375,background
S01_U04.CH4.wav,3253.08,3253.3999375,foreground
S01_U04.CH4.wav,3253.24,3254.9999375,background
S01_U04.CH4.wav,3254.84,3255.0399375,foreground
S01_U04.CH4.wav,3254.88,3255.2799375,background
S01_U04.CH4.wav,3255.12,3255.3199375,foreground
S01_U04.CH4.wav,3255.16,3255.5199375,background
S01_U04.CH4.wav,3255.36,3255.5999375,foreground
S01_U04.CH4.wav,3255.44,3255.9599375,background
S01_U04.CH4.wav,3255.8,3255.9999375,foreground
S01_U04.CH4.wav,3255.84,3257.6399375,background
S01_U04.CH4.wav,3257.48,3257.7999375,foreground
S01_U04.CH4.wav,3257.64,3257.9599375,background
S01_U04.CH4.wav,3257.8,3258.0799375,foreground
S01_U04.CH4.wav,3257.92,3258.1199375,background
S01_U04.CH4.wav,3257.96,3258.1999375,foreground
S01_U04.CH4.wav,3258.04,3258.9999375,background
S01_U04.CH4.wav,3258.84,3259.0399375,foreground
S01_U04.CH4.wav,3258.88,3259.0799375,background
S01_U04.CH4.wav,3258.92,3259.1199375,foreground
S01_U04.CH4.wav,3258.96,3263.7199375,background
S01_U04.CH4.wav,3263.56,3263.7599375,foreground
S01_U04.CH4.wav,3263.6,3267.0399375,background
S01_U04.CH4.wav,3266.88,3267.2399375,foreground
S01_U04.CH4.wav,3267.08,3270.0399375,background
S01_U04.CH4.wav,3269.88,3270.0799375,foreground
S01_U04.CH4.wav,3269.92,3271.6399375,background
S01_U04.CH4.wav,3271.48,3271.6799375,foreground
S01_U04.CH4.wav,3271.52,3271.7599375,background
S01_U04.CH4.wav,3271.6,3271.7999375,foreground
S01_U04.CH4.wav,3271.64,3273.2799375,background
S01_U04.CH4.wav,3273.12,3273.3199375,foreground
S01_U04.CH4.wav,3273.16,3279.6799375,background
S01_U04.CH4.wav,3279.52,3279.8399375,foreground
S01_U04.CH4.wav,3279.68,3280.2799375,background
S01_U04.CH4.wav,3280.12,3280.3599375,foreground
S01_U04.CH4.wav,3280.2,3281.3199375,background
S01_U04.CH4.wav,3281.16,3281.5199375,foreground
S01_U04.CH4.wav,3281.36,3281.8799375,background
S01_U04.CH4.wav,3281.72,3282.0399375,foreground
S01_U04.CH4.wav,3281.88,3282.1199375,background
S01_U04.CH4.wav,3281.96,3282.1999375,foreground
S01_U04.CH4.wav,3282.04,3282.2399375,background
S01_U04.CH4.wav,3282.08,3282.5199375,foreground
S01_U04.CH4.wav,3282.36,3282.8399375,background
S01_U04.CH4.wav,3282.68,3283.0399375,foreground
S01_U04.CH4.wav,3282.88,3283.1199375,background
S01_U04.CH4.wav,3282.96,3283.1599375,foreground
S01_U04.CH4.wav,3283,3283.2399375,background
S01_U04.CH4.wav,3283.08,3283.2799375,foreground
S01_U04.CH4.wav,3283.12,3283.3199375,background
S01_U04.CH4.wav,3283.16,3283.4399375,foreground
S01_U04.CH4.wav,3283.28,3283.8399375,background
S01_U04.CH4.wav,3283.68,3283.9599375,foreground
S01_U04.CH4.wav,3283.8,3286.2399375,background
S01_U04.CH4.wav,3286.08,3286.2799375,foreground
S01_U04.CH4.wav,3286.12,3286.8399375,background
S01_U04.CH4.wav,3286.68,3286.9599375,foreground
S01_U04.CH4.wav,3286.8,3292.5599375,background
S01_U04.CH4.wav,3292.4,3292.7999375,foreground
S01_U04.CH4.wav,3292.64,3295.4799375,background
S01_U04.CH4.wav,3295.32,3295.6799375,foreground
S01_U04.CH4.wav,3295.52,3295.7999375,background
S01_U04.CH4.wav,3295.64,3295.9599375,foreground
S01_U04.CH4.wav,3295.8,3296.5999375,background
S01_U04.CH4.wav,3296.44,3296.6799375,foreground
S01_U04.CH4.wav,3296.52,3306.3999375,background
S01_U04.CH4.wav,3306.24,3306.6399375,foreground
S01_U04.CH4.wav,3306.48,3306.8399375,background
S01_U04.CH4.wav,3306.68,3306.8799375,foreground
S01_U04.CH4.wav,3306.72,3307.1999375,background
S01_U04.CH4.wav,3307.04,3307.3199375,foreground
S01_U04.CH4.wav,3307.16,3309.1999375,background
S01_U04.CH4.wav,3309.04,3309.6399375,foreground
S01_U04.CH4.wav,3309.48,3309.7599375,background
S01_U04.CH4.wav,3309.6,3309.9999375,foreground
S01_U04.CH4.wav,3309.84,3310.4399375,background
S01_U04.CH4.wav,3310.28,3310.7599375,foreground
S01_U04.CH4.wav,3310.6,3310.7999375,background
S01_U04.CH4.wav,3310.64,3311.0799375,foreground
S01_U04.CH4.wav,3310.92,3311.9199375,background
S01_U04.CH4.wav,3311.76,3311.9599375,foreground
S01_U04.CH4.wav,3311.8,3312.7999375,background
S01_U04.CH4.wav,3312.64,3312.8399375,foreground
S01_U04.CH4.wav,3312.68,3315.5999375,background
S01_U04.CH4.wav,3315.44,3315.6799375,foreground
S01_U04.CH4.wav,3315.52,3315.9999375,background
S01_U04.CH4.wav,3315.84,3316.0799375,foreground
S01_U04.CH4.wav,3315.92,3316.3599375,background
S01_U04.CH4.wav,3316.2,3316.4399375,foreground
S01_U04.CH4.wav,3316.28,3319.4799375,background
S01_U04.CH4.wav,3319.32,3319.5599375,foreground
S01_U04.CH4.wav,3319.4,3319.8399375,background
S01_U04.CH4.wav,3319.68,3319.8799375,foreground
S01_U04.CH4.wav,3319.72,3320.9199375,background
S01_U04.CH4.wav,3320.76,3320.9599375,foreground
S01_U04.CH4.wav,3320.8,3320.9999375,background
S01_U04.CH4.wav,3320.84,3321.0799375,foreground
S01_U04.CH4.wav,3320.92,3325.6799375,background
S01_U04.CH4.wav,3325.52,3325.7599375,foreground
S01_U04.CH4.wav,3325.6,3325.8399375,background
S01_U04.CH4.wav,3325.68,3326.0799375,foreground
S01_U04.CH4.wav,3325.92,3326.4399375,background
S01_U04.CH4.wav,3326.28,3326.7199375,foreground
S01_U04.CH4.wav,3326.56,3326.7599375,background
S01_U04.CH4.wav,3326.6,3326.8399375,foreground
S01_U04.CH4.wav,3326.68,3327.9999375,background
S01_U04.CH4.wav,3327.84,3328.1999375,foreground
S01_U04.CH4.wav,3328.04,3328.2799375,background
S01_U04.CH4.wav,3328.12,3328.3199375,foreground
S01_U04.CH4.wav,3328.16,3329.0799375,background
S01_U04.CH4.wav,3328.92,3329.1199375,foreground
S01_U04.CH4.wav,3328.96,3329.7199375,background
S01_U04.CH4.wav,3329.56,3329.9599375,foreground
S01_U04.CH4.wav,3329.8,3330.5199375,background
S01_U04.CH4.wav,3330.36,3331.0799375,foreground
S01_U04.CH4.wav,3330.92,3332.4799375,background
S01_U04.CH4.wav,3332.32,3332.5599375,foreground
S01_U04.CH4.wav,3332.4,3334.3999375,background
S01_U04.CH4.wav,3334.24,3334.4399375,foreground
S01_U04.CH4.wav,3334.28,3334.7599375,background
S01_U04.CH4.wav,3334.6,3334.7999375,foreground
S01_U04.CH4.wav,3334.64,3334.8399375,background
S01_U04.CH4.wav,3334.68,3334.9999375,foreground
S01_U04.CH4.wav,3334.84,3335.0799375,background
S01_U04.CH4.wav,3334.92,3335.1599375,foreground
S01_U04.CH4.wav,3335,3335.5599375,background
S01_U04.CH4.wav,3335.4,3335.5999375,foreground
S01_U04.CH4.wav,3335.44,3336.3199375,background
S01_U04.CH4.wav,3336.16,3336.3999375,foreground
S01_U04.CH4.wav,3336.24,3336.5599375,background
S01_U04.CH4.wav,3336.4,3336.5999375,foreground
S01_U04.CH4.wav,3336.44,3337.5599375,background
S01_U04.CH4.wav,3337.4,3337.6399375,foreground
S01_U04.CH4.wav,3337.48,3337.9599375,background
S01_U04.CH4.wav,3337.8,3338.1199375,foreground
S01_U04.CH4.wav,3337.96,3342.4799375,background
S01_U04.CH4.wav,3342.32,3342.5599375,foreground
S01_U04.CH4.wav,3342.4,3342.9199375,background
S01_U04.CH4.wav,3342.76,3342.9599375,foreground
S01_U04.CH4.wav,3342.8,3343.2399375,background
S01_U04.CH4.wav,3343.08,3343.5199375,foreground
S01_U04.CH4.wav,3343.36,3343.7599375,background
S01_U04.CH4.wav,3343.6,3343.9599375,foreground
S01_U04.CH4.wav,3343.8,3344.5999375,background
S01_U04.CH4.wav,3344.44,3344.8399375,foreground
S01_U04.CH4.wav,3344.68,3345.5999375,background
S01_U04.CH4.wav,3345.44,3345.6399375,foreground
S01_U04.CH4.wav,3345.48,3346.3999375,background
S01_U04.CH4.wav,3346.24,3346.4399375,foreground
S01_U04.CH4.wav,3346.28,3350.1599375,background
S01_U04.CH4.wav,3350,3350.1999375,foreground
S01_U04.CH4.wav,3350.04,3351.9999375,background
S01_U04.CH4.wav,3351.84,3352.3599375,foreground
S01_U04.CH4.wav,3352.2,3353.1199375,background
S01_U04.CH4.wav,3352.96,3353.1999375,foreground
S01_U04.CH4.wav,3353.04,3353.3999375,background
S01_U04.CH4.wav,3353.24,3353.7599375,foreground
S01_U04.CH4.wav,3353.6,3354.4799375,background
S01_U04.CH4.wav,3354.32,3354.5599375,foreground
S01_U04.CH4.wav,3354.4,3355.8399375,background
S01_U04.CH4.wav,3355.68,3355.9999375,foreground
S01_U04.CH4.wav,3355.84,3356.3999375,background
S01_U04.CH4.wav,3356.24,3356.4799375,foreground
S01_U04.CH4.wav,3356.32,3356.5599375,background
S01_U04.CH4.wav,3356.4,3357.0399375,foreground
S01_U04.CH4.wav,3356.88,3357.5999375,background
S01_U04.CH4.wav,3357.44,3357.6399375,foreground
S01_U04.CH4.wav,3357.48,3357.6799375,background
S01_U04.CH4.wav,3357.52,3357.8799375,foreground
S01_U04.CH4.wav,3357.72,3358.5199375,background
S01_U04.CH4.wav,3358.36,3358.8399375,foreground
S01_U04.CH4.wav,3358.68,3358.9199375,background
S01_U04.CH4.wav,3358.76,3359.1199375,foreground
S01_U04.CH4.wav,3358.96,3360.7999375,background
S01_U04.CH4.wav,3360.64,3360.9999375,foreground
S01_U04.CH4.wav,3360.84,3361.5199375,background
S01_U04.CH4.wav,3361.36,3361.7199375,foreground
S01_U04.CH4.wav,3361.56,3363.3199375,background
S01_U04.CH4.wav,3363.16,3363.6799375,foreground
S01_U04.CH4.wav,3363.52,3363.9199375,background
S01_U04.CH4.wav,3363.76,3363.9599375,foreground
S01_U04.CH4.wav,3363.8,3365.7999375,background
S01_U04.CH4.wav,3365.64,3365.8799375,foreground
S01_U04.CH4.wav,3365.72,3366.7999375,background
S01_U04.CH4.wav,3366.64,3367.6399375,foreground
S01_U04.CH4.wav,3367.48,3368.3999375,background
S01_U04.CH4.wav,3368.24,3368.8799375,foreground
S01_U04.CH4.wav,3368.72,3368.9999375,background
S01_U04.CH4.wav,3368.84,3369.1599375,foreground
S01_U04.CH4.wav,3369,3369.6399375,background
S01_U04.CH4.wav,3369.48,3369.7999375,foreground
S01_U04.CH4.wav,3369.64,3371.0399375,background
S01_U04.CH4.wav,3370.88,3371.1599375,foreground
S01_U04.CH4.wav,3371,3371.4799375,background
S01_U04.CH4.wav,3371.32,3371.6399375,foreground
S01_U04.CH4.wav,3371.48,3372.2399375,background
S01_U04.CH4.wav,3372.08,3372.4399375,foreground
S01_U04.CH4.wav,3372.28,3373.6399375,background
S01_U04.CH4.wav,3373.48,3373.6799375,foreground
S01_U04.CH4.wav,3373.52,3373.8799375,background
S01_U04.CH4.wav,3373.72,3373.9599375,foreground
S01_U04.CH4.wav,3373.8,3374.1199375,background
S01_U04.CH4.wav,3373.96,3375.2399375,foreground
S01_U04.CH4.wav,3375.08,3375.3999375,background
S01_U04.CH4.wav,3375.24,3375.4399375,foreground
S01_U04.CH4.wav,3375.28,3375.4799375,background
S01_U04.CH4.wav,3375.32,3375.5199375,foreground
S01_U04.CH4.wav,3375.36,3375.5999375,background
S01_U04.CH4.wav,3375.44,3376.1599375,foreground
S01_U04.CH4.wav,3376,3376.7599375,background
S01_U04.CH4.wav,3376.6,3376.8799375,foreground
S01_U04.CH4.wav,3376.72,3377.4799375,background
S01_U04.CH4.wav,3377.32,3377.7199375,foreground
S01_U04.CH4.wav,3377.56,3378.0399375,background
S01_U04.CH4.wav,3377.88,3378.0799375,foreground
S01_U04.CH4.wav,3377.92,3379.9999375,background
S01_U04.CH4.wav,3379.84,3380.2799375,foreground
S01_U04.CH4.wav,3380.12,3380.4399375,background
S01_U04.CH4.wav,3380.28,3380.5999375,foreground
S01_U04.CH4.wav,3380.44,3381.4799375,background
S01_U04.CH4.wav,3381.32,3381.5199375,foreground
S01_U04.CH4.wav,3381.36,3382.8799375,background
S01_U04.CH4.wav,3382.72,3382.9599375,foreground
S01_U04.CH4.wav,3382.8,3383.6399375,background
S01_U04.CH4.wav,3383.48,3383.7599375,foreground
S01_U04.CH4.wav,3383.6,3385.3599375,background
S01_U04.CH4.wav,3385.2,3385.7999375,foreground
S01_U04.CH4.wav,3385.64,3385.9999375,background
S01_U04.CH4.wav,3385.84,3386.0399375,foreground
S01_U04.CH4.wav,3385.88,3386.1999375,background
S01_U04.CH4.wav,3386.04,3386.3599375,foreground
S01_U04.CH4.wav,3386.2,3386.6399375,background
S01_U04.CH4.wav,3386.48,3386.9199375,foreground
S01_U04.CH4.wav,3386.76,3387.0799375,background
S01_U04.CH4.wav,3386.92,3387.4399375,foreground
S01_U04.CH4.wav,3387.28,3387.5199375,background
S01_U04.CH4.wav,3387.36,3387.6399375,foreground
S01_U04.CH4.wav,3387.48,3388.1599375,background
S01_U04.CH4.wav,3388,3388.4399375,foreground
S01_U04.CH4.wav,3388.28,3389.0399375,background
S01_U04.CH4.wav,3388.88,3389.3199375,foreground
S01_U04.CH4.wav,3389.16,3390.1199375,background
S01_U04.CH4.wav,3389.96,3390.2399375,foreground
S01_U04.CH4.wav,3390.08,3391.3999375,background
S01_U04.CH4.wav,3391.24,3391.6799375,foreground
S01_U04.CH4.wav,3391.52,3391.8799375,background
S01_U04.CH4.wav,3391.72,3392.0399375,foreground
S01_U04.CH4.wav,3391.88,3392.0799375,background
S01_U04.CH4.wav,3391.92,3392.1199375,foreground
S01_U04.CH4.wav,3391.96,3393.2399375,background
S01_U04.CH4.wav,3393.08,3393.3199375,foreground
S01_U04.CH4.wav,3393.16,3393.3599375,background
S01_U04.CH4.wav,3393.2,3393.7199375,foreground
S01_U04.CH4.wav,3393.56,3393.7599375,background
S01_U04.CH4.wav,3393.6,3393.8399375,foreground
S01_U04.CH4.wav,3393.68,3394.2799375,background
S01_U04.CH4.wav,3394.12,3394.3199375,foreground
S01_U04.CH4.wav,3394.16,3394.8799375,background
S01_U04.CH4.wav,3394.72,3394.9599375,foreground
S01_U04.CH4.wav,3394.8,3395.9999375,background
S01_U04.CH4.wav,3395.84,3396.1599375,foreground
S01_U04.CH4.wav,3396,3396.1999375,background
S01_U04.CH4.wav,3396.04,3396.2399375,foreground
S01_U04.CH4.wav,3396.08,3396.9599375,background
S01_U04.CH4.wav,3396.8,3397.2399375,foreground
S01_U04.CH4.wav,3397.08,3399.8399375,background
S01_U04.CH4.wav,3399.68,3399.9599375,foreground
S01_U04.CH4.wav,3399.8,3405.0799375,background
S01_U04.CH4.wav,3404.92,3405.1599375,foreground
S01_U04.CH4.wav,3405,3405.3199375,background
S01_U04.CH4.wav,3405.16,3405.5999375,foreground
S01_U04.CH4.wav,3405.44,3406.4799375,background
S01_U04.CH4.wav,3406.32,3406.8399375,foreground
S01_U04.CH4.wav,3406.68,3407.4399375,background
S01_U04.CH4.wav,3407.28,3407.7599375,foreground
S01_U04.CH4.wav,3407.6,3407.9599375,background
S01_U04.CH4.wav,3407.8,3408.0399375,foreground
S01_U04.CH4.wav,3407.88,3408.0799375,background
S01_U04.CH4.wav,3407.92,3408.1199375,foreground
S01_U04.CH4.wav,3407.96,3409.1999375,background
S01_U04.CH4.wav,3409.04,3409.2399375,foreground
S01_U04.CH4.wav,3409.08,3409.5599375,background
S01_U04.CH4.wav,3409.4,3409.9199375,foreground
S01_U04.CH4.wav,3409.76,3410.7599375,background
S01_U04.CH4.wav,3410.6,3411.0799375,foreground
S01_U04.CH4.wav,3410.92,3411.9599375,background
S01_U04.CH4.wav,3411.8,3412.1199375,foreground
S01_U04.CH4.wav,3411.96,3412.3599375,background
S01_U04.CH4.wav,3412.2,3412.4799375,foreground
S01_U04.CH4.wav,3412.32,3412.8799375,background
S01_U04.CH4.wav,3412.72,3412.9199375,foreground
S01_U04.CH4.wav,3412.76,3413.1599375,background
S01_U04.CH4.wav,3413,3413.3199375,foreground
S01_U04.CH4.wav,3413.16,3413.9199375,background
S01_U04.CH4.wav,3413.76,3414.1599375,foreground
S01_U04.CH4.wav,3414,3414.3599375,background
S01_U04.CH4.wav,3414.2,3414.9999375,foreground
S01_U04.CH4.wav,3414.84,3415.7599375,background
S01_U04.CH4.wav,3415.6,3415.9999375,foreground
S01_U04.CH4.wav,3415.84,3416.0399375,background
S01_U04.CH4.wav,3415.88,3416.0799375,foreground
S01_U04.CH4.wav,3415.92,3416.4799375,background
S01_U04.CH4.wav,3416.32,3416.6399375,foreground
S01_U04.CH4.wav,3416.48,3420.8399375,background
S01_U04.CH4.wav,3420.68,3421.2799375,foreground
S01_U04.CH4.wav,3421.12,3421.3999375,background
S01_U04.CH4.wav,3421.24,3421.4399375,foreground
S01_U04.CH4.wav,3421.28,3421.9599375,background
S01_U04.CH4.wav,3421.8,3422.1599375,foreground
S01_U04.CH4.wav,3422,3423.0799375,background
S01_U04.CH4.wav,3422.92,3423.3199375,foreground
S01_U04.CH4.wav,3423.16,3423.3999375,background
S01_U04.CH4.wav,3423.24,3423.7599375,foreground
S01_U04.CH4.wav,3423.6,3423.9199375,background
S01_U04.CH4.wav,3423.76,3423.9599375,foreground
S01_U04.CH4.wav,3423.8,3426.1199375,background
S01_U04.CH4.wav,3425.96,3426.1599375,foreground
S01_U04.CH4.wav,3426,3426.1999375,background
S01_U04.CH4.wav,3426.04,3426.2799375,foreground
S01_U04.CH4.wav,3426.12,3427.4399375,background
S01_U04.CH4.wav,3427.28,3427.6399375,foreground
S01_U04.CH4.wav,3427.48,3427.7599375,background
S01_U04.CH4.wav,3427.6,3427.9199375,foreground
S01_U04.CH4.wav,3427.76,3432.9999375,background
S01_U04.CH4.wav,3432.84,3433.0399375,foreground
S01_U04.CH4.wav,3432.88,3434.2399375,background
S01_U04.CH4.wav,3434.08,3434.3599375,foreground
S01_U04.CH4.wav,3434.2,3435.6799375,background
S01_U04.CH4.wav,3435.52,3435.7199375,foreground
S01_U04.CH4.wav,3435.56,3442.3999375,background
S01_U04.CH4.wav,3442.24,3442.4799375,foreground
S01_U04.CH4.wav,3442.32,3443.7599375,background
S01_U04.CH4.wav,3443.6,3443.9999375,foreground
S01_U04.CH4.wav,3443.84,3444.0799375,background
S01_U04.CH4.wav,3443.92,3444.1199375,foreground
S01_U04.CH4.wav,3443.96,3444.1599375,background
S01_U04.CH4.wav,3444,3444.1999375,foreground
S01_U04.CH4.wav,3444.04,3444.9599375,background
S01_U04.CH4.wav,3444.8,3445.0799375,foreground
S01_U04.CH4.wav,3444.92,3446.9599375,background
S01_U04.CH4.wav,3446.8,3447.1599375,foreground
S01_U04.CH4.wav,3447,3447.2799375,background
S01_U04.CH4.wav,3447.12,3447.3599375,foreground
S01_U04.CH4.wav,3447.2,3450.4799375,background
S01_U04.CH4.wav,3450.32,3450.5999375,foreground
S01_U04.CH4.wav,3450.44,3451.0399375,background
S01_U04.CH4.wav,3450.88,3451.1199375,foreground
S01_U04.CH4.wav,3450.96,3452.3999375,background
S01_U04.CH4.wav,3452.24,3452.5999375,foreground
S01_U04.CH4.wav,3452.44,3453.0799375,background
S01_U04.CH4.wav,3452.92,3453.2399375,foreground
S01_U04.CH4.wav,3453.08,3453.2799375,background
S01_U04.CH4.wav,3453.12,3453.3999375,foreground
S01_U04.CH4.wav,3453.24,3453.5199375,background
S01_U04.CH4.wav,3453.36,3453.6399375,foreground
S01_U04.CH4.wav,3453.48,3453.7599375,background
S01_U04.CH4.wav,3453.6,3453.7999375,foreground
S01_U04.CH4.wav,3453.64,3453.8399375,background
S01_U04.CH4.wav,3453.68,3453.8799375,foreground
S01_U04.CH4.wav,3453.72,3453.9199375,background
S01_U04.CH4.wav,3453.76,3454.0799375,foreground
S01_U04.CH4.wav,3453.92,3455.1599375,background
S01_U04.CH4.wav,3455,3455.3199375,foreground
S01_U04.CH4.wav,3455.16,3456.1199375,background
S01_U04.CH4.wav,3455.96,3456.1999375,foreground
S01_U04.CH4.wav,3456.04,3457.1599375,background
S01_U04.CH4.wav,3457,3457.5199375,foreground
S01_U04.CH4.wav,3457.36,3457.7599375,background
S01_U04.CH4.wav,3457.6,3457.9999375,foreground
S01_U04.CH4.wav,3457.84,3458.8799375,background
S01_U04.CH4.wav,3458.72,3458.9199375,foreground
S01_U04.CH4.wav,3458.76,3460.0799375,background
S01_U04.CH4.wav,3459.92,3460.1999375,foreground
S01_U04.CH4.wav,3460.04,3462.1599375,background
S01_U04.CH4.wav,3462,3462.3199375,foreground
S01_U04.CH4.wav,3462.16,3466.4399375,background
S01_U04.CH4.wav,3466.28,3466.6399375,foreground
S01_U04.CH4.wav,3466.48,3468.9999375,background
S01_U04.CH4.wav,3468.84,3469.0399375,foreground
S01_U04.CH4.wav,3468.88,3470.3199375,background
S01_U04.CH4.wav,3470.16,3470.3599375,foreground
S01_U04.CH4.wav,3470.2,3473.5599375,background
S01_U04.CH4.wav,3473.4,3473.5999375,foreground
S01_U04.CH4.wav,3473.44,3474.1599375,background
S01_U04.CH4.wav,3474,3474.2799375,foreground
S01_U04.CH4.wav,3474.12,3474.7999375,background
S01_U04.CH4.wav,3474.64,3474.8799375,foreground
S01_U04.CH4.wav,3474.72,3474.9999375,background
S01_U04.CH4.wav,3474.84,3475.0399375,foreground
S01_U04.CH4.wav,3474.88,3475.2399375,background
S01_U04.CH4.wav,3475.08,3475.2799375,foreground
S01_U04.CH4.wav,3475.12,3475.3199375,background
S01_U04.CH4.wav,3475.16,3475.3999375,foreground
S01_U04.CH4.wav,3475.24,3476.7999375,background
S01_U04.CH4.wav,3476.64,3476.8399375,foreground
S01_U04.CH4.wav,3476.68,3477.1599375,background
S01_U04.CH4.wav,3477,3477.1999375,foreground
S01_U04.CH4.wav,3477.04,3477.5999375,background
S01_U04.CH4.wav,3477.44,3477.6799375,foreground
S01_U04.CH4.wav,3477.52,3477.7599375,background
S01_U04.CH4.wav,3477.6,3478.1199375,foreground
S01_U04.CH4.wav,3477.96,3478.1999375,background
S01_U04.CH4.wav,3478.04,3478.4399375,foreground
S01_U04.CH4.wav,3478.28,3478.5599375,background
S01_U04.CH4.wav,3478.4,3478.5999375,foreground
S01_U04.CH4.wav,3478.44,3478.6399375,background
S01_U04.CH4.wav,3478.48,3478.8799375,foreground
S01_U04.CH4.wav,3478.72,3480.3999375,background
S01_U04.CH4.wav,3480.24,3480.4799375,foreground
S01_U04.CH4.wav,3480.32,3481.0799375,background
S01_U04.CH4.wav,3480.92,3481.1199375,foreground
S01_U04.CH4.wav,3480.96,3481.3999375,background
S01_U04.CH4.wav,3481.24,3481.5199375,foreground
S01_U04.CH4.wav,3481.36,3484.1999375,background
S01_U04.CH4.wav,3484.04,3484.3999375,foreground
S01_U04.CH4.wav,3484.24,3484.7999375,background
S01_U04.CH4.wav,3484.64,3485.0399375,foreground
S01_U04.CH4.wav,3484.88,3485.3599375,background
S01_U04.CH4.wav,3485.2,3485.5199375,foreground
S01_U04.CH4.wav,3485.36,3485.6399375,background
S01_U04.CH4.wav,3485.48,3485.6799375,foreground
S01_U04.CH4.wav,3485.52,3485.9999375,background
S01_U04.CH4.wav,3485.84,3486.0399375,foreground
S01_U04.CH4.wav,3485.88,3486.5199375,background
S01_U04.CH4.wav,3486.36,3486.5999375,foreground
S01_U04.CH4.wav,3486.44,3486.9199375,background
S01_U04.CH4.wav,3486.76,3486.9599375,foreground
S01_U04.CH4.wav,3486.8,3487.3599375,background
S01_U04.CH4.wav,3487.2,3487.3999375,foreground
S01_U04.CH4.wav,3487.24,3488.1999375,background
S01_U04.CH4.wav,3488.04,3488.2799375,foreground
S01_U04.CH4.wav,3488.12,3488.3599375,background
S01_U04.CH4.wav,3488.2,3488.4799375,foreground
S01_U04.CH4.wav,3488.32,3489.3999375,background
S01_U04.CH4.wav,3489.24,3489.6799375,foreground
S01_U04.CH4.wav,3489.52,3490.7599375,background
S01_U04.CH4.wav,3490.6,3491.1199375,foreground
S01_U04.CH4.wav,3490.96,3492.3999375,background
S01_U04.CH4.wav,3492.24,3492.9599375,foreground
S01_U04.CH4.wav,3492.8,3493.1599375,background
S01_U04.CH4.wav,3493,3493.1999375,foreground
S01_U04.CH4.wav,3493.04,3494.2399375,background
S01_U04.CH4.wav,3494.08,3494.3599375,foreground
S01_U04.CH4.wav,3494.2,3494.5999375,background
S01_U04.CH4.wav,3494.44,3494.7199375,foreground
S01_U04.CH4.wav,3494.56,3497.2399375,background
S01_U04.CH4.wav,3497.08,3497.3599375,foreground
S01_U04.CH4.wav,3497.2,3498.3599375,background
S01_U04.CH4.wav,3498.2,3498.4399375,foreground
S01_U04.CH4.wav,3498.28,3498.5199375,background
S01_U04.CH4.wav,3498.36,3498.5999375,foreground
S01_U04.CH4.wav,3498.44,3500.1199375,background
S01_U04.CH4.wav,3499.96,3500.3999375,foreground
S01_U04.CH4.wav,3500.24,3500.5599375,background
S01_U04.CH4.wav,3500.4,3500.6399375,foreground
S01_U04.CH4.wav,3500.48,3500.7199375,background
S01_U04.CH4.wav,3500.56,3500.7599375,foreground
S01_U04.CH4.wav,3500.6,3500.8399375,background
S01_U04.CH4.wav,3500.68,3500.8799375,foreground
S01_U04.CH4.wav,3500.72,3501.9199375,background
S01_U04.CH4.wav,3501.76,3501.9599375,foreground
S01_U04.CH4.wav,3501.8,3501.9999375,background
S01_U04.CH4.wav,3501.84,3502.1199375,foreground
S01_U04.CH4.wav,3501.96,3503.8399375,background
S01_U04.CH4.wav,3503.68,3504.1599375,foreground
S01_U04.CH4.wav,3504,3505.5599375,background
S01_U04.CH4.wav,3505.4,3505.5999375,foreground
S01_U04.CH4.wav,3505.44,3508.5599375,background
S01_U04.CH4.wav,3508.4,3508.6399375,foreground
S01_U04.CH4.wav,3508.48,3508.6799375,background
S01_U04.CH4.wav,3508.52,3508.7199375,foreground
S01_U04.CH4.wav,3508.56,3508.8799375,background
S01_U04.CH4.wav,3508.72,3508.9199375,foreground
S01_U04.CH4.wav,3508.76,3509.1999375,background
S01_U04.CH4.wav,3509.04,3509.3599375,foreground
S01_U04.CH4.wav,3509.2,3509.7199375,background
S01_U04.CH4.wav,3509.56,3509.7999375,foreground
S01_U04.CH4.wav,3509.64,3510.1999375,background
S01_U04.CH4.wav,3510.04,3510.2399375,foreground
S01_U04.CH4.wav,3510.08,3511.4799375,background
S01_U04.CH4.wav,3511.32,3511.5599375,foreground
S01_U04.CH4.wav,3511.4,3511.8399375,background
S01_U04.CH4.wav,3511.68,3511.9199375,foreground
S01_U04.CH4.wav,3511.76,3512.3199375,background
S01_U04.CH4.wav,3512.16,3512.3999375,foreground
S01_U04.CH4.wav,3512.24,3513.9199375,background
S01_U04.CH4.wav,3513.76,3513.9599375,foreground
S01_U04.CH4.wav,3513.8,3514.8799375,background
S01_U04.CH4.wav,3514.72,3514.9599375,foreground
S01_U04.CH4.wav,3514.8,3515.2399375,background
S01_U04.CH4.wav,3515.08,3515.2799375,foreground
S01_U04.CH4.wav,3515.12,3517.3199375,background
S01_U04.CH4.wav,3517.16,3517.3599375,foreground
S01_U04.CH4.wav,3517.2,3517.7599375,background
S01_U04.CH4.wav,3517.6,3518.0799375,foreground
S01_U04.CH4.wav,3517.92,3519.7999375,background
S01_U04.CH4.wav,3519.64,3520.0799375,foreground
S01_U04.CH4.wav,3519.92,3520.1599375,background
S01_U04.CH4.wav,3520,3520.2799375,foreground
S01_U04.CH4.wav,3520.12,3520.3999375,background
S01_U04.CH4.wav,3520.24,3520.5999375,foreground
S01_U04.CH4.wav,3520.44,3520.7199375,background
S01_U04.CH4.wav,3520.56,3521.0399375,foreground
S01_U04.CH4.wav,3520.88,3521.3599375,background
S01_U04.CH4.wav,3521.2,3521.4799375,foreground
S01_U04.CH4.wav,3521.32,3524.2399375,background
S01_U04.CH4.wav,3524.08,3524.3999375,foreground
S01_U04.CH4.wav,3524.24,3524.5199375,background
S01_U04.CH4.wav,3524.36,3524.7199375,foreground
S01_U04.CH4.wav,3524.56,3525.1599375,background
S01_U04.CH4.wav,3525,3525.3599375,foreground
S01_U04.CH4.wav,3525.2,3526.2799375,background
S01_U04.CH4.wav,3526.12,3526.4799375,foreground
S01_U04.CH4.wav,3526.32,3526.6399375,background
S01_U04.CH4.wav,3526.48,3526.7199375,foreground
S01_U04.CH4.wav,3526.56,3529.2799375,background
S01_U04.CH4.wav,3529.12,3529.5599375,foreground
S01_U04.CH4.wav,3529.4,3530.9599375,background
S01_U04.CH4.wav,3530.8,3531.0399375,foreground
S01_U04.CH4.wav,3530.88,3531.9199375,background
S01_U04.CH4.wav,3531.76,3532.1599375,foreground
S01_U04.CH4.wav,3532,3532.2399375,background
S01_U04.CH4.wav,3532.08,3532.3999375,foreground
S01_U04.CH4.wav,3532.24,3532.5199375,background
S01_U04.CH4.wav,3532.36,3532.5599375,foreground
S01_U04.CH4.wav,3532.4,3534.0799375,background
S01_U04.CH4.wav,3533.92,3534.2799375,foreground
S01_U04.CH4.wav,3534.12,3534.3599375,background
S01_U04.CH4.wav,3534.2,3534.6399375,foreground
S01_U04.CH4.wav,3534.48,3534.9999375,background
S01_U04.CH4.wav,3534.84,3535.1599375,foreground
S01_U04.CH4.wav,3535,3537.1199375,background
S01_U04.CH4.wav,3536.96,3537.1599375,foreground
S01_U04.CH4.wav,3537,3538.3599375,background
S01_U04.CH4.wav,3538.2,3538.4799375,foreground
S01_U04.CH4.wav,3538.32,3538.9599375,background
S01_U04.CH4.wav,3538.8,3538.9999375,foreground
S01_U04.CH4.wav,3538.84,3540.3999375,background
S01_U04.CH4.wav,3540.24,3540.5999375,foreground
S01_U04.CH4.wav,3540.44,3541.6799375,background
S01_U04.CH4.wav,3541.52,3541.7199375,foreground
S01_U04.CH4.wav,3541.56,3542.4399375,background
S01_U04.CH4.wav,3542.28,3542.4799375,foreground
S01_U04.CH4.wav,3542.32,3542.7199375,background
S01_U04.CH4.wav,3542.56,3542.9999375,foreground
S01_U04.CH4.wav,3542.84,3546.5599375,background
S01_U04.CH4.wav,3546.4,3546.6399375,foreground
S01_U04.CH4.wav,3546.48,3546.9599375,background
S01_U04.CH4.wav,3546.8,3547.0799375,foreground
S01_U04.CH4.wav,3546.92,3547.1999375,background
S01_U04.CH4.wav,3547.04,3547.2799375,foreground
S01_U04.CH4.wav,3547.12,3547.3199375,background
S01_U04.CH4.wav,3547.16,3547.4399375,foreground
S01_U04.CH4.wav,3547.28,3549.3599375,background
S01_U04.CH4.wav,3549.2,3549.5999375,foreground
S01_U04.CH4.wav,3549.44,3554.8799375,background
S01_U04.CH4.wav,3554.72,3554.9199375,foreground
S01_U04.CH4.wav,3554.76,3554.9599375,background
S01_U04.CH4.wav,3554.8,3555.0799375,foreground
S01_U04.CH4.wav,3554.92,3557.5199375,background
S01_U04.CH4.wav,3557.36,3557.6799375,foreground
S01_U04.CH4.wav,3557.52,3559.9599375,background
S01_U04.CH4.wav,3559.8,3559.9999375,foreground
S01_U04.CH4.wav,3559.84,3560.2399375,background
S01_U04.CH4.wav,3560.08,3560.4399375,foreground
S01_U04.CH4.wav,3560.28,3566.5999375,background
S01_U04.CH4.wav,3566.44,3566.7199375,foreground
S01_U04.CH4.wav,3566.56,3567.8799375,background
S01_U04.CH4.wav,3567.72,3567.9999375,foreground
S01_U04.CH4.wav,3567.84,3569.5199375,background
S01_U04.CH4.wav,3569.36,3569.7599375,foreground
S01_U04.CH4.wav,3569.6,3569.9599375,background
S01_U04.CH4.wav,3569.8,3570.1199375,foreground
S01_U04.CH4.wav,3569.96,3570.9199375,background
S01_U04.CH4.wav,3570.76,3571.0399375,foreground
S01_U04.CH4.wav,3570.88,3571.3599375,background
S01_U04.CH4.wav,3571.2,3571.5199375,foreground
S01_U04.CH4.wav,3571.36,3573.6799375,background
S01_U04.CH4.wav,3573.52,3573.7599375,foreground
S01_U04.CH4.wav,3573.6,3573.9199375,background
S01_U04.CH4.wav,3573.76,3573.9599375,foreground
S01_U04.CH4.wav,3573.8,3576.8799375,background
S01_U04.CH4.wav,3576.72,3576.9999375,foreground
S01_U04.CH4.wav,3576.84,3579.1199375,background
S01_U04.CH4.wav,3578.96,3579.3599375,foreground
S01_U04.CH4.wav,3579.2,3579.9199375,background
S01_U04.CH4.wav,3579.76,3580.1599375,foreground
S01_U04.CH4.wav,3580,3580.1999375,background
S01_U04.CH4.wav,3580.04,3580.3599375,foreground
S01_U04.CH4.wav,3580.2,3580.3999375,background
S01_U04.CH4.wav,3580.24,3580.4399375,foreground
S01_U04.CH4.wav,3580.28,3582.1199375,background
S01_U04.CH4.wav,3581.96,3582.2399375,foreground
S01_U04.CH4.wav,3582.08,3584.5599375,background
S01_U04.CH4.wav,3584.4,3584.7599375,foreground
S01_U04.CH4.wav,3584.6,3587.9999375,background
S01_U04.CH4.wav,3587.84,3588.0799375,foreground
S01_U04.CH4.wav,3587.92,3591.9199375,background
S01_U04.CH4.wav,3591.76,3592.3199375,foreground
S01_U04.CH4.wav,3592.16,3592.4399375,background
S01_U04.CH4.wav,3592.28,3592.5599375,foreground
S01_U04.CH4.wav,3592.4,3592.7199375,background
S01_U04.CH4.wav,3592.56,3592.7599375,foreground
S01_U04.CH4.wav,3592.6,3594.5999375,background
S01_U04.CH4.wav,3594.44,3594.6399375,foreground
S01_U04.CH4.wav,3594.48,3595.1599375,background
S01_U04.CH4.wav,3595,3595.1999375,foreground
S01_U04.CH4.wav,3595.04,3595.2399375,background
S01_U04.CH4.wav,3595.08,3595.3199375,foreground
S01_U04.CH4.wav,3595.16,3595.7999375,background
S01_U04.CH4.wav,3595.64,3596.0399375,foreground
S01_U04.CH4.wav,3595.88,3596.3599375,background
S01_U04.CH4.wav,3596.2,3596.4799375,foreground
S01_U04.CH4.wav,3596.32,3598.5599375,background
S01_U04.CH4.wav,3598.4,3598.7999375,foreground
S01_U04.CH4.wav,3598.64,3600.6399375,background
S01_U04.CH4.wav,3600.48,3600.6799375,foreground
S01_U04.CH4.wav,3600.52,3603.1599375,background
S01_U04.CH4.wav,3603,3603.3599375,foreground
S01_U04.CH4.wav,3603.2,3605.1999375,background
S01_U04.CH4.wav,3605.04,3605.3599375,foreground
S01_U04.CH4.wav,3605.2,3606.6799375,background
S01_U04.CH4.wav,3606.52,3606.7199375,foreground
S01_U04.CH4.wav,3606.56,3606.9199375,background
S01_U04.CH4.wav,3606.76,3606.9599375,foreground
S01_U04.CH4.wav,3606.8,3610.1199375,background
S01_U04.CH4.wav,3609.96,3610.2399375,foreground
S01_U04.CH4.wav,3610.08,3612.6399375,background
S01_U04.CH4.wav,3612.48,3612.8799375,foreground
S01_U04.CH4.wav,3612.72,3614.7199375,background
S01_U04.CH4.wav,3614.56,3614.8799375,foreground
S01_U04.CH4.wav,3614.72,3614.9599375,background
S01_U04.CH4.wav,3614.8,3614.9999375,foreground
S01_U04.CH4.wav,3614.84,3615.1999375,background
S01_U04.CH4.wav,3615.04,3615.4399375,foreground
S01_U04.CH4.wav,3615.28,3616.8399375,background
S01_U04.CH4.wav,3616.68,3616.9199375,foreground
S01_U04.CH4.wav,3616.76,3617.0799375,background
S01_U04.CH4.wav,3616.92,3617.3199375,foreground
S01_U04.CH4.wav,3617.16,3620.2399375,background
S01_U04.CH4.wav,3620.08,3620.2799375,foreground
S01_U04.CH4.wav,3620.12,3620.3599375,background
S01_U04.CH4.wav,3620.2,3620.3999375,foreground
S01_U04.CH4.wav,3620.24,3620.4399375,background
S01_U04.CH4.wav,3620.28,3620.4799375,foreground
S01_U04.CH4.wav,3620.32,3621.6399375,background
S01_U04.CH4.wav,3621.48,3621.8399375,foreground
S01_U04.CH4.wav,3621.68,3621.9999375,background
S01_U04.CH4.wav,3621.84,3622.0799375,foreground
S01_U04.CH4.wav,3621.92,3623.5199375,background
S01_U04.CH4.wav,3623.36,3623.5599375,foreground
S01_U04.CH4.wav,3623.4,3626.4799375,background
S01_U04.CH4.wav,3626.32,3626.6399375,foreground
S01_U04.CH4.wav,3626.48,3626.9599375,background
S01_U04.CH4.wav,3626.8,3627.2399375,foreground
S01_U04.CH4.wav,3627.08,3627.6399375,background
S01_U04.CH4.wav,3627.48,3627.7199375,foreground
S01_U04.CH4.wav,3627.56,3628.3599375,background
S01_U04.CH4.wav,3628.2,3628.4399375,foreground
S01_U04.CH4.wav,3628.28,3629.1599375,background
S01_U04.CH4.wav,3629,3629.3999375,foreground
S01_U04.CH4.wav,3629.24,3629.8799375,background
S01_U04.CH4.wav,3629.72,3629.9199375,foreground
S01_U04.CH4.wav,3629.76,3631.4399375,background
S01_U04.CH4.wav,3631.28,3631.4799375,foreground
S01_U04.CH4.wav,3631.32,3631.6799375,background
S01_U04.CH4.wav,3631.52,3631.9599375,foreground
S01_U04.CH4.wav,3631.8,3632.8399375,background
S01_U04.CH4.wav,3632.68,3632.9599375,foreground
S01_U04.CH4.wav,3632.8,3634.4399375,background
S01_U04.CH4.wav,3634.28,3634.5999375,foreground
S01_U04.CH4.wav,3634.44,3635.1999375,background
S01_U04.CH4.wav,3635.04,3635.2399375,foreground
S01_U04.CH4.wav,3635.08,3635.2799375,background
S01_U04.CH4.wav,3635.12,3635.3199375,foreground
S01_U04.CH4.wav,3635.16,3635.3599375,background
S01_U04.CH4.wav,3635.2,3635.4799375,foreground
S01_U04.CH4.wav,3635.32,3635.5199375,background
S01_U04.CH4.wav,3635.36,3635.6399375,foreground
S01_U04.CH4.wav,3635.48,3635.7599375,background
S01_U04.CH4.wav,3635.6,3635.9999375,foreground
S01_U04.CH4.wav,3635.84,3636.2799375,background
S01_U04.CH4.wav,3636.12,3636.4799375,foreground
S01_U04.CH4.wav,3636.32,3637.5199375,background
S01_U04.CH4.wav,3637.36,3637.5599375,foreground
S01_U04.CH4.wav,3637.4,3639.5199375,background
S01_U04.CH4.wav,3639.36,3639.5999375,foreground
S01_U04.CH4.wav,3639.44,3641.7199375,background
S01_U04.CH4.wav,3641.56,3641.8399375,foreground
S01_U04.CH4.wav,3641.68,3642.9199375,background
S01_U04.CH4.wav,3642.76,3642.9599375,foreground
S01_U04.CH4.wav,3642.8,3643.4399375,background
S01_U04.CH4.wav,3643.28,3643.4799375,foreground
S01_U04.CH4.wav,3643.32,3646.1599375,background
S01_U04.CH4.wav,3646,3646.3199375,foreground
S01_U04.CH4.wav,3646.16,3649.0399375,background
S01_U04.CH4.wav,3648.88,3649.4399375,foreground
S01_U04.CH4.wav,3649.28,3650.7599375,background
S01_U04.CH4.wav,3650.6,3650.8399375,foreground
S01_U04.CH4.wav,3650.68,3651.3599375,background
S01_U04.CH4.wav,3651.2,3651.5199375,foreground
S01_U04.CH4.wav,3651.36,3651.5599375,background
S01_U04.CH4.wav,3651.4,3651.7999375,foreground
S01_U04.CH4.wav,3651.64,3652.3999375,background
S01_U04.CH4.wav,3652.24,3652.4399375,foreground
S01_U04.CH4.wav,3652.28,3652.9199375,background
S01_U04.CH4.wav,3652.76,3653.3199375,foreground
S01_U04.CH4.wav,3653.16,3653.5199375,background
S01_U04.CH4.wav,3653.36,3653.5999375,foreground
S01_U04.CH4.wav,3653.44,3653.7199375,background
S01_U04.CH4.wav,3653.56,3653.7599375,foreground
S01_U04.CH4.wav,3653.6,3653.7999375,background
S01_U04.CH4.wav,3653.64,3653.8799375,foreground
S01_U04.CH4.wav,3653.72,3654.1199375,background
S01_U04.CH4.wav,3653.96,3654.1599375,foreground
S01_U04.CH4.wav,3654,3654.4799375,background
S01_U04.CH4.wav,3654.32,3654.5599375,foreground
S01_U04.CH4.wav,3654.4,3655.1999375,background
S01_U04.CH4.wav,3655.04,3655.3999375,foreground
S01_U04.CH4.wav,3655.24,3655.8399375,background
S01_U04.CH4.wav,3655.68,3656.2399375,foreground
S01_U04.CH4.wav,3656.08,3660.3199375,background
S01_U04.CH4.wav,3660.16,3660.5999375,foreground
S01_U04.CH4.wav,3660.44,3660.6799375,background
S01_U04.CH4.wav,3660.52,3660.7199375,foreground
S01_U04.CH4.wav,3660.56,3660.7599375,background
S01_U04.CH4.wav,3660.6,3660.9599375,foreground
S01_U04.CH4.wav,3660.8,3661.1599375,background
S01_U04.CH4.wav,3661,3661.2399375,foreground
S01_U04.CH4.wav,3661.08,3662.4399375,background
S01_U04.CH4.wav,3662.28,3662.4799375,foreground
S01_U04.CH4.wav,3662.32,3664.4399375,background
S01_U04.CH4.wav,3664.28,3664.4799375,foreground
S01_U04.CH4.wav,3664.32,3664.6399375,background
S01_U04.CH4.wav,3664.48,3664.8399375,foreground
S01_U04.CH4.wav,3664.68,3664.8799375,background
S01_U04.CH4.wav,3664.72,3664.9599375,foreground
S01_U04.CH4.wav,3664.8,3665.0399375,background
S01_U04.CH4.wav,3664.88,3665.1999375,foreground
S01_U04.CH4.wav,3665.04,3666.4799375,background
S01_U04.CH4.wav,3666.32,3666.5599375,foreground
S01_U04.CH4.wav,3666.4,3667.1599375,background
S01_U04.CH4.wav,3667,3667.5199375,foreground
S01_U04.CH4.wav,3667.36,3668.0399375,background
S01_U04.CH4.wav,3667.88,3668.1599375,foreground
S01_U04.CH4.wav,3668,3668.5199375,background
S01_U04.CH4.wav,3668.36,3668.5599375,foreground
S01_U04.CH4.wav,3668.4,3668.9999375,background
S01_U04.CH4.wav,3668.84,3669.3199375,foreground
S01_U04.CH4.wav,3669.16,3669.6799375,background
S01_U04.CH4.wav,3669.52,3669.7199375,foreground
S01_U04.CH4.wav,3669.56,3672.4799375,background
S01_U04.CH4.wav,3672.32,3672.5199375,foreground
S01_U04.CH4.wav,3672.36,3675.6399375,background
S01_U04.CH4.wav,3675.48,3675.6799375,foreground
S01_U04.CH4.wav,3675.52,3675.9599375,background
S01_U04.CH4.wav,3675.8,3676.1599375,foreground
S01_U04.CH4.wav,3676,3676.8399375,background
S01_U04.CH4.wav,3676.68,3676.8799375,foreground
S01_U04.CH4.wav,3676.72,3676.9199375,background
S01_U04.CH4.wav,3676.76,3676.9999375,foreground
S01_U04.CH4.wav,3676.84,3677.1999375,background
S01_U04.CH4.wav,3677.04,3677.2399375,foreground
S01_U04.CH4.wav,3677.08,3677.4799375,background
S01_U04.CH4.wav,3677.32,3677.6799375,foreground
S01_U04.CH4.wav,3677.52,3678.2799375,background
S01_U04.CH4.wav,3678.12,3678.3199375,foreground
S01_U04.CH4.wav,3678.16,3678.9199375,background
S01_U04.CH4.wav,3678.76,3678.9999375,foreground
S01_U04.CH4.wav,3678.84,3679.2399375,background
S01_U04.CH4.wav,3679.08,3679.3199375,foreground
S01_U04.CH4.wav,3679.16,3679.3599375,background
S01_U04.CH4.wav,3679.2,3679.6799375,foreground
S01_U04.CH4.wav,3679.52,3680.0399375,background
S01_U04.CH4.wav,3679.88,3680.3999375,foreground
S01_U04.CH4.wav,3680.24,3681.6399375,background
S01_U04.CH4.wav,3681.48,3681.7599375,foreground
S01_U04.CH4.wav,3681.6,3681.9999375,background
S01_U04.CH4.wav,3681.84,3682.1199375,foreground
S01_U04.CH4.wav,3681.96,3682.5999375,background
S01_U04.CH4.wav,3682.44,3682.8799375,foreground
S01_U04.CH4.wav,3682.72,3683.7199375,background
S01_U04.CH4.wav,3683.56,3683.8399375,foreground
S01_U04.CH4.wav,3683.68,3684.1999375,background
S01_U04.CH4.wav,3684.04,3684.4399375,foreground
S01_U04.CH4.wav,3684.28,3685.3999375,background
S01_U04.CH4.wav,3685.24,3685.4399375,foreground
S01_U04.CH4.wav,3685.28,3687.3999375,background
S01_U04.CH4.wav,3687.24,3687.4399375,foreground
S01_U04.CH4.wav,3687.28,3687.6399375,background
S01_U04.CH4.wav,3687.48,3687.7599375,foreground
S01_U04.CH4.wav,3687.6,3688.5599375,background
S01_U04.CH4.wav,3688.4,3688.6399375,foreground
S01_U04.CH4.wav,3688.48,3689.6799375,background
S01_U04.CH4.wav,3689.52,3689.7599375,foreground
S01_U04.CH4.wav,3689.6,3690.0399375,background
S01_U04.CH4.wav,3689.88,3690.0799375,foreground
S01_U04.CH4.wav,3689.92,3692.8799375,background
S01_U04.CH4.wav,3692.72,3692.9599375,foreground
S01_U04.CH4.wav,3692.8,3693.0399375,background
S01_U04.CH4.wav,3692.88,3693.2799375,foreground
S01_U04.CH4.wav,3693.12,3693.4399375,background
S01_U04.CH4.wav,3693.28,3693.5599375,foreground
S01_U04.CH4.wav,3693.4,3693.5999375,background
S01_U04.CH4.wav,3693.44,3693.7199375,foreground
S01_U04.CH4.wav,3693.56,3693.8799375,background
S01_U04.CH4.wav,3693.72,3694.0799375,foreground
S01_U04.CH4.wav,3693.92,3697.3599375,background
S01_U04.CH4.wav,3697.2,3697.3999375,foreground
S01_U04.CH4.wav,3697.24,3697.5999375,background
S01_U04.CH4.wav,3697.44,3697.9199375,foreground
S01_U04.CH4.wav,3697.76,3698.5599375,background
S01_U04.CH4.wav,3698.4,3698.8399375,foreground
S01_U04.CH4.wav,3698.68,3700.1199375,background
S01_U04.CH4.wav,3699.96,3700.1599375,foreground
S01_U04.CH4.wav,3700,3700.3199375,background
S01_U04.CH4.wav,3700.16,3700.3599375,foreground
S01_U04.CH4.wav,3700.2,3700.3999375,background
S01_U04.CH4.wav,3700.24,3700.5599375,foreground
S01_U04.CH4.wav,3700.4,3700.8799375,background
S01_U04.CH4.wav,3700.72,3701.0399375,foreground
S01_U04.CH4.wav,3700.88,3701.1199375,background
S01_U04.CH4.wav,3700.96,3701.2399375,foreground
S01_U04.CH4.wav,3701.08,3701.4399375,background
S01_U04.CH4.wav,3701.28,3701.5199375,foreground
S01_U04.CH4.wav,3701.36,3703.7199375,background
S01_U04.CH4.wav,3703.56,3703.8399375,foreground
S01_U04.CH4.wav,3703.68,3710.3199375,background
S01_U04.CH4.wav,3710.16,3710.4799375,foreground
S01_U04.CH4.wav,3710.32,3711.1199375,background
S01_U04.CH4.wav,3710.96,3711.4799375,foreground
S01_U04.CH4.wav,3711.32,3713.4399375,background
S01_U04.CH4.wav,3713.28,3713.5599375,foreground
S01_U04.CH4.wav,3713.4,3714.1599375,background
S01_U04.CH4.wav,3714,3714.2799375,foreground
S01_U04.CH4.wav,3714.12,3719.0399375,background
S01_U04.CH4.wav,3718.88,3719.1599375,foreground
S01_U04.CH4.wav,3719,3720.8799375,background
S01_U04.CH4.wav,3720.72,3720.9199375,foreground
S01_U04.CH4.wav,3720.76,3721.0799375,background
S01_U04.CH4.wav,3720.92,3721.2799375,foreground
S01_U04.CH4.wav,3721.12,3722.5999375,background
S01_U04.CH4.wav,3722.44,3722.6399375,foreground
S01_U04.CH4.wav,3722.48,3723.5199375,background
S01_U04.CH4.wav,3723.36,3723.5999375,foreground
S01_U04.CH4.wav,3723.44,3728.7599375,background
S01_U04.CH4.wav,3728.6,3728.9199375,foreground
S01_U04.CH4.wav,3728.76,3729.7999375,background
S01_U04.CH4.wav,3729.64,3729.8799375,foreground
S01_U04.CH4.wav,3729.72,3733.3199375,background
S01_U04.CH4.wav,3733.16,3733.3999375,foreground
S01_U04.CH4.wav,3733.24,3733.5999375,background
S01_U04.CH4.wav,3733.44,3733.7199375,foreground
S01_U04.CH4.wav,3733.56,3736.0399375,background
S01_U04.CH4.wav,3735.88,3736.2399375,foreground
S01_U04.CH4.wav,3736.08,3737.5999375,background
S01_U04.CH4.wav,3737.44,3737.9999375,foreground
S01_U04.CH4.wav,3737.84,3738.5599375,background
S01_U04.CH4.wav,3738.4,3738.8799375,foreground
S01_U04.CH4.wav,3738.72,3738.9599375,background
S01_U04.CH4.wav,3738.8,3739.2799375,foreground
S01_U04.CH4.wav,3739.12,3740.1199375,background
S01_U04.CH4.wav,3739.96,3740.3599375,foreground
S01_U04.CH4.wav,3740.2,3742.1599375,background
S01_U04.CH4.wav,3742,3742.5999375,foreground
S01_U04.CH4.wav,3742.44,3742.8399375,background
S01_U04.CH4.wav,3742.68,3743.0799375,foreground
S01_U04.CH4.wav,3742.92,3743.1199375,background
S01_U04.CH4.wav,3742.96,3743.1999375,foreground
S01_U04.CH4.wav,3743.04,3743.3599375,background
S01_U04.CH4.wav,3743.2,3743.3999375,foreground
S01_U04.CH4.wav,3743.24,3743.6399375,background
S01_U04.CH4.wav,3743.48,3743.6799375,foreground
S01_U04.CH4.wav,3743.52,3743.7199375,background
S01_U04.CH4.wav,3743.56,3743.7599375,foreground
S01_U04.CH4.wav,3743.6,3745.0399375,background
S01_U04.CH4.wav,3744.88,3745.0799375,foreground
S01_U04.CH4.wav,3744.92,3746.9199375,background
S01_U04.CH4.wav,3746.76,3747.3999375,foreground
S01_U04.CH4.wav,3747.24,3748.0399375,background
S01_U04.CH4.wav,3747.88,3748.0799375,foreground
S01_U04.CH4.wav,3747.92,3751.4399375,background
S01_U04.CH4.wav,3751.28,3751.7599375,foreground
S01_U04.CH4.wav,3751.6,3753.5199375,background
S01_U04.CH4.wav,3753.36,3753.5999375,foreground
S01_U04.CH4.wav,3753.44,3757.7999375,background
S01_U04.CH4.wav,3757.64,3757.8399375,foreground
S01_U04.CH4.wav,3757.68,3760.3599375,background
S01_U04.CH4.wav,3760.2,3760.4799375,foreground
S01_U04.CH4.wav,3760.32,3760.5999375,background
S01_U04.CH4.wav,3760.44,3760.6399375,foreground
S01_U04.CH4.wav,3760.48,3761.2399375,background
S01_U04.CH4.wav,3761.08,3761.2799375,foreground
S01_U04.CH4.wav,3761.12,3767.0799375,background
S01_U04.CH4.wav,3766.92,3767.2399375,foreground
S01_U04.CH4.wav,3767.08,3768.1199375,background
S01_U04.CH4.wav,3767.96,3768.1599375,foreground
S01_U04.CH4.wav,3768,3768.3999375,background
S01_U04.CH4.wav,3768.24,3768.5599375,foreground
S01_U04.CH4.wav,3768.4,3768.6399375,background
S01_U04.CH4.wav,3768.48,3768.6799375,foreground
S01_U04.CH4.wav,3768.52,3768.7599375,background
S01_U04.CH4.wav,3768.6,3768.8799375,foreground
S01_U04.CH4.wav,3768.72,3769.4399375,background
S01_U04.CH4.wav,3769.28,3769.5199375,foreground
S01_U04.CH4.wav,3769.36,3770.9599375,background
S01_U04.CH4.wav,3770.8,3771.3199375,foreground
S01_U04.CH4.wav,3771.16,3772.1199375,background
S01_U04.CH4.wav,3771.96,3772.2799375,foreground
S01_U04.CH4.wav,3772.12,3786.4799375,background
S01_U04.CH4.wav,3786.32,3786.7199375,foreground
S01_U04.CH4.wav,3786.56,3786.9599375,background
S01_U04.CH4.wav,3786.8,3787.0399375,foreground
S01_U04.CH4.wav,3786.88,3790.3999375,background
S01_U04.CH4.wav,3790.24,3790.4799375,foreground
S01_U04.CH4.wav,3790.32,3793.0399375,background
S01_U04.CH4.wav,3792.88,3793.0799375,foreground
S01_U04.CH4.wav,3792.92,3793.3599375,background
S01_U04.CH4.wav,3793.2,3793.3999375,foreground
S01_U04.CH4.wav,3793.24,3795.8399375,background
S01_U04.CH4.wav,3795.68,3795.9599375,foreground
S01_U04.CH4.wav,3795.8,3795.9999375,background
S01_U04.CH4.wav,3795.84,3796.0399375,foreground
S01_U04.CH4.wav,3795.88,3801.3199375,background
S01_U04.CH4.wav,3801.16,3801.3999375,foreground
S01_U04.CH4.wav,3801.24,3803.9199375,background
S01_U04.CH4.wav,3803.76,3803.9599375,foreground
S01_U04.CH4.wav,3803.8,3804.1999375,background
S01_U04.CH4.wav,3804.04,3804.4799375,foreground
S01_U04.CH4.wav,3804.32,3807.8399375,background
S01_U04.CH4.wav,3807.68,3807.9199375,foreground
S01_U04.CH4.wav,3807.76,3807.9599375,background
S01_U04.CH4.wav,3807.8,3808.1599375,foreground
S01_U04.CH4.wav,3808,3809.1199375,background
S01_U04.CH4.wav,3808.96,3809.2399375,foreground
S01_U04.CH4.wav,3809.08,3811.0799375,background
S01_U04.CH4.wav,3810.92,3811.2799375,foreground
S01_U04.CH4.wav,3811.12,3811.9599375,background
S01_U04.CH4.wav,3811.8,3812.0399375,foreground
S01_U04.CH4.wav,3811.88,3816.0399375,background
S01_U04.CH4.wav,3815.88,3816.2399375,foreground
S01_U04.CH4.wav,3816.08,3816.2799375,background
S01_U04.CH4.wav,3816.12,3816.3199375,foreground
S01_U04.CH4.wav,3816.16,3816.3599375,background
S01_U04.CH4.wav,3816.2,3816.5199375,foreground
S01_U04.CH4.wav,3816.36,3817.8399375,background
S01_U04.CH4.wav,3817.68,3817.9999375,foreground
S01_U04.CH4.wav,3817.84,3820.5999375,background
S01_U04.CH4.wav,3820.44,3820.7999375,foreground
S01_U04.CH4.wav,3820.64,3823.7599375,background
S01_U04.CH4.wav,3823.6,3823.7999375,foreground
S01_U04.CH4.wav,3823.64,3823.8399375,background
S01_U04.CH4.wav,3823.68,3824.0399375,foreground
S01_U04.CH4.wav,3823.88,3824.2399375,background
S01_U04.CH4.wav,3824.08,3824.2799375,foreground
S01_U04.CH4.wav,3824.12,3825.7199375,background
S01_U04.CH4.wav,3825.56,3825.7599375,foreground
S01_U04.CH4.wav,3825.6,3825.8399375,background
S01_U04.CH4.wav,3825.68,3826.1199375,foreground
S01_U04.CH4.wav,3825.96,3826.5999375,background
S01_U04.CH4.wav,3826.44,3826.8799375,foreground
S01_U04.CH4.wav,3826.72,3827.3999375,background
S01_U04.CH4.wav,3827.24,3827.7599375,foreground
S01_U04.CH4.wav,3827.6,3828.9199375,background
S01_U04.CH4.wav,3828.76,3828.9599375,foreground
S01_U04.CH4.wav,3828.8,3829.7999375,background
S01_U04.CH4.wav,3829.64,3829.8399375,foreground
S01_U04.CH4.wav,3829.68,3831.1599375,background
S01_U04.CH4.wav,3831,3831.1999375,foreground
S01_U04.CH4.wav,3831.04,3832.7999375,background
S01_U04.CH4.wav,3832.64,3832.9599375,foreground
S01_U04.CH4.wav,3832.8,3833.9199375,background
S01_U04.CH4.wav,3833.76,3834.0399375,foreground
S01_U04.CH4.wav,3833.88,3834.5999375,background
S01_U04.CH4.wav,3834.44,3834.8799375,foreground
S01_U04.CH4.wav,3834.72,3834.9199375,background
S01_U04.CH4.wav,3834.76,3834.9599375,foreground
S01_U04.CH4.wav,3834.8,3835.7999375,background
S01_U04.CH4.wav,3835.64,3835.8399375,foreground
S01_U04.CH4.wav,3835.68,3835.8799375,background
S01_U04.CH4.wav,3835.72,3836.0799375,foreground
S01_U04.CH4.wav,3835.92,3836.4399375,background
S01_U04.CH4.wav,3836.28,3836.6399375,foreground
S01_U04.CH4.wav,3836.48,3836.7199375,background
S01_U04.CH4.wav,3836.56,3836.7599375,foreground
S01_U04.CH4.wav,3836.6,3836.9999375,background
S01_U04.CH4.wav,3836.84,3837.0399375,foreground
S01_U04.CH4.wav,3836.88,3839.6399375,background
S01_U04.CH4.wav,3839.48,3839.7199375,foreground
S01_U04.CH4.wav,3839.56,3843.5199375,background
S01_U04.CH4.wav,3843.36,3843.5999375,foreground
S01_U04.CH4.wav,3843.44,3844.1199375,background
S01_U04.CH4.wav,3843.96,3844.3199375,foreground
S01_U04.CH4.wav,3844.16,3844.9599375,background
S01_U04.CH4.wav,3844.8,3844.9999375,foreground
S01_U04.CH4.wav,3844.84,3845.6799375,background
S01_U04.CH4.wav,3845.52,3845.7199375,foreground
S01_U04.CH4.wav,3845.56,3845.7999375,background
S01_U04.CH4.wav,3845.64,3846.0399375,foreground
S01_U04.CH4.wav,3845.88,3846.3199375,background
S01_U04.CH4.wav,3846.16,3846.6399375,foreground
S01_U04.CH4.wav,3846.48,3846.9199375,background
S01_U04.CH4.wav,3846.76,3847.0399375,foreground
S01_U04.CH4.wav,3846.88,3848.2799375,background
S01_U04.CH4.wav,3848.12,3848.3599375,foreground
S01_U04.CH4.wav,3848.2,3849.6799375,background
S01_U04.CH4.wav,3849.52,3849.8399375,foreground
S01_U04.CH4.wav,3849.68,3851.3999375,background
S01_U04.CH4.wav,3851.24,3851.7199375,foreground
S01_U04.CH4.wav,3851.56,3852.9599375,background
S01_U04.CH4.wav,3852.8,3852.9999375,foreground
S01_U04.CH4.wav,3852.84,3858.9999375,background
S01_U04.CH4.wav,3858.84,3859.0799375,foreground
S01_U04.CH4.wav,3858.92,3859.2399375,background
S01_U04.CH4.wav,3859.08,3859.2799375,foreground
S01_U04.CH4.wav,3859.12,3859.4399375,background
S01_U04.CH4.wav,3859.28,3859.5599375,foreground
S01_U04.CH4.wav,3859.4,3860.4399375,background
S01_U04.CH4.wav,3860.28,3860.5199375,foreground
S01_U04.CH4.wav,3860.36,3860.5599375,background
S01_U04.CH4.wav,3860.4,3860.6799375,foreground
S01_U04.CH4.wav,3860.52,3861.3199375,background
S01_U04.CH4.wav,3861.16,3861.4399375,foreground
S01_U04.CH4.wav,3861.28,3864.2799375,background
S01_U04.CH4.wav,3864.12,3864.3199375,foreground
S01_U04.CH4.wav,3864.16,3864.4399375,background
S01_U04.CH4.wav,3864.28,3864.5999375,foreground
S01_U04.CH4.wav,3864.44,3865.1599375,background
S01_U04.CH4.wav,3865,3865.2399375,foreground
S01_U04.CH4.wav,3865.08,3865.4799375,background
S01_U04.CH4.wav,3865.32,3865.7999375,foreground
S01_U04.CH4.wav,3865.64,3866.9199375,background
S01_U04.CH4.wav,3866.76,3866.9999375,foreground
S01_U04.CH4.wav,3866.84,3868.7199375,background
S01_U04.CH4.wav,3868.56,3868.7999375,foreground
S01_U04.CH4.wav,3868.64,3872.0399375,background
S01_U04.CH4.wav,3871.88,3872.3599375,foreground
S01_U04.CH4.wav,3872.2,3872.3999375,background
S01_U04.CH4.wav,3872.24,3872.4399375,foreground
S01_U04.CH4.wav,3872.28,3872.5599375,background
S01_U04.CH4.wav,3872.4,3872.7199375,foreground
S01_U04.CH4.wav,3872.56,3873.7199375,background
S01_U04.CH4.wav,3873.56,3873.7999375,foreground
S01_U04.CH4.wav,3873.64,3874.4399375,background
S01_U04.CH4.wav,3874.28,3874.5599375,foreground
S01_U04.CH4.wav,3874.4,3874.8799375,background
S01_U04.CH4.wav,3874.72,3874.9199375,foreground
S01_U04.CH4.wav,3874.76,3875.1199375,background
S01_U04.CH4.wav,3874.96,3875.1599375,foreground
S01_U04.CH4.wav,3875,3876.2799375,background
S01_U04.CH4.wav,3876.12,3876.4399375,foreground
S01_U04.CH4.wav,3876.28,3877.0399375,background
S01_U04.CH4.wav,3876.88,3877.5199375,foreground
S01_U04.CH4.wav,3877.36,3878.0399375,background
S01_U04.CH4.wav,3877.88,3878.1199375,foreground
S01_U04.CH4.wav,3877.96,3879.5199375,background
S01_U04.CH4.wav,3879.36,3879.6799375,foreground
S01_U04.CH4.wav,3879.52,3879.9199375,background
S01_U04.CH4.wav,3879.76,3879.9999375,foreground
S01_U04.CH4.wav,3879.84,3880.0399375,background
S01_U04.CH4.wav,3879.88,3880.0799375,foreground
S01_U04.CH4.wav,3879.92,3880.6399375,background
S01_U04.CH4.wav,3880.48,3880.8799375,foreground
S01_U04.CH4.wav,3880.72,3881.0399375,background
S01_U04.CH4.wav,3880.88,3881.0799375,foreground
S01_U04.CH4.wav,3880.92,3881.9199375,background
S01_U04.CH4.wav,3881.76,3881.9599375,foreground
S01_U04.CH4.wav,3881.8,3883.5599375,background
S01_U04.CH4.wav,3883.4,3883.5999375,foreground
S01_U04.CH4.wav,3883.44,3883.7199375,background
S01_U04.CH4.wav,3883.56,3883.8399375,foreground
S01_U04.CH4.wav,3883.68,3884.0799375,background
S01_U04.CH4.wav,3883.92,3884.2399375,foreground
S01_U04.CH4.wav,3884.08,3884.9999375,background
S01_U04.CH4.wav,3884.84,3885.0799375,foreground
S01_U04.CH4.wav,3884.92,3885.7199375,background
S01_U04.CH4.wav,3885.56,3885.8799375,foreground
S01_U04.CH4.wav,3885.72,3888.3999375,background
S01_U04.CH4.wav,3888.24,3888.4399375,foreground
S01_U04.CH4.wav,3888.28,3889.6399375,background
S01_U04.CH4.wav,3889.48,3889.6799375,foreground
S01_U04.CH4.wav,3889.52,3890.3199375,background
S01_U04.CH4.wav,3890.16,3890.6399375,foreground
S01_U04.CH4.wav,3890.48,3890.6799375,background
S01_U04.CH4.wav,3890.52,3890.7599375,foreground
S01_U04.CH4.wav,3890.6,3891.9999375,background
S01_U04.CH4.wav,3891.84,3892.0799375,foreground
S01_U04.CH4.wav,3891.92,3893.8799375,background
S01_U04.CH4.wav,3893.72,3893.9199375,foreground
S01_U04.CH4.wav,3893.76,3894.1999375,background
S01_U04.CH4.wav,3894.04,3894.3199375,foreground
S01_U04.CH4.wav,3894.16,3896.2399375,background
S01_U04.CH4.wav,3896.08,3896.2799375,foreground
S01_U04.CH4.wav,3896.12,3897.0399375,background
S01_U04.CH4.wav,3896.88,3897.1199375,foreground
S01_U04.CH4.wav,3896.96,3897.3999375,background
S01_U04.CH4.wav,3897.24,3897.4799375,foreground
S01_U04.CH4.wav,3897.32,3897.6399375,background
S01_U04.CH4.wav,3897.48,3897.6799375,foreground
S01_U04.CH4.wav,3897.52,3900.1599375,background
S01_U04.CH4.wav,3900,3900.1999375,foreground
S01_U04.CH4.wav,3900.04,3901.3599375,background
S01_U04.CH4.wav,3901.2,3901.4799375,foreground
S01_U04.CH4.wav,3901.32,3901.7999375,background
S01_U04.CH4.wav,3901.64,3901.9199375,foreground
S01_U04.CH4.wav,3901.76,3902.1599375,background
S01_U04.CH4.wav,3902,3902.2799375,foreground
S01_U04.CH4.wav,3902.12,3902.5199375,background
S01_U04.CH4.wav,3902.36,3902.7599375,foreground
S01_U04.CH4.wav,3902.6,3902.9999375,background
S01_U04.CH4.wav,3902.84,3903.3199375,foreground
S01_U04.CH4.wav,3903.16,3904.1999375,background
S01_U04.CH4.wav,3904.04,3904.2399375,foreground
S01_U04.CH4.wav,3904.08,3904.7999375,background
S01_U04.CH4.wav,3904.64,3904.9199375,foreground
S01_U04.CH4.wav,3904.76,3906.1199375,background
S01_U04.CH4.wav,3905.96,3906.1999375,foreground
S01_U04.CH4.wav,3906.04,3909.6399375,background
S01_U04.CH4.wav,3909.48,3909.8399375,foreground
S01_U04.CH4.wav,3909.68,3919.8399375,background
S01_U04.CH4.wav,3919.68,3919.9599375,foreground
S01_U04.CH4.wav,3919.8,3920.3999375,background
S01_U04.CH4.wav,3920.24,3920.5999375,foreground
S01_U04.CH4.wav,3920.44,3921.2399375,background
S01_U04.CH4.wav,3921.08,3921.4399375,foreground
S01_U04.CH4.wav,3921.28,3921.9999375,background
S01_U04.CH4.wav,3921.84,3922.0799375,foreground
S01_U04.CH4.wav,3921.92,3922.9199375,background
S01_U04.CH4.wav,3922.76,3922.9999375,foreground
S01_U04.CH4.wav,3922.84,3925.6399375,background
S01_U04.CH4.wav,3925.48,3925.9199375,foreground
S01_U04.CH4.wav,3925.76,3926.5199375,background
S01_U04.CH4.wav,3926.36,3926.5599375,foreground
S01_U04.CH4.wav,3926.4,3927.7999375,background
S01_U04.CH4.wav,3927.64,3927.8399375,foreground
S01_U04.CH4.wav,3927.68,3928.1199375,background
S01_U04.CH4.wav,3927.96,3928.1599375,foreground
S01_U04.CH4.wav,3928,3929.9999375,background
S01_U04.CH4.wav,3929.84,3930.1199375,foreground
S01_U04.CH4.wav,3929.96,3930.3999375,background
S01_U04.CH4.wav,3930.24,3930.5599375,foreground
S01_U04.CH4.wav,3930.4,3930.8799375,background
S01_U04.CH4.wav,3930.72,3931.3599375,foreground
S01_U04.CH4.wav,3931.2,3931.9199375,background
S01_U04.CH4.wav,3931.76,3932.0399375,foreground
S01_U04.CH4.wav,3931.88,3932.1599375,background
S01_U04.CH4.wav,3932,3932.1999375,foreground
S01_U04.CH4.wav,3932.04,3932.2399375,background
S01_U04.CH4.wav,3932.08,3932.2799375,foreground
S01_U04.CH4.wav,3932.12,3932.7199375,background
S01_U04.CH4.wav,3932.56,3932.7999375,foreground
S01_U04.CH4.wav,3932.64,3934.5999375,background
S01_U04.CH4.wav,3934.44,3934.7599375,foreground
S01_U04.CH4.wav,3934.6,3937.8799375,background
S01_U04.CH4.wav,3937.72,3938.1599375,foreground
S01_U04.CH4.wav,3938,3938.6399375,background
S01_U04.CH4.wav,3938.48,3938.8399375,foreground
S01_U04.CH4.wav,3938.68,3939.6399375,background
S01_U04.CH4.wav,3939.48,3939.7199375,foreground
S01_U04.CH4.wav,3939.56,3939.7599375,background
S01_U04.CH4.wav,3939.6,3939.9199375,foreground
S01_U04.CH4.wav,3939.76,3943.8799375,background
S01_U04.CH4.wav,3943.72,3944.0799375,foreground
S01_U04.CH4.wav,3943.92,3944.2399375,background
S01_U04.CH4.wav,3944.08,3944.3999375,foreground
S01_U04.CH4.wav,3944.24,3944.5999375,background
S01_U04.CH4.wav,3944.44,3944.7999375,foreground
S01_U04.CH4.wav,3944.64,3944.9599375,background
S01_U04.CH4.wav,3944.8,3945.1599375,foreground
S01_U04.CH4.wav,3945,3950.8799375,background
S01_U04.CH4.wav,3950.72,3950.9599375,foreground
S01_U04.CH4.wav,3950.8,3952.9599375,background
S01_U04.CH4.wav,3952.8,3953.1599375,foreground
S01_U04.CH4.wav,3953,3955.5199375,background
S01_U04.CH4.wav,3955.36,3955.5999375,foreground
S01_U04.CH4.wav,3955.44,3959.9199375,background
S01_U04.CH4.wav,3959.76,3960.3199375,foreground
S01_U04.CH4.wav,3960.16,3960.8399375,background
S01_U04.CH4.wav,3960.68,3960.8799375,foreground
S01_U04.CH4.wav,3960.72,3962.6799375,background
S01_U04.CH4.wav,3962.52,3962.8399375,foreground
S01_U04.CH4.wav,3962.68,3963.3599375,background
S01_U04.CH4.wav,3963.2,3963.6399375,foreground
S01_U04.CH4.wav,3963.48,3964.5199375,background
S01_U04.CH4.wav,3964.36,3964.5599375,foreground
S01_U04.CH4.wav,3964.4,3964.6799375,background
S01_U04.CH4.wav,3964.52,3964.9999375,foreground
S01_U04.CH4.wav,3964.84,3965.1599375,background
S01_U04.CH4.wav,3965,3965.2799375,foreground
S01_U04.CH4.wav,3965.12,3965.9199375,background
S01_U04.CH4.wav,3965.76,3966.1999375,foreground
S01_U04.CH4.wav,3966.04,3966.9999375,background
S01_U04.CH4.wav,3966.84,3967.6399375,foreground
S01_U04.CH4.wav,3967.48,3967.7599375,background
S01_U04.CH4.wav,3967.6,3967.9999375,foreground
S01_U04.CH4.wav,3967.84,3969.0399375,background
S01_U04.CH4.wav,3968.88,3969.1599375,foreground
S01_U04.CH4.wav,3969,3970.0399375,background
S01_U04.CH4.wav,3969.88,3970.0799375,foreground
S01_U04.CH4.wav,3969.92,3970.1999375,background
S01_U04.CH4.wav,3970.04,3970.3199375,foreground
S01_U04.CH4.wav,3970.16,3970.3599375,background
S01_U04.CH4.wav,3970.2,3970.5599375,foreground
S01_U04.CH4.wav,3970.4,3972.5199375,background
S01_U04.CH4.wav,3972.36,3972.5999375,foreground
S01_U04.CH4.wav,3972.44,3972.7199375,background
S01_U04.CH4.wav,3972.56,3972.9599375,foreground
S01_U04.CH4.wav,3972.8,3973.4799375,background
S01_U04.CH4.wav,3973.32,3973.7199375,foreground
S01_U04.CH4.wav,3973.56,3974.5599375,background
S01_U04.CH4.wav,3974.4,3974.7199375,foreground
S01_U04.CH4.wav,3974.56,3974.7599375,background
S01_U04.CH4.wav,3974.6,3974.8799375,foreground
S01_U04.CH4.wav,3974.72,3975.5599375,background
S01_U04.CH4.wav,3975.4,3975.6399375,foreground
S01_U04.CH4.wav,3975.48,3976.1199375,background
S01_U04.CH4.wav,3975.96,3976.4799375,foreground
S01_U04.CH4.wav,3976.32,3976.5199375,background
S01_U04.CH4.wav,3976.36,3976.5999375,foreground
S01_U04.CH4.wav,3976.44,3977.9199375,background
S01_U04.CH4.wav,3977.76,3978.1199375,foreground
S01_U04.CH4.wav,3977.96,3978.1599375,background
S01_U04.CH4.wav,3978,3978.1999375,foreground
S01_U04.CH4.wav,3978.04,3978.7199375,background
S01_U04.CH4.wav,3978.56,3978.9999375,foreground
S01_U04.CH4.wav,3978.84,3979.1599375,background
S01_U04.CH4.wav,3979,3979.3599375,foreground
S01_U04.CH4.wav,3979.2,3980.0799375,background
S01_U04.CH4.wav,3979.92,3980.2399375,foreground
S01_U04.CH4.wav,3980.08,3980.3599375,background
S01_U04.CH4.wav,3980.2,3980.5199375,foreground
S01_U04.CH4.wav,3980.36,3982.3999375,background
S01_U04.CH4.wav,3982.24,3982.4399375,foreground
S01_U04.CH4.wav,3982.28,3982.4799375,background
S01_U04.CH4.wav,3982.32,3982.6399375,foreground
S01_U04.CH4.wav,3982.48,3982.6799375,background
S01_U04.CH4.wav,3982.52,3982.8799375,foreground
S01_U04.CH4.wav,3982.72,3983.3199375,background
S01_U04.CH4.wav,3983.16,3983.5599375,foreground
S01_U04.CH4.wav,3983.4,3984.3199375,background
S01_U04.CH4.wav,3984.16,3984.3599375,foreground
S01_U04.CH4.wav,3984.2,3984.5199375,background
S01_U04.CH4.wav,3984.36,3984.5599375,foreground
S01_U04.CH4.wav,3984.4,3985.6799375,background
S01_U04.CH4.wav,3985.52,3985.9999375,foreground
S01_U04.CH4.wav,3985.84,3986.3599375,background
S01_U04.CH4.wav,3986.2,3986.4399375,foreground
S01_U04.CH4.wav,3986.28,3986.5599375,background
S01_U04.CH4.wav,3986.4,3986.7999375,foreground
S01_U04.CH4.wav,3986.64,3988.6799375,background
S01_U04.CH4.wav,3988.52,3988.8399375,foreground
S01_U04.CH4.wav,3988.68,3990.0799375,background
S01_U04.CH4.wav,3989.92,3990.5199375,foreground
S01_U04.CH4.wav,3990.36,3990.5599375,background
S01_U04.CH4.wav,3990.4,3990.6799375,foreground
S01_U04.CH4.wav,3990.52,3991.8799375,background
S01_U04.CH4.wav,3991.72,3992.0799375,foreground
S01_U04.CH4.wav,3991.92,3992.4799375,background
S01_U04.CH4.wav,3992.32,3992.5599375,foreground
S01_U04.CH4.wav,3992.4,3992.8799375,background
S01_U04.CH4.wav,3992.72,3993.2799375,foreground
S01_U04.CH4.wav,3993.12,3994.5199375,background
S01_U04.CH4.wav,3994.36,3994.5599375,foreground
S01_U04.CH4.wav,3994.4,3995.1599375,background
S01_U04.CH4.wav,3995,3995.3599375,foreground
S01_U04.CH4.wav,3995.2,3995.5199375,background
S01_U04.CH4.wav,3995.36,3995.6799375,foreground
S01_U04.CH4.wav,3995.52,3995.7199375,background
S01_U04.CH4.wav,3995.56,3995.7599375,foreground
S01_U04.CH4.wav,3995.6,3996.1999375,background
S01_U04.CH4.wav,3996.04,3996.2799375,foreground
S01_U04.CH4.wav,3996.12,3999.3599375,background
S01_U04.CH4.wav,3999.2,3999.4399375,foreground
S01_U04.CH4.wav,3999.28,4000.4799375,background
S01_U04.CH4.wav,4000.32,4000.5599375,foreground
S01_U04.CH4.wav,4000.4,4001.8399375,background
S01_U04.CH4.wav,4001.68,4002.0399375,foreground
S01_U04.CH4.wav,4001.88,4002.1199375,background
S01_U04.CH4.wav,4001.96,4002.2399375,foreground
S01_U04.CH4.wav,4002.08,4002.2799375,background
S01_U04.CH4.wav,4002.12,4002.4799375,foreground
S01_U04.CH4.wav,4002.32,4002.9599375,background
S01_U04.CH4.wav,4002.8,4003.1599375,foreground
S01_U04.CH4.wav,4003,4004.0399375,background
S01_U04.CH4.wav,4003.88,4004.1199375,foreground
S01_U04.CH4.wav,4003.96,4005.4399375,background
S01_U04.CH4.wav,4005.28,4005.5199375,foreground
S01_U04.CH4.wav,4005.36,4005.5999375,background
S01_U04.CH4.wav,4005.44,4005.7599375,foreground
S01_U04.CH4.wav,4005.6,4007.2399375,background
S01_U04.CH4.wav,4007.08,4007.2799375,foreground
S01_U04.CH4.wav,4007.12,4007.3199375,background
S01_U04.CH4.wav,4007.16,4007.5199375,foreground
S01_U04.CH4.wav,4007.36,4009.3599375,background
S01_U04.CH4.wav,4009.2,4009.3999375,foreground
S01_U04.CH4.wav,4009.24,4009.4399375,background
S01_U04.CH4.wav,4009.28,4009.9599375,foreground
S01_U04.CH4.wav,4009.8,4011.7599375,background
S01_U04.CH4.wav,4011.6,4011.8799375,foreground
S01_U04.CH4.wav,4011.72,4012.1199375,background
S01_U04.CH4.wav,4011.96,4012.1599375,foreground
S01_U04.CH4.wav,4012,4012.3199375,background
S01_U04.CH4.wav,4012.16,4012.4399375,foreground
S01_U04.CH4.wav,4012.28,4013.9199375,background
S01_U04.CH4.wav,4013.76,4013.9599375,foreground
S01_U04.CH4.wav,4013.8,4015.2799375,background
S01_U04.CH4.wav,4015.12,4015.3199375,foreground
S01_U04.CH4.wav,4015.16,4017.3199375,background
S01_U04.CH4.wav,4017.16,4017.4399375,foreground
S01_U04.CH4.wav,4017.28,4017.5199375,background
S01_U04.CH4.wav,4017.36,4017.5599375,foreground
S01_U04.CH4.wav,4017.4,4017.9199375,background
S01_U04.CH4.wav,4017.76,4018.0399375,foreground
S01_U04.CH4.wav,4017.88,4018.6799375,background
S01_U04.CH4.wav,4018.52,4018.7199375,foreground
S01_U04.CH4.wav,4018.56,4025.6799375,background
S01_U04.CH4.wav,4025.52,4025.7599375,foreground
S01_U04.CH4.wav,4025.6,4025.8399375,background
S01_U04.CH4.wav,4025.68,4025.9199375,foreground
S01_U04.CH4.wav,4025.76,4026.5199375,background
S01_U04.CH4.wav,4026.36,4026.5599375,foreground
S01_U04.CH4.wav,4026.4,4026.5999375,background
S01_U04.CH4.wav,4026.44,4026.7599375,foreground
S01_U04.CH4.wav,4026.6,4028.0399375,background
S01_U04.CH4.wav,4027.88,4028.5599375,foreground
S01_U04.CH4.wav,4028.4,4029.8399375,background
S01_U04.CH4.wav,4029.68,4029.8799375,foreground
S01_U04.CH4.wav,4029.72,4030.8399375,background
S01_U04.CH4.wav,4030.68,4030.9999375,foreground
S01_U04.CH4.wav,4030.84,4033.0799375,background
S01_U04.CH4.wav,4032.92,4033.1199375,foreground
S01_U04.CH4.wav,4032.96,4035.4399375,background
S01_U04.CH4.wav,4035.28,4035.9599375,foreground
S01_U04.CH4.wav,4035.8,4036.7199375,background
S01_U04.CH4.wav,4036.56,4036.7599375,foreground
S01_U04.CH4.wav,4036.6,4037.8799375,background
S01_U04.CH4.wav,4037.72,4037.9199375,foreground
S01_U04.CH4.wav,4037.76,4045.9599375,background
S01_U04.CH4.wav,4045.8,4045.9999375,foreground
S01_U04.CH4.wav,4045.84,4046.3599375,background
S01_U04.CH4.wav,4046.2,4046.5599375,foreground
S01_U04.CH4.wav,4046.4,4046.8399375,background
S01_U04.CH4.wav,4046.68,4046.8799375,foreground
S01_U04.CH4.wav,4046.72,4046.9999375,background
S01_U04.CH4.wav,4046.84,4047.0399375,foreground
S01_U04.CH4.wav,4046.88,4048.8399375,background
S01_U04.CH4.wav,4048.68,4048.8799375,foreground
S01_U04.CH4.wav,4048.72,4049.3199375,background
S01_U04.CH4.wav,4049.16,4049.4799375,foreground
S01_U04.CH4.wav,4049.32,4050.6399375,background
S01_U04.CH4.wav,4050.48,4050.7999375,foreground
S01_U04.CH4.wav,4050.64,4051.5999375,background
S01_U04.CH4.wav,4051.44,4051.9199375,foreground
S01_U04.CH4.wav,4051.76,4052.0799375,background
S01_U04.CH4.wav,4051.92,4052.4399375,foreground
S01_U04.CH4.wav,4052.28,4053.7199375,background
S01_U04.CH4.wav,4053.56,4053.8399375,foreground
S01_U04.CH4.wav,4053.68,4053.9199375,background
S01_U04.CH4.wav,4053.76,4054.0799375,foreground
S01_U04.CH4.wav,4053.92,4054.2799375,background
S01_U04.CH4.wav,4054.12,4054.5599375,foreground
S01_U04.CH4.wav,4054.4,4057.1199375,background
S01_U04.CH4.wav,4056.96,4057.1999375,foreground
S01_U04.CH4.wav,4057.04,4059.3199375,background
S01_U04.CH4.wav,4059.16,4059.4399375,foreground
S01_U04.CH4.wav,4059.28,4061.2799375,background
S01_U04.CH4.wav,4061.12,4061.3999375,foreground
S01_U04.CH4.wav,4061.24,4061.6399375,background
S01_U04.CH4.wav,4061.48,4061.7999375,foreground
S01_U04.CH4.wav,4061.64,4062.7999375,background
S01_U04.CH4.wav,4062.64,4062.8799375,foreground
S01_U04.CH4.wav,4062.72,4062.9599375,background
S01_U04.CH4.wav,4062.8,4063.0399375,foreground
S01_U04.CH4.wav,4062.88,4063.0799375,background
S01_U04.CH4.wav,4062.92,4063.1199375,foreground
S01_U04.CH4.wav,4062.96,4063.7599375,background
S01_U04.CH4.wav,4063.6,4063.8399375,foreground
S01_U04.CH4.wav,4063.68,4065.4399375,background
S01_U04.CH4.wav,4065.28,4065.5599375,foreground
S01_U04.CH4.wav,4065.4,4067.0399375,background
S01_U04.CH4.wav,4066.88,4067.0799375,foreground
S01_U04.CH4.wav,4066.92,4067.1199375,background
S01_U04.CH4.wav,4066.96,4067.2799375,foreground
S01_U04.CH4.wav,4067.12,4067.3999375,background
S01_U04.CH4.wav,4067.24,4067.4399375,foreground
S01_U04.CH4.wav,4067.28,4067.5199375,background
S01_U04.CH4.wav,4067.36,4067.8799375,foreground
S01_U04.CH4.wav,4067.72,4068.6399375,background
S01_U04.CH4.wav,4068.48,4068.8399375,foreground
S01_U04.CH4.wav,4068.68,4070.1599375,background
S01_U04.CH4.wav,4070,4070.1999375,foreground
S01_U04.CH4.wav,4070.04,4070.5199375,background
S01_U04.CH4.wav,4070.36,4070.5999375,foreground
S01_U04.CH4.wav,4070.44,4071.6799375,background
S01_U04.CH4.wav,4071.52,4071.7999375,foreground
S01_U04.CH4.wav,4071.64,4072.2399375,background
S01_U04.CH4.wav,4072.08,4072.3599375,foreground
S01_U04.CH4.wav,4072.2,4072.9999375,background
S01_U04.CH4.wav,4072.84,4073.0399375,foreground
S01_U04.CH4.wav,4072.88,4073.3199375,background
S01_U04.CH4.wav,4073.16,4073.3999375,foreground
S01_U04.CH4.wav,4073.24,4074.5199375,background
S01_U04.CH4.wav,4074.36,4074.6399375,foreground
S01_U04.CH4.wav,4074.48,4075.5599375,background
S01_U04.CH4.wav,4075.4,4075.5999375,foreground
S01_U04.CH4.wav,4075.44,4075.7199375,background
S01_U04.CH4.wav,4075.56,4075.7999375,foreground
S01_U04.CH4.wav,4075.64,4076.4399375,background
S01_U04.CH4.wav,4076.28,4076.5999375,foreground
S01_U04.CH4.wav,4076.44,4077.4799375,background
S01_U04.CH4.wav,4077.32,4077.7199375,foreground
S01_U04.CH4.wav,4077.56,4081.1199375,background
S01_U04.CH4.wav,4080.96,4081.4799375,foreground
S01_U04.CH4.wav,4081.32,4081.9599375,background
S01_U04.CH4.wav,4081.8,4082.0799375,foreground
S01_U04.CH4.wav,4081.92,4083.1999375,background
S01_U04.CH4.wav,4083.04,4083.3999375,foreground
S01_U04.CH4.wav,4083.24,4084.2799375,background
S01_U04.CH4.wav,4084.12,4084.3199375,foreground
S01_U04.CH4.wav,4084.16,4085.5599375,background
S01_U04.CH4.wav,4085.4,4085.6399375,foreground
S01_U04.CH4.wav,4085.48,4086.0399375,background
S01_U04.CH4.wav,4085.88,4086.1199375,foreground
S01_U04.CH4.wav,4085.96,4086.2399375,background
S01_U04.CH4.wav,4086.08,4086.4399375,foreground
S01_U04.CH4.wav,4086.28,4087.1199375,background
S01_U04.CH4.wav,4086.96,4087.1599375,foreground
S01_U04.CH4.wav,4087,4087.9599375,background
S01_U04.CH4.wav,4087.8,4087.9999375,foreground
S01_U04.CH4.wav,4087.84,4088.1599375,background
S01_U04.CH4.wav,4088,4088.3199375,foreground
S01_U04.CH4.wav,4088.16,4088.3599375,background
S01_U04.CH4.wav,4088.2,4088.4399375,foreground
S01_U04.CH4.wav,4088.28,4089.5199375,background
S01_U04.CH4.wav,4089.36,4089.5999375,foreground
S01_U04.CH4.wav,4089.44,4089.6799375,background
S01_U04.CH4.wav,4089.52,4089.7599375,foreground
S01_U04.CH4.wav,4089.6,4090.5599375,background
S01_U04.CH4.wav,4090.4,4090.5999375,foreground
S01_U04.CH4.wav,4090.44,4092.5999375,background
S01_U04.CH4.wav,4092.44,4092.6399375,foreground
S01_U04.CH4.wav,4092.48,4092.7199375,background
S01_U04.CH4.wav,4092.56,4092.7599375,foreground
S01_U04.CH4.wav,4092.6,4092.7999375,background
S01_U04.CH4.wav,4092.64,4092.8799375,foreground
S01_U04.CH4.wav,4092.72,4093.3599375,background
S01_U04.CH4.wav,4093.2,4093.3999375,foreground
S01_U04.CH4.wav,4093.24,4093.4399375,background
S01_U04.CH4.wav,4093.28,4093.4799375,foreground
S01_U04.CH4.wav,4093.32,4093.7599375,background
S01_U04.CH4.wav,4093.6,4093.8399375,foreground
S01_U04.CH4.wav,4093.68,4094.1199375,background
S01_U04.CH4.wav,4093.96,4094.1599375,foreground
S01_U04.CH4.wav,4094,4095.2799375,background
S01_U04.CH4.wav,4095.12,4095.3999375,foreground
S01_U04.CH4.wav,4095.24,4095.9999375,background
S01_U04.CH4.wav,4095.84,4096.0399375,foreground
S01_U04.CH4.wav,4095.88,4096.0799375,background
S01_U04.CH4.wav,4095.92,4096.1599375,foreground
S01_U04.CH4.wav,4096,4096.1999375,background
S01_U04.CH4.wav,4096.04,4096.2399375,foreground
S01_U04.CH4.wav,4096.08,4096.3599375,background
S01_U04.CH4.wav,4096.2,4096.3999375,foreground
S01_U04.CH4.wav,4096.24,4097.1599375,background
S01_U04.CH4.wav,4097,4097.6799375,foreground
S01_U04.CH4.wav,4097.52,4097.7999375,background
S01_U04.CH4.wav,4097.64,4097.8799375,foreground
S01_U04.CH4.wav,4097.72,4097.9999375,background
S01_U04.CH4.wav,4097.84,4098.0399375,foreground
S01_U04.CH4.wav,4097.88,4098.1599375,background
S01_U04.CH4.wav,4098,4098.4399375,foreground
S01_U04.CH4.wav,4098.28,4098.6399375,background
S01_U04.CH4.wav,4098.48,4098.7599375,foreground
S01_U04.CH4.wav,4098.6,4098.7999375,background
S01_U04.CH4.wav,4098.64,4098.8799375,foreground
S01_U04.CH4.wav,4098.72,4098.9199375,background
S01_U04.CH4.wav,4098.76,4098.9599375,foreground
S01_U04.CH4.wav,4098.8,4099.2399375,background
S01_U04.CH4.wav,4099.08,4099.4399375,foreground
S01_U04.CH4.wav,4099.28,4100.3999375,background
S01_U04.CH4.wav,4100.24,4100.4399375,foreground
S01_U04.CH4.wav,4100.28,4100.4799375,background
S01_U04.CH4.wav,4100.32,4100.5199375,foreground
S01_U04.CH4.wav,4100.36,4101.7199375,background
S01_U04.CH4.wav,4101.56,4101.8799375,foreground
S01_U04.CH4.wav,4101.72,4101.9599375,background
S01_U04.CH4.wav,4101.8,4101.9999375,foreground
S01_U04.CH4.wav,4101.84,4102.3599375,background
S01_U04.CH4.wav,4102.2,4102.5199375,foreground
S01_U04.CH4.wav,4102.36,4103.1999375,background
S01_U04.CH4.wav,4103.04,4103.2399375,foreground
S01_U04.CH4.wav,4103.08,4103.7199375,background
S01_U04.CH4.wav,4103.56,4103.8399375,foreground
S01_U04.CH4.wav,4103.68,4103.8799375,background
S01_U04.CH4.wav,4103.72,4104.2799375,foreground
S01_U04.CH4.wav,4104.12,4104.4799375,background
S01_U04.CH4.wav,4104.32,4104.5599375,foreground
S01_U04.CH4.wav,4104.4,4105.1199375,background
S01_U04.CH4.wav,4104.96,4105.3599375,foreground
S01_U04.CH4.wav,4105.2,4105.5199375,background
S01_U04.CH4.wav,4105.36,4105.9199375,foreground
S01_U04.CH4.wav,4105.76,4106.0399375,background
S01_U04.CH4.wav,4105.88,4106.0799375,foreground
S01_U04.CH4.wav,4105.92,4106.1599375,background
S01_U04.CH4.wav,4106,4106.2799375,foreground
S01_U04.CH4.wav,4106.12,4107.8399375,background
S01_U04.CH4.wav,4107.68,4107.9199375,foreground
S01_U04.CH4.wav,4107.76,4108.3199375,background
S01_U04.CH4.wav,4108.16,4108.4399375,foreground
S01_U04.CH4.wav,4108.28,4108.4799375,background
S01_U04.CH4.wav,4108.32,4108.5199375,foreground
S01_U04.CH4.wav,4108.36,4110.3599375,background
S01_U04.CH4.wav,4110.2,4110.5199375,foreground
S01_U04.CH4.wav,4110.36,4110.5599375,background
S01_U04.CH4.wav,4110.4,4110.6799375,foreground
S01_U04.CH4.wav,4110.52,4110.7999375,background
S01_U04.CH4.wav,4110.64,4110.9599375,foreground
S01_U04.CH4.wav,4110.8,4112.9999375,background
S01_U04.CH4.wav,4112.84,4113.3599375,foreground
S01_U04.CH4.wav,4113.2,4113.3999375,background
S01_U04.CH4.wav,4113.24,4113.4399375,foreground
S01_U04.CH4.wav,4113.28,4114.2399375,background
S01_U04.CH4.wav,4114.08,4114.3599375,foreground
S01_U04.CH4.wav,4114.2,4115.1199375,background
S01_U04.CH4.wav,4114.96,4115.1599375,foreground
S01_U04.CH4.wav,4115,4115.4399375,background
S01_U04.CH4.wav,4115.28,4115.4799375,foreground
S01_U04.CH4.wav,4115.32,4115.5599375,background
S01_U04.CH4.wav,4115.4,4115.7199375,foreground
S01_U04.CH4.wav,4115.56,4116.7199375,background
S01_U04.CH4.wav,4116.56,4116.7599375,foreground
S01_U04.CH4.wav,4116.6,4116.9999375,background
S01_U04.CH4.wav,4116.84,4117.1199375,foreground
S01_U04.CH4.wav,4116.96,4117.1599375,background
S01_U04.CH4.wav,4117,4117.2399375,foreground
S01_U04.CH4.wav,4117.08,4117.3199375,background
S01_U04.CH4.wav,4117.16,4117.3599375,foreground
S01_U04.CH4.wav,4117.2,4117.4399375,background
S01_U04.CH4.wav,4117.28,4117.5999375,foreground
S01_U04.CH4.wav,4117.44,4117.9999375,background
S01_U04.CH4.wav,4117.84,4118.0799375,foreground
S01_U04.CH4.wav,4117.92,4118.7999375,background
S01_U04.CH4.wav,4118.64,4118.8399375,foreground
S01_U04.CH4.wav,4118.68,4118.8799375,background
S01_U04.CH4.wav,4118.72,4118.9199375,foreground
S01_U04.CH4.wav,4118.76,4119.3599375,background
S01_U04.CH4.wav,4119.2,4119.4799375,foreground
S01_U04.CH4.wav,4119.32,4119.5199375,background
S01_U04.CH4.wav,4119.36,4119.8799375,foreground
S01_U04.CH4.wav,4119.72,4123.4399375,background
S01_U04.CH4.wav,4123.28,4123.5999375,foreground
S01_U04.CH4.wav,4123.44,4124.1999375,background
S01_U04.CH4.wav,4124.04,4124.2799375,foreground
S01_U04.CH4.wav,4124.12,4124.3599375,background
S01_U04.CH4.wav,4124.2,4124.5599375,foreground
S01_U04.CH4.wav,4124.4,4124.5999375,background
S01_U04.CH4.wav,4124.44,4124.6799375,foreground
S01_U04.CH4.wav,4124.52,4124.8799375,background
S01_U04.CH4.wav,4124.72,4124.9599375,foreground
S01_U04.CH4.wav,4124.8,4125.0799375,background
S01_U04.CH4.wav,4124.92,4125.1199375,foreground
S01_U04.CH4.wav,4124.96,4130.6399375,background
S01_U04.CH4.wav,4130.48,4130.6799375,foreground
S01_U04.CH4.wav,4130.52,4130.7199375,background
S01_U04.CH4.wav,4130.56,4130.8399375,foreground
S01_U04.CH4.wav,4130.68,4131.2799375,background
S01_U04.CH4.wav,4131.12,4131.3599375,foreground
S01_U04.CH4.wav,4131.2,4133.2399375,background
S01_U04.CH4.wav,4133.08,4133.3599375,foreground
S01_U04.CH4.wav,4133.2,4136.2799375,background
S01_U04.CH4.wav,4136.12,4136.3199375,foreground
S01_U04.CH4.wav,4136.16,4136.3599375,background
S01_U04.CH4.wav,4136.2,4136.4399375,foreground
S01_U04.CH4.wav,4136.28,4136.5599375,background
S01_U04.CH4.wav,4136.4,4136.5999375,foreground
S01_U04.CH4.wav,4136.44,4138.9199375,background
S01_U04.CH4.wav,4138.76,4139.2399375,foreground
S01_U04.CH4.wav,4139.08,4139.5199375,background
S01_U04.CH4.wav,4139.36,4139.5599375,foreground
S01_U04.CH4.wav,4139.4,4143.1599375,background
S01_U04.CH4.wav,4143,4143.2799375,foreground
S01_U04.CH4.wav,4143.12,4143.3199375,background
S01_U04.CH4.wav,4143.16,4143.4799375,foreground
S01_U04.CH4.wav,4143.32,4143.7199375,background
S01_U04.CH4.wav,4143.56,4143.7999375,foreground
S01_U04.CH4.wav,4143.64,4144.9999375,background
S01_U04.CH4.wav,4144.84,4145.0799375,foreground
S01_U04.CH4.wav,4144.92,4145.7999375,background
S01_U04.CH4.wav,4145.64,4145.9999375,foreground
S01_U04.CH4.wav,4145.84,4146.2399375,background
S01_U04.CH4.wav,4146.08,4146.2799375,foreground
S01_U04.CH4.wav,4146.12,4147.3199375,background
S01_U04.CH4.wav,4147.16,4147.5199375,foreground
S01_U04.CH4.wav,4147.36,4149.1199375,background
S01_U04.CH4.wav,4148.96,4149.1599375,foreground
S01_U04.CH4.wav,4149,4149.3599375,background
S01_U04.CH4.wav,4149.2,4149.4799375,foreground
S01_U04.CH4.wav,4149.32,4149.5599375,background
S01_U04.CH4.wav,4149.4,4149.5999375,foreground
S01_U04.CH4.wav,4149.44,4149.6399375,background
S01_U04.CH4.wav,4149.48,4149.7199375,foreground
S01_U04.CH4.wav,4149.56,4149.7599375,background
S01_U04.CH4.wav,4149.6,4149.9199375,foreground
S01_U04.CH4.wav,4149.76,4149.9599375,background
S01_U04.CH4.wav,4149.8,4150.1599375,foreground
S01_U04.CH4.wav,4150,4150.4799375,background
S01_U04.CH4.wav,4150.32,4150.5599375,foreground
S01_U04.CH4.wav,4150.4,4150.6399375,background
S01_U04.CH4.wav,4150.48,4150.9599375,foreground
S01_U04.CH4.wav,4150.8,4152.1199375,background
S01_U04.CH4.wav,4151.96,4152.2799375,foreground
S01_U04.CH4.wav,4152.12,4152.3199375,background
S01_U04.CH4.wav,4152.16,4152.3599375,foreground
S01_U04.CH4.wav,4152.2,4152.4399375,background
S01_U04.CH4.wav,4152.28,4152.7199375,foreground
S01_U04.CH4.wav,4152.56,4155.7999375,background
S01_U04.CH4.wav,4155.64,4155.8399375,foreground
S01_U04.CH4.wav,4155.68,4156.2799375,background
S01_U04.CH4.wav,4156.12,4156.3199375,foreground
S01_U04.CH4.wav,4156.16,4156.3599375,background
S01_U04.CH4.wav,4156.2,4156.7599375,foreground
S01_U04.CH4.wav,4156.6,4157.0799375,background
S01_U04.CH4.wav,4156.92,4157.2799375,foreground
S01_U04.CH4.wav,4157.12,4158.7999375,background
S01_U04.CH4.wav,4158.64,4158.8799375,foreground
S01_U04.CH4.wav,4158.72,4159.6799375,background
S01_U04.CH4.wav,4159.52,4159.7199375,foreground
S01_U04.CH4.wav,4159.56,4159.7599375,background
S01_U04.CH4.wav,4159.6,4159.8799375,foreground
S01_U04.CH4.wav,4159.72,4161.3199375,background
S01_U04.CH4.wav,4161.16,4161.3999375,foreground
S01_U04.CH4.wav,4161.24,4161.4399375,background
S01_U04.CH4.wav,4161.28,4161.6399375,foreground
S01_U04.CH4.wav,4161.48,4163.3599375,background
S01_U04.CH4.wav,4163.2,4163.9599375,foreground
S01_U04.CH4.wav,4163.8,4164.1599375,background
S01_U04.CH4.wav,4164,4164.1999375,foreground
S01_U04.CH4.wav,4164.04,4164.9199375,background
S01_U04.CH4.wav,4164.76,4164.9999375,foreground
S01_U04.CH4.wav,4164.84,4166.3599375,background
S01_U04.CH4.wav,4166.2,4166.4399375,foreground
S01_U04.CH4.wav,4166.28,4167.9199375,background
S01_U04.CH4.wav,4167.76,4168.0799375,foreground
S01_U04.CH4.wav,4167.92,4168.5599375,background
S01_U04.CH4.wav,4168.4,4168.5999375,foreground
S01_U04.CH4.wav,4168.44,4168.6399375,background
S01_U04.CH4.wav,4168.48,4168.6799375,foreground
S01_U04.CH4.wav,4168.52,4170.7999375,background
S01_U04.CH4.wav,4170.64,4171.2399375,foreground
S01_U04.CH4.wav,4171.08,4171.3199375,background
S01_U04.CH4.wav,4171.16,4171.4799375,foreground
S01_U04.CH4.wav,4171.32,4171.5199375,background
S01_U04.CH4.wav,4171.36,4171.5999375,foreground
S01_U04.CH4.wav,4171.44,4172.7199375,background
S01_U04.CH4.wav,4172.56,4172.9599375,foreground
S01_U04.CH4.wav,4172.8,4173.1999375,background
S01_U04.CH4.wav,4173.04,4173.2799375,foreground
S01_U04.CH4.wav,4173.12,4173.8799375,background
S01_U04.CH4.wav,4173.72,4173.9199375,foreground
S01_U04.CH4.wav,4173.76,4173.9599375,background
S01_U04.CH4.wav,4173.8,4174.0399375,foreground
S01_U04.CH4.wav,4173.88,4174.9599375,background
S01_U04.CH4.wav,4174.8,4174.9999375,foreground
S01_U04.CH4.wav,4174.84,4175.0399375,background
S01_U04.CH4.wav,4174.88,4175.3999375,foreground
S01_U04.CH4.wav,4175.24,4177.1599375,background
S01_U04.CH4.wav,4177,4177.4399375,foreground
S01_U04.CH4.wav,4177.28,4178.1599375,background
S01_U04.CH4.wav,4178,4178.3599375,foreground
S01_U04.CH4.wav,4178.2,4179.4399375,background
S01_U04.CH4.wav,4179.28,4179.6399375,foreground
S01_U04.CH4.wav,4179.48,4182.1999375,background
S01_U04.CH4.wav,4182.04,4182.3999375,foreground
S01_U04.CH4.wav,4182.24,4182.4399375,background
S01_U04.CH4.wav,4182.28,4182.5199375,foreground
S01_U04.CH4.wav,4182.36,4182.6799375,background
S01_U04.CH4.wav,4182.52,4182.7599375,foreground
S01_U04.CH4.wav,4182.6,4184.7199375,background
S01_U04.CH4.wav,4184.56,4184.7999375,foreground
S01_U04.CH4.wav,4184.64,4186.1199375,background
S01_U04.CH4.wav,4185.96,4186.4399375,foreground
S01_U04.CH4.wav,4186.28,4186.9199375,background
S01_U04.CH4.wav,4186.76,4187.1599375,foreground
S01_U04.CH4.wav,4187,4187.2799375,background
S01_U04.CH4.wav,4187.12,4187.3599375,foreground
S01_U04.CH4.wav,4187.2,4190.6399375,background
S01_U04.CH4.wav,4190.48,4190.9199375,foreground
S01_U04.CH4.wav,4190.76,4191.0399375,background
S01_U04.CH4.wav,4190.88,4191.1199375,foreground
S01_U04.CH4.wav,4190.96,4191.2799375,background
S01_U04.CH4.wav,4191.12,4191.5999375,foreground
S01_U04.CH4.wav,4191.44,4193.6799375,background
S01_U04.CH4.wav,4193.52,4193.9999375,foreground
S01_U04.CH4.wav,4193.84,4194.6399375,background
S01_U04.CH4.wav,4194.48,4194.7999375,foreground
S01_U04.CH4.wav,4194.64,4195.0399375,background
S01_U04.CH4.wav,4194.88,4195.0799375,foreground
S01_U04.CH4.wav,4194.92,4195.4799375,background
S01_U04.CH4.wav,4195.32,4195.5199375,foreground
S01_U04.CH4.wav,4195.36,4195.9199375,background
S01_U04.CH4.wav,4195.76,4196.0399375,foreground
S01_U04.CH4.wav,4195.88,4196.3199375,background
S01_U04.CH4.wav,4196.16,4196.4799375,foreground
S01_U04.CH4.wav,4196.32,4197.5599375,background
S01_U04.CH4.wav,4197.4,4197.6799375,foreground
S01_U04.CH4.wav,4197.52,4197.7599375,background
S01_U04.CH4.wav,4197.6,4197.8399375,foreground
S01_U04.CH4.wav,4197.68,4197.9999375,background
S01_U04.CH4.wav,4197.84,4198.1599375,foreground
S01_U04.CH4.wav,4198,4198.3599375,background
S01_U04.CH4.wav,4198.2,4198.3999375,foreground
S01_U04.CH4.wav,4198.24,4198.7999375,background
S01_U04.CH4.wav,4198.64,4198.8799375,foreground
S01_U04.CH4.wav,4198.72,4200.6399375,background
S01_U04.CH4.wav,4200.48,4200.7199375,foreground
S01_U04.CH4.wav,4200.56,4200.9199375,background
S01_U04.CH4.wav,4200.76,4201.1199375,foreground
S01_U04.CH4.wav,4200.96,4202.0799375,background
S01_U04.CH4.wav,4201.92,4202.3599375,foreground
S01_U04.CH4.wav,4202.2,4202.4799375,background
S01_U04.CH4.wav,4202.32,4202.7199375,foreground
S01_U04.CH4.wav,4202.56,4203.4399375,background
S01_U04.CH4.wav,4203.28,4203.5599375,foreground
S01_U04.CH4.wav,4203.4,4204.4799375,background
S01_U04.CH4.wav,4204.32,4204.5199375,foreground
S01_U04.CH4.wav,4204.36,4204.5599375,background
S01_U04.CH4.wav,4204.4,4204.5999375,foreground
S01_U04.CH4.wav,4204.44,4205.4399375,background
S01_U04.CH4.wav,4205.28,4205.5199375,foreground
S01_U04.CH4.wav,4205.36,4205.5999375,background
S01_U04.CH4.wav,4205.44,4205.6399375,foreground
S01_U04.CH4.wav,4205.48,4206.0399375,background
S01_U04.CH4.wav,4205.88,4206.3599375,foreground
S01_U04.CH4.wav,4206.2,4206.4399375,background
S01_U04.CH4.wav,4206.28,4206.5199375,foreground
S01_U04.CH4.wav,4206.36,4206.5599375,background
S01_U04.CH4.wav,4206.4,4206.7599375,foreground
S01_U04.CH4.wav,4206.6,4207.9599375,background
S01_U04.CH4.wav,4207.8,4208.1199375,foreground
S01_U04.CH4.wav,4207.96,4210.8799375,background
S01_U04.CH4.wav,4210.72,4210.9199375,foreground
S01_U04.CH4.wav,4210.76,4210.9999375,background
S01_U04.CH4.wav,4210.84,4211.1199375,foreground
S01_U04.CH4.wav,4210.96,4211.1599375,background
S01_U04.CH4.wav,4211,4211.1999375,foreground
S01_U04.CH4.wav,4211.04,4211.2399375,background
S01_U04.CH4.wav,4211.08,4211.4799375,foreground
S01_U04.CH4.wav,4211.32,4212.2799375,background
S01_U04.CH4.wav,4212.12,4212.3199375,foreground
S01_U04.CH4.wav,4212.16,4212.4399375,background
S01_U04.CH4.wav,4212.28,4212.7199375,foreground
S01_U04.CH4.wav,4212.56,4215.0799375,background
S01_U04.CH4.wav,4214.92,4215.1199375,foreground
S01_U04.CH4.wav,4214.96,4216.6799375,background
S01_U04.CH4.wav,4216.52,4216.7599375,foreground
S01_U04.CH4.wav,4216.6,4223.7199375,background
S01_U04.CH4.wav,4223.56,4224.1199375,foreground
S01_U04.CH4.wav,4223.96,4224.3599375,background
S01_U04.CH4.wav,4224.2,4224.5199375,foreground
S01_U04.CH4.wav,4224.36,4224.7199375,background
S01_U04.CH4.wav,4224.56,4224.9599375,foreground
S01_U04.CH4.wav,4224.8,4225.0399375,background
S01_U04.CH4.wav,4224.88,4225.0799375,foreground
S01_U04.CH4.wav,4224.92,4225.2399375,background
S01_U04.CH4.wav,4225.08,4225.2799375,foreground
S01_U04.CH4.wav,4225.12,4225.3199375,background
S01_U04.CH4.wav,4225.16,4225.3999375,foreground
S01_U04.CH4.wav,4225.24,4225.7199375,background
S01_U04.CH4.wav,4225.56,4225.7999375,foreground
S01_U04.CH4.wav,4225.64,4226.8799375,background
S01_U04.CH4.wav,4226.72,4227.0399375,foreground
S01_U04.CH4.wav,4226.88,4227.4399375,background
S01_U04.CH4.wav,4227.28,4227.4799375,foreground
S01_U04.CH4.wav,4227.32,4228.2399375,background
S01_U04.CH4.wav,4228.08,4228.2799375,foreground
S01_U04.CH4.wav,4228.12,4228.6799375,background
S01_U04.CH4.wav,4228.52,4228.7199375,foreground
S01_U04.CH4.wav,4228.56,4229.9599375,background
S01_U04.CH4.wav,4229.8,4230.1599375,foreground
S01_U04.CH4.wav,4230,4230.7199375,background
S01_U04.CH4.wav,4230.56,4230.9999375,foreground
S01_U04.CH4.wav,4230.84,4231.5199375,background
S01_U04.CH4.wav,4231.36,4231.8399375,foreground
S01_U04.CH4.wav,4231.68,4233.3599375,background
S01_U04.CH4.wav,4233.2,4233.4399375,foreground
S01_U04.CH4.wav,4233.28,4234.3999375,background
S01_U04.CH4.wav,4234.24,4234.4399375,foreground
S01_U04.CH4.wav,4234.28,4235.7999375,background
S01_U04.CH4.wav,4235.64,4235.8799375,foreground
S01_U04.CH4.wav,4235.72,4237.1599375,background
S01_U04.CH4.wav,4237,4237.3599375,foreground
S01_U04.CH4.wav,4237.2,4240.1199375,background
S01_U04.CH4.wav,4239.96,4240.3599375,foreground
S01_U04.CH4.wav,4240.2,4241.9199375,background
S01_U04.CH4.wav,4241.76,4242.0799375,foreground
S01_U04.CH4.wav,4241.92,4247.1599375,background
S01_U04.CH4.wav,4247,4247.3199375,foreground
S01_U04.CH4.wav,4247.16,4247.3599375,background
S01_U04.CH4.wav,4247.2,4247.3999375,foreground
S01_U04.CH4.wav,4247.24,4248.4399375,background
S01_U04.CH4.wav,4248.28,4248.5199375,foreground
S01_U04.CH4.wav,4248.36,4248.5999375,background
S01_U04.CH4.wav,4248.44,4248.6399375,foreground
S01_U04.CH4.wav,4248.48,4249.7999375,background
S01_U04.CH4.wav,4249.64,4249.9199375,foreground
S01_U04.CH4.wav,4249.76,4249.9999375,background
S01_U04.CH4.wav,4249.84,4250.2399375,foreground
S01_U04.CH4.wav,4250.08,4250.9999375,background
S01_U04.CH4.wav,4250.84,4251.1199375,foreground
S01_U04.CH4.wav,4250.96,4251.2799375,background
S01_U04.CH4.wav,4251.12,4251.3999375,foreground
S01_U04.CH4.wav,4251.24,4252.1999375,background
S01_U04.CH4.wav,4252.04,4252.2799375,foreground
S01_U04.CH4.wav,4252.12,4252.8399375,background
S01_U04.CH4.wav,4252.68,4253.0799375,foreground
S01_U04.CH4.wav,4252.92,4253.2399375,background
S01_U04.CH4.wav,4253.08,4253.2799375,foreground
S01_U04.CH4.wav,4253.12,4253.7999375,background
S01_U04.CH4.wav,4253.64,4253.8399375,foreground
S01_U04.CH4.wav,4253.68,4254.1199375,background
S01_U04.CH4.wav,4253.96,4254.1999375,foreground
S01_U04.CH4.wav,4254.04,4254.8799375,background
S01_U04.CH4.wav,4254.72,4255.1999375,foreground
S01_U04.CH4.wav,4255.04,4255.3599375,background
S01_U04.CH4.wav,4255.2,4255.3999375,foreground
S01_U04.CH4.wav,4255.24,4255.9599375,background
S01_U04.CH4.wav,4255.8,4255.9999375,foreground
S01_U04.CH4.wav,4255.84,4256.0799375,background
S01_U04.CH4.wav,4255.92,4256.1199375,foreground
S01_U04.CH4.wav,4255.96,4259.3199375,background
S01_U04.CH4.wav,4259.16,4259.5999375,foreground
S01_U04.CH4.wav,4259.44,4259.6399375,background
S01_U04.CH4.wav,4259.48,4259.8399375,foreground
S01_U04.CH4.wav,4259.68,4260.8399375,background
S01_U04.CH4.wav,4260.68,4260.8799375,foreground
S01_U04.CH4.wav,4260.72,4261.3199375,background
S01_U04.CH4.wav,4261.16,4261.3599375,foreground
S01_U04.CH4.wav,4261.2,4261.5599375,background
S01_U04.CH4.wav,4261.4,4261.6399375,foreground
S01_U04.CH4.wav,4261.48,4261.7599375,background
S01_U04.CH4.wav,4261.6,4261.7999375,foreground
S01_U04.CH4.wav,4261.64,4261.8799375,background
S01_U04.CH4.wav,4261.72,4262.1599375,foreground
S01_U04.CH4.wav,4262,4262.2399375,background
S01_U04.CH4.wav,4262.08,4262.3199375,foreground
S01_U04.CH4.wav,4262.16,4262.5999375,background
S01_U04.CH4.wav,4262.44,4263.0399375,foreground
S01_U04.CH4.wav,4262.88,4263.5599375,background
S01_U04.CH4.wav,4263.4,4263.6399375,foreground
S01_U04.CH4.wav,4263.48,4263.9999375,background
S01_U04.CH4.wav,4263.84,4264.2399375,foreground
S01_U04.CH4.wav,4264.08,4265.1199375,background
S01_U04.CH4.wav,4264.96,4265.1999375,foreground
S01_U04.CH4.wav,4265.04,4265.7599375,background
S01_U04.CH4.wav,4265.6,4265.8399375,foreground
S01_U04.CH4.wav,4265.68,4266.5199375,background
S01_U04.CH4.wav,4266.36,4266.5599375,foreground
S01_U04.CH4.wav,4266.4,4266.9999375,background
S01_U04.CH4.wav,4266.84,4267.2399375,foreground
S01_U04.CH4.wav,4267.08,4267.8799375,background
S01_U04.CH4.wav,4267.72,4267.9599375,foreground
S01_U04.CH4.wav,4267.8,4267.9999375,background
S01_U04.CH4.wav,4267.84,4268.1199375,foreground
S01_U04.CH4.wav,4267.96,4268.1599375,background
S01_U04.CH4.wav,4268,4268.1999375,foreground
S01_U04.CH4.wav,4268.04,4269.6799375,background
S01_U04.CH4.wav,4269.52,4269.7999375,foreground
S01_U04.CH4.wav,4269.64,4273.0799375,background
S01_U04.CH4.wav,4272.92,4273.5199375,foreground
S01_U04.CH4.wav,4273.36,4275.5599375,background
S01_U04.CH4.wav,4275.4,4275.6399375,foreground
S01_U04.CH4.wav,4275.48,4275.6799375,background
S01_U04.CH4.wav,4275.52,4275.7199375,foreground
S01_U04.CH4.wav,4275.56,4275.7599375,background
S01_U04.CH4.wav,4275.6,4276.2799375,foreground
S01_U04.CH4.wav,4276.12,4276.9599375,background
S01_U04.CH4.wav,4276.8,4277.0799375,foreground
S01_U04.CH4.wav,4276.92,4278.1199375,background
S01_U04.CH4.wav,4277.96,4278.2799375,foreground
S01_U04.CH4.wav,4278.12,4278.8399375,background
S01_U04.CH4.wav,4278.68,4278.9599375,foreground
S01_U04.CH4.wav,4278.8,4279.0399375,background
S01_U04.CH4.wav,4278.88,4279.1999375,foreground
S01_U04.CH4.wav,4279.04,4281.0399375,background
S01_U04.CH4.wav,4280.88,4281.1199375,foreground
S01_U04.CH4.wav,4280.96,4282.0399375,background
S01_U04.CH4.wav,4281.88,4282.0799375,foreground
S01_U04.CH4.wav,4281.92,4282.1199375,background
S01_U04.CH4.wav,4281.96,4282.1599375,foreground
S01_U04.CH4.wav,4282,4282.2399375,background
S01_U04.CH4.wav,4282.08,4282.3599375,foreground
S01_U04.CH4.wav,4282.2,4283.2399375,background
S01_U04.CH4.wav,4283.08,4283.3599375,foreground
S01_U04.CH4.wav,4283.2,4284.3199375,background
S01_U04.CH4.wav,4284.16,4284.3999375,foreground
S01_U04.CH4.wav,4284.24,4285.1599375,background
S01_U04.CH4.wav,4285,4285.2799375,foreground
S01_U04.CH4.wav,4285.12,4286.0399375,background
S01_U04.CH4.wav,4285.88,4286.1199375,foreground
S01_U04.CH4.wav,4285.96,4286.3199375,background
S01_U04.CH4.wav,4286.16,4286.5199375,foreground
S01_U04.CH4.wav,4286.36,4287.3199375,background
S01_U04.CH4.wav,4287.16,4287.4399375,foreground
S01_U04.CH4.wav,4287.28,4287.5199375,background
S01_U04.CH4.wav,4287.36,4287.5599375,foreground
S01_U04.CH4.wav,4287.4,4292.9199375,background
S01_U04.CH4.wav,4292.76,4292.9599375,foreground
S01_U04.CH4.wav,4292.8,4293.7599375,background
S01_U04.CH4.wav,4293.6,4293.9199375,foreground
S01_U04.CH4.wav,4293.76,4294.2799375,background
S01_U04.CH4.wav,4294.12,4294.3999375,foreground
S01_U04.CH4.wav,4294.24,4295.0799375,background
S01_U04.CH4.wav,4294.92,4295.1199375,foreground
S01_U04.CH4.wav,4294.96,4295.2799375,background
S01_U04.CH4.wav,4295.12,4295.3999375,foreground
S01_U04.CH4.wav,4295.24,4295.8399375,background
S01_U04.CH4.wav,4295.68,4295.8799375,foreground
S01_U04.CH4.wav,4295.72,4295.9599375,background
S01_U04.CH4.wav,4295.8,4296.1199375,foreground
S01_U04.CH4.wav,4295.96,4297.1199375,background
S01_U04.CH4.wav,4296.96,4297.2799375,foreground
S01_U04.CH4.wav,4297.12,4297.7199375,background
S01_U04.CH4.wav,4297.56,4297.7599375,foreground
S01_U04.CH4.wav,4297.6,4298.9199375,background
S01_U04.CH4.wav,4298.76,4299.5599375,foreground
S01_U04.CH4.wav,4299.4,4299.6399375,background
S01_U04.CH4.wav,4299.48,4299.9199375,foreground
S01_U04.CH4.wav,4299.76,4300.0399375,background
S01_U04.CH4.wav,4299.88,4300.1999375,foreground
S01_U04.CH4.wav,4300.04,4301.4799375,background
S01_U04.CH4.wav,4301.32,4301.7999375,foreground
S01_U04.CH4.wav,4301.64,4302.9999375,background
S01_U04.CH4.wav,4302.84,4303.3599375,foreground
S01_U04.CH4.wav,4303.2,4303.7599375,background
S01_U04.CH4.wav,4303.6,4303.7999375,foreground
S01_U04.CH4.wav,4303.64,4303.8399375,background
S01_U04.CH4.wav,4303.68,4303.9999375,foreground
S01_U04.CH4.wav,4303.84,4304.8799375,background
S01_U04.CH4.wav,4304.72,4304.9199375,foreground
S01_U04.CH4.wav,4304.76,4305.1199375,background
S01_U04.CH4.wav,4304.96,4305.1999375,foreground
S01_U04.CH4.wav,4305.04,4305.4799375,background
S01_U04.CH4.wav,4305.32,4305.5199375,foreground
S01_U04.CH4.wav,4305.36,4305.7999375,background
S01_U04.CH4.wav,4305.64,4305.9199375,foreground
S01_U04.CH4.wav,4305.76,4306.0799375,background
S01_U04.CH4.wav,4305.92,4306.2399375,foreground
S01_U04.CH4.wav,4306.08,4306.5599375,background
S01_U04.CH4.wav,4306.4,4306.6399375,foreground
S01_U04.CH4.wav,4306.48,4308.0799375,background
S01_U04.CH4.wav,4307.92,4308.1999375,foreground
S01_U04.CH4.wav,4308.04,4309.1199375,background
S01_U04.CH4.wav,4308.96,4309.1999375,foreground
S01_U04.CH4.wav,4309.04,4309.2399375,background
S01_U04.CH4.wav,4309.08,4309.3599375,foreground
S01_U04.CH4.wav,4309.2,4309.3999375,background
S01_U04.CH4.wav,4309.24,4309.4399375,foreground
S01_U04.CH4.wav,4309.28,4309.4799375,background
S01_U04.CH4.wav,4309.32,4309.5199375,foreground
S01_U04.CH4.wav,4309.36,4309.5599375,background
S01_U04.CH4.wav,4309.4,4309.5999375,foreground
S01_U04.CH4.wav,4309.44,4310.3199375,background
S01_U04.CH4.wav,4310.16,4310.4399375,foreground
S01_U04.CH4.wav,4310.28,4310.7199375,background
S01_U04.CH4.wav,4310.56,4310.7999375,foreground
S01_U04.CH4.wav,4310.64,4310.8399375,background
S01_U04.CH4.wav,4310.68,4310.9999375,foreground
S01_U04.CH4.wav,4310.84,4311.4399375,background
S01_U04.CH4.wav,4311.28,4311.5199375,foreground
S01_U04.CH4.wav,4311.36,4312.5199375,background
S01_U04.CH4.wav,4312.36,4312.5599375,foreground
S01_U04.CH4.wav,4312.4,4312.5999375,background
S01_U04.CH4.wav,4312.44,4312.6799375,foreground
S01_U04.CH4.wav,4312.52,4312.7599375,background
S01_U04.CH4.wav,4312.6,4313.0399375,foreground
S01_U04.CH4.wav,4312.88,4316.1999375,background
S01_U04.CH4.wav,4316.04,4316.2399375,foreground
S01_U04.CH4.wav,4316.08,4316.2799375,background
S01_U04.CH4.wav,4316.12,4316.5199375,foreground
S01_U04.CH4.wav,4316.36,4316.7199375,background
S01_U04.CH4.wav,4316.56,4316.9199375,foreground
S01_U04.CH4.wav,4316.76,4316.9599375,background
S01_U04.CH4.wav,4316.8,4317.0399375,foreground
S01_U04.CH4.wav,4316.88,4317.7599375,background
S01_U04.CH4.wav,4317.6,4317.8399375,foreground
S01_U04.CH4.wav,4317.68,4317.8799375,background
S01_U04.CH4.wav,4317.72,4318.0399375,foreground
S01_U04.CH4.wav,4317.88,4318.5999375,background
S01_U04.CH4.wav,4318.44,4318.6399375,foreground
S01_U04.CH4.wav,4318.48,4320.7199375,background
S01_U04.CH4.wav,4320.56,4320.7599375,foreground
S01_U04.CH4.wav,4320.6,4321.0399375,background
S01_U04.CH4.wav,4320.88,4321.0799375,foreground
S01_U04.CH4.wav,4320.92,4321.3999375,background
S01_U04.CH4.wav,4321.24,4321.5999375,foreground
S01_U04.CH4.wav,4321.44,4323.7599375,background
S01_U04.CH4.wav,4323.6,4324.1199375,foreground
S01_U04.CH4.wav,4323.96,4324.3199375,background
S01_U04.CH4.wav,4324.16,4324.5599375,foreground
S01_U04.CH4.wav,4324.4,4324.5999375,background
S01_U04.CH4.wav,4324.44,4324.6799375,foreground
S01_U04.CH4.wav,4324.52,4327.1599375,background
S01_U04.CH4.wav,4327,4327.2799375,foreground
S01_U04.CH4.wav,4327.12,4328.3599375,background
S01_U04.CH4.wav,4328.2,4328.4799375,foreground
S01_U04.CH4.wav,4328.32,4328.7999375,background
S01_U04.CH4.wav,4328.64,4328.8799375,foreground
S01_U04.CH4.wav,4328.72,4332.0799375,background
S01_U04.CH4.wav,4331.92,4332.1199375,foreground
S01_U04.CH4.wav,4331.96,4332.5599375,background
S01_U04.CH4.wav,4332.4,4332.6399375,foreground
S01_U04.CH4.wav,4332.48,4337.3599375,background
S01_U04.CH4.wav,4337.2,4337.5199375,foreground
S01_U04.CH4.wav,4337.36,4339.1199375,background
S01_U04.CH4.wav,4338.96,4339.4399375,foreground
S01_U04.CH4.wav,4339.28,4340.0399375,background
S01_U04.CH4.wav,4339.88,4340.0799375,foreground
S01_U04.CH4.wav,4339.92,4350.3599375,background
S01_U04.CH4.wav,4350.2,4350.3999375,foreground
S01_U04.CH4.wav,4350.24,4350.4399375,background
S01_U04.CH4.wav,4350.28,4350.5199375,foreground
S01_U04.CH4.wav,4350.36,4352.7199375,background
S01_U04.CH4.wav,4352.56,4352.7599375,foreground
S01_U04.CH4.wav,4352.6,4354.3599375,background
S01_U04.CH4.wav,4354.2,4354.4399375,foreground
S01_U04.CH4.wav,4354.28,4355.3199375,background
S01_U04.CH4.wav,4355.16,4355.9599375,foreground
S01_U04.CH4.wav,4355.8,4357.3199375,background
S01_U04.CH4.wav,4357.16,4357.4799375,foreground
S01_U04.CH4.wav,4357.32,4358.1599375,background
S01_U04.CH4.wav,4358,4358.2399375,foreground
S01_U04.CH4.wav,4358.08,4358.8799375,background
S01_U04.CH4.wav,4358.72,4358.9199375,foreground
S01_U04.CH4.wav,4358.76,4359.5999375,background
S01_U04.CH4.wav,4359.44,4359.7599375,foreground
S01_U04.CH4.wav,4359.6,4360.2799375,background
S01_U04.CH4.wav,4360.12,4360.3599375,foreground
S01_U04.CH4.wav,4360.2,4360.5199375,background
S01_U04.CH4.wav,4360.36,4360.5599375,foreground
S01_U04.CH4.wav,4360.4,4360.7599375,background
S01_U04.CH4.wav,4360.6,4360.8799375,foreground
S01_U04.CH4.wav,4360.72,4361.6799375,background
S01_U04.CH4.wav,4361.52,4361.9599375,foreground
S01_U04.CH4.wav,4361.8,4361.9999375,background
S01_U04.CH4.wav,4361.84,4362.2799375,foreground
S01_U04.CH4.wav,4362.12,4363.0399375,background
S01_U04.CH4.wav,4362.88,4363.0799375,foreground
S01_U04.CH4.wav,4362.92,4363.1599375,background
S01_U04.CH4.wav,4363,4363.2399375,foreground
S01_U04.CH4.wav,4363.08,4363.9599375,background
S01_U04.CH4.wav,4363.8,4364.3199375,foreground
S01_U04.CH4.wav,4364.16,4364.4399375,background
S01_U04.CH4.wav,4364.28,4364.5999375,foreground
S01_U04.CH4.wav,4364.44,4366.5599375,background
S01_U04.CH4.wav,4366.4,4366.6399375,foreground
S01_U04.CH4.wav,4366.48,4367.1999375,background
S01_U04.CH4.wav,4367.04,4367.2799375,foreground
S01_U04.CH4.wav,4367.12,4368.2799375,background
S01_U04.CH4.wav,4368.12,4368.4799375,foreground
S01_U04.CH4.wav,4368.32,4368.9999375,background
S01_U04.CH4.wav,4368.84,4369.0799375,foreground
S01_U04.CH4.wav,4368.92,4369.1199375,background
S01_U04.CH4.wav,4368.96,4369.1999375,foreground
S01_U04.CH4.wav,4369.04,4369.7599375,background
S01_U04.CH4.wav,4369.6,4369.9199375,foreground
S01_U04.CH4.wav,4369.76,4369.9599375,background
S01_U04.CH4.wav,4369.8,4370.0799375,foreground
S01_U04.CH4.wav,4369.92,4370.4399375,background
S01_U04.CH4.wav,4370.28,4370.4799375,foreground
S01_U04.CH4.wav,4370.32,4371.9199375,background
S01_U04.CH4.wav,4371.76,4372.0799375,foreground
S01_U04.CH4.wav,4371.92,4372.3999375,background
S01_U04.CH4.wav,4372.24,4372.4799375,foreground
S01_U04.CH4.wav,4372.32,4372.5199375,background
S01_U04.CH4.wav,4372.36,4372.8399375,foreground
S01_U04.CH4.wav,4372.68,4372.8799375,background
S01_U04.CH4.wav,4372.72,4373.0799375,foreground
S01_U04.CH4.wav,4372.92,4373.7599375,background
S01_U04.CH4.wav,4373.6,4373.9199375,foreground
S01_U04.CH4.wav,4373.76,4375.0399375,background
S01_U04.CH4.wav,4374.88,4375.0799375,foreground
S01_U04.CH4.wav,4374.92,4375.5199375,background
S01_U04.CH4.wav,4375.36,4375.7999375,foreground
S01_U04.CH4.wav,4375.64,4376.2399375,background
S01_U04.CH4.wav,4376.08,4376.5199375,foreground
S01_U04.CH4.wav,4376.36,4377.8799375,background
S01_U04.CH4.wav,4377.72,4378.0799375,foreground
S01_U04.CH4.wav,4377.92,4378.1999375,background
S01_U04.CH4.wav,4378.04,4378.3599375,foreground
S01_U04.CH4.wav,4378.2,4379.1999375,background
S01_U04.CH4.wav,4379.04,4379.2399375,foreground
S01_U04.CH4.wav,4379.08,4379.2799375,background
S01_U04.CH4.wav,4379.12,4379.6799375,foreground
S01_U04.CH4.wav,4379.52,4379.9199375,background
S01_U04.CH4.wav,4379.76,4379.9599375,foreground
S01_U04.CH4.wav,4379.8,4379.9999375,background
S01_U04.CH4.wav,4379.84,4380.0399375,foreground
S01_U04.CH4.wav,4379.88,4380.0799375,background
S01_U04.CH4.wav,4379.92,4380.1199375,foreground
S01_U04.CH4.wav,4379.96,4380.5599375,background
S01_U04.CH4.wav,4380.4,4380.7199375,foreground
S01_U04.CH4.wav,4380.56,4381.4399375,background
S01_U04.CH4.wav,4381.28,4381.5999375,foreground
S01_U04.CH4.wav,4381.44,4381.7199375,background
S01_U04.CH4.wav,4381.56,4381.8399375,foreground
S01_U04.CH4.wav,4381.68,4382.5999375,background
S01_U04.CH4.wav,4382.44,4382.7999375,foreground
S01_U04.CH4.wav,4382.64,4383.0399375,background
S01_U04.CH4.wav,4382.88,4383.0799375,foreground
S01_U04.CH4.wav,4382.92,4383.3599375,background
S01_U04.CH4.wav,4383.2,4383.4799375,foreground
S01_U04.CH4.wav,4383.32,4383.5599375,background
S01_U04.CH4.wav,4383.4,4383.5999375,foreground
S01_U04.CH4.wav,4383.44,4383.8799375,background
S01_U04.CH4.wav,4383.72,4384.0799375,foreground
S01_U04.CH4.wav,4383.92,4384.3999375,background
S01_U04.CH4.wav,4384.24,4384.4399375,foreground
S01_U04.CH4.wav,4384.28,4386.5599375,background
S01_U04.CH4.wav,4386.4,4386.5999375,foreground
S01_U04.CH4.wav,4386.44,4386.6399375,background
S01_U04.CH4.wav,4386.48,4386.6799375,foreground
S01_U04.CH4.wav,4386.52,4387.5999375,background
S01_U04.CH4.wav,4387.44,4387.6399375,foreground
S01_U04.CH4.wav,4387.48,4390.3999375,background
S01_U04.CH4.wav,4390.24,4390.4399375,foreground
S01_U04.CH4.wav,4390.28,4391.0399375,background
S01_U04.CH4.wav,4390.88,4391.0799375,foreground
S01_U04.CH4.wav,4390.92,4391.1199375,background
S01_U04.CH4.wav,4390.96,4391.1599375,foreground
S01_U04.CH4.wav,4391,4399.2399375,background
S01_U04.CH4.wav,4399.08,4399.3199375,foreground
S01_U04.CH4.wav,4399.16,4399.6799375,background
S01_U04.CH4.wav,4399.52,4399.7199375,foreground
S01_U04.CH4.wav,4399.56,4399.7599375,background
S01_U04.CH4.wav,4399.6,4400.0399375,foreground
S01_U04.CH4.wav,4399.88,4401.2799375,background
S01_U04.CH4.wav,4401.12,4401.3199375,foreground
S01_U04.CH4.wav,4401.16,4403.4399375,background
S01_U04.CH4.wav,4403.28,4403.5599375,foreground
S01_U04.CH4.wav,4403.4,4404.5199375,background
S01_U04.CH4.wav,4404.36,4404.5599375,foreground
S01_U04.CH4.wav,4404.4,4404.6399375,background
S01_U04.CH4.wav,4404.48,4404.9999375,foreground
S01_U04.CH4.wav,4404.84,4408.1599375,background
S01_U04.CH4.wav,4408,4408.3999375,foreground
S01_U04.CH4.wav,4408.24,4408.9599375,background
S01_U04.CH4.wav,4408.8,4409.1199375,foreground
S01_U04.CH4.wav,4408.96,4412.7599375,background
S01_U04.CH4.wav,4412.6,4412.8799375,foreground
S01_U04.CH4.wav,4412.72,4413.2399375,background
S01_U04.CH4.wav,4413.08,4413.6399375,foreground
S01_U04.CH4.wav,4413.48,4413.6799375,background
S01_U04.CH4.wav,4413.52,4413.7599375,foreground
S01_U04.CH4.wav,4413.6,4413.7999375,background
S01_U04.CH4.wav,4413.64,4414.1599375,foreground
S01_U04.CH4.wav,4414,4414.6799375,background
S01_U04.CH4.wav,4414.52,4414.7199375,foreground
S01_U04.CH4.wav,4414.56,4414.9199375,background
S01_U04.CH4.wav,4414.76,4415.0399375,foreground
S01_U04.CH4.wav,4414.88,4415.0799375,background
S01_U04.CH4.wav,4414.92,4415.1599375,foreground
S01_U04.CH4.wav,4415,4415.1999375,background
S01_U04.CH4.wav,4415.04,4415.3199375,foreground
S01_U04.CH4.wav,4415.16,4415.9599375,background
S01_U04.CH4.wav,4415.8,4415.9999375,foreground
S01_U04.CH4.wav,4415.84,4416.7599375,background
S01_U04.CH4.wav,4416.6,4416.8799375,foreground
S01_U04.CH4.wav,4416.72,4417.7199375,background
S01_U04.CH4.wav,4417.56,4417.8399375,foreground
S01_U04.CH4.wav,4417.68,4422.0399375,background
S01_U04.CH4.wav,4421.88,4422.1999375,foreground
S01_U04.CH4.wav,4422.04,4422.5599375,background
S01_U04.CH4.wav,4422.4,4422.5999375,foreground
S01_U04.CH4.wav,4422.44,4423.9999375,background
S01_U04.CH4.wav,4423.84,4424.0799375,foreground
S01_U04.CH4.wav,4423.92,4425.2399375,background
S01_U04.CH4.wav,4425.08,4425.5199375,foreground
S01_U04.CH4.wav,4425.36,4426.1599375,background
S01_U04.CH4.wav,4426,4426.3199375,foreground
S01_U04.CH4.wav,4426.16,4426.3599375,background
S01_U04.CH4.wav,4426.2,4426.6799375,foreground
S01_U04.CH4.wav,4426.52,4426.7599375,background
S01_U04.CH4.wav,4426.6,4426.8399375,foreground
S01_U04.CH4.wav,4426.68,4427.7599375,background
S01_U04.CH4.wav,4427.6,4427.8399375,foreground
S01_U04.CH4.wav,4427.68,4428.3199375,background
S01_U04.CH4.wav,4428.16,4428.4799375,foreground
S01_U04.CH4.wav,4428.32,4429.1599375,background
S01_U04.CH4.wav,4429,4429.4399375,foreground
S01_U04.CH4.wav,4429.28,4429.8399375,background
S01_U04.CH4.wav,4429.68,4429.8799375,foreground
S01_U04.CH4.wav,4429.72,4430.6799375,background
S01_U04.CH4.wav,4430.52,4430.7599375,foreground
S01_U04.CH4.wav,4430.6,4431.0399375,background
S01_U04.CH4.wav,4430.88,4431.1599375,foreground
S01_U04.CH4.wav,4431,4431.2399375,background
S01_U04.CH4.wav,4431.08,4431.3199375,foreground
S01_U04.CH4.wav,4431.16,4432.6799375,background
S01_U04.CH4.wav,4432.52,4432.7199375,foreground
S01_U04.CH4.wav,4432.56,4432.7599375,background
S01_U04.CH4.wav,4432.6,4432.9599375,foreground
S01_U04.CH4.wav,4432.8,4432.9999375,background
S01_U04.CH4.wav,4432.84,4433.1599375,foreground
S01_U04.CH4.wav,4433,4433.2799375,background
S01_U04.CH4.wav,4433.12,4433.4799375,foreground
S01_U04.CH4.wav,4433.32,4433.7199375,background
S01_U04.CH4.wav,4433.56,4433.7599375,foreground
S01_U04.CH4.wav,4433.6,4433.7999375,background
S01_U04.CH4.wav,4433.64,4433.8399375,foreground
S01_U04.CH4.wav,4433.68,4433.8799375,background
S01_U04.CH4.wav,4433.72,4433.9199375,foreground
S01_U04.CH4.wav,4433.76,4433.9999375,background
S01_U04.CH4.wav,4433.84,4434.2399375,foreground
S01_U04.CH4.wav,4434.08,4435.1199375,background
S01_U04.CH4.wav,4434.96,4435.5999375,foreground
S01_U04.CH4.wav,4435.44,4435.6399375,background
S01_U04.CH4.wav,4435.48,4435.6799375,foreground
S01_U04.CH4.wav,4435.52,4435.7599375,background
S01_U04.CH4.wav,4435.6,4435.8799375,foreground
S01_U04.CH4.wav,4435.72,4438.3999375,background
S01_U04.CH4.wav,4438.24,4438.4799375,foreground
S01_U04.CH4.wav,4438.32,4439.1599375,background
S01_U04.CH4.wav,4439,4439.3599375,foreground
S01_U04.CH4.wav,4439.2,4440.9599375,background
S01_U04.CH4.wav,4440.8,4441.2799375,foreground
S01_U04.CH4.wav,4441.12,4442.2799375,background
S01_U04.CH4.wav,4442.12,4442.3999375,foreground
S01_U04.CH4.wav,4442.24,4446.3999375,background
S01_U04.CH4.wav,4446.24,4446.4799375,foreground
S01_U04.CH4.wav,4446.32,4452.6399375,background
S01_U04.CH4.wav,4452.48,4452.7599375,foreground
S01_U04.CH4.wav,4452.6,4452.7999375,background
S01_U04.CH4.wav,4452.64,4453.1599375,foreground
S01_U04.CH4.wav,4453,4453.4399375,background
S01_U04.CH4.wav,4453.28,4453.4799375,foreground
S01_U04.CH4.wav,4453.32,4453.5199375,background
S01_U04.CH4.wav,4453.36,4453.6799375,foreground
S01_U04.CH4.wav,4453.52,4455.4799375,background
S01_U04.CH4.wav,4455.32,4455.5199375,foreground
S01_U04.CH4.wav,4455.36,4455.9999375,background
S01_U04.CH4.wav,4455.84,4456.0799375,foreground
S01_U04.CH4.wav,4455.92,4456.8399375,background
S01_U04.CH4.wav,4456.68,4457.1599375,foreground
S01_U04.CH4.wav,4457,4457.1999375,background
S01_U04.CH4.wav,4457.04,4457.3999375,foreground
S01_U04.CH4.wav,4457.24,4457.6399375,background
S01_U04.CH4.wav,4457.48,4457.7199375,foreground
S01_U04.CH4.wav,4457.56,4457.7999375,background
S01_U04.CH4.wav,4457.64,4457.9599375,foreground
S01_U04.CH4.wav,4457.8,4458.2799375,background
S01_U04.CH4.wav,4458.12,4458.3199375,foreground
S01_U04.CH4.wav,4458.16,4459.0799375,background
S01_U04.CH4.wav,4458.92,4459.2799375,foreground
S01_U04.CH4.wav,4459.12,4461.7999375,background
S01_U04.CH4.wav,4461.64,4461.8399375,foreground
S01_U04.CH4.wav,4461.68,4462.1999375,background
S01_U04.CH4.wav,4462.04,4462.3199375,foreground
S01_U04.CH4.wav,4462.16,4464.5199375,background
S01_U04.CH4.wav,4464.36,4464.5599375,foreground
S01_U04.CH4.wav,4464.4,4464.5999375,background
S01_U04.CH4.wav,4464.44,4464.6799375,foreground
S01_U04.CH4.wav,4464.52,4464.9999375,background
S01_U04.CH4.wav,4464.84,4465.2399375,foreground
S01_U04.CH4.wav,4465.08,4465.3599375,background
S01_U04.CH4.wav,4465.2,4465.5599375,foreground
S01_U04.CH4.wav,4465.4,4465.7199375,background
S01_U04.CH4.wav,4465.56,4465.7599375,foreground
S01_U04.CH4.wav,4465.6,4465.7999375,background
S01_U04.CH4.wav,4465.64,4465.8399375,foreground
S01_U04.CH4.wav,4465.68,4466.2399375,background
S01_U04.CH4.wav,4466.08,4466.3199375,foreground
S01_U04.CH4.wav,4466.16,4466.7199375,background
S01_U04.CH4.wav,4466.56,4466.7599375,foreground
S01_U04.CH4.wav,4466.6,4468.6799375,background
S01_U04.CH4.wav,4468.52,4468.7199375,foreground
S01_U04.CH4.wav,4468.56,4468.9199375,background
S01_U04.CH4.wav,4468.76,4468.9999375,foreground
S01_U04.CH4.wav,4468.84,4469.1199375,background
S01_U04.CH4.wav,4468.96,4469.1599375,foreground
S01_U04.CH4.wav,4469,4469.1999375,background
S01_U04.CH4.wav,4469.04,4469.3999375,foreground
S01_U04.CH4.wav,4469.24,4469.6799375,background
S01_U04.CH4.wav,4469.52,4469.7199375,foreground
S01_U04.CH4.wav,4469.56,4470.5599375,background
S01_U04.CH4.wav,4470.4,4470.8799375,foreground
S01_U04.CH4.wav,4470.72,4471.1599375,background
S01_U04.CH4.wav,4471,4471.3199375,foreground
S01_U04.CH4.wav,4471.16,4471.6399375,background
S01_U04.CH4.wav,4471.48,4471.7599375,foreground
S01_U04.CH4.wav,4471.6,4472.0799375,background
S01_U04.CH4.wav,4471.92,4472.1599375,foreground
S01_U04.CH4.wav,4472,4475.1199375,background
S01_U04.CH4.wav,4474.96,4475.1599375,foreground
S01_U04.CH4.wav,4475,4475.9999375,background
S01_U04.CH4.wav,4475.84,4476.0799375,foreground
S01_U04.CH4.wav,4475.92,4476.1199375,background
S01_U04.CH4.wav,4475.96,4476.2399375,foreground
S01_U04.CH4.wav,4476.08,4476.3199375,background
S01_U04.CH4.wav,4476.16,4476.3999375,foreground
S01_U04.CH4.wav,4476.24,4478.1999375,background
S01_U04.CH4.wav,4478.04,4478.3599375,foreground
S01_U04.CH4.wav,4478.2,4485.1199375,background
S01_U04.CH4.wav,4484.96,4485.1599375,foreground
S01_U04.CH4.wav,4485,4486.2799375,background
S01_U04.CH4.wav,4486.12,4486.3999375,foreground
S01_U04.CH4.wav,4486.24,4487.5599375,background
S01_U04.CH4.wav,4487.4,4487.9199375,foreground
S01_U04.CH4.wav,4487.76,4487.9599375,background
S01_U04.CH4.wav,4487.8,4488.0799375,foreground
S01_U04.CH4.wav,4487.92,4488.8399375,background
S01_U04.CH4.wav,4488.68,4488.9999375,foreground
S01_U04.CH4.wav,4488.84,4489.0799375,background
S01_U04.CH4.wav,4488.92,4489.4399375,foreground
S01_U04.CH4.wav,4489.28,4489.5199375,background
S01_U04.CH4.wav,4489.36,4489.7599375,foreground
S01_U04.CH4.wav,4489.6,4490.2399375,background
S01_U04.CH4.wav,4490.08,4490.2799375,foreground
S01_U04.CH4.wav,4490.12,4490.3199375,background
S01_U04.CH4.wav,4490.16,4490.4399375,foreground
S01_U04.CH4.wav,4490.28,4490.6799375,background
S01_U04.CH4.wav,4490.52,4491.7999375,foreground
S01_U04.CH4.wav,4491.64,4492.8399375,background
S01_U04.CH4.wav,4492.68,4492.9199375,foreground
S01_U04.CH4.wav,4492.76,4493.9999375,background
S01_U04.CH4.wav,4493.84,4494.1999375,foreground
S01_U04.CH4.wav,4494.04,4494.9999375,background
S01_U04.CH4.wav,4494.84,4495.1199375,foreground
S01_U04.CH4.wav,4494.96,4496.3199375,background
S01_U04.CH4.wav,4496.16,4496.5599375,foreground
S01_U04.CH4.wav,4496.4,4497.5999375,background
S01_U04.CH4.wav,4497.44,4497.7199375,foreground
S01_U04.CH4.wav,4497.56,4498.5999375,background
S01_U04.CH4.wav,4498.44,4498.8399375,foreground
S01_U04.CH4.wav,4498.68,4499.2799375,background
S01_U04.CH4.wav,4499.12,4499.5199375,foreground
S01_U04.CH4.wav,4499.36,4500.3999375,background
S01_U04.CH4.wav,4500.24,4500.4799375,foreground
S01_U04.CH4.wav,4500.32,4500.7599375,background
S01_U04.CH4.wav,4500.6,4500.8799375,foreground
S01_U04.CH4.wav,4500.72,4501.1199375,background
S01_U04.CH4.wav,4500.96,4501.2399375,foreground
S01_U04.CH4.wav,4501.08,4501.8799375,background
S01_U04.CH4.wav,4501.72,4501.9599375,foreground
S01_U04.CH4.wav,4501.8,4502.0799375,background
S01_U04.CH4.wav,4501.92,4502.1599375,foreground
S01_U04.CH4.wav,4502,4502.3199375,background
S01_U04.CH4.wav,4502.16,4502.4399375,foreground
S01_U04.CH4.wav,4502.28,4502.5199375,background
S01_U04.CH4.wav,4502.36,4502.5999375,foreground
S01_U04.CH4.wav,4502.44,4505.0799375,background
S01_U04.CH4.wav,4504.92,4505.1199375,foreground
S01_U04.CH4.wav,4504.96,4505.2399375,background
S01_U04.CH4.wav,4505.08,4505.3199375,foreground
S01_U04.CH4.wav,4505.16,4506.6399375,background
S01_U04.CH4.wav,4506.48,4506.6799375,foreground
S01_U04.CH4.wav,4506.52,4506.9999375,background
S01_U04.CH4.wav,4506.84,4507.2799375,foreground
S01_U04.CH4.wav,4507.12,4507.4399375,background
S01_U04.CH4.wav,4507.28,4507.4799375,foreground
S01_U04.CH4.wav,4507.32,4508.5999375,background
S01_U04.CH4.wav,4508.44,4508.6399375,foreground
S01_U04.CH4.wav,4508.48,4508.8799375,background
S01_U04.CH4.wav,4508.72,4509.0399375,foreground
S01_U04.CH4.wav,4508.88,4509.7999375,background
S01_U04.CH4.wav,4509.64,4510.4799375,foreground
S01_U04.CH4.wav,4510.32,4510.6799375,background
S01_U04.CH4.wav,4510.52,4510.7199375,foreground
S01_U04.CH4.wav,4510.56,4511.2799375,background
S01_U04.CH4.wav,4511.12,4511.3199375,foreground
S01_U04.CH4.wav,4511.16,4511.3999375,background
S01_U04.CH4.wav,4511.24,4511.5599375,foreground
S01_U04.CH4.wav,4511.4,4512.6399375,background
S01_U04.CH4.wav,4512.48,4512.9999375,foreground
S01_U04.CH4.wav,4512.84,4513.7199375,background
S01_U04.CH4.wav,4513.56,4513.7999375,foreground
S01_U04.CH4.wav,4513.64,4514.3999375,background
S01_U04.CH4.wav,4514.24,4514.4399375,foreground
S01_U04.CH4.wav,4514.28,4515.9599375,background
S01_U04.CH4.wav,4515.8,4516.1199375,foreground
S01_U04.CH4.wav,4515.96,4516.3599375,background
S01_U04.CH4.wav,4516.2,4516.5199375,foreground
S01_U04.CH4.wav,4516.36,4516.7599375,background
S01_U04.CH4.wav,4516.6,4516.8399375,foreground
S01_U04.CH4.wav,4516.68,4519.1599375,background
S01_U04.CH4.wav,4519,4519.2399375,foreground
S01_U04.CH4.wav,4519.08,4519.2799375,background
S01_U04.CH4.wav,4519.12,4519.6399375,foreground
S01_U04.CH4.wav,4519.48,4519.6799375,background
S01_U04.CH4.wav,4519.52,4519.8799375,foreground
S01_U04.CH4.wav,4519.72,4520.8799375,background
S01_U04.CH4.wav,4520.72,4521.1999375,foreground
S01_U04.CH4.wav,4521.04,4521.4799375,background
S01_U04.CH4.wav,4521.32,4521.8799375,foreground
S01_U04.CH4.wav,4521.72,4521.9599375,background
S01_U04.CH4.wav,4521.8,4521.9999375,foreground
S01_U04.CH4.wav,4521.84,4522.5599375,background
S01_U04.CH4.wav,4522.4,4522.7599375,foreground
S01_U04.CH4.wav,4522.6,4522.8399375,background
S01_U04.CH4.wav,4522.68,4523.0399375,foreground
S01_U04.CH4.wav,4522.88,4523.0799375,background
S01_U04.CH4.wav,4522.92,4523.1199375,foreground
S01_U04.CH4.wav,4522.96,4523.2399375,background
S01_U04.CH4.wav,4523.08,4523.2799375,foreground
S01_U04.CH4.wav,4523.12,4523.9599375,background
S01_U04.CH4.wav,4523.8,4524.0799375,foreground
S01_U04.CH4.wav,4523.92,4524.5999375,background
S01_U04.CH4.wav,4524.44,4524.7199375,foreground
S01_U04.CH4.wav,4524.56,4525.6799375,background
S01_U04.CH4.wav,4525.52,4525.7599375,foreground
S01_U04.CH4.wav,4525.6,4526.0799375,background
S01_U04.CH4.wav,4525.92,4526.2399375,foreground
S01_U04.CH4.wav,4526.08,4526.6399375,background
S01_U04.CH4.wav,4526.48,4526.7199375,foreground
S01_U04.CH4.wav,4526.56,4527.5199375,background
S01_U04.CH4.wav,4527.36,4527.5599375,foreground
S01_U04.CH4.wav,4527.4,4528.1599375,background
S01_U04.CH4.wav,4528,4528.7199375,foreground
S01_U04.CH4.wav,4528.56,4528.7999375,background
S01_U04.CH4.wav,4528.64,4528.8399375,foreground
S01_U04.CH4.wav,4528.68,4529.1999375,background
S01_U04.CH4.wav,4529.04,4529.3599375,foreground
S01_U04.CH4.wav,4529.2,4529.5999375,background
S01_U04.CH4.wav,4529.44,4529.6399375,foreground
S01_U04.CH4.wav,4529.48,4529.8799375,background
S01_U04.CH4.wav,4529.72,4530.0399375,foreground
S01_U04.CH4.wav,4529.88,4531.0399375,background
S01_U04.CH4.wav,4530.88,4531.0799375,foreground
S01_U04.CH4.wav,4530.92,4531.3599375,background
S01_U04.CH4.wav,4531.2,4531.3999375,foreground
S01_U04.CH4.wav,4531.24,4534.7199375,background
S01_U04.CH4.wav,4534.56,4534.8799375,foreground
S01_U04.CH4.wav,4534.72,4535.2399375,background
S01_U04.CH4.wav,4535.08,4535.2799375,foreground
S01_U04.CH4.wav,4535.12,4535.8399375,background
S01_U04.CH4.wav,4535.68,4536.0399375,foreground
S01_U04.CH4.wav,4535.88,4537.1599375,background
S01_U04.CH4.wav,4537,4537.1999375,foreground
S01_U04.CH4.wav,4537.04,4538.2799375,background
S01_U04.CH4.wav,4538.12,4538.3199375,foreground
S01_U04.CH4.wav,4538.16,4540.9199375,background
S01_U04.CH4.wav,4540.76,4540.9599375,foreground
S01_U04.CH4.wav,4540.8,4541.3999375,background
S01_U04.CH4.wav,4541.24,4541.5599375,foreground
S01_U04.CH4.wav,4541.4,4542.9999375,background
S01_U04.CH4.wav,4542.84,4543.0799375,foreground
S01_U04.CH4.wav,4542.92,4543.9199375,background
S01_U04.CH4.wav,4543.76,4544.0399375,foreground
S01_U04.CH4.wav,4543.88,4544.3599375,background
S01_U04.CH4.wav,4544.2,4544.7999375,foreground
S01_U04.CH4.wav,4544.64,4546.2399375,background
S01_U04.CH4.wav,4546.08,4546.3199375,foreground
S01_U04.CH4.wav,4546.16,4547.2799375,background
S01_U04.CH4.wav,4547.12,4547.3599375,foreground
S01_U04.CH4.wav,4547.2,4547.9199375,background
S01_U04.CH4.wav,4547.76,4548.0399375,foreground
S01_U04.CH4.wav,4547.88,4552.1599375,background
S01_U04.CH4.wav,4552,4552.2399375,foreground
S01_U04.CH4.wav,4552.08,4553.1599375,background
S01_U04.CH4.wav,4553,4553.2399375,foreground
S01_U04.CH4.wav,4553.08,4553.2799375,background
S01_U04.CH4.wav,4553.12,4553.3599375,foreground
S01_U04.CH4.wav,4553.2,4553.5999375,background
S01_U04.CH4.wav,4553.44,4553.6399375,foreground
S01_U04.CH4.wav,4553.48,4553.6799375,background
S01_U04.CH4.wav,4553.52,4553.8399375,foreground
S01_U04.CH4.wav,4553.68,4554.1199375,background
S01_U04.CH4.wav,4553.96,4554.1599375,foreground
S01_U04.CH4.wav,4554,4554.9999375,background
S01_U04.CH4.wav,4554.84,4555.2399375,foreground
S01_U04.CH4.wav,4555.08,4558.4799375,background
S01_U04.CH4.wav,4558.32,4558.5599375,foreground
S01_U04.CH4.wav,4558.4,4558.6399375,background
S01_U04.CH4.wav,4558.48,4558.9199375,foreground
S01_U04.CH4.wav,4558.76,4559.7999375,background
S01_U04.CH4.wav,4559.64,4559.9599375,foreground
S01_U04.CH4.wav,4559.8,4560.4399375,background
S01_U04.CH4.wav,4560.28,4560.4799375,foreground
S01_U04.CH4.wav,4560.32,4561.7999375,background
S01_U04.CH4.wav,4561.64,4561.9999375,foreground
S01_U04.CH4.wav,4561.84,4563.7599375,background
S01_U04.CH4.wav,4563.6,4563.9599375,foreground
S01_U04.CH4.wav,4563.8,4565.3199375,background
S01_U04.CH4.wav,4565.16,4565.3599375,foreground
S01_U04.CH4.wav,4565.2,4565.3999375,background
S01_U04.CH4.wav,4565.24,4565.4799375,foreground
S01_U04.CH4.wav,4565.32,4566.5199375,background
S01_U04.CH4.wav,4566.36,4566.5599375,foreground
S01_U04.CH4.wav,4566.4,4568.0399375,background
S01_U04.CH4.wav,4567.88,4568.2799375,foreground
S01_U04.CH4.wav,4568.12,4568.3999375,background
S01_U04.CH4.wav,4568.24,4568.8799375,foreground
S01_U04.CH4.wav,4568.72,4569.0399375,background
S01_U04.CH4.wav,4568.88,4569.2399375,foreground
S01_U04.CH4.wav,4569.08,4569.7999375,background
S01_U04.CH4.wav,4569.64,4569.8799375,foreground
S01_U04.CH4.wav,4569.72,4569.9199375,background
S01_U04.CH4.wav,4569.76,4569.9999375,foreground
S01_U04.CH4.wav,4569.84,4570.3999375,background
S01_U04.CH4.wav,4570.24,4570.4399375,foreground
S01_U04.CH4.wav,4570.28,4570.8799375,background
S01_U04.CH4.wav,4570.72,4570.9999375,foreground
S01_U04.CH4.wav,4570.84,4571.7599375,background
S01_U04.CH4.wav,4571.6,4571.9599375,foreground
S01_U04.CH4.wav,4571.8,4572.1199375,background
S01_U04.CH4.wav,4571.96,4572.1599375,foreground
S01_U04.CH4.wav,4572,4572.2799375,background
S01_U04.CH4.wav,4572.12,4572.4799375,foreground
S01_U04.CH4.wav,4572.32,4575.0399375,background
S01_U04.CH4.wav,4574.88,4575.1999375,foreground
S01_U04.CH4.wav,4575.04,4575.8399375,background
S01_U04.CH4.wav,4575.68,4575.9199375,foreground
S01_U04.CH4.wav,4575.76,4575.9999375,background
S01_U04.CH4.wav,4575.84,4576.0799375,foreground
S01_U04.CH4.wav,4575.92,4576.3599375,background
S01_U04.CH4.wav,4576.2,4576.7999375,foreground
S01_U04.CH4.wav,4576.64,4577.0399375,background
S01_U04.CH4.wav,4576.88,4577.1199375,foreground
S01_U04.CH4.wav,4576.96,4577.1599375,background
S01_U04.CH4.wav,4577,4577.3199375,foreground
S01_U04.CH4.wav,4577.16,4578.2399375,background
S01_U04.CH4.wav,4578.08,4578.2799375,foreground
S01_U04.CH4.wav,4578.12,4578.9599375,background
S01_U04.CH4.wav,4578.8,4579.0399375,foreground
S01_U04.CH4.wav,4578.88,4579.6799375,background
S01_U04.CH4.wav,4579.52,4579.9199375,foreground
S01_U04.CH4.wav,4579.76,4579.9599375,background
S01_U04.CH4.wav,4579.8,4579.9999375,foreground
S01_U04.CH4.wav,4579.84,4581.0799375,background
S01_U04.CH4.wav,4580.92,4581.1599375,foreground
S01_U04.CH4.wav,4581,4582.3999375,background
S01_U04.CH4.wav,4582.24,4582.4399375,foreground
S01_U04.CH4.wav,4582.28,4582.7199375,background
S01_U04.CH4.wav,4582.56,4582.8399375,foreground
S01_U04.CH4.wav,4582.68,4583.4799375,background
S01_U04.CH4.wav,4583.32,4583.5199375,foreground
S01_U04.CH4.wav,4583.36,4585.1999375,background
S01_U04.CH4.wav,4585.04,4585.3999375,foreground
S01_U04.CH4.wav,4585.24,4585.5999375,background
S01_U04.CH4.wav,4585.44,4585.7199375,foreground
S01_U04.CH4.wav,4585.56,4586.1199375,background
S01_U04.CH4.wav,4585.96,4586.4799375,foreground
S01_U04.CH4.wav,4586.32,4586.7599375,background
S01_U04.CH4.wav,4586.6,4586.8399375,foreground
S01_U04.CH4.wav,4586.68,4586.8799375,background
S01_U04.CH4.wav,4586.72,4586.9599375,foreground
S01_U04.CH4.wav,4586.8,4587.3199375,background
S01_U04.CH4.wav,4587.16,4587.6799375,foreground
S01_U04.CH4.wav,4587.52,4587.7999375,background
S01_U04.CH4.wav,4587.64,4587.8399375,foreground
S01_U04.CH4.wav,4587.68,4587.9199375,background
S01_U04.CH4.wav,4587.76,4588.3999375,foreground
S01_U04.CH4.wav,4588.24,4589.4799375,background
S01_U04.CH4.wav,4589.32,4589.5599375,foreground
S01_U04.CH4.wav,4589.4,4589.6799375,background
S01_U04.CH4.wav,4589.52,4589.7199375,foreground
S01_U04.CH4.wav,4589.56,4589.8399375,background
S01_U04.CH4.wav,4589.68,4589.9199375,foreground
S01_U04.CH4.wav,4589.76,4590.4799375,background
S01_U04.CH4.wav,4590.32,4590.5199375,foreground
S01_U04.CH4.wav,4590.36,4591.4399375,background
S01_U04.CH4.wav,4591.28,4591.7199375,foreground
S01_U04.CH4.wav,4591.56,4592.0399375,background
S01_U04.CH4.wav,4591.88,4592.1599375,foreground
S01_U04.CH4.wav,4592,4592.5999375,background
S01_U04.CH4.wav,4592.44,4592.6399375,foreground
S01_U04.CH4.wav,4592.48,4592.6799375,background
S01_U04.CH4.wav,4592.52,4592.7199375,foreground
S01_U04.CH4.wav,4592.56,4592.8399375,background
S01_U04.CH4.wav,4592.68,4593.0399375,foreground
S01_U04.CH4.wav,4592.88,4593.5199375,background
S01_U04.CH4.wav,4593.36,4593.5599375,foreground
S01_U04.CH4.wav,4593.4,4593.7199375,background
S01_U04.CH4.wav,4593.56,4593.8799375,foreground
S01_U04.CH4.wav,4593.72,4594.5599375,background
S01_U04.CH4.wav,4594.4,4594.6799375,foreground
S01_U04.CH4.wav,4594.52,4595.4799375,background
S01_U04.CH4.wav,4595.32,4595.5999375,foreground
S01_U04.CH4.wav,4595.44,4595.6399375,background
S01_U04.CH4.wav,4595.48,4595.9999375,foreground
S01_U04.CH4.wav,4595.84,4596.2399375,background
S01_U04.CH4.wav,4596.08,4596.5199375,foreground
S01_U04.CH4.wav,4596.36,4596.8799375,background
S01_U04.CH4.wav,4596.72,4596.9199375,foreground
S01_U04.CH4.wav,4596.76,4597.5999375,background
S01_U04.CH4.wav,4597.44,4597.6399375,foreground
S01_U04.CH4.wav,4597.48,4600.3199375,background
S01_U04.CH4.wav,4600.16,4600.6799375,foreground
S01_U04.CH4.wav,4600.52,4600.8799375,background
S01_U04.CH4.wav,4600.72,4600.9199375,foreground
S01_U04.CH4.wav,4600.76,4602.7599375,background
S01_U04.CH4.wav,4602.6,4603.0399375,foreground
S01_U04.CH4.wav,4602.88,4603.1199375,background
S01_U04.CH4.wav,4602.96,4603.3599375,foreground
S01_U04.CH4.wav,4603.2,4603.9199375,background
S01_U04.CH4.wav,4603.76,4604.1999375,foreground
S01_U04.CH4.wav,4604.04,4604.8799375,background
S01_U04.CH4.wav,4604.72,4605.0799375,foreground
S01_U04.CH4.wav,4604.92,4611.3199375,background
S01_U04.CH4.wav,4611.16,4611.3999375,foreground
S01_U04.CH4.wav,4611.24,4611.4799375,background
S01_U04.CH4.wav,4611.32,4611.7199375,foreground
S01_U04.CH4.wav,4611.56,4611.8399375,background
S01_U04.CH4.wav,4611.68,4611.8799375,foreground
S01_U04.CH4.wav,4611.72,4611.9199375,background
S01_U04.CH4.wav,4611.76,4611.9599375,foreground
S01_U04.CH4.wav,4611.8,4612.1199375,background
S01_U04.CH4.wav,4611.96,4612.1999375,foreground
S01_U04.CH4.wav,4612.04,4613.1599375,background
S01_U04.CH4.wav,4613,4613.5999375,foreground
S01_U04.CH4.wav,4613.44,4614.0799375,background
S01_U04.CH4.wav,4613.92,4614.3199375,foreground
S01_U04.CH4.wav,4614.16,4614.4799375,background
S01_U04.CH4.wav,4614.32,4614.5599375,foreground
S01_U04.CH4.wav,4614.4,4614.7599375,background
S01_U04.CH4.wav,4614.6,4614.7999375,foreground
S01_U04.CH4.wav,4614.64,4614.9599375,background
S01_U04.CH4.wav,4614.8,4615.1999375,foreground
S01_U04.CH4.wav,4615.04,4615.3199375,background
S01_U04.CH4.wav,4615.16,4615.3999375,foreground
S01_U04.CH4.wav,4615.24,4616.5599375,background
S01_U04.CH4.wav,4616.4,4616.6799375,foreground
S01_U04.CH4.wav,4616.52,4619.9999375,background
S01_U04.CH4.wav,4619.84,4620.1199375,foreground
S01_U04.CH4.wav,4619.96,4621.9199375,background
S01_U04.CH4.wav,4621.76,4621.9599375,foreground
S01_U04.CH4.wav,4621.8,4622.2799375,background
S01_U04.CH4.wav,4622.12,4622.3199375,foreground
S01_U04.CH4.wav,4622.16,4623.0399375,background
S01_U04.CH4.wav,4622.88,4623.1199375,foreground
S01_U04.CH4.wav,4622.96,4624.7999375,background
S01_U04.CH4.wav,4624.64,4624.9999375,foreground
S01_U04.CH4.wav,4624.84,4625.0799375,background
S01_U04.CH4.wav,4624.92,4625.2799375,foreground
S01_U04.CH4.wav,4625.12,4625.7199375,background
S01_U04.CH4.wav,4625.56,4625.7599375,foreground
S01_U04.CH4.wav,4625.6,4626.2399375,background
S01_U04.CH4.wav,4626.08,4626.2799375,foreground
S01_U04.CH4.wav,4626.12,4629.7199375,background
S01_U04.CH4.wav,4629.56,4629.8799375,foreground
S01_U04.CH4.wav,4629.72,4631.4799375,background
S01_U04.CH4.wav,4631.32,4631.6799375,foreground
S01_U04.CH4.wav,4631.52,4632.1199375,background
S01_U04.CH4.wav,4631.96,4632.2799375,foreground
S01_U04.CH4.wav,4632.12,4632.3599375,background
S01_U04.CH4.wav,4632.2,4632.3999375,foreground
S01_U04.CH4.wav,4632.24,4633.1999375,background
S01_U04.CH4.wav,4633.04,4633.2399375,foreground
S01_U04.CH4.wav,4633.08,4637.4399375,background
S01_U04.CH4.wav,4637.28,4637.4799375,foreground
S01_U04.CH4.wav,4637.32,4640.2399375,background
S01_U04.CH4.wav,4640.08,4640.2799375,foreground
S01_U04.CH4.wav,4640.12,4641.9599375,background
S01_U04.CH4.wav,4641.8,4642.0399375,foreground
S01_U04.CH4.wav,4641.88,4645.0799375,background
S01_U04.CH4.wav,4644.92,4645.2799375,foreground
S01_U04.CH4.wav,4645.12,4645.5199375,background
S01_U04.CH4.wav,4645.36,4645.5999375,foreground
S01_U04.CH4.wav,4645.44,4646.9999375,background
S01_U04.CH4.wav,4646.84,4647.1199375,foreground
S01_U04.CH4.wav,4646.96,4648.5599375,background
S01_U04.CH4.wav,4648.4,4648.5999375,foreground
S01_U04.CH4.wav,4648.44,4648.6799375,background
S01_U04.CH4.wav,4648.52,4648.8799375,foreground
S01_U04.CH4.wav,4648.72,4648.9999375,background
S01_U04.CH4.wav,4648.84,4649.0799375,foreground
S01_U04.CH4.wav,4648.92,4650.5999375,background
S01_U04.CH4.wav,4650.44,4650.7999375,foreground
S01_U04.CH4.wav,4650.64,4651.7999375,background
S01_U04.CH4.wav,4651.64,4651.8399375,foreground
S01_U04.CH4.wav,4651.68,4651.8799375,background
S01_U04.CH4.wav,4651.72,4651.9199375,foreground
S01_U04.CH4.wav,4651.76,4652.4399375,background
S01_U04.CH4.wav,4652.28,4652.5199375,foreground
S01_U04.CH4.wav,4652.36,4661.6799375,background
S01_U04.CH4.wav,4661.52,4661.7199375,foreground
S01_U04.CH4.wav,4661.56,4664.5199375,background
S01_U04.CH4.wav,4664.36,4664.6399375,foreground
S01_U04.CH4.wav,4664.48,4664.7999375,background
S01_U04.CH4.wav,4664.64,4664.9199375,foreground
S01_U04.CH4.wav,4664.76,4665.1199375,background
S01_U04.CH4.wav,4664.96,4665.1599375,foreground
S01_U04.CH4.wav,4665,4665.2399375,background
S01_U04.CH4.wav,4665.08,4665.2799375,foreground
S01_U04.CH4.wav,4665.12,4665.5999375,background
S01_U04.CH4.wav,4665.44,4665.7999375,foreground
S01_U04.CH4.wav,4665.64,4665.8399375,background
S01_U04.CH4.wav,4665.68,4666.0799375,foreground
S01_U04.CH4.wav,4665.92,4666.6399375,background
S01_U04.CH4.wav,4666.48,4666.6799375,foreground
S01_U04.CH4.wav,4666.52,4667.0399375,background
S01_U04.CH4.wav,4666.88,4667.0799375,foreground
S01_U04.CH4.wav,4666.92,4667.1599375,background
S01_U04.CH4.wav,4667,4667.3199375,foreground
S01_U04.CH4.wav,4667.16,4667.3599375,background
S01_U04.CH4.wav,4667.2,4667.4799375,foreground
S01_U04.CH4.wav,4667.32,4667.6399375,background
S01_U04.CH4.wav,4667.48,4667.8799375,foreground
S01_U04.CH4.wav,4667.72,4667.9199375,background
S01_U04.CH4.wav,4667.76,4667.9599375,foreground
S01_U04.CH4.wav,4667.8,4668.3999375,background
S01_U04.CH4.wav,4668.24,4668.4799375,foreground
S01_U04.CH4.wav,4668.32,4668.5199375,background
S01_U04.CH4.wav,4668.36,4668.5599375,foreground
S01_U04.CH4.wav,4668.4,4669.3599375,background
S01_U04.CH4.wav,4669.2,4669.7999375,foreground
S01_U04.CH4.wav,4669.64,4669.9599375,background
S01_U04.CH4.wav,4669.8,4670.3199375,foreground
S01_U04.CH4.wav,4670.16,4671.0799375,background
S01_U04.CH4.wav,4670.92,4671.1199375,foreground
S01_U04.CH4.wav,4670.96,4672.7199375,background
S01_U04.CH4.wav,4672.56,4672.8399375,foreground
S01_U04.CH4.wav,4672.68,4678.4799375,background
S01_U04.CH4.wav,4678.32,4678.5599375,foreground
S01_U04.CH4.wav,4678.4,4679.5999375,background
S01_U04.CH4.wav,4679.44,4679.7599375,foreground
S01_U04.CH4.wav,4679.6,4680.9999375,background
S01_U04.CH4.wav,4680.84,4681.2799375,foreground
S01_U04.CH4.wav,4681.12,4681.4799375,background
S01_U04.CH4.wav,4681.32,4681.7199375,foreground
S01_U04.CH4.wav,4681.56,4682.3599375,background
S01_U04.CH4.wav,4682.2,4682.5999375,foreground
S01_U04.CH4.wav,4682.44,4683.3599375,background
S01_U04.CH4.wav,4683.2,4683.5199375,foreground
S01_U04.CH4.wav,4683.36,4683.6799375,background
S01_U04.CH4.wav,4683.52,4683.7599375,foreground
S01_U04.CH4.wav,4683.6,4684.9999375,background
S01_U04.CH4.wav,4684.84,4685.2399375,foreground
S01_U04.CH4.wav,4685.08,4685.2799375,background
S01_U04.CH4.wav,4685.12,4685.3599375,foreground
S01_U04.CH4.wav,4685.2,4686.8399375,background
S01_U04.CH4.wav,4686.68,4686.8799375,foreground
S01_U04.CH4.wav,4686.72,4687.1199375,background
S01_U04.CH4.wav,4686.96,4687.1599375,foreground
S01_U04.CH4.wav,4687,4687.5599375,background
S01_U04.CH4.wav,4687.4,4687.5999375,foreground
S01_U04.CH4.wav,4687.44,4687.9999375,background
S01_U04.CH4.wav,4687.84,4688.1999375,foreground
S01_U04.CH4.wav,4688.04,4688.3199375,background
S01_U04.CH4.wav,4688.16,4688.3599375,foreground
S01_U04.CH4.wav,4688.2,4688.4799375,background
S01_U04.CH4.wav,4688.32,4688.5599375,foreground
S01_U04.CH4.wav,4688.4,4688.7999375,background
S01_U04.CH4.wav,4688.64,4688.8799375,foreground
S01_U04.CH4.wav,4688.72,4689.4399375,background
S01_U04.CH4.wav,4689.28,4689.7199375,foreground
S01_U04.CH4.wav,4689.56,4690.3199375,background
S01_U04.CH4.wav,4690.16,4690.6799375,foreground
S01_U04.CH4.wav,4690.52,4690.9199375,background
S01_U04.CH4.wav,4690.76,4691.1199375,foreground
S01_U04.CH4.wav,4690.96,4691.7599375,background
S01_U04.CH4.wav,4691.6,4691.9199375,foreground
S01_U04.CH4.wav,4691.76,4693.1999375,background
S01_U04.CH4.wav,4693.04,4693.3599375,foreground
S01_U04.CH4.wav,4693.2,4693.5199375,background
S01_U04.CH4.wav,4693.36,4693.5999375,foreground
S01_U04.CH4.wav,4693.44,4701.5999375,background
S01_U04.CH4.wav,4701.44,4701.6799375,foreground
S01_U04.CH4.wav,4701.52,4702.7599375,background
S01_U04.CH4.wav,4702.6,4702.9199375,foreground
S01_U04.CH4.wav,4702.76,4706.4399375,background
S01_U04.CH4.wav,4706.28,4706.5999375,foreground
S01_U04.CH4.wav,4706.44,4707.1999375,background
S01_U04.CH4.wav,4707.04,4707.2399375,foreground
S01_U04.CH4.wav,4707.08,4708.9599375,background
S01_U04.CH4.wav,4708.8,4709.1199375,foreground
S01_U04.CH4.wav,4708.96,4709.8799375,background
S01_U04.CH4.wav,4709.72,4709.9199375,foreground
S01_U04.CH4.wav,4709.76,4716.0799375,background
S01_U04.CH4.wav,4715.92,4716.2399375,foreground
S01_U04.CH4.wav,4716.08,4725.9599375,background
S01_U04.CH4.wav,4725.8,4726.2399375,foreground
S01_U04.CH4.wav,4726.08,4726.5599375,background
S01_U04.CH4.wav,4726.4,4726.5999375,foreground
S01_U04.CH4.wav,4726.44,4728.2399375,background
S01_U04.CH4.wav,4728.08,4728.3599375,foreground
S01_U04.CH4.wav,4728.2,4729.0799375,background
S01_U04.CH4.wav,4728.92,4729.1199375,foreground
S01_U04.CH4.wav,4728.96,4729.3999375,background
S01_U04.CH4.wav,4729.24,4729.4399375,foreground
S01_U04.CH4.wav,4729.28,4729.5999375,background
S01_U04.CH4.wav,4729.44,4729.6799375,foreground
S01_U04.CH4.wav,4729.52,4729.7199375,background
S01_U04.CH4.wav,4729.56,4729.7599375,foreground
S01_U04.CH4.wav,4729.6,4729.9199375,background
S01_U04.CH4.wav,4729.76,4729.9599375,foreground
S01_U04.CH4.wav,4729.8,4730.4799375,background
S01_U04.CH4.wav,4730.32,4730.5999375,foreground
S01_U04.CH4.wav,4730.44,4730.7999375,background
S01_U04.CH4.wav,4730.64,4731.0399375,foreground
S01_U04.CH4.wav,4730.88,4732.9199375,background
S01_U04.CH4.wav,4732.76,4732.9999375,foreground
S01_U04.CH4.wav,4732.84,4733.3599375,background
S01_U04.CH4.wav,4733.2,4733.5199375,foreground
S01_U04.CH4.wav,4733.36,4733.6799375,background
S01_U04.CH4.wav,4733.52,4733.9599375,foreground
S01_U04.CH4.wav,4733.8,4734.6399375,background
S01_U04.CH4.wav,4734.48,4734.6799375,foreground
S01_U04.CH4.wav,4734.52,4735.2799375,background
S01_U04.CH4.wav,4735.12,4735.3199375,foreground
S01_U04.CH4.wav,4735.16,4735.3599375,background
S01_U04.CH4.wav,4735.2,4735.3999375,foreground
S01_U04.CH4.wav,4735.24,4735.7199375,background
S01_U04.CH4.wav,4735.56,4735.8799375,foreground
S01_U04.CH4.wav,4735.72,4735.9199375,background
S01_U04.CH4.wav,4735.76,4736.1199375,foreground
S01_U04.CH4.wav,4735.96,4736.9199375,background
S01_U04.CH4.wav,4736.76,4737.1599375,foreground
S01_U04.CH4.wav,4737,4737.4799375,background
S01_U04.CH4.wav,4737.32,4737.6799375,foreground
S01_U04.CH4.wav,4737.52,4738.0799375,background
S01_U04.CH4.wav,4737.92,4738.3199375,foreground
S01_U04.CH4.wav,4738.16,4738.8799375,background
S01_U04.CH4.wav,4738.72,4738.9999375,foreground
S01_U04.CH4.wav,4738.84,4739.9199375,background
S01_U04.CH4.wav,4739.76,4739.9999375,foreground
S01_U04.CH4.wav,4739.84,4740.5599375,background
S01_U04.CH4.wav,4740.4,4740.5999375,foreground
S01_U04.CH4.wav,4740.44,4741.0799375,background
S01_U04.CH4.wav,4740.92,4741.1599375,foreground
S01_U04.CH4.wav,4741,4741.2399375,background
S01_U04.CH4.wav,4741.08,4741.5599375,foreground
S01_U04.CH4.wav,4741.4,4741.7999375,background
S01_U04.CH4.wav,4741.64,4742.0399375,foreground
S01_U04.CH4.wav,4741.88,4742.0799375,background
S01_U04.CH4.wav,4741.92,4742.2799375,foreground
S01_U04.CH4.wav,4742.12,4742.9199375,background
S01_U04.CH4.wav,4742.76,4742.9599375,foreground
S01_U04.CH4.wav,4742.8,4744.0399375,background
S01_U04.CH4.wav,4743.88,4744.0799375,foreground
S01_U04.CH4.wav,4743.92,4748.0799375,background
S01_U04.CH4.wav,4747.92,4748.1599375,foreground
S01_U04.CH4.wav,4748,4748.1999375,background
S01_U04.CH4.wav,4748.04,4748.2799375,foreground
S01_U04.CH4.wav,4748.12,4748.9999375,background
S01_U04.CH4.wav,4748.84,4749.2399375,foreground
S01_U04.CH4.wav,4749.08,4749.7999375,background
S01_U04.CH4.wav,4749.64,4750.0399375,foreground
S01_U04.CH4.wav,4749.88,4750.9199375,background
S01_U04.CH4.wav,4750.76,4750.9599375,foreground
S01_U04.CH4.wav,4750.8,4751.2399375,background
S01_U04.CH4.wav,4751.08,4751.3999375,foreground
S01_U04.CH4.wav,4751.24,4751.5599375,background
S01_U04.CH4.wav,4751.4,4751.6799375,foreground
S01_U04.CH4.wav,4751.52,4751.9999375,background
S01_U04.CH4.wav,4751.84,4752.0399375,foreground
S01_U04.CH4.wav,4751.88,4767.9599375,background
S01_U04.CH4.wav,4767.8,4767.9999375,foreground
S01_U04.CH4.wav,4767.84,4770.7199375,background
S01_U04.CH4.wav,4770.56,4770.7599375,foreground
S01_U04.CH4.wav,4770.6,4771.4399375,background
S01_U04.CH4.wav,4771.28,4771.5599375,foreground
S01_U04.CH4.wav,4771.4,4774.4799375,background
S01_U04.CH4.wav,4774.32,4774.5199375,foreground
S01_U04.CH4.wav,4774.36,4774.6799375,background
S01_U04.CH4.wav,4774.52,4774.7599375,foreground
S01_U04.CH4.wav,4774.6,4782.5599375,background
S01_U04.CH4.wav,4782.4,4782.7199375,foreground
S01_U04.CH4.wav,4782.56,4784.7999375,background
S01_U04.CH4.wav,4784.64,4785.4799375,foreground
S01_U04.CH4.wav,4785.32,4785.6399375,background
S01_U04.CH4.wav,4785.48,4785.7599375,foreground
S01_U04.CH4.wav,4785.6,4786.0399375,background
S01_U04.CH4.wav,4785.88,4786.1199375,foreground
S01_U04.CH4.wav,4785.96,4788.0399375,background
S01_U04.CH4.wav,4787.88,4788.1199375,foreground
S01_U04.CH4.wav,4787.96,4788.8399375,background
S01_U04.CH4.wav,4788.68,4789.0399375,foreground
S01_U04.CH4.wav,4788.88,4789.1199375,background
S01_U04.CH4.wav,4788.96,4789.7199375,foreground
S01_U04.CH4.wav,4789.56,4789.7599375,background
S01_U04.CH4.wav,4789.6,4789.8399375,foreground
S01_U04.CH4.wav,4789.68,4791.4799375,background
S01_U04.CH4.wav,4791.32,4791.6399375,foreground
S01_U04.CH4.wav,4791.48,4792.0399375,background
S01_U04.CH4.wav,4791.88,4792.0799375,foreground
S01_U04.CH4.wav,4791.92,4793.5199375,background
S01_U04.CH4.wav,4793.36,4793.6799375,foreground
S01_U04.CH4.wav,4793.52,4795.9199375,background
S01_U04.CH4.wav,4795.76,4796.0399375,foreground
S01_U04.CH4.wav,4795.88,4796.8399375,background
S01_U04.CH4.wav,4796.68,4797.1999375,foreground
S01_U04.CH4.wav,4797.04,4797.3599375,background
S01_U04.CH4.wav,4797.2,4797.4399375,foreground
S01_U04.CH4.wav,4797.28,4797.9599375,background
S01_U04.CH4.wav,4797.8,4798.1599375,foreground
S01_U04.CH4.wav,4798,4798.3199375,background
S01_U04.CH4.wav,4798.16,4799.1599375,foreground
S01_U04.CH4.wav,4799,4799.4399375,background
S01_U04.CH4.wav,4799.28,4799.4799375,foreground
S01_U04.CH4.wav,4799.32,4799.5199375,background
S01_U04.CH4.wav,4799.36,4799.7199375,foreground
S01_U04.CH4.wav,4799.56,4799.9599375,background
S01_U04.CH4.wav,4799.8,4799.9999375,foreground
S01_U04.CH4.wav,4799.84,4800.1599375,background
S01_U04.CH4.wav,4800,4800.3199375,foreground
S01_U04.CH4.wav,4800.16,4800.5199375,background
S01_U04.CH4.wav,4800.36,4800.8799375,foreground
S01_U04.CH4.wav,4800.72,4801.6799375,background
S01_U04.CH4.wav,4801.52,4801.8799375,foreground
S01_U04.CH4.wav,4801.72,4802.1999375,background
S01_U04.CH4.wav,4802.04,4802.3199375,foreground
S01_U04.CH4.wav,4802.16,4802.7199375,background
S01_U04.CH4.wav,4802.56,4802.8399375,foreground
S01_U04.CH4.wav,4802.68,4803.3999375,background
S01_U04.CH4.wav,4803.24,4803.4799375,foreground
S01_U04.CH4.wav,4803.32,4803.7999375,background
S01_U04.CH4.wav,4803.64,4804.0399375,foreground
S01_U04.CH4.wav,4803.88,4806.3599375,background
S01_U04.CH4.wav,4806.2,4806.3999375,foreground
S01_U04.CH4.wav,4806.24,4806.9199375,background
S01_U04.CH4.wav,4806.76,4807.0399375,foreground
S01_U04.CH4.wav,4806.88,4807.7599375,background
S01_U04.CH4.wav,4807.6,4807.7999375,foreground
S01_U04.CH4.wav,4807.64,4809.3599375,background
S01_U04.CH4.wav,4809.2,4809.5199375,foreground
S01_U04.CH4.wav,4809.36,4810.8799375,background
S01_U04.CH4.wav,4810.72,4811.0799375,foreground
S01_U04.CH4.wav,4810.92,4811.1199375,background
S01_U04.CH4.wav,4810.96,4811.1599375,foreground
S01_U04.CH4.wav,4811,4811.1999375,background
S01_U04.CH4.wav,4811.04,4811.4799375,foreground
S01_U04.CH4.wav,4811.32,4811.5199375,background
S01_U04.CH4.wav,4811.36,4811.5599375,foreground
S01_U04.CH4.wav,4811.4,4813.5599375,background
S01_U04.CH4.wav,4813.4,4813.5999375,foreground
S01_U04.CH4.wav,4813.44,4814.6399375,background
S01_U04.CH4.wav,4814.48,4814.6799375,foreground
S01_U04.CH4.wav,4814.52,4819.5599375,background
S01_U04.CH4.wav,4819.4,4819.5999375,foreground
S01_U04.CH4.wav,4819.44,4820.1199375,background
S01_U04.CH4.wav,4819.96,4820.1999375,foreground
S01_U04.CH4.wav,4820.04,4820.4399375,background
S01_U04.CH4.wav,4820.28,4820.5999375,foreground
S01_U04.CH4.wav,4820.44,4820.6399375,background
S01_U04.CH4.wav,4820.48,4820.7199375,foreground
S01_U04.CH4.wav,4820.56,4822.5999375,background
S01_U04.CH4.wav,4822.44,4822.6399375,foreground
S01_U04.CH4.wav,4822.48,4822.6799375,background
S01_U04.CH4.wav,4822.52,4822.7999375,foreground
S01_U04.CH4.wav,4822.64,4823.1199375,background
S01_U04.CH4.wav,4822.96,4823.1599375,foreground
S01_U04.CH4.wav,4823,4823.4799375,background
S01_U04.CH4.wav,4823.32,4823.6399375,foreground
S01_U04.CH4.wav,4823.48,4823.6799375,background
S01_U04.CH4.wav,4823.52,4823.7199375,foreground
S01_U04.CH4.wav,4823.56,4824.3999375,background
S01_U04.CH4.wav,4824.24,4824.5199375,foreground
S01_U04.CH4.wav,4824.36,4824.5999375,background
S01_U04.CH4.wav,4824.44,4824.6399375,foreground
S01_U04.CH4.wav,4824.48,4824.8399375,background
S01_U04.CH4.wav,4824.68,4824.8799375,foreground
S01_U04.CH4.wav,4824.72,4825.1999375,background
S01_U04.CH4.wav,4825.04,4825.3199375,foreground
S01_U04.CH4.wav,4825.16,4826.4799375,background
S01_U04.CH4.wav,4826.32,4826.8399375,foreground
S01_U04.CH4.wav,4826.68,4826.9199375,background
S01_U04.CH4.wav,4826.76,4827.1199375,foreground
S01_U04.CH4.wav,4826.96,4828.4399375,background
S01_U04.CH4.wav,4828.28,4828.5999375,foreground
S01_U04.CH4.wav,4828.44,4831.0399375,background
S01_U04.CH4.wav,4830.88,4831.1599375,foreground
S01_U04.CH4.wav,4831,4832.6799375,background
S01_U04.CH4.wav,4832.52,4832.7199375,foreground
S01_U04.CH4.wav,4832.56,4837.8799375,background
S01_U04.CH4.wav,4837.72,4838.1199375,foreground
S01_U04.CH4.wav,4837.96,4838.3999375,background
S01_U04.CH4.wav,4838.24,4838.5999375,foreground
S01_U04.CH4.wav,4838.44,4840.5599375,background
S01_U04.CH4.wav,4840.4,4840.5999375,foreground
S01_U04.CH4.wav,4840.44,4846.4799375,background
S01_U04.CH4.wav,4846.32,4846.6799375,foreground
S01_U04.CH4.wav,4846.52,4846.9199375,background
S01_U04.CH4.wav,4846.76,4847.0799375,foreground
S01_U04.CH4.wav,4846.92,4851.9999375,background
S01_U04.CH4.wav,4851.84,4852.0399375,foreground
S01_U04.CH4.wav,4851.88,4852.1999375,background
S01_U04.CH4.wav,4852.04,4852.9199375,foreground
S01_U04.CH4.wav,4852.76,4855.6399375,background
S01_U04.CH4.wav,4855.48,4855.6799375,foreground
S01_U04.CH4.wav,4855.52,4855.8799375,background
S01_U04.CH4.wav,4855.72,4855.9999375,foreground
S01_U04.CH4.wav,4855.84,4856.0399375,background
S01_U04.CH4.wav,4855.88,4856.1599375,foreground
S01_U04.CH4.wav,4856,4856.1999375,background
S01_U04.CH4.wav,4856.04,4856.9999375,foreground
S01_U04.CH4.wav,4856.84,4857.2799375,background
S01_U04.CH4.wav,4857.12,4857.3199375,foreground
S01_U04.CH4.wav,4857.16,4857.6799375,background
S01_U04.CH4.wav,4857.52,4857.7199375,foreground
S01_U04.CH4.wav,4857.56,4857.7999375,background
S01_U04.CH4.wav,4857.64,4858.1199375,foreground
S01_U04.CH4.wav,4857.96,4858.1599375,background
S01_U04.CH4.wav,4858,4858.1999375,foreground
S01_U04.CH4.wav,4858.04,4858.7199375,background
S01_U04.CH4.wav,4858.56,4858.7599375,foreground
S01_U04.CH4.wav,4858.6,4859.7199375,background
S01_U04.CH4.wav,4859.56,4859.7599375,foreground
S01_U04.CH4.wav,4859.6,4860.4399375,background
S01_U04.CH4.wav,4860.28,4860.7199375,foreground
S01_U04.CH4.wav,4860.56,4860.7999375,background
S01_U04.CH4.wav,4860.64,4860.8399375,foreground
S01_U04.CH4.wav,4860.68,4861.1199375,background
S01_U04.CH4.wav,4860.96,4861.3199375,foreground
S01_U04.CH4.wav,4861.16,4863.2799375,background
S01_U04.CH4.wav,4863.12,4863.3599375,foreground
S01_U04.CH4.wav,4863.2,4863.3999375,background
S01_U04.CH4.wav,4863.24,4863.4399375,foreground
S01_U04.CH4.wav,4863.28,4863.7199375,background
S01_U04.CH4.wav,4863.56,4863.8399375,foreground
S01_U04.CH4.wav,4863.68,4864.0399375,background
S01_U04.CH4.wav,4863.88,4864.2799375,foreground
S01_U04.CH4.wav,4864.12,4864.9599375,background
S01_U04.CH4.wav,4864.8,4865.0399375,foreground
S01_U04.CH4.wav,4864.88,4866.2799375,background
S01_U04.CH4.wav,4866.12,4866.3599375,foreground
S01_U04.CH4.wav,4866.2,4872.0799375,background
S01_U04.CH4.wav,4871.92,4872.4399375,foreground
S01_U04.CH4.wav,4872.28,4872.4799375,background
S01_U04.CH4.wav,4872.32,4872.5599375,foreground
S01_U04.CH4.wav,4872.4,4873.7599375,background
S01_U04.CH4.wav,4873.6,4873.8799375,foreground
S01_U04.CH4.wav,4873.72,4874.9599375,background
S01_U04.CH4.wav,4874.8,4875.2799375,foreground
S01_U04.CH4.wav,4875.12,4875.7199375,background
S01_U04.CH4.wav,4875.56,4875.9999375,foreground
S01_U04.CH4.wav,4875.84,4876.1199375,background
S01_U04.CH4.wav,4875.96,4876.1599375,foreground
S01_U04.CH4.wav,4876,4876.6399375,background
S01_U04.CH4.wav,4876.48,4876.9999375,foreground
S01_U04.CH4.wav,4876.84,4877.1199375,background
S01_U04.CH4.wav,4876.96,4877.1599375,foreground
S01_U04.CH4.wav,4877,4882.4799375,background
S01_U04.CH4.wav,4882.32,4882.5199375,foreground
S01_U04.CH4.wav,4882.36,4891.2799375,background
S01_U04.CH4.wav,4891.12,4891.4399375,foreground
S01_U04.CH4.wav,4891.28,4891.6799375,background
S01_U04.CH4.wav,4891.52,4891.8799375,foreground
S01_U04.CH4.wav,4891.72,4896.0799375,background
S01_U04.CH4.wav,4895.92,4896.2399375,foreground
S01_U04.CH4.wav,4896.08,4896.4399375,background
S01_U04.CH4.wav,4896.28,4896.6799375,foreground
S01_U04.CH4.wav,4896.52,4896.8399375,background
S01_U04.CH4.wav,4896.68,4897.0799375,foreground
S01_U04.CH4.wav,4896.92,4897.1199375,background
S01_U04.CH4.wav,4896.96,4897.3599375,foreground
S01_U04.CH4.wav,4897.2,4911.5999375,background
S01_U04.CH4.wav,4911.44,4911.7999375,foreground
S01_U04.CH4.wav,4911.64,4912.2799375,background
S01_U04.CH4.wav,4912.12,4912.3999375,foreground
S01_U04.CH4.wav,4912.24,4913.0799375,background
S01_U04.CH4.wav,4912.92,4913.1199375,foreground
S01_U04.CH4.wav,4912.96,4913.2799375,background
S01_U04.CH4.wav,4913.12,4913.4799375,foreground
S01_U04.CH4.wav,4913.32,4913.5599375,background
S01_U04.CH4.wav,4913.4,4914.1199375,foreground
S01_U04.CH4.wav,4913.96,4914.1599375,background
S01_U04.CH4.wav,4914,4914.6399375,foreground
S01_U04.CH4.wav,4914.48,4914.7199375,background
S01_U04.CH4.wav,4914.56,4914.7599375,foreground
S01_U04.CH4.wav,4914.6,4914.7999375,background
S01_U04.CH4.wav,4914.64,4914.8799375,foreground
S01_U04.CH4.wav,4914.72,4914.9999375,background
S01_U04.CH4.wav,4914.84,4915.0399375,foreground
S01_U04.CH4.wav,4914.88,4915.1199375,background
S01_U04.CH4.wav,4914.96,4915.1599375,foreground
S01_U04.CH4.wav,4915,4915.2799375,background
S01_U04.CH4.wav,4915.12,4915.4399375,foreground
S01_U04.CH4.wav,4915.28,4915.4799375,background
S01_U04.CH4.wav,4915.32,4915.5199375,foreground
S01_U04.CH4.wav,4915.36,4915.6399375,background
S01_U04.CH4.wav,4915.48,4915.6799375,foreground
S01_U04.CH4.wav,4915.52,4915.8799375,background
S01_U04.CH4.wav,4915.72,4916.5999375,foreground
S01_U04.CH4.wav,4916.44,4917.4399375,background
S01_U04.CH4.wav,4917.28,4917.7199375,foreground
S01_U04.CH4.wav,4917.56,4919.1599375,background
S01_U04.CH4.wav,4919,4919.1999375,foreground
S01_U04.CH4.wav,4919.04,4919.7599375,background
S01_U04.CH4.wav,4919.6,4919.9199375,foreground
S01_U04.CH4.wav,4919.76,4920.2799375,background
S01_U04.CH4.wav,4920.12,4920.5599375,foreground
S01_U04.CH4.wav,4920.4,4920.9599375,background
S01_U04.CH4.wav,4920.8,4921.0799375,foreground
S01_U04.CH4.wav,4920.92,4921.2799375,background
S01_U04.CH4.wav,4921.12,4921.3199375,foreground
S01_U04.CH4.wav,4921.16,4923.7199375,background
S01_U04.CH4.wav,4923.56,4923.8399375,foreground
S01_U04.CH4.wav,4923.68,4923.9599375,background
S01_U04.CH4.wav,4923.8,4924.0399375,foreground
S01_U04.CH4.wav,4923.88,4924.4399375,background
S01_U04.CH4.wav,4924.28,4924.5199375,foreground
S01_U04.CH4.wav,4924.36,4924.5999375,background
S01_U04.CH4.wav,4924.44,4924.7599375,foreground
S01_U04.CH4.wav,4924.6,4924.8799375,background
S01_U04.CH4.wav,4924.72,4924.9199375,foreground
S01_U04.CH4.wav,4924.76,4925.4799375,background
S01_U04.CH4.wav,4925.32,4925.5599375,foreground
S01_U04.CH4.wav,4925.4,4925.9199375,background
S01_U04.CH4.wav,4925.76,4925.9599375,foreground
S01_U04.CH4.wav,4925.8,4926.7599375,background
S01_U04.CH4.wav,4926.6,4926.8799375,foreground
S01_U04.CH4.wav,4926.72,4926.9999375,background
S01_U04.CH4.wav,4926.84,4927.0799375,foreground
S01_U04.CH4.wav,4926.92,4927.4799375,background
S01_U04.CH4.wav,4927.32,4927.6399375,foreground
S01_U04.CH4.wav,4927.48,4927.7999375,background
S01_U04.CH4.wav,4927.64,4927.9999375,foreground
S01_U04.CH4.wav,4927.84,4928.1999375,background
S01_U04.CH4.wav,4928.04,4928.2799375,foreground
S01_U04.CH4.wav,4928.12,4928.6399375,background
S01_U04.CH4.wav,4928.48,4928.7599375,foreground
S01_U04.CH4.wav,4928.6,4928.8799375,background
S01_U04.CH4.wav,4928.72,4928.9199375,foreground
S01_U04.CH4.wav,4928.76,4929.1599375,background
S01_U04.CH4.wav,4929,4929.2399375,foreground
S01_U04.CH4.wav,4929.08,4929.2799375,background
S01_U04.CH4.wav,4929.12,4929.3199375,foreground
S01_U04.CH4.wav,4929.16,4929.4399375,background
S01_U04.CH4.wav,4929.28,4929.5999375,foreground
S01_U04.CH4.wav,4929.44,4930.0399375,background
S01_U04.CH4.wav,4929.88,4930.2799375,foreground
S01_U04.CH4.wav,4930.12,4930.3599375,background
S01_U04.CH4.wav,4930.2,4930.3999375,foreground
S01_U04.CH4.wav,4930.24,4930.8799375,background
S01_U04.CH4.wav,4930.72,4931.1199375,foreground
S01_U04.CH4.wav,4930.96,4932.0399375,background
S01_U04.CH4.wav,4931.88,4932.1599375,foreground
S01_U04.CH4.wav,4932,4932.6399375,background
S01_U04.CH4.wav,4932.48,4932.7599375,foreground
S01_U04.CH4.wav,4932.6,4933.9199375,background
S01_U04.CH4.wav,4933.76,4933.9999375,foreground
S01_U04.CH4.wav,4933.84,4935.5999375,background
S01_U04.CH4.wav,4935.44,4935.6799375,foreground
S01_U04.CH4.wav,4935.52,4936.7599375,background
S01_U04.CH4.wav,4936.6,4937.1999375,foreground
S01_U04.CH4.wav,4937.04,4937.6399375,background
S01_U04.CH4.wav,4937.48,4937.7199375,foreground
S01_U04.CH4.wav,4937.56,4938.0399375,background
S01_U04.CH4.wav,4937.88,4938.1999375,foreground
S01_U04.CH4.wav,4938.04,4938.3199375,background
S01_U04.CH4.wav,4938.16,4938.3599375,foreground
S01_U04.CH4.wav,4938.2,4938.7999375,background
S01_U04.CH4.wav,4938.64,4938.8799375,foreground
S01_U04.CH4.wav,4938.72,4939.2799375,background
S01_U04.CH4.wav,4939.12,4939.3599375,foreground
S01_U04.CH4.wav,4939.2,4939.7199375,background
S01_U04.CH4.wav,4939.56,4939.7599375,foreground
S01_U04.CH4.wav,4939.6,4939.8399375,background
S01_U04.CH4.wav,4939.68,4939.9599375,foreground
S01_U04.CH4.wav,4939.8,4941.1199375,background
S01_U04.CH4.wav,4940.96,4941.5599375,foreground
S01_U04.CH4.wav,4941.4,4941.7999375,background
S01_U04.CH4.wav,4941.64,4942.0799375,foreground
S01_U04.CH4.wav,4941.92,4942.5599375,background
S01_U04.CH4.wav,4942.4,4942.7199375,foreground
S01_U04.CH4.wav,4942.56,4942.7999375,background
S01_U04.CH4.wav,4942.64,4943.3199375,foreground
S01_U04.CH4.wav,4943.16,4944.4399375,background
S01_U04.CH4.wav,4944.28,4944.7199375,foreground
S01_U04.CH4.wav,4944.56,4944.7599375,background
S01_U04.CH4.wav,4944.6,4944.7999375,foreground
S01_U04.CH4.wav,4944.64,4945.1599375,background
S01_U04.CH4.wav,4945,4945.2399375,foreground
S01_U04.CH4.wav,4945.08,4945.2799375,background
S01_U04.CH4.wav,4945.12,4945.4399375,foreground
S01_U04.CH4.wav,4945.28,4947.1599375,background
S01_U04.CH4.wav,4947,4947.1999375,foreground
S01_U04.CH4.wav,4947.04,4948.6399375,background
S01_U04.CH4.wav,4948.48,4948.7999375,foreground
S01_U04.CH4.wav,4948.64,4949.5599375,background
S01_U04.CH4.wav,4949.4,4949.9599375,foreground
S01_U04.CH4.wav,4949.8,4950.1199375,background
S01_U04.CH4.wav,4949.96,4950.1999375,foreground
S01_U04.CH4.wav,4950.04,4950.3599375,background
S01_U04.CH4.wav,4950.2,4950.5999375,foreground
S01_U04.CH4.wav,4950.44,4952.0799375,background
S01_U04.CH4.wav,4951.92,4952.2799375,foreground
S01_U04.CH4.wav,4952.12,4952.7599375,background
S01_U04.CH4.wav,4952.6,4952.7999375,foreground
S01_U04.CH4.wav,4952.64,4953.3199375,background
S01_U04.CH4.wav,4953.16,4953.3999375,foreground
S01_U04.CH4.wav,4953.24,4955.1199375,background
S01_U04.CH4.wav,4954.96,4955.1999375,foreground
S01_U04.CH4.wav,4955.04,4955.3999375,background
S01_U04.CH4.wav,4955.24,4955.5599375,foreground
S01_U04.CH4.wav,4955.4,4956.1599375,background
S01_U04.CH4.wav,4956,4956.5599375,foreground
S01_U04.CH4.wav,4956.4,4957.3199375,background
S01_U04.CH4.wav,4957.16,4957.3999375,foreground
S01_U04.CH4.wav,4957.24,4958.1599375,background
S01_U04.CH4.wav,4958,4958.1999375,foreground
S01_U04.CH4.wav,4958.04,4958.4399375,background
S01_U04.CH4.wav,4958.28,4958.5999375,foreground
S01_U04.CH4.wav,4958.44,4959.1599375,background
S01_U04.CH4.wav,4959,4959.6399375,foreground
S01_U04.CH4.wav,4959.48,4960.7999375,background
S01_U04.CH4.wav,4960.64,4961.1199375,foreground
S01_U04.CH4.wav,4960.96,4962.4399375,background
S01_U04.CH4.wav,4962.28,4962.5999375,foreground
S01_U04.CH4.wav,4962.44,4962.7599375,background
S01_U04.CH4.wav,4962.6,4962.7999375,foreground
S01_U04.CH4.wav,4962.64,4963.7599375,background
S01_U04.CH4.wav,4963.6,4963.8399375,foreground
S01_U04.CH4.wav,4963.68,4966.8799375,background
S01_U04.CH4.wav,4966.72,4966.9199375,foreground
S01_U04.CH4.wav,4966.76,4967.3599375,background
S01_U04.CH4.wav,4967.2,4967.3999375,foreground
S01_U04.CH4.wav,4967.24,4968.1199375,background
S01_U04.CH4.wav,4967.96,4968.1999375,foreground
S01_U04.CH4.wav,4968.04,4968.4399375,background
S01_U04.CH4.wav,4968.28,4968.5199375,foreground
S01_U04.CH4.wav,4968.36,4968.5599375,background
S01_U04.CH4.wav,4968.4,4968.7999375,foreground
S01_U04.CH4.wav,4968.64,4970.1199375,background
S01_U04.CH4.wav,4969.96,4970.4399375,foreground
S01_U04.CH4.wav,4970.28,4971.5199375,background
S01_U04.CH4.wav,4971.36,4972.1199375,foreground
S01_U04.CH4.wav,4971.96,4972.5599375,background
S01_U04.CH4.wav,4972.4,4972.7199375,foreground
S01_U04.CH4.wav,4972.56,4973.1999375,background
S01_U04.CH4.wav,4973.04,4973.2799375,foreground
S01_U04.CH4.wav,4973.12,4975.9599375,background
S01_U04.CH4.wav,4975.8,4976.0399375,foreground
S01_U04.CH4.wav,4975.88,4978.6399375,background
S01_U04.CH4.wav,4978.48,4978.8399375,foreground
S01_U04.CH4.wav,4978.68,4979.9999375,background
S01_U04.CH4.wav,4979.84,4980.1599375,foreground
S01_U04.CH4.wav,4980,4980.4399375,background
S01_U04.CH4.wav,4980.28,4980.4799375,foreground
S01_U04.CH4.wav,4980.32,4980.5999375,background
S01_U04.CH4.wav,4980.44,4980.7999375,foreground
S01_U04.CH4.wav,4980.64,4981.0799375,background
S01_U04.CH4.wav,4980.92,4981.1999375,foreground
S01_U04.CH4.wav,4981.04,4981.2799375,background
S01_U04.CH4.wav,4981.12,4981.7999375,foreground
S01_U04.CH4.wav,4981.64,4982.7199375,background
S01_U04.CH4.wav,4982.56,4982.7999375,foreground
S01_U04.CH4.wav,4982.64,4982.9599375,background
S01_U04.CH4.wav,4982.8,4983.0399375,foreground
S01_U04.CH4.wav,4982.88,4983.1599375,background
S01_U04.CH4.wav,4983,4983.3199375,foreground
S01_U04.CH4.wav,4983.16,4985.3599375,background
S01_U04.CH4.wav,4985.2,4985.5599375,foreground
S01_U04.CH4.wav,4985.4,4985.7199375,background
S01_U04.CH4.wav,4985.56,4985.9999375,foreground
S01_U04.CH4.wav,4985.84,4986.0399375,background
S01_U04.CH4.wav,4985.88,4986.7199375,foreground
S01_U04.CH4.wav,4986.56,4986.7999375,background
S01_U04.CH4.wav,4986.64,4986.8799375,foreground
S01_U04.CH4.wav,4986.72,4987.2399375,background
S01_U04.CH4.wav,4987.08,4987.2799375,foreground
S01_U04.CH4.wav,4987.12,4987.4399375,background
S01_U04.CH4.wav,4987.28,4987.5199375,foreground
S01_U04.CH4.wav,4987.36,4987.8399375,background
S01_U04.CH4.wav,4987.68,4987.8799375,foreground
S01_U04.CH4.wav,4987.72,4988.3199375,background
S01_U04.CH4.wav,4988.16,4988.4399375,foreground
S01_U04.CH4.wav,4988.28,4989.5599375,background
S01_U04.CH4.wav,4989.4,4989.6399375,foreground
S01_U04.CH4.wav,4989.48,4990.1599375,background
S01_U04.CH4.wav,4990,4990.1999375,foreground
S01_U04.CH4.wav,4990.04,4990.2399375,background
S01_U04.CH4.wav,4990.08,4990.5999375,foreground
S01_U04.CH4.wav,4990.44,4990.6799375,background
S01_U04.CH4.wav,4990.52,4990.8399375,foreground
S01_U04.CH4.wav,4990.68,4992.3999375,background
S01_U04.CH4.wav,4992.24,4992.4399375,foreground
S01_U04.CH4.wav,4992.28,4994.9599375,background
S01_U04.CH4.wav,4994.8,4995.1599375,foreground
S01_U04.CH4.wav,4995,4996.0799375,background
S01_U04.CH4.wav,4995.92,4996.1199375,foreground
S01_U04.CH4.wav,4995.96,4996.1599375,background
S01_U04.CH4.wav,4996,4996.1999375,foreground
S01_U04.CH4.wav,4996.04,4996.5999375,background
S01_U04.CH4.wav,4996.44,4996.6399375,foreground
S01_U04.CH4.wav,4996.48,4997.4399375,background
S01_U04.CH4.wav,4997.28,4997.5999375,foreground
S01_U04.CH4.wav,4997.44,4997.8399375,background
S01_U04.CH4.wav,4997.68,4998.1999375,foreground
S01_U04.CH4.wav,4998.04,4998.5599375,background
S01_U04.CH4.wav,4998.4,4998.7199375,foreground
S01_U04.CH4.wav,4998.56,4999.1199375,background
S01_U04.CH4.wav,4998.96,4999.3599375,foreground
S01_U04.CH4.wav,4999.2,4999.8799375,background
S01_U04.CH4.wav,4999.72,4999.9599375,foreground
S01_U04.CH4.wav,4999.8,5000.2799375,background
S01_U04.CH4.wav,5000.12,5000.3599375,foreground
S01_U04.CH4.wav,5000.2,5001.8399375,background
S01_U04.CH4.wav,5001.68,5001.8799375,foreground
S01_U04.CH4.wav,5001.72,5002.0399375,background
S01_U04.CH4.wav,5001.88,5002.1599375,foreground
S01_U04.CH4.wav,5002,5003.3599375,background
S01_U04.CH4.wav,5003.2,5003.7199375,foreground
S01_U04.CH4.wav,5003.56,5003.8399375,background
S01_U04.CH4.wav,5003.68,5004.0799375,foreground
S01_U04.CH4.wav,5003.92,5004.2399375,background
S01_U04.CH4.wav,5004.08,5004.2799375,foreground
S01_U04.CH4.wav,5004.12,5004.4399375,background
S01_U04.CH4.wav,5004.28,5004.7599375,foreground
S01_U04.CH4.wav,5004.6,5004.8799375,background
S01_U04.CH4.wav,5004.72,5004.9999375,foreground
S01_U04.CH4.wav,5004.84,5005.0399375,background
S01_U04.CH4.wav,5004.88,5005.3199375,foreground
S01_U04.CH4.wav,5005.16,5005.3599375,background
S01_U04.CH4.wav,5005.2,5005.4399375,foreground
S01_U04.CH4.wav,5005.28,5005.7199375,background
S01_U04.CH4.wav,5005.56,5005.8799375,foreground
S01_U04.CH4.wav,5005.72,5006.1599375,background
S01_U04.CH4.wav,5006,5006.5999375,foreground
S01_U04.CH4.wav,5006.44,5006.7999375,background
S01_U04.CH4.wav,5006.64,5006.9199375,foreground
S01_U04.CH4.wav,5006.76,5007.5599375,background
S01_U04.CH4.wav,5007.4,5007.8799375,foreground
S01_U04.CH4.wav,5007.72,5007.9599375,background
S01_U04.CH4.wav,5007.8,5007.9999375,foreground
S01_U04.CH4.wav,5007.84,5009.6799375,background
S01_U04.CH4.wav,5009.52,5009.9599375,foreground
S01_U04.CH4.wav,5009.8,5010.0399375,background
S01_U04.CH4.wav,5009.88,5010.0799375,foreground
S01_U04.CH4.wav,5009.92,5010.3199375,background
S01_U04.CH4.wav,5010.16,5010.7599375,foreground
S01_U04.CH4.wav,5010.6,5010.8799375,background
S01_U04.CH4.wav,5010.72,5011.4799375,foreground
S01_U04.CH4.wav,5011.32,5011.7599375,background
S01_U04.CH4.wav,5011.6,5011.7999375,foreground
S01_U04.CH4.wav,5011.64,5011.9599375,background
S01_U04.CH4.wav,5011.8,5012.1199375,foreground
S01_U04.CH4.wav,5011.96,5013.6399375,background
S01_U04.CH4.wav,5013.48,5013.6799375,foreground
S01_U04.CH4.wav,5013.52,5013.7199375,background
S01_U04.CH4.wav,5013.56,5013.9599375,foreground
S01_U04.CH4.wav,5013.8,5015.1199375,background
S01_U04.CH4.wav,5014.96,5015.5199375,foreground
S01_U04.CH4.wav,5015.36,5016.2399375,background
S01_U04.CH4.wav,5016.08,5016.4799375,foreground
S01_U04.CH4.wav,5016.32,5016.6399375,background
S01_U04.CH4.wav,5016.48,5016.7599375,foreground
S01_U04.CH4.wav,5016.6,5018.1199375,background
S01_U04.CH4.wav,5017.96,5018.1999375,foreground
S01_U04.CH4.wav,5018.04,5018.5599375,background
S01_U04.CH4.wav,5018.4,5018.7599375,foreground
S01_U04.CH4.wav,5018.6,5019.0399375,background
S01_U04.CH4.wav,5018.88,5019.0799375,foreground
S01_U04.CH4.wav,5018.92,5019.5599375,background
S01_U04.CH4.wav,5019.4,5019.5999375,foreground
S01_U04.CH4.wav,5019.44,5021.0399375,background
S01_U04.CH4.wav,5020.88,5021.7599375,foreground
S01_U04.CH4.wav,5021.6,5022.1199375,background
S01_U04.CH4.wav,5021.96,5022.3999375,foreground
S01_U04.CH4.wav,5022.24,5022.6399375,background
S01_U04.CH4.wav,5022.48,5022.9199375,foreground
S01_U04.CH4.wav,5022.76,5022.9999375,background
S01_U04.CH4.wav,5022.84,5023.1199375,foreground
S01_U04.CH4.wav,5022.96,5027.3199375,background
S01_U04.CH4.wav,5027.16,5027.5999375,foreground
S01_U04.CH4.wav,5027.44,5027.8399375,background
S01_U04.CH4.wav,5027.68,5028.1199375,foreground
S01_U04.CH4.wav,5027.96,5028.4399375,background
S01_U04.CH4.wav,5028.28,5028.4799375,foreground
S01_U04.CH4.wav,5028.32,5028.7599375,background
S01_U04.CH4.wav,5028.6,5028.9199375,foreground
S01_U04.CH4.wav,5028.76,5029.4399375,background
S01_U04.CH4.wav,5029.28,5029.8799375,foreground
S01_U04.CH4.wav,5029.72,5030.1199375,background
S01_U04.CH4.wav,5029.96,5030.2399375,foreground
S01_U04.CH4.wav,5030.08,5030.4799375,background
S01_U04.CH4.wav,5030.32,5031.3199375,foreground
S01_U04.CH4.wav,5031.16,5031.9999375,background
S01_U04.CH4.wav,5031.84,5032.0399375,foreground
S01_U04.CH4.wav,5031.88,5033.2399375,background
S01_U04.CH4.wav,5033.08,5033.3199375,foreground
S01_U04.CH4.wav,5033.16,5033.3599375,background
S01_U04.CH4.wav,5033.2,5033.8399375,foreground
S01_U04.CH4.wav,5033.68,5033.9599375,background
S01_U04.CH4.wav,5033.8,5034.0399375,foreground
S01_U04.CH4.wav,5033.88,5034.3999375,background
S01_U04.CH4.wav,5034.24,5034.4399375,foreground
S01_U04.CH4.wav,5034.28,5034.4799375,background
S01_U04.CH4.wav,5034.32,5034.5199375,foreground
S01_U04.CH4.wav,5034.36,5035.0799375,background
S01_U04.CH4.wav,5034.92,5035.3199375,foreground
S01_U04.CH4.wav,5035.16,5036.4399375,background
S01_U04.CH4.wav,5036.28,5036.4799375,foreground
S01_U04.CH4.wav,5036.32,5041.0399375,background
S01_U04.CH4.wav,5040.88,5041.2799375,foreground
S01_U04.CH4.wav,5041.12,5041.6799375,background
S01_U04.CH4.wav,5041.52,5041.7199375,foreground
S01_U04.CH4.wav,5041.56,5041.7599375,background
S01_U04.CH4.wav,5041.6,5042.1199375,foreground
S01_U04.CH4.wav,5041.96,5042.1599375,background
S01_U04.CH4.wav,5042,5042.2799375,foreground
S01_U04.CH4.wav,5042.12,5042.4799375,background
S01_U04.CH4.wav,5042.32,5042.5599375,foreground
S01_U04.CH4.wav,5042.4,5042.8399375,background
S01_U04.CH4.wav,5042.68,5043.0399375,foreground
S01_U04.CH4.wav,5042.88,5043.2399375,background
S01_U04.CH4.wav,5043.08,5043.4399375,foreground
S01_U04.CH4.wav,5043.28,5043.8399375,background
S01_U04.CH4.wav,5043.68,5044.0399375,foreground
S01_U04.CH4.wav,5043.88,5044.0799375,background
S01_U04.CH4.wav,5043.92,5044.2799375,foreground
S01_U04.CH4.wav,5044.12,5046.7999375,background
S01_U04.CH4.wav,5046.64,5046.9199375,foreground
S01_U04.CH4.wav,5046.76,5046.9999375,background
S01_U04.CH4.wav,5046.84,5047.0399375,foreground
S01_U04.CH4.wav,5046.88,5047.3199375,background
S01_U04.CH4.wav,5047.16,5047.4399375,foreground
S01_U04.CH4.wav,5047.28,5047.5199375,background
S01_U04.CH4.wav,5047.36,5047.6399375,foreground
S01_U04.CH4.wav,5047.48,5047.6799375,background
S01_U04.CH4.wav,5047.52,5047.9199375,foreground
S01_U04.CH4.wav,5047.76,5047.9599375,background
S01_U04.CH4.wav,5047.8,5047.9999375,foreground
S01_U04.CH4.wav,5047.84,5048.1199375,background
S01_U04.CH4.wav,5047.96,5048.1999375,foreground
S01_U04.CH4.wav,5048.04,5048.4399375,background
S01_U04.CH4.wav,5048.28,5048.7199375,foreground
S01_U04.CH4.wav,5048.56,5049.7599375,background
S01_U04.CH4.wav,5049.6,5049.8399375,foreground
S01_U04.CH4.wav,5049.68,5050.8399375,background
S01_U04.CH4.wav,5050.68,5050.8799375,foreground
S01_U04.CH4.wav,5050.72,5054.8799375,background
S01_U04.CH4.wav,5054.72,5054.9199375,foreground
S01_U04.CH4.wav,5054.76,5055.1999375,background
S01_U04.CH4.wav,5055.04,5055.3599375,foreground
S01_U04.CH4.wav,5055.2,5055.4399375,background
S01_U04.CH4.wav,5055.28,5055.4799375,foreground
S01_U04.CH4.wav,5055.32,5055.6799375,background
S01_U04.CH4.wav,5055.52,5055.7599375,foreground
S01_U04.CH4.wav,5055.6,5057.1999375,background
S01_U04.CH4.wav,5057.04,5057.2399375,foreground
S01_U04.CH4.wav,5057.08,5058.7199375,background
S01_U04.CH4.wav,5058.56,5058.9999375,foreground
S01_U04.CH4.wav,5058.84,5059.1199375,background
S01_U04.CH4.wav,5058.96,5059.1599375,foreground
S01_U04.CH4.wav,5059,5059.5199375,background
S01_U04.CH4.wav,5059.36,5059.5999375,foreground
S01_U04.CH4.wav,5059.44,5060.1599375,background
S01_U04.CH4.wav,5060,5060.2399375,foreground
S01_U04.CH4.wav,5060.08,5060.5199375,background
S01_U04.CH4.wav,5060.36,5060.6799375,foreground
S01_U04.CH4.wav,5060.52,5063.1199375,background
S01_U04.CH4.wav,5062.96,5063.1599375,foreground
S01_U04.CH4.wav,5063,5063.1999375,background
S01_U04.CH4.wav,5063.04,5063.3599375,foreground
S01_U04.CH4.wav,5063.2,5066.5199375,background
S01_U04.CH4.wav,5066.36,5066.5599375,foreground
S01_U04.CH4.wav,5066.4,5067.1999375,background
S01_U04.CH4.wav,5067.04,5067.2399375,foreground
S01_U04.CH4.wav,5067.08,5071.1999375,background
S01_U04.CH4.wav,5071.04,5071.2399375,foreground
S01_U04.CH4.wav,5071.08,5071.7999375,background
S01_U04.CH4.wav,5071.64,5071.8399375,foreground
S01_U04.CH4.wav,5071.68,5071.9199375,background
S01_U04.CH4.wav,5071.76,5072.0799375,foreground
S01_U04.CH4.wav,5071.92,5073.2799375,background
S01_U04.CH4.wav,5073.12,5073.5999375,foreground
S01_U04.CH4.wav,5073.44,5074.1999375,background
S01_U04.CH4.wav,5074.04,5074.3599375,foreground
S01_U04.CH4.wav,5074.2,5074.3999375,background
S01_U04.CH4.wav,5074.24,5074.4399375,foreground
S01_U04.CH4.wav,5074.28,5080.3999375,background
S01_U04.CH4.wav,5080.24,5080.6399375,foreground
S01_U04.CH4.wav,5080.48,5080.7599375,background
S01_U04.CH4.wav,5080.6,5080.7999375,foreground
S01_U04.CH4.wav,5080.64,5081.4399375,background
S01_U04.CH4.wav,5081.28,5081.4799375,foreground
S01_U04.CH4.wav,5081.32,5081.5999375,background
S01_U04.CH4.wav,5081.44,5081.7999375,foreground
S01_U04.CH4.wav,5081.64,5082.5599375,background
S01_U04.CH4.wav,5082.4,5082.6399375,foreground
S01_U04.CH4.wav,5082.48,5082.6799375,background
S01_U04.CH4.wav,5082.52,5082.7199375,foreground
S01_U04.CH4.wav,5082.56,5084.7999375,background
S01_U04.CH4.wav,5084.64,5084.9999375,foreground
S01_U04.CH4.wav,5084.84,5085.5999375,background
S01_U04.CH4.wav,5085.44,5085.6399375,foreground
S01_U04.CH4.wav,5085.48,5086.7999375,background
S01_U04.CH4.wav,5086.64,5086.8799375,foreground
S01_U04.CH4.wav,5086.72,5086.9999375,background
S01_U04.CH4.wav,5086.84,5087.0399375,foreground
S01_U04.CH4.wav,5086.88,5087.7199375,background
S01_U04.CH4.wav,5087.56,5088.0399375,foreground
S01_U04.CH4.wav,5087.88,5088.3599375,background
S01_U04.CH4.wav,5088.2,5088.3999375,foreground
S01_U04.CH4.wav,5088.24,5093.6799375,background
S01_U04.CH4.wav,5093.52,5093.7599375,foreground
S01_U04.CH4.wav,5093.6,5095.6799375,background
S01_U04.CH4.wav,5095.52,5095.7599375,foreground
S01_U04.CH4.wav,5095.6,5096.1599375,background
S01_U04.CH4.wav,5096,5096.1999375,foreground
S01_U04.CH4.wav,5096.04,5096.7999375,background
S01_U04.CH4.wav,5096.64,5096.9199375,foreground
S01_U04.CH4.wav,5096.76,5097.0799375,background
S01_U04.CH4.wav,5096.92,5097.1599375,foreground
S01_U04.CH4.wav,5097,5097.6799375,background
S01_U04.CH4.wav,5097.52,5097.7199375,foreground
S01_U04.CH4.wav,5097.56,5106.3199375,background
S01_U04.CH4.wav,5106.16,5106.3999375,foreground
S01_U04.CH4.wav,5106.24,5106.9999375,background
S01_U04.CH4.wav,5106.84,5107.1199375,foreground
S01_U04.CH4.wav,5106.96,5109.5199375,background
S01_U04.CH4.wav,5109.36,5110.0399375,foreground
S01_U04.CH4.wav,5109.88,5110.1199375,background
S01_U04.CH4.wav,5109.96,5110.5199375,foreground
S01_U04.CH4.wav,5110.36,5116.0799375,background
S01_U04.CH4.wav,5115.92,5116.1199375,foreground
S01_U04.CH4.wav,5115.96,5116.5999375,background
S01_U04.CH4.wav,5116.44,5116.7199375,foreground
S01_U04.CH4.wav,5116.56,5118.4799375,background
S01_U04.CH4.wav,5118.32,5118.5599375,foreground
S01_U04.CH4.wav,5118.4,5119.1599375,background
S01_U04.CH4.wav,5119,5119.1999375,foreground
S01_U04.CH4.wav,5119.04,5119.3599375,background
S01_U04.CH4.wav,5119.2,5119.5999375,foreground
S01_U04.CH4.wav,5119.44,5119.7599375,background
S01_U04.CH4.wav,5119.6,5119.7999375,foreground
S01_U04.CH4.wav,5119.64,5120.0799375,background
S01_U04.CH4.wav,5119.92,5120.1199375,foreground
S01_U04.CH4.wav,5119.96,5120.1599375,background
S01_U04.CH4.wav,5120,5120.1999375,foreground
S01_U04.CH4.wav,5120.04,5120.3999375,background
S01_U04.CH4.wav,5120.24,5120.6399375,foreground
S01_U04.CH4.wav,5120.48,5121.3599375,background
S01_U04.CH4.wav,5121.2,5121.3999375,foreground
S01_U04.CH4.wav,5121.24,5121.4399375,background
S01_U04.CH4.wav,5121.28,5121.5999375,foreground
S01_U04.CH4.wav,5121.44,5121.7599375,background
S01_U04.CH4.wav,5121.6,5121.7999375,foreground
S01_U04.CH4.wav,5121.64,5122.5999375,background
S01_U04.CH4.wav,5122.44,5122.6799375,foreground
S01_U04.CH4.wav,5122.52,5122.7199375,background
S01_U04.CH4.wav,5122.56,5122.7999375,foreground
S01_U04.CH4.wav,5122.64,5127.0799375,background
S01_U04.CH4.wav,5126.92,5127.1199375,foreground
S01_U04.CH4.wav,5126.96,5127.1999375,background
S01_U04.CH4.wav,5127.04,5127.2799375,foreground
S01_U04.CH4.wav,5127.12,5128.2399375,background
S01_U04.CH4.wav,5128.08,5128.3999375,foreground
S01_U04.CH4.wav,5128.24,5128.9199375,background
S01_U04.CH4.wav,5128.76,5129.2799375,foreground
S01_U04.CH4.wav,5129.12,5129.5199375,background
S01_U04.CH4.wav,5129.36,5129.5599375,foreground
S01_U04.CH4.wav,5129.4,5129.5999375,background
S01_U04.CH4.wav,5129.44,5129.9599375,foreground
S01_U04.CH4.wav,5129.8,5129.9999375,background
S01_U04.CH4.wav,5129.84,5130.0399375,foreground
S01_U04.CH4.wav,5129.88,5130.4399375,background
S01_U04.CH4.wav,5130.28,5130.4799375,foreground
S01_U04.CH4.wav,5130.32,5130.5199375,background
S01_U04.CH4.wav,5130.36,5130.6799375,foreground
S01_U04.CH4.wav,5130.52,5131.1199375,background
S01_U04.CH4.wav,5130.96,5131.1599375,foreground
S01_U04.CH4.wav,5131,5131.2399375,background
S01_U04.CH4.wav,5131.08,5131.5199375,foreground
S01_U04.CH4.wav,5131.36,5131.8399375,background
S01_U04.CH4.wav,5131.68,5131.8799375,foreground
S01_U04.CH4.wav,5131.72,5132.0799375,background
S01_U04.CH4.wav,5131.92,5132.1199375,foreground
S01_U04.CH4.wav,5131.96,5132.6399375,background
S01_U04.CH4.wav,5132.48,5132.7599375,foreground
S01_U04.CH4.wav,5132.6,5133.4399375,background
S01_U04.CH4.wav,5133.28,5133.5599375,foreground
S01_U04.CH4.wav,5133.4,5134.1599375,background
S01_U04.CH4.wav,5134,5134.2399375,foreground
S01_U04.CH4.wav,5134.08,5135.1599375,background
S01_U04.CH4.wav,5135,5135.2799375,foreground
S01_U04.CH4.wav,5135.12,5136.2799375,background
S01_U04.CH4.wav,5136.12,5136.3999375,foreground
S01_U04.CH4.wav,5136.24,5136.5199375,background
S01_U04.CH4.wav,5136.36,5136.6399375,foreground
S01_U04.CH4.wav,5136.48,5137.7999375,background
S01_U04.CH4.wav,5137.64,5137.8399375,foreground
S01_U04.CH4.wav,5137.68,5137.9199375,background
S01_U04.CH4.wav,5137.76,5137.9599375,foreground
S01_U04.CH4.wav,5137.8,5140.4399375,background
S01_U04.CH4.wav,5140.28,5140.7599375,foreground
S01_U04.CH4.wav,5140.6,5140.7999375,background
S01_U04.CH4.wav,5140.64,5140.8399375,foreground
S01_U04.CH4.wav,5140.68,5141.1199375,background
S01_U04.CH4.wav,5140.96,5141.5199375,foreground
S01_U04.CH4.wav,5141.36,5141.5599375,background
S01_U04.CH4.wav,5141.4,5141.7599375,foreground
S01_U04.CH4.wav,5141.6,5147.7599375,background
S01_U04.CH4.wav,5147.6,5147.7999375,foreground
S01_U04.CH4.wav,5147.64,5148.9199375,background
S01_U04.CH4.wav,5148.76,5149.0399375,foreground
S01_U04.CH4.wav,5148.88,5149.1199375,background
S01_U04.CH4.wav,5148.96,5149.2399375,foreground
S01_U04.CH4.wav,5149.08,5150.5599375,background
S01_U04.CH4.wav,5150.4,5150.7199375,foreground
S01_U04.CH4.wav,5150.56,5150.7999375,background
S01_U04.CH4.wav,5150.64,5150.8399375,foreground
S01_U04.CH4.wav,5150.68,5151.8799375,background
S01_U04.CH4.wav,5151.72,5151.9199375,foreground
S01_U04.CH4.wav,5151.76,5151.9599375,background
S01_U04.CH4.wav,5151.8,5152.0399375,foreground
S01_U04.CH4.wav,5151.88,5153.1199375,background
S01_U04.CH4.wav,5152.96,5153.1599375,foreground
S01_U04.CH4.wav,5153,5153.1999375,background
S01_U04.CH4.wav,5153.04,5153.6399375,foreground
S01_U04.CH4.wav,5153.48,5159.3199375,background
S01_U04.CH4.wav,5159.16,5159.3999375,foreground
S01_U04.CH4.wav,5159.24,5159.5999375,background
S01_U04.CH4.wav,5159.44,5159.6799375,foreground
S01_U04.CH4.wav,5159.52,5159.8399375,background
S01_U04.CH4.wav,5159.68,5159.8799375,foreground
S01_U04.CH4.wav,5159.72,5160.2799375,background
S01_U04.CH4.wav,5160.12,5160.4399375,foreground
S01_U04.CH4.wav,5160.28,5161.0799375,background
S01_U04.CH4.wav,5160.92,5161.2399375,foreground
S01_U04.CH4.wav,5161.08,5165.9999375,background
S01_U04.CH4.wav,5165.84,5166.0399375,foreground
S01_U04.CH4.wav,5165.88,5169.1199375,background
S01_U04.CH4.wav,5168.96,5169.1999375,foreground
S01_U04.CH4.wav,5169.04,5169.2399375,background
S01_U04.CH4.wav,5169.08,5169.2799375,foreground
S01_U04.CH4.wav,5169.12,5169.3599375,background
S01_U04.CH4.wav,5169.2,5169.4399375,foreground
S01_U04.CH4.wav,5169.28,5173.1999375,background
S01_U04.CH4.wav,5173.04,5173.2799375,foreground
S01_U04.CH4.wav,5173.12,5175.2799375,background
S01_U04.CH4.wav,5175.12,5175.3599375,foreground
S01_U04.CH4.wav,5175.2,5175.7199375,background
S01_U04.CH4.wav,5175.56,5175.7999375,foreground
S01_U04.CH4.wav,5175.64,5176.0799375,background
S01_U04.CH4.wav,5175.92,5176.3199375,foreground
S01_U04.CH4.wav,5176.16,5178.8799375,background
S01_U04.CH4.wav,5178.72,5179.2799375,foreground
S01_U04.CH4.wav,5179.12,5180.3199375,background
S01_U04.CH4.wav,5180.16,5180.3999375,foreground
S01_U04.CH4.wav,5180.24,5180.6399375,background
S01_U04.CH4.wav,5180.48,5180.7199375,foreground
S01_U04.CH4.wav,5180.56,5182.4399375,background
S01_U04.CH4.wav,5182.28,5182.7599375,foreground
S01_U04.CH4.wav,5182.6,5182.8399375,background
S01_U04.CH4.wav,5182.68,5182.9999375,foreground
S01_U04.CH4.wav,5182.84,5183.3599375,background
S01_U04.CH4.wav,5183.2,5183.3999375,foreground
S01_U04.CH4.wav,5183.24,5183.6399375,background
S01_U04.CH4.wav,5183.48,5183.7999375,foreground
S01_U04.CH4.wav,5183.64,5184.8799375,background
S01_U04.CH4.wav,5184.72,5184.9199375,foreground
S01_U04.CH4.wav,5184.76,5185.0399375,background
S01_U04.CH4.wav,5184.88,5185.3999375,foreground
S01_U04.CH4.wav,5185.24,5186.6399375,background
S01_U04.CH4.wav,5186.48,5186.8399375,foreground
S01_U04.CH4.wav,5186.68,5186.8799375,background
S01_U04.CH4.wav,5186.72,5187.3999375,foreground
S01_U04.CH4.wav,5187.24,5187.5599375,background
S01_U04.CH4.wav,5187.4,5187.8799375,foreground
S01_U04.CH4.wav,5187.72,5188.0799375,background
S01_U04.CH4.wav,5187.92,5188.1599375,foreground
S01_U04.CH4.wav,5188,5188.3199375,background
S01_U04.CH4.wav,5188.16,5188.5599375,foreground
S01_U04.CH4.wav,5188.4,5190.1199375,background
S01_U04.CH4.wav,5189.96,5190.2399375,foreground
S01_U04.CH4.wav,5190.08,5190.6399375,background
S01_U04.CH4.wav,5190.48,5190.9599375,foreground
S01_U04.CH4.wav,5190.8,5191.1599375,background
S01_U04.CH4.wav,5191,5191.1999375,foreground
S01_U04.CH4.wav,5191.04,5191.3199375,background
S01_U04.CH4.wav,5191.16,5191.5599375,foreground
S01_U04.CH4.wav,5191.4,5191.5999375,background
S01_U04.CH4.wav,5191.44,5191.7199375,foreground
S01_U04.CH4.wav,5191.56,5192.2799375,background
S01_U04.CH4.wav,5192.12,5192.3599375,foreground
S01_U04.CH4.wav,5192.2,5192.3999375,background
S01_U04.CH4.wav,5192.24,5192.5199375,foreground
S01_U04.CH4.wav,5192.36,5192.7199375,background
S01_U04.CH4.wav,5192.56,5192.7599375,foreground
S01_U04.CH4.wav,5192.6,5192.9599375,background
S01_U04.CH4.wav,5192.8,5192.9999375,foreground
S01_U04.CH4.wav,5192.84,5193.0399375,background
S01_U04.CH4.wav,5192.88,5193.1199375,foreground
S01_U04.CH4.wav,5192.96,5193.6799375,background
S01_U04.CH4.wav,5193.52,5193.8399375,foreground
S01_U04.CH4.wav,5193.68,5193.8799375,background
S01_U04.CH4.wav,5193.72,5193.9199375,foreground
S01_U04.CH4.wav,5193.76,5194.3599375,background
S01_U04.CH4.wav,5194.2,5194.4399375,foreground
S01_U04.CH4.wav,5194.28,5195.1999375,background
S01_U04.CH4.wav,5195.04,5195.2399375,foreground
S01_U04.CH4.wav,5195.08,5195.2799375,background
S01_U04.CH4.wav,5195.12,5195.7199375,foreground
S01_U04.CH4.wav,5195.56,5197.5199375,background
S01_U04.CH4.wav,5197.36,5197.9199375,foreground
S01_U04.CH4.wav,5197.76,5199.6799375,background
S01_U04.CH4.wav,5199.52,5199.7199375,foreground
S01_U04.CH4.wav,5199.56,5200.5599375,background
S01_U04.CH4.wav,5200.4,5200.6399375,foreground
S01_U04.CH4.wav,5200.48,5200.7599375,background
S01_U04.CH4.wav,5200.6,5201.0399375,foreground
S01_U04.CH4.wav,5200.88,5201.1999375,background
S01_U04.CH4.wav,5201.04,5201.3999375,foreground
S01_U04.CH4.wav,5201.24,5201.5599375,background
S01_U04.CH4.wav,5201.4,5201.5999375,foreground
S01_U04.CH4.wav,5201.44,5201.6799375,background
S01_U04.CH4.wav,5201.52,5201.7199375,foreground
S01_U04.CH4.wav,5201.56,5202.0799375,background
S01_U04.CH4.wav,5201.92,5202.2799375,foreground
S01_U04.CH4.wav,5202.12,5202.3599375,background
S01_U04.CH4.wav,5202.2,5202.4399375,foreground
S01_U04.CH4.wav,5202.28,5202.5199375,background
S01_U04.CH4.wav,5202.36,5202.5999375,foreground
S01_U04.CH4.wav,5202.44,5202.8799375,background
S01_U04.CH4.wav,5202.72,5203.4399375,foreground
S01_U04.CH4.wav,5203.28,5206.1199375,background
S01_U04.CH4.wav,5205.96,5206.1599375,foreground
S01_U04.CH4.wav,5206,5206.1999375,background
S01_U04.CH4.wav,5206.04,5206.3199375,foreground
S01_U04.CH4.wav,5206.16,5206.6799375,background
S01_U04.CH4.wav,5206.52,5206.7999375,foreground
S01_U04.CH4.wav,5206.64,5207.1599375,background
S01_U04.CH4.wav,5207,5207.2399375,foreground
S01_U04.CH4.wav,5207.08,5207.8399375,background
S01_U04.CH4.wav,5207.68,5208.1199375,foreground
S01_U04.CH4.wav,5207.96,5208.7199375,background
S01_U04.CH4.wav,5208.56,5208.7599375,foreground
S01_U04.CH4.wav,5208.6,5208.9599375,background
S01_U04.CH4.wav,5208.8,5209.5999375,foreground
S01_U04.CH4.wav,5209.44,5209.9199375,background
S01_U04.CH4.wav,5209.76,5209.9999375,foreground
S01_U04.CH4.wav,5209.84,5210.1199375,background
S01_U04.CH4.wav,5209.96,5210.1599375,foreground
S01_U04.CH4.wav,5210,5211.4399375,background
S01_U04.CH4.wav,5211.28,5211.5999375,foreground
S01_U04.CH4.wav,5211.44,5211.8799375,background
S01_U04.CH4.wav,5211.72,5212.2399375,foreground
S01_U04.CH4.wav,5212.08,5214.1199375,background
S01_U04.CH4.wav,5213.96,5214.1599375,foreground
S01_U04.CH4.wav,5214,5214.2399375,background
S01_U04.CH4.wav,5214.08,5214.3999375,foreground
S01_U04.CH4.wav,5214.24,5214.4399375,background
S01_U04.CH4.wav,5214.28,5214.5599375,foreground
S01_U04.CH4.wav,5214.4,5215.3999375,background
S01_U04.CH4.wav,5215.24,5215.5199375,foreground
S01_U04.CH4.wav,5215.36,5215.7599375,background
S01_U04.CH4.wav,5215.6,5215.8399375,foreground
S01_U04.CH4.wav,5215.68,5217.6399375,background
S01_U04.CH4.wav,5217.48,5217.6799375,foreground
S01_U04.CH4.wav,5217.52,5218.2799375,background
S01_U04.CH4.wav,5218.12,5218.7599375,foreground
S01_U04.CH4.wav,5218.6,5219.2399375,background
S01_U04.CH4.wav,5219.08,5219.3999375,foreground
S01_U04.CH4.wav,5219.24,5219.5599375,background
S01_U04.CH4.wav,5219.4,5219.6799375,foreground
S01_U04.CH4.wav,5219.52,5219.8799375,background
S01_U04.CH4.wav,5219.72,5219.9999375,foreground
S01_U04.CH4.wav,5219.84,5220.0399375,background
S01_U04.CH4.wav,5219.88,5220.3599375,foreground
S01_U04.CH4.wav,5220.2,5220.8799375,background
S01_U04.CH4.wav,5220.72,5221.1599375,foreground
S01_U04.CH4.wav,5221,5221.2799375,background
S01_U04.CH4.wav,5221.12,5221.3199375,foreground
S01_U04.CH4.wav,5221.16,5221.7199375,background
S01_U04.CH4.wav,5221.56,5221.9199375,foreground
S01_U04.CH4.wav,5221.76,5222.0799375,background
S01_U04.CH4.wav,5221.92,5222.1599375,foreground
S01_U04.CH4.wav,5222,5222.9599375,background
S01_U04.CH4.wav,5222.8,5223.1199375,foreground
S01_U04.CH4.wav,5222.96,5223.2799375,background
S01_U04.CH4.wav,5223.12,5223.7199375,foreground
S01_U04.CH4.wav,5223.56,5224.1199375,background
S01_U04.CH4.wav,5223.96,5224.5199375,foreground
S01_U04.CH4.wav,5224.36,5225.1999375,background
S01_U04.CH4.wav,5225.04,5225.4799375,foreground
S01_U04.CH4.wav,5225.32,5225.7199375,background
S01_U04.CH4.wav,5225.56,5225.9999375,foreground
S01_U04.CH4.wav,5225.84,5226.1599375,background
S01_U04.CH4.wav,5226,5226.3599375,foreground
S01_U04.CH4.wav,5226.2,5226.5599375,background
S01_U04.CH4.wav,5226.4,5226.9999375,foreground
S01_U04.CH4.wav,5226.84,5227.2399375,background
S01_U04.CH4.wav,5227.08,5227.8799375,foreground
S01_U04.CH4.wav,5227.72,5228.0399375,background
S01_U04.CH4.wav,5227.88,5228.0799375,foreground
S01_U04.CH4.wav,5227.92,5228.3999375,background
S01_U04.CH4.wav,5228.24,5228.5599375,foreground
S01_U04.CH4.wav,5228.4,5230.4799375,background
S01_U04.CH4.wav,5230.32,5230.5599375,foreground
S01_U04.CH4.wav,5230.4,5230.8399375,background
S01_U04.CH4.wav,5230.68,5230.8799375,foreground
S01_U04.CH4.wav,5230.72,5230.9599375,background
S01_U04.CH4.wav,5230.8,5230.9999375,foreground
S01_U04.CH4.wav,5230.84,5231.0799375,background
S01_U04.CH4.wav,5230.92,5231.1199375,foreground
S01_U04.CH4.wav,5230.96,5233.7199375,background
S01_U04.CH4.wav,5233.56,5233.9999375,foreground
S01_U04.CH4.wav,5233.84,5235.1599375,background
S01_U04.CH4.wav,5235,5235.4399375,foreground
S01_U04.CH4.wav,5235.28,5235.6399375,background
S01_U04.CH4.wav,5235.48,5235.9599375,foreground
S01_U04.CH4.wav,5235.8,5236.2399375,background
S01_U04.CH4.wav,5236.08,5236.5199375,foreground
S01_U04.CH4.wav,5236.36,5236.5599375,background
S01_U04.CH4.wav,5236.4,5236.5999375,foreground
S01_U04.CH4.wav,5236.44,5236.6799375,background
S01_U04.CH4.wav,5236.52,5236.7199375,foreground
S01_U04.CH4.wav,5236.56,5236.8399375,background
S01_U04.CH4.wav,5236.68,5237.1199375,foreground
S01_U04.CH4.wav,5236.96,5237.1599375,background
S01_U04.CH4.wav,5237,5237.4799375,foreground
S01_U04.CH4.wav,5237.32,5238.1199375,background
S01_U04.CH4.wav,5237.96,5238.3599375,foreground
S01_U04.CH4.wav,5238.2,5239.2399375,background
S01_U04.CH4.wav,5239.08,5239.4799375,foreground
S01_U04.CH4.wav,5239.32,5241.1599375,background
S01_U04.CH4.wav,5241,5241.3999375,foreground
S01_U04.CH4.wav,5241.24,5241.5599375,background
S01_U04.CH4.wav,5241.4,5241.6399375,foreground
S01_U04.CH4.wav,5241.48,5241.9599375,background
S01_U04.CH4.wav,5241.8,5242.2799375,foreground
S01_U04.CH4.wav,5242.12,5242.4399375,background
S01_U04.CH4.wav,5242.28,5242.4799375,foreground
S01_U04.CH4.wav,5242.32,5243.9999375,background
S01_U04.CH4.wav,5243.84,5244.1599375,foreground
S01_U04.CH4.wav,5244,5244.5599375,background
S01_U04.CH4.wav,5244.4,5244.7599375,foreground
S01_U04.CH4.wav,5244.6,5244.9999375,background
S01_U04.CH4.wav,5244.84,5245.0399375,foreground
S01_U04.CH4.wav,5244.88,5245.5199375,background
S01_U04.CH4.wav,5245.36,5245.5599375,foreground
S01_U04.CH4.wav,5245.4,5246.7599375,background
S01_U04.CH4.wav,5246.6,5247.0799375,foreground
S01_U04.CH4.wav,5246.92,5247.1599375,background
S01_U04.CH4.wav,5247,5247.2399375,foreground
S01_U04.CH4.wav,5247.08,5247.2799375,background
S01_U04.CH4.wav,5247.12,5247.3599375,foreground
S01_U04.CH4.wav,5247.2,5248.1999375,background
S01_U04.CH4.wav,5248.04,5248.6799375,foreground
S01_U04.CH4.wav,5248.52,5248.8399375,background
S01_U04.CH4.wav,5248.68,5248.8799375,foreground
S01_U04.CH4.wav,5248.72,5250.3999375,background
S01_U04.CH4.wav,5250.24,5250.7199375,foreground
S01_U04.CH4.wav,5250.56,5251.7199375,background
S01_U04.CH4.wav,5251.56,5251.9199375,foreground
S01_U04.CH4.wav,5251.76,5252.7599375,background
S01_U04.CH4.wav,5252.6,5252.9599375,foreground
S01_U04.CH4.wav,5252.8,5253.4799375,background
S01_U04.CH4.wav,5253.32,5253.7599375,foreground
S01_U04.CH4.wav,5253.6,5254.0399375,background
S01_U04.CH4.wav,5253.88,5254.1199375,foreground
S01_U04.CH4.wav,5253.96,5254.3999375,background
S01_U04.CH4.wav,5254.24,5254.4799375,foreground
S01_U04.CH4.wav,5254.32,5254.6399375,background
S01_U04.CH4.wav,5254.48,5254.6799375,foreground
S01_U04.CH4.wav,5254.52,5254.8399375,background
S01_U04.CH4.wav,5254.68,5255.0799375,foreground
S01_U04.CH4.wav,5254.92,5256.7199375,background
S01_U04.CH4.wav,5256.56,5256.7599375,foreground
S01_U04.CH4.wav,5256.6,5256.8799375,background
S01_U04.CH4.wav,5256.72,5257.1599375,foreground
S01_U04.CH4.wav,5257,5257.1999375,background
S01_U04.CH4.wav,5257.04,5257.2399375,foreground
S01_U04.CH4.wav,5257.08,5257.3599375,background
S01_U04.CH4.wav,5257.2,5257.4799375,foreground
S01_U04.CH4.wav,5257.32,5261.9599375,background
S01_U04.CH4.wav,5261.8,5262.2799375,foreground
S01_U04.CH4.wav,5262.12,5262.7999375,background
S01_U04.CH4.wav,5262.64,5262.9599375,foreground
S01_U04.CH4.wav,5262.8,5263.3199375,background
S01_U04.CH4.wav,5263.16,5263.4399375,foreground
S01_U04.CH4.wav,5263.28,5264.0399375,background
S01_U04.CH4.wav,5263.88,5264.0799375,foreground
S01_U04.CH4.wav,5263.92,5264.7999375,background
S01_U04.CH4.wav,5264.64,5264.8399375,foreground
S01_U04.CH4.wav,5264.68,5265.3599375,background
S01_U04.CH4.wav,5265.2,5265.4399375,foreground
S01_U04.CH4.wav,5265.28,5265.5599375,background
S01_U04.CH4.wav,5265.4,5265.6399375,foreground
S01_U04.CH4.wav,5265.48,5265.9199375,background
S01_U04.CH4.wav,5265.76,5266.1999375,foreground
S01_U04.CH4.wav,5266.04,5266.5999375,background
S01_U04.CH4.wav,5266.44,5266.8399375,foreground
S01_U04.CH4.wav,5266.68,5267.5999375,background
S01_U04.CH4.wav,5267.44,5268.1199375,foreground
S01_U04.CH4.wav,5267.96,5268.5999375,background
S01_U04.CH4.wav,5268.44,5268.7599375,foreground
S01_U04.CH4.wav,5268.6,5269.6799375,background
S01_U04.CH4.wav,5269.52,5269.7599375,foreground
S01_U04.CH4.wav,5269.6,5269.7999375,background
S01_U04.CH4.wav,5269.64,5269.8399375,foreground
S01_U04.CH4.wav,5269.68,5270.5599375,background
S01_U04.CH4.wav,5270.4,5270.7599375,foreground
S01_U04.CH4.wav,5270.6,5271.1199375,background
S01_U04.CH4.wav,5270.96,5271.3199375,foreground
S01_U04.CH4.wav,5271.16,5271.4799375,background
S01_U04.CH4.wav,5271.32,5271.5599375,foreground
S01_U04.CH4.wav,5271.4,5272.0399375,background
S01_U04.CH4.wav,5271.88,5272.0799375,foreground
S01_U04.CH4.wav,5271.92,5272.1199375,background
S01_U04.CH4.wav,5271.96,5272.2799375,foreground
S01_U04.CH4.wav,5272.12,5272.7999375,background
S01_U04.CH4.wav,5272.64,5272.9599375,foreground
S01_U04.CH4.wav,5272.8,5273.5999375,background
S01_U04.CH4.wav,5273.44,5273.6799375,foreground
S01_U04.CH4.wav,5273.52,5273.8399375,background
S01_U04.CH4.wav,5273.68,5273.9999375,foreground
S01_U04.CH4.wav,5273.84,5275.1999375,background
S01_U04.CH4.wav,5275.04,5275.2799375,foreground
S01_U04.CH4.wav,5275.12,5275.6799375,background
S01_U04.CH4.wav,5275.52,5275.7199375,foreground
S01_U04.CH4.wav,5275.56,5276.3999375,background
S01_U04.CH4.wav,5276.24,5276.6799375,foreground
S01_U04.CH4.wav,5276.52,5277.1599375,background
S01_U04.CH4.wav,5277,5277.3999375,foreground
S01_U04.CH4.wav,5277.24,5277.4799375,background
S01_U04.CH4.wav,5277.32,5277.6799375,foreground
S01_U04.CH4.wav,5277.52,5278.9199375,background
S01_U04.CH4.wav,5278.76,5278.9599375,foreground
S01_U04.CH4.wav,5278.8,5279.3999375,background
S01_U04.CH4.wav,5279.24,5279.5199375,foreground
S01_U04.CH4.wav,5279.36,5279.6799375,background
S01_U04.CH4.wav,5279.52,5279.7599375,foreground
S01_U04.CH4.wav,5279.6,5279.9199375,background
S01_U04.CH4.wav,5279.76,5280.1599375,foreground
S01_U04.CH4.wav,5280,5280.4399375,background
S01_U04.CH4.wav,5280.28,5280.5199375,foreground
S01_U04.CH4.wav,5280.36,5281.1999375,background
S01_U04.CH4.wav,5281.04,5281.5599375,foreground
S01_U04.CH4.wav,5281.4,5282.2399375,background
S01_U04.CH4.wav,5282.08,5282.3999375,foreground
S01_U04.CH4.wav,5282.24,5282.7999375,background
S01_U04.CH4.wav,5282.64,5282.9999375,foreground
S01_U04.CH4.wav,5282.84,5283.0799375,background
S01_U04.CH4.wav,5282.92,5283.5599375,foreground
S01_U04.CH4.wav,5283.4,5284.4799375,background
S01_U04.CH4.wav,5284.32,5284.5599375,foreground
S01_U04.CH4.wav,5284.4,5284.6799375,background
S01_U04.CH4.wav,5284.52,5284.7999375,foreground
S01_U04.CH4.wav,5284.64,5284.8399375,background
S01_U04.CH4.wav,5284.68,5284.9199375,foreground
S01_U04.CH4.wav,5284.76,5285.1199375,background
S01_U04.CH4.wav,5284.96,5285.2399375,foreground
S01_U04.CH4.wav,5285.08,5285.9599375,background
S01_U04.CH4.wav,5285.8,5286.0399375,foreground
S01_U04.CH4.wav,5285.88,5286.2399375,background
S01_U04.CH4.wav,5286.08,5286.2799375,foreground
S01_U04.CH4.wav,5286.12,5286.3199375,background
S01_U04.CH4.wav,5286.16,5286.3599375,foreground
S01_U04.CH4.wav,5286.2,5287.3599375,background
S01_U04.CH4.wav,5287.2,5287.4399375,foreground
S01_U04.CH4.wav,5287.28,5287.8799375,background
S01_U04.CH4.wav,5287.72,5288.0799375,foreground
S01_U04.CH4.wav,5287.92,5288.8399375,background
S01_U04.CH4.wav,5288.68,5288.9599375,foreground
S01_U04.CH4.wav,5288.8,5289.7199375,background
S01_U04.CH4.wav,5289.56,5289.7999375,foreground
S01_U04.CH4.wav,5289.64,5290.1599375,background
S01_U04.CH4.wav,5290,5290.2799375,foreground
S01_U04.CH4.wav,5290.12,5290.5599375,background
S01_U04.CH4.wav,5290.4,5290.7999375,foreground
S01_U04.CH4.wav,5290.64,5290.8399375,background
S01_U04.CH4.wav,5290.68,5290.8799375,foreground
S01_U04.CH4.wav,5290.72,5290.9999375,background
S01_U04.CH4.wav,5290.84,5291.1599375,foreground
S01_U04.CH4.wav,5291,5291.1999375,background
S01_U04.CH4.wav,5291.04,5291.2399375,foreground
S01_U04.CH4.wav,5291.08,5291.2799375,background
S01_U04.CH4.wav,5291.12,5291.4799375,foreground
S01_U04.CH4.wav,5291.32,5292.6399375,background
S01_U04.CH4.wav,5292.48,5292.7999375,foreground
S01_U04.CH4.wav,5292.64,5293.2399375,background
S01_U04.CH4.wav,5293.08,5293.3199375,foreground
S01_U04.CH4.wav,5293.16,5293.8799375,background
S01_U04.CH4.wav,5293.72,5293.9199375,foreground
S01_U04.CH4.wav,5293.76,5294.2799375,background
S01_U04.CH4.wav,5294.12,5294.3199375,foreground
S01_U04.CH4.wav,5294.16,5294.4399375,background
S01_U04.CH4.wav,5294.28,5294.7199375,foreground
S01_U04.CH4.wav,5294.56,5296.3599375,background
S01_U04.CH4.wav,5296.2,5296.3999375,foreground
S01_U04.CH4.wav,5296.24,5296.8799375,background
S01_U04.CH4.wav,5296.72,5297.2399375,foreground
S01_U04.CH4.wav,5297.08,5297.2799375,background
S01_U04.CH4.wav,5297.12,5297.5199375,foreground
S01_U04.CH4.wav,5297.36,5297.6399375,background
S01_U04.CH4.wav,5297.48,5297.6799375,foreground
S01_U04.CH4.wav,5297.52,5298.1999375,background
S01_U04.CH4.wav,5298.04,5298.2399375,foreground
S01_U04.CH4.wav,5298.08,5298.4399375,background
S01_U04.CH4.wav,5298.28,5298.6399375,foreground
S01_U04.CH4.wav,5298.48,5298.7599375,background
S01_U04.CH4.wav,5298.6,5298.8399375,foreground
S01_U04.CH4.wav,5298.68,5298.9599375,background
S01_U04.CH4.wav,5298.8,5298.9999375,foreground
S01_U04.CH4.wav,5298.84,5299.4799375,background
S01_U04.CH4.wav,5299.32,5299.6799375,foreground
S01_U04.CH4.wav,5299.52,5300.6399375,background
S01_U04.CH4.wav,5300.48,5300.8799375,foreground
S01_U04.CH4.wav,5300.72,5302.5199375,background
S01_U04.CH4.wav,5302.36,5302.6799375,foreground
S01_U04.CH4.wav,5302.52,5303.7999375,background
S01_U04.CH4.wav,5303.64,5304.0399375,foreground
S01_U04.CH4.wav,5303.88,5307.4399375,background
S01_U04.CH4.wav,5307.28,5307.4799375,foreground
S01_U04.CH4.wav,5307.32,5307.9199375,background
S01_U04.CH4.wav,5307.76,5307.9599375,foreground
S01_U04.CH4.wav,5307.8,5308.5599375,background
S01_U04.CH4.wav,5308.4,5308.6399375,foreground
S01_U04.CH4.wav,5308.48,5308.6799375,background
S01_U04.CH4.wav,5308.52,5308.7199375,foreground
S01_U04.CH4.wav,5308.56,5308.7999375,background
S01_U04.CH4.wav,5308.64,5308.8399375,foreground
S01_U04.CH4.wav,5308.68,5309.0399375,background
S01_U04.CH4.wav,5308.88,5309.0799375,foreground
S01_U04.CH4.wav,5308.92,5310.6399375,background
S01_U04.CH4.wav,5310.48,5310.6799375,foreground
S01_U04.CH4.wav,5310.52,5311.9199375,background
S01_U04.CH4.wav,5311.76,5311.9599375,foreground
S01_U04.CH4.wav,5311.8,5312.1999375,background
S01_U04.CH4.wav,5312.04,5312.2399375,foreground
S01_U04.CH4.wav,5312.08,5312.3199375,background
S01_U04.CH4.wav,5312.16,5312.8799375,foreground
S01_U04.CH4.wav,5312.72,5315.9599375,background
S01_U04.CH4.wav,5315.8,5316.0399375,foreground
S01_U04.CH4.wav,5315.88,5318.1999375,background
S01_U04.CH4.wav,5318.04,5318.2399375,foreground
S01_U04.CH4.wav,5318.08,5318.5999375,background
S01_U04.CH4.wav,5318.44,5318.8799375,foreground
S01_U04.CH4.wav,5318.72,5319.6399375,background
S01_U04.CH4.wav,5319.48,5319.6799375,foreground
S01_U04.CH4.wav,5319.52,5319.8799375,background
S01_U04.CH4.wav,5319.72,5320.1599375,foreground
S01_U04.CH4.wav,5320,5320.2799375,background
S01_U04.CH4.wav,5320.12,5320.3199375,foreground
S01_U04.CH4.wav,5320.16,5320.8399375,background
S01_U04.CH4.wav,5320.68,5320.9599375,foreground
S01_U04.CH4.wav,5320.8,5322.8399375,background
S01_U04.CH4.wav,5322.68,5322.9599375,foreground
S01_U04.CH4.wav,5322.8,5323.0399375,background
S01_U04.CH4.wav,5322.88,5323.0799375,foreground
S01_U04.CH4.wav,5322.92,5323.3999375,background
S01_U04.CH4.wav,5323.24,5323.4799375,foreground
S01_U04.CH4.wav,5323.32,5323.6799375,background
S01_U04.CH4.wav,5323.52,5323.9999375,foreground
S01_U04.CH4.wav,5323.84,5324.9599375,background
S01_U04.CH4.wav,5324.8,5325.3999375,foreground
S01_U04.CH4.wav,5325.24,5326.4799375,background
S01_U04.CH4.wav,5326.32,5326.8399375,foreground
S01_U04.CH4.wav,5326.68,5330.0799375,background
S01_U04.CH4.wav,5329.92,5330.1199375,foreground
S01_U04.CH4.wav,5329.96,5330.3599375,background
S01_U04.CH4.wav,5330.2,5330.5999375,foreground
S01_U04.CH4.wav,5330.44,5331.5199375,background
S01_U04.CH4.wav,5331.36,5331.7599375,foreground
S01_U04.CH4.wav,5331.6,5331.9599375,background
S01_U04.CH4.wav,5331.8,5332.0799375,foreground
S01_U04.CH4.wav,5331.92,5332.8399375,background
S01_U04.CH4.wav,5332.68,5333.5999375,foreground
S01_U04.CH4.wav,5333.44,5333.6799375,background
S01_U04.CH4.wav,5333.52,5333.7199375,foreground
S01_U04.CH4.wav,5333.56,5333.7599375,background
S01_U04.CH4.wav,5333.6,5333.9199375,foreground
S01_U04.CH4.wav,5333.76,5334.2399375,background
S01_U04.CH4.wav,5334.08,5334.3999375,foreground
S01_U04.CH4.wav,5334.24,5334.7199375,background
S01_U04.CH4.wav,5334.56,5334.7599375,foreground
S01_U04.CH4.wav,5334.6,5336.6799375,background
S01_U04.CH4.wav,5336.52,5336.7199375,foreground
S01_U04.CH4.wav,5336.56,5336.7599375,background
S01_U04.CH4.wav,5336.6,5336.8399375,foreground
S01_U04.CH4.wav,5336.68,5337.2799375,background
S01_U04.CH4.wav,5337.12,5337.3199375,foreground
S01_U04.CH4.wav,5337.16,5338.3999375,background
S01_U04.CH4.wav,5338.24,5338.5599375,foreground
S01_U04.CH4.wav,5338.4,5338.7599375,background
S01_U04.CH4.wav,5338.6,5338.8799375,foreground
S01_U04.CH4.wav,5338.72,5339.3599375,background
S01_U04.CH4.wav,5339.2,5339.4399375,foreground
S01_U04.CH4.wav,5339.28,5340.6399375,background
S01_U04.CH4.wav,5340.48,5340.7599375,foreground
S01_U04.CH4.wav,5340.6,5343.6799375,background
S01_U04.CH4.wav,5343.52,5344.0799375,foreground
S01_U04.CH4.wav,5343.92,5345.1999375,background
S01_U04.CH4.wav,5345.04,5345.5999375,foreground
S01_U04.CH4.wav,5345.44,5346.5199375,background
S01_U04.CH4.wav,5346.36,5346.7599375,foreground
S01_U04.CH4.wav,5346.6,5348.4399375,background
S01_U04.CH4.wav,5348.28,5348.6799375,foreground
S01_U04.CH4.wav,5348.52,5348.8399375,background
S01_U04.CH4.wav,5348.68,5349.3599375,foreground
S01_U04.CH4.wav,5349.2,5349.5199375,background
S01_U04.CH4.wav,5349.36,5349.5599375,foreground
S01_U04.CH4.wav,5349.4,5349.8799375,background
S01_U04.CH4.wav,5349.72,5349.9999375,foreground
S01_U04.CH4.wav,5349.84,5351.1599375,background
S01_U04.CH4.wav,5351,5351.2399375,foreground
S01_U04.CH4.wav,5351.08,5351.2799375,background
S01_U04.CH4.wav,5351.12,5351.4399375,foreground
S01_U04.CH4.wav,5351.28,5351.8799375,background
S01_U04.CH4.wav,5351.72,5351.9999375,foreground
S01_U04.CH4.wav,5351.84,5352.9599375,background
S01_U04.CH4.wav,5352.8,5353.1599375,foreground
S01_U04.CH4.wav,5353,5353.2799375,background
S01_U04.CH4.wav,5353.12,5353.5199375,foreground
S01_U04.CH4.wav,5353.36,5353.5599375,background
S01_U04.CH4.wav,5353.4,5353.5999375,foreground
S01_U04.CH4.wav,5353.44,5353.8799375,background
S01_U04.CH4.wav,5353.72,5353.9199375,foreground
S01_U04.CH4.wav,5353.76,5354.0399375,background
S01_U04.CH4.wav,5353.88,5354.1199375,foreground
S01_U04.CH4.wav,5353.96,5354.7999375,background
S01_U04.CH4.wav,5354.64,5354.8799375,foreground
S01_U04.CH4.wav,5354.72,5355.4799375,background
S01_U04.CH4.wav,5355.32,5355.5199375,foreground
S01_U04.CH4.wav,5355.36,5355.7599375,background
S01_U04.CH4.wav,5355.6,5355.7999375,foreground
S01_U04.CH4.wav,5355.64,5355.9199375,background
S01_U04.CH4.wav,5355.76,5355.9999375,foreground
S01_U04.CH4.wav,5355.84,5356.1599375,background
S01_U04.CH4.wav,5356,5356.4799375,foreground
S01_U04.CH4.wav,5356.32,5356.7599375,background
S01_U04.CH4.wav,5356.6,5356.9599375,foreground
S01_U04.CH4.wav,5356.8,5357.5999375,background
S01_U04.CH4.wav,5357.44,5357.6799375,foreground
S01_U04.CH4.wav,5357.52,5357.9599375,background
S01_U04.CH4.wav,5357.8,5358.1199375,foreground
S01_U04.CH4.wav,5357.96,5359.3999375,background
S01_U04.CH4.wav,5359.24,5359.4399375,foreground
S01_U04.CH4.wav,5359.28,5359.9999375,background
S01_U04.CH4.wav,5359.84,5360.3199375,foreground
S01_U04.CH4.wav,5360.16,5360.3599375,background
S01_U04.CH4.wav,5360.2,5360.4399375,foreground
S01_U04.CH4.wav,5360.28,5361.3599375,background
S01_U04.CH4.wav,5361.2,5361.5199375,foreground
S01_U04.CH4.wav,5361.36,5363.0399375,background
S01_U04.CH4.wav,5362.88,5363.1599375,foreground
S01_U04.CH4.wav,5363,5363.4399375,background
S01_U04.CH4.wav,5363.28,5363.6399375,foreground
S01_U04.CH4.wav,5363.48,5365.7199375,background
S01_U04.CH4.wav,5365.56,5365.9999375,foreground
S01_U04.CH4.wav,5365.84,5366.1199375,background
S01_U04.CH4.wav,5365.96,5366.2799375,foreground
S01_U04.CH4.wav,5366.12,5366.3199375,background
S01_U04.CH4.wav,5366.16,5366.5599375,foreground
S01_U04.CH4.wav,5366.4,5366.6799375,background
S01_U04.CH4.wav,5366.52,5366.8399375,foreground
S01_U04.CH4.wav,5366.68,5367.8799375,background
S01_U04.CH4.wav,5367.72,5368.0399375,foreground
S01_U04.CH4.wav,5367.88,5368.8799375,background
S01_U04.CH4.wav,5368.72,5369.0399375,foreground
S01_U04.CH4.wav,5368.88,5369.3999375,background
S01_U04.CH4.wav,5369.24,5369.5199375,foreground
S01_U04.CH4.wav,5369.36,5369.8799375,background
S01_U04.CH4.wav,5369.72,5370.1999375,foreground
S01_U04.CH4.wav,5370.04,5370.2799375,background
S01_U04.CH4.wav,5370.12,5370.3599375,foreground
S01_U04.CH4.wav,5370.2,5370.3999375,background
S01_U04.CH4.wav,5370.24,5370.6399375,foreground
S01_U04.CH4.wav,5370.48,5373.2799375,background
S01_U04.CH4.wav,5373.12,5373.3999375,foreground
S01_U04.CH4.wav,5373.24,5373.9999375,background
S01_U04.CH4.wav,5373.84,5374.2799375,foreground
S01_U04.CH4.wav,5374.12,5375.0399375,background
S01_U04.CH4.wav,5374.88,5375.1599375,foreground
S01_U04.CH4.wav,5375,5376.6399375,background
S01_U04.CH4.wav,5376.48,5376.7199375,foreground
S01_U04.CH4.wav,5376.56,5377.0799375,background
S01_U04.CH4.wav,5376.92,5377.3199375,foreground
S01_U04.CH4.wav,5377.16,5377.3999375,background
S01_U04.CH4.wav,5377.24,5377.4799375,foreground
S01_U04.CH4.wav,5377.32,5377.6399375,background
S01_U04.CH4.wav,5377.48,5377.7599375,foreground
S01_U04.CH4.wav,5377.6,5378.7599375,background
S01_U04.CH4.wav,5378.6,5378.8799375,foreground
S01_U04.CH4.wav,5378.72,5379.5599375,background
S01_U04.CH4.wav,5379.4,5379.6399375,foreground
S01_U04.CH4.wav,5379.48,5381.3199375,background
S01_U04.CH4.wav,5381.16,5381.3599375,foreground
S01_U04.CH4.wav,5381.2,5383.9999375,background
S01_U04.CH4.wav,5383.84,5384.1199375,foreground
S01_U04.CH4.wav,5383.96,5384.5999375,background
S01_U04.CH4.wav,5384.44,5384.7999375,foreground
S01_U04.CH4.wav,5384.64,5387.8799375,background
S01_U04.CH4.wav,5387.72,5388.0799375,foreground
S01_U04.CH4.wav,5387.92,5388.3999375,background
S01_U04.CH4.wav,5388.24,5388.6799375,foreground
S01_U04.CH4.wav,5388.52,5389.0799375,background
S01_U04.CH4.wav,5388.92,5389.1999375,foreground
S01_U04.CH4.wav,5389.04,5389.3999375,background
S01_U04.CH4.wav,5389.24,5389.4799375,foreground
S01_U04.CH4.wav,5389.32,5389.7999375,background
S01_U04.CH4.wav,5389.64,5389.8799375,foreground
S01_U04.CH4.wav,5389.72,5390.1199375,background
S01_U04.CH4.wav,5389.96,5390.1599375,foreground
S01_U04.CH4.wav,5390,5391.1999375,background
S01_U04.CH4.wav,5391.04,5391.2799375,foreground
S01_U04.CH4.wav,5391.12,5391.7199375,background
S01_U04.CH4.wav,5391.56,5391.9599375,foreground
S01_U04.CH4.wav,5391.8,5392.1999375,background
S01_U04.CH4.wav,5392.04,5392.5599375,foreground
S01_U04.CH4.wav,5392.4,5394.1999375,background
S01_U04.CH4.wav,5394.04,5394.3599375,foreground
S01_U04.CH4.wav,5394.2,5394.3999375,background
S01_U04.CH4.wav,5394.24,5394.4399375,foreground
S01_U04.CH4.wav,5394.28,5394.5199375,background
S01_U04.CH4.wav,5394.36,5394.5599375,foreground
S01_U04.CH4.wav,5394.4,5394.7999375,background
S01_U04.CH4.wav,5394.64,5395.0399375,foreground
S01_U04.CH4.wav,5394.88,5395.1199375,background
S01_U04.CH4.wav,5394.96,5395.3199375,foreground
S01_U04.CH4.wav,5395.16,5395.5599375,background
S01_U04.CH4.wav,5395.4,5395.5999375,foreground
S01_U04.CH4.wav,5395.44,5395.9599375,background
S01_U04.CH4.wav,5395.8,5395.9999375,foreground
S01_U04.CH4.wav,5395.84,5396.0799375,background
S01_U04.CH4.wav,5395.92,5396.1599375,foreground
S01_U04.CH4.wav,5396,5396.1999375,background
S01_U04.CH4.wav,5396.04,5396.2399375,foreground
S01_U04.CH4.wav,5396.08,5396.6799375,background
S01_U04.CH4.wav,5396.52,5396.8399375,foreground
S01_U04.CH4.wav,5396.68,5396.8799375,background
S01_U04.CH4.wav,5396.72,5396.9999375,foreground
S01_U04.CH4.wav,5396.84,5397.0399375,background
S01_U04.CH4.wav,5396.88,5397.2399375,foreground
S01_U04.CH4.wav,5397.08,5399.0799375,background
S01_U04.CH4.wav,5398.92,5399.1199375,foreground
S01_U04.CH4.wav,5398.96,5399.8799375,background
S01_U04.CH4.wav,5399.72,5399.9599375,foreground
S01_U04.CH4.wav,5399.8,5400.1999375,background
S01_U04.CH4.wav,5400.04,5400.3599375,foreground
S01_U04.CH4.wav,5400.2,5402.5999375,background
S01_U04.CH4.wav,5402.44,5402.6399375,foreground
S01_U04.CH4.wav,5402.48,5403.6799375,background
S01_U04.CH4.wav,5403.52,5403.9599375,foreground
S01_U04.CH4.wav,5403.8,5404.5599375,background
S01_U04.CH4.wav,5404.4,5404.5999375,foreground
S01_U04.CH4.wav,5404.44,5405.7599375,background
S01_U04.CH4.wav,5405.6,5405.7999375,foreground
S01_U04.CH4.wav,5405.64,5405.8799375,background
S01_U04.CH4.wav,5405.72,5405.9199375,foreground
S01_U04.CH4.wav,5405.76,5405.9999375,background
S01_U04.CH4.wav,5405.84,5406.0399375,foreground
S01_U04.CH4.wav,5405.88,5406.7999375,background
S01_U04.CH4.wav,5406.64,5406.8399375,foreground
S01_U04.CH4.wav,5406.68,5406.9999375,background
S01_U04.CH4.wav,5406.84,5407.1599375,foreground
S01_U04.CH4.wav,5407,5407.9199375,background
S01_U04.CH4.wav,5407.76,5408.2799375,foreground
S01_U04.CH4.wav,5408.12,5408.6399375,background
S01_U04.CH4.wav,5408.48,5408.7999375,foreground
S01_U04.CH4.wav,5408.64,5408.9199375,background
S01_U04.CH4.wav,5408.76,5408.9999375,foreground
S01_U04.CH4.wav,5408.84,5409.1599375,background
S01_U04.CH4.wav,5409,5409.7599375,foreground
S01_U04.CH4.wav,5409.6,5409.8399375,background
S01_U04.CH4.wav,5409.68,5409.9599375,foreground
S01_U04.CH4.wav,5409.8,5409.9999375,background
S01_U04.CH4.wav,5409.84,5410.1599375,foreground
S01_U04.CH4.wav,5410,5410.6799375,background
S01_U04.CH4.wav,5410.52,5410.7199375,foreground
S01_U04.CH4.wav,5410.56,5411.3999375,background
S01_U04.CH4.wav,5411.24,5411.6399375,foreground
S01_U04.CH4.wav,5411.48,5411.7199375,background
S01_U04.CH4.wav,5411.56,5411.7599375,foreground
S01_U04.CH4.wav,5411.6,5412.8799375,background
S01_U04.CH4.wav,5412.72,5412.9199375,foreground
S01_U04.CH4.wav,5412.76,5413.4799375,background
S01_U04.CH4.wav,5413.32,5413.5999375,foreground
S01_U04.CH4.wav,5413.44,5415.7999375,background
S01_U04.CH4.wav,5415.64,5415.8399375,foreground
S01_U04.CH4.wav,5415.68,5415.8799375,background
S01_U04.CH4.wav,5415.72,5416.2799375,foreground
S01_U04.CH4.wav,5416.12,5418.6399375,background
S01_U04.CH4.wav,5418.48,5418.6799375,foreground
S01_U04.CH4.wav,5418.52,5419.4799375,background
S01_U04.CH4.wav,5419.32,5419.5199375,foreground
S01_U04.CH4.wav,5419.36,5419.7999375,background
S01_U04.CH4.wav,5419.64,5419.8399375,foreground
S01_U04.CH4.wav,5419.68,5421.1599375,background
S01_U04.CH4.wav,5421,5421.1999375,foreground
S01_U04.CH4.wav,5421.04,5422.8399375,background
S01_U04.CH4.wav,5422.68,5422.8799375,foreground
S01_U04.CH4.wav,5422.72,5423.3599375,background
S01_U04.CH4.wav,5423.2,5423.4399375,foreground
S01_U04.CH4.wav,5423.28,5424.3999375,background
S01_U04.CH4.wav,5424.24,5424.8799375,foreground
S01_U04.CH4.wav,5424.72,5425.1599375,background
S01_U04.CH4.wav,5425,5425.2399375,foreground
S01_U04.CH4.wav,5425.08,5425.3599375,background
S01_U04.CH4.wav,5425.2,5425.3999375,foreground
S01_U04.CH4.wav,5425.24,5425.4399375,background
S01_U04.CH4.wav,5425.28,5425.5999375,foreground
S01_U04.CH4.wav,5425.44,5425.6399375,background
S01_U04.CH4.wav,5425.48,5425.7199375,foreground
S01_U04.CH4.wav,5425.56,5429.6799375,background
S01_U04.CH4.wav,5429.52,5429.8799375,foreground
S01_U04.CH4.wav,5429.72,5430.4799375,background
S01_U04.CH4.wav,5430.32,5430.6399375,foreground
S01_U04.CH4.wav,5430.48,5434.2399375,background
S01_U04.CH4.wav,5434.08,5434.3599375,foreground
S01_U04.CH4.wav,5434.2,5436.4799375,background
S01_U04.CH4.wav,5436.32,5437.1999375,foreground
S01_U04.CH4.wav,5437.04,5437.4399375,background
S01_U04.CH4.wav,5437.28,5437.5199375,foreground
S01_U04.CH4.wav,5437.36,5438.2399375,background
S01_U04.CH4.wav,5438.08,5438.3999375,foreground
S01_U04.CH4.wav,5438.24,5438.9199375,background
S01_U04.CH4.wav,5438.76,5439.2799375,foreground
S01_U04.CH4.wav,5439.12,5439.3199375,background
S01_U04.CH4.wav,5439.16,5439.4399375,foreground
S01_U04.CH4.wav,5439.28,5439.5599375,background
S01_U04.CH4.wav,5439.4,5439.5999375,foreground
S01_U04.CH4.wav,5439.44,5442.4399375,background
S01_U04.CH4.wav,5442.28,5442.4799375,foreground
S01_U04.CH4.wav,5442.32,5443.6399375,background
S01_U04.CH4.wav,5443.48,5443.6799375,foreground
S01_U04.CH4.wav,5443.52,5443.9999375,background
S01_U04.CH4.wav,5443.84,5444.1599375,foreground
S01_U04.CH4.wav,5444,5444.8799375,background
S01_U04.CH4.wav,5444.72,5445.1599375,foreground
S01_U04.CH4.wav,5445,5445.5599375,background
S01_U04.CH4.wav,5445.4,5445.7199375,foreground
S01_U04.CH4.wav,5445.56,5445.7599375,background
S01_U04.CH4.wav,5445.6,5445.8399375,foreground
S01_U04.CH4.wav,5445.68,5446.8799375,background
S01_U04.CH4.wav,5446.72,5446.9999375,foreground
S01_U04.CH4.wav,5446.84,5447.2399375,background
S01_U04.CH4.wav,5447.08,5447.2799375,foreground
S01_U04.CH4.wav,5447.12,5447.3199375,background
S01_U04.CH4.wav,5447.16,5447.3599375,foreground
S01_U04.CH4.wav,5447.2,5447.3999375,background
S01_U04.CH4.wav,5447.24,5447.4399375,foreground
S01_U04.CH4.wav,5447.28,5447.5199375,background
S01_U04.CH4.wav,5447.36,5447.9599375,foreground
S01_U04.CH4.wav,5447.8,5448.0399375,background
S01_U04.CH4.wav,5447.88,5448.0799375,foreground
S01_U04.CH4.wav,5447.92,5448.7199375,background
S01_U04.CH4.wav,5448.56,5448.8799375,foreground
S01_U04.CH4.wav,5448.72,5449.1999375,background
S01_U04.CH4.wav,5449.04,5449.3999375,foreground
S01_U04.CH4.wav,5449.24,5449.6799375,background
S01_U04.CH4.wav,5449.52,5450.5199375,foreground
S01_U04.CH4.wav,5450.36,5450.6799375,background
S01_U04.CH4.wav,5450.52,5450.7199375,foreground
S01_U04.CH4.wav,5450.56,5450.7999375,background
S01_U04.CH4.wav,5450.64,5450.8799375,foreground
S01_U04.CH4.wav,5450.72,5451.0799375,background
S01_U04.CH4.wav,5450.92,5451.1599375,foreground
S01_U04.CH4.wav,5451,5451.1999375,background
S01_U04.CH4.wav,5451.04,5451.6399375,foreground
S01_U04.CH4.wav,5451.48,5451.9999375,background
S01_U04.CH4.wav,5451.84,5452.1199375,foreground
S01_U04.CH4.wav,5451.96,5453.4399375,background
S01_U04.CH4.wav,5453.28,5453.6399375,foreground
S01_U04.CH4.wav,5453.48,5455.5199375,background
S01_U04.CH4.wav,5455.36,5455.5599375,foreground
S01_U04.CH4.wav,5455.4,5455.8799375,background
S01_U04.CH4.wav,5455.72,5455.9999375,foreground
S01_U04.CH4.wav,5455.84,5458.3199375,background
S01_U04.CH4.wav,5458.16,5458.3999375,foreground
S01_U04.CH4.wav,5458.24,5459.1999375,background
S01_U04.CH4.wav,5459.04,5459.7199375,foreground
S01_U04.CH4.wav,5459.56,5459.8399375,background
S01_U04.CH4.wav,5459.68,5460.3599375,foreground
S01_U04.CH4.wav,5460.2,5461.6799375,background
S01_U04.CH4.wav,5461.52,5461.7199375,foreground
S01_U04.CH4.wav,5461.56,5462.3599375,background
S01_U04.CH4.wav,5462.2,5462.4799375,foreground
S01_U04.CH4.wav,5462.32,5463.1599375,background
S01_U04.CH4.wav,5463,5463.3599375,foreground
S01_U04.CH4.wav,5463.2,5463.7999375,background
S01_U04.CH4.wav,5463.64,5463.8399375,foreground
S01_U04.CH4.wav,5463.68,5464.0399375,background
S01_U04.CH4.wav,5463.88,5464.0799375,foreground
S01_U04.CH4.wav,5463.92,5464.1599375,background
S01_U04.CH4.wav,5464,5464.1999375,foreground
S01_U04.CH4.wav,5464.04,5464.3599375,background
S01_U04.CH4.wav,5464.2,5464.3999375,foreground
S01_U04.CH4.wav,5464.24,5464.4399375,background
S01_U04.CH4.wav,5464.28,5464.6799375,foreground
S01_U04.CH4.wav,5464.52,5467.2399375,background
S01_U04.CH4.wav,5467.08,5467.4399375,foreground
S01_U04.CH4.wav,5467.28,5467.5199375,background
S01_U04.CH4.wav,5467.36,5467.5999375,foreground
S01_U04.CH4.wav,5467.44,5468.0799375,background
S01_U04.CH4.wav,5467.92,5468.1199375,foreground
S01_U04.CH4.wav,5467.96,5468.1999375,background
S01_U04.CH4.wav,5468.04,5468.2399375,foreground
S01_U04.CH4.wav,5468.08,5469.5599375,background
S01_U04.CH4.wav,5469.4,5470.1199375,foreground
S01_U04.CH4.wav,5469.96,5470.1599375,background
S01_U04.CH4.wav,5470,5470.1999375,foreground
S01_U04.CH4.wav,5470.04,5470.2399375,background
S01_U04.CH4.wav,5470.08,5470.3999375,foreground
S01_U04.CH4.wav,5470.24,5470.4799375,background
S01_U04.CH4.wav,5470.32,5470.5999375,foreground
S01_U04.CH4.wav,5470.44,5471.7599375,background
S01_U04.CH4.wav,5471.6,5471.7999375,foreground
S01_U04.CH4.wav,5471.64,5472.0799375,background
S01_U04.CH4.wav,5471.92,5472.1199375,foreground
S01_U04.CH4.wav,5471.96,5474.1599375,background
S01_U04.CH4.wav,5474,5474.2799375,foreground
S01_U04.CH4.wav,5474.12,5474.3599375,background
S01_U04.CH4.wav,5474.2,5474.5199375,foreground
S01_U04.CH4.wav,5474.36,5476.8399375,background
S01_U04.CH4.wav,5476.68,5476.9599375,foreground
S01_U04.CH4.wav,5476.8,5476.9999375,background
S01_U04.CH4.wav,5476.84,5477.0799375,foreground
S01_U04.CH4.wav,5476.92,5482.2399375,background
S01_U04.CH4.wav,5482.08,5482.5199375,foreground
S01_U04.CH4.wav,5482.36,5483.2799375,background
S01_U04.CH4.wav,5483.12,5483.7199375,foreground
S01_U04.CH4.wav,5483.56,5484.1999375,background
S01_U04.CH4.wav,5484.04,5484.3599375,foreground
S01_U04.CH4.wav,5484.2,5485.7599375,background
S01_U04.CH4.wav,5485.6,5485.8399375,foreground
S01_U04.CH4.wav,5485.68,5487.1199375,background
S01_U04.CH4.wav,5486.96,5487.3599375,foreground
S01_U04.CH4.wav,5487.2,5487.7199375,background
S01_U04.CH4.wav,5487.56,5487.7599375,foreground
S01_U04.CH4.wav,5487.6,5487.9599375,background
S01_U04.CH4.wav,5487.8,5488.1599375,foreground
S01_U04.CH4.wav,5488,5488.5199375,background
S01_U04.CH4.wav,5488.36,5488.7999375,foreground
S01_U04.CH4.wav,5488.64,5488.8399375,background
S01_U04.CH4.wav,5488.68,5488.9199375,foreground
S01_U04.CH4.wav,5488.76,5489.6399375,background
S01_U04.CH4.wav,5489.48,5489.7199375,foreground
S01_U04.CH4.wav,5489.56,5489.9199375,background
S01_U04.CH4.wav,5489.76,5489.9999375,foreground
S01_U04.CH4.wav,5489.84,5490.3599375,background
S01_U04.CH4.wav,5490.2,5490.4399375,foreground
S01_U04.CH4.wav,5490.28,5491.0399375,background
S01_U04.CH4.wav,5490.88,5491.3599375,foreground
S01_U04.CH4.wav,5491.2,5491.5599375,background
S01_U04.CH4.wav,5491.4,5491.5999375,foreground
S01_U04.CH4.wav,5491.44,5492.1199375,background
S01_U04.CH4.wav,5491.96,5492.2399375,foreground
S01_U04.CH4.wav,5492.08,5492.6399375,background
S01_U04.CH4.wav,5492.48,5492.7999375,foreground
S01_U04.CH4.wav,5492.64,5493.5199375,background
S01_U04.CH4.wav,5493.36,5493.6799375,foreground
S01_U04.CH4.wav,5493.52,5494.5599375,background
S01_U04.CH4.wav,5494.4,5494.5999375,foreground
S01_U04.CH4.wav,5494.44,5494.7199375,background
S01_U04.CH4.wav,5494.56,5494.9199375,foreground
S01_U04.CH4.wav,5494.76,5495.6399375,background
S01_U04.CH4.wav,5495.48,5495.9199375,foreground
S01_U04.CH4.wav,5495.76,5496.5599375,background
S01_U04.CH4.wav,5496.4,5496.9199375,foreground
S01_U04.CH4.wav,5496.76,5497.3999375,background
S01_U04.CH4.wav,5497.24,5497.6399375,foreground
S01_U04.CH4.wav,5497.48,5497.7199375,background
S01_U04.CH4.wav,5497.56,5497.9999375,foreground
S01_U04.CH4.wav,5497.84,5499.7599375,background
S01_U04.CH4.wav,5499.6,5499.8399375,foreground
S01_U04.CH4.wav,5499.68,5500.0399375,background
S01_U04.CH4.wav,5499.88,5500.3999375,foreground
S01_U04.CH4.wav,5500.24,5500.6799375,background
S01_U04.CH4.wav,5500.52,5500.8799375,foreground
S01_U04.CH4.wav,5500.72,5501.5999375,background
S01_U04.CH4.wav,5501.44,5501.8799375,foreground
S01_U04.CH4.wav,5501.72,5503.9199375,background
S01_U04.CH4.wav,5503.76,5503.9999375,foreground
S01_U04.CH4.wav,5503.84,5504.2399375,background
S01_U04.CH4.wav,5504.08,5504.2799375,foreground
S01_U04.CH4.wav,5504.12,5504.8399375,background
S01_U04.CH4.wav,5504.68,5504.9199375,foreground
S01_U04.CH4.wav,5504.76,5505.8399375,background
S01_U04.CH4.wav,5505.68,5505.9999375,foreground
S01_U04.CH4.wav,5505.84,5509.7999375,background
S01_U04.CH4.wav,5509.64,5509.9599375,foreground
S01_U04.CH4.wav,5509.8,5510.5599375,background
S01_U04.CH4.wav,5510.4,5510.5999375,foreground
S01_U04.CH4.wav,5510.44,5510.7599375,background
S01_U04.CH4.wav,5510.6,5510.8399375,foreground
S01_U04.CH4.wav,5510.68,5510.9999375,background
S01_U04.CH4.wav,5510.84,5511.0399375,foreground
S01_U04.CH4.wav,5510.88,5511.1199375,background
S01_U04.CH4.wav,5510.96,5511.2799375,foreground
S01_U04.CH4.wav,5511.12,5514.0799375,background
S01_U04.CH4.wav,5513.92,5514.1199375,foreground
S01_U04.CH4.wav,5513.96,5515.4799375,background
S01_U04.CH4.wav,5515.32,5515.6399375,foreground
S01_U04.CH4.wav,5515.48,5516.5999375,background
S01_U04.CH4.wav,5516.44,5516.6799375,foreground
S01_U04.CH4.wav,5516.52,5516.9199375,background
S01_U04.CH4.wav,5516.76,5517.0799375,foreground
S01_U04.CH4.wav,5516.92,5517.4799375,background
S01_U04.CH4.wav,5517.32,5517.7199375,foreground
S01_U04.CH4.wav,5517.56,5517.7599375,background
S01_U04.CH4.wav,5517.6,5518.0799375,foreground
S01_U04.CH4.wav,5517.92,5518.5199375,background
S01_U04.CH4.wav,5518.36,5518.5599375,foreground
S01_U04.CH4.wav,5518.4,5519.5599375,background
S01_U04.CH4.wav,5519.4,5519.6399375,foreground
S01_U04.CH4.wav,5519.48,5520.6799375,background
S01_U04.CH4.wav,5520.52,5521.0799375,foreground
S01_U04.CH4.wav,5520.92,5522.3599375,background
S01_U04.CH4.wav,5522.2,5522.4399375,foreground
S01_U04.CH4.wav,5522.28,5523.3999375,background
S01_U04.CH4.wav,5523.24,5523.4399375,foreground
S01_U04.CH4.wav,5523.28,5524.9599375,background
S01_U04.CH4.wav,5524.8,5524.9999375,foreground
S01_U04.CH4.wav,5524.84,5525.0799375,background
S01_U04.CH4.wav,5524.92,5525.1199375,foreground
S01_U04.CH4.wav,5524.96,5525.1999375,background
S01_U04.CH4.wav,5525.04,5525.2399375,foreground
S01_U04.CH4.wav,5525.08,5525.2799375,background
S01_U04.CH4.wav,5525.12,5525.3199375,foreground
S01_U04.CH4.wav,5525.16,5526.0799375,background
S01_U04.CH4.wav,5525.92,5526.2399375,foreground
S01_U04.CH4.wav,5526.08,5526.9199375,background
S01_U04.CH4.wav,5526.76,5527.1199375,foreground
S01_U04.CH4.wav,5526.96,5527.3999375,background
S01_U04.CH4.wav,5527.24,5527.4799375,foreground
S01_U04.CH4.wav,5527.32,5527.7199375,background
S01_U04.CH4.wav,5527.56,5527.8799375,foreground
S01_U04.CH4.wav,5527.72,5527.9199375,background
S01_U04.CH4.wav,5527.76,5527.9599375,foreground
S01_U04.CH4.wav,5527.8,5527.9999375,background
S01_U04.CH4.wav,5527.84,5528.0799375,foreground
S01_U04.CH4.wav,5527.92,5528.1999375,background
S01_U04.CH4.wav,5528.04,5528.2799375,foreground
S01_U04.CH4.wav,5528.12,5528.5199375,background
S01_U04.CH4.wav,5528.36,5528.5599375,foreground
S01_U04.CH4.wav,5528.4,5528.5999375,background
S01_U04.CH4.wav,5528.44,5528.9999375,foreground
S01_U04.CH4.wav,5528.84,5529.4799375,background
S01_U04.CH4.wav,5529.32,5529.5999375,foreground
S01_U04.CH4.wav,5529.44,5529.9599375,background
S01_U04.CH4.wav,5529.8,5529.9999375,foreground
S01_U04.CH4.wav,5529.84,5530.1999375,background
S01_U04.CH4.wav,5530.04,5530.2799375,foreground
S01_U04.CH4.wav,5530.12,5530.5999375,background
S01_U04.CH4.wav,5530.44,5530.6399375,foreground
S01_U04.CH4.wav,5530.48,5530.7199375,background
S01_U04.CH4.wav,5530.56,5530.7599375,foreground
S01_U04.CH4.wav,5530.6,5532.7999375,background
S01_U04.CH4.wav,5532.64,5532.8399375,foreground
S01_U04.CH4.wav,5532.68,5532.8799375,background
S01_U04.CH4.wav,5532.72,5532.9199375,foreground
S01_U04.CH4.wav,5532.76,5533.0399375,background
S01_U04.CH4.wav,5532.88,5533.3999375,foreground
S01_U04.CH4.wav,5533.24,5534.6799375,background
S01_U04.CH4.wav,5534.52,5534.9999375,foreground
S01_U04.CH4.wav,5534.84,5535.2399375,background
S01_U04.CH4.wav,5535.08,5535.2799375,foreground
S01_U04.CH4.wav,5535.12,5536.9199375,background
S01_U04.CH4.wav,5536.76,5536.9599375,foreground
S01_U04.CH4.wav,5536.8,5537.3599375,background
S01_U04.CH4.wav,5537.2,5537.4399375,foreground
S01_U04.CH4.wav,5537.28,5538.0799375,background
S01_U04.CH4.wav,5537.92,5538.1199375,foreground
S01_U04.CH4.wav,5537.96,5539.8799375,background
S01_U04.CH4.wav,5539.72,5540.1599375,foreground
S01_U04.CH4.wav,5540,5542.3999375,background
S01_U04.CH4.wav,5542.24,5542.8799375,foreground
S01_U04.CH4.wav,5542.72,5543.4399375,background
S01_U04.CH4.wav,5543.28,5543.7199375,foreground
S01_U04.CH4.wav,5543.56,5543.7599375,background
S01_U04.CH4.wav,5543.6,5543.8799375,foreground
S01_U04.CH4.wav,5543.72,5544.0399375,background
S01_U04.CH4.wav,5543.88,5544.4799375,foreground
S01_U04.CH4.wav,5544.32,5544.6399375,background
S01_U04.CH4.wav,5544.48,5544.7999375,foreground
S01_U04.CH4.wav,5544.64,5544.9999375,background
S01_U04.CH4.wav,5544.84,5545.0399375,foreground
S01_U04.CH4.wav,5544.88,5545.9999375,background
S01_U04.CH4.wav,5545.84,5546.5999375,foreground
S01_U04.CH4.wav,5546.44,5547.0399375,background
S01_U04.CH4.wav,5546.88,5547.3599375,foreground
S01_U04.CH4.wav,5547.2,5547.3999375,background
S01_U04.CH4.wav,5547.24,5547.4799375,foreground
S01_U04.CH4.wav,5547.32,5549.2399375,background
S01_U04.CH4.wav,5549.08,5549.2799375,foreground
S01_U04.CH4.wav,5549.12,5549.9999375,background
S01_U04.CH4.wav,5549.84,5550.0799375,foreground
S01_U04.CH4.wav,5549.92,5550.6799375,background
S01_U04.CH4.wav,5550.52,5550.7199375,foreground
S01_U04.CH4.wav,5550.56,5550.7599375,background
S01_U04.CH4.wav,5550.6,5551.2399375,foreground
S01_U04.CH4.wav,5551.08,5551.2799375,background
S01_U04.CH4.wav,5551.12,5551.5199375,foreground
S01_U04.CH4.wav,5551.36,5552.2399375,background
S01_U04.CH4.wav,5552.08,5552.5199375,foreground
S01_U04.CH4.wav,5552.36,5553.1599375,background
S01_U04.CH4.wav,5553,5553.3199375,foreground
S01_U04.CH4.wav,5553.16,5553.4799375,background
S01_U04.CH4.wav,5553.32,5553.8399375,foreground
S01_U04.CH4.wav,5553.68,5553.8799375,background
S01_U04.CH4.wav,5553.72,5554.2399375,foreground
S01_U04.CH4.wav,5554.08,5554.4799375,background
S01_U04.CH4.wav,5554.32,5554.5599375,foreground
S01_U04.CH4.wav,5554.4,5554.6799375,background
S01_U04.CH4.wav,5554.52,5554.7199375,foreground
S01_U04.CH4.wav,5554.56,5554.7599375,background
S01_U04.CH4.wav,5554.6,5554.9199375,foreground
S01_U04.CH4.wav,5554.76,5555.1999375,background
S01_U04.CH4.wav,5555.04,5555.3199375,foreground
S01_U04.CH4.wav,5555.16,5555.8399375,background
S01_U04.CH4.wav,5555.68,5556.1199375,foreground
S01_U04.CH4.wav,5555.96,5556.2399375,background
S01_U04.CH4.wav,5556.08,5556.3199375,foreground
S01_U04.CH4.wav,5556.16,5556.5199375,background
S01_U04.CH4.wav,5556.36,5556.5599375,foreground
S01_U04.CH4.wav,5556.4,5556.5999375,background
S01_U04.CH4.wav,5556.44,5556.7599375,foreground
S01_U04.CH4.wav,5556.6,5556.8799375,background
S01_U04.CH4.wav,5556.72,5556.9199375,foreground
S01_U04.CH4.wav,5556.76,5557.0799375,background
S01_U04.CH4.wav,5556.92,5557.3599375,foreground
S01_U04.CH4.wav,5557.2,5557.4399375,background
S01_U04.CH4.wav,5557.28,5557.6799375,foreground
S01_U04.CH4.wav,5557.52,5558.2399375,background
S01_U04.CH4.wav,5558.08,5558.3599375,foreground
S01_U04.CH4.wav,5558.2,5559.3999375,background
S01_U04.CH4.wav,5559.24,5559.4799375,foreground
S01_U04.CH4.wav,5559.32,5560.3599375,background
S01_U04.CH4.wav,5560.2,5560.6799375,foreground
S01_U04.CH4.wav,5560.52,5560.7999375,background
S01_U04.CH4.wav,5560.64,5560.8399375,foreground
S01_U04.CH4.wav,5560.68,5563.2799375,background
S01_U04.CH4.wav,5563.12,5563.3599375,foreground
S01_U04.CH4.wav,5563.2,5563.7599375,background
S01_U04.CH4.wav,5563.6,5563.7999375,foreground
S01_U04.CH4.wav,5563.64,5564.0399375,background
S01_U04.CH4.wav,5563.88,5564.3199375,foreground
S01_U04.CH4.wav,5564.16,5564.5199375,background
S01_U04.CH4.wav,5564.36,5564.5599375,foreground
S01_U04.CH4.wav,5564.4,5564.5999375,background
S01_U04.CH4.wav,5564.44,5564.7199375,foreground
S01_U04.CH4.wav,5564.56,5565.9199375,background
S01_U04.CH4.wav,5565.76,5566.0799375,foreground
S01_U04.CH4.wav,5565.92,5566.1199375,background
S01_U04.CH4.wav,5565.96,5566.1599375,foreground
S01_U04.CH4.wav,5566,5566.8799375,background
S01_U04.CH4.wav,5566.72,5566.9599375,foreground
S01_U04.CH4.wav,5566.8,5567.1599375,background
S01_U04.CH4.wav,5567,5567.2399375,foreground
S01_U04.CH4.wav,5567.08,5567.6399375,background
S01_U04.CH4.wav,5567.48,5567.8799375,foreground
S01_U04.CH4.wav,5567.72,5567.9199375,background
S01_U04.CH4.wav,5567.76,5568.4399375,foreground
S01_U04.CH4.wav,5568.28,5569.2399375,background
S01_U04.CH4.wav,5569.08,5569.4799375,foreground
S01_U04.CH4.wav,5569.32,5569.5599375,background
S01_U04.CH4.wav,5569.4,5569.5999375,foreground
S01_U04.CH4.wav,5569.44,5569.7599375,background
S01_U04.CH4.wav,5569.6,5569.9999375,foreground
S01_U04.CH4.wav,5569.84,5570.3199375,background
S01_U04.CH4.wav,5570.16,5570.4399375,foreground
S01_U04.CH4.wav,5570.28,5571.3999375,background
S01_U04.CH4.wav,5571.24,5571.4399375,foreground
S01_U04.CH4.wav,5571.28,5572.9999375,background
S01_U04.CH4.wav,5572.84,5573.2399375,foreground
S01_U04.CH4.wav,5573.08,5573.3599375,background
S01_U04.CH4.wav,5573.2,5573.3999375,foreground
S01_U04.CH4.wav,5573.24,5573.6799375,background
S01_U04.CH4.wav,5573.52,5573.7999375,foreground
S01_U04.CH4.wav,5573.64,5573.8799375,background
S01_U04.CH4.wav,5573.72,5573.9199375,foreground
S01_U04.CH4.wav,5573.76,5574.1999375,background
S01_U04.CH4.wav,5574.04,5574.4799375,foreground
S01_U04.CH4.wav,5574.32,5574.5999375,background
S01_U04.CH4.wav,5574.44,5574.8399375,foreground
S01_U04.CH4.wav,5574.68,5575.1599375,background
S01_U04.CH4.wav,5575,5575.1999375,foreground
S01_U04.CH4.wav,5575.04,5575.8799375,background
S01_U04.CH4.wav,5575.72,5575.9599375,foreground
S01_U04.CH4.wav,5575.8,5576.1599375,background
S01_U04.CH4.wav,5576,5576.3999375,foreground
S01_U04.CH4.wav,5576.24,5576.6399375,background
S01_U04.CH4.wav,5576.48,5577.2799375,foreground
S01_U04.CH4.wav,5577.12,5577.5599375,background
S01_U04.CH4.wav,5577.4,5577.6799375,foreground
S01_U04.CH4.wav,5577.52,5577.9199375,background
S01_U04.CH4.wav,5577.76,5577.9599375,foreground
S01_U04.CH4.wav,5577.8,5578.0399375,background
S01_U04.CH4.wav,5577.88,5578.0799375,foreground
S01_U04.CH4.wav,5577.92,5578.3599375,background
S01_U04.CH4.wav,5578.2,5578.5199375,foreground
S01_U04.CH4.wav,5578.36,5579.1999375,background
S01_U04.CH4.wav,5579.04,5579.2399375,foreground
S01_U04.CH4.wav,5579.08,5579.9199375,background
S01_U04.CH4.wav,5579.76,5580.1199375,foreground
S01_U04.CH4.wav,5579.96,5581.3599375,background
S01_U04.CH4.wav,5581.2,5581.3999375,foreground
S01_U04.CH4.wav,5581.24,5582.2799375,background
S01_U04.CH4.wav,5582.12,5582.4799375,foreground
S01_U04.CH4.wav,5582.32,5582.5199375,background
S01_U04.CH4.wav,5582.36,5582.6399375,foreground
S01_U04.CH4.wav,5582.48,5582.6799375,background
S01_U04.CH4.wav,5582.52,5582.7599375,foreground
S01_U04.CH4.wav,5582.6,5582.7999375,background
S01_U04.CH4.wav,5582.64,5582.8399375,foreground
S01_U04.CH4.wav,5582.68,5584.7199375,background
S01_U04.CH4.wav,5584.56,5584.9999375,foreground
S01_U04.CH4.wav,5584.84,5590.1599375,background
S01_U04.CH4.wav,5590,5590.3199375,foreground
S01_U04.CH4.wav,5590.16,5590.3599375,background
S01_U04.CH4.wav,5590.2,5590.3999375,foreground
S01_U04.CH4.wav,5590.24,5591.4799375,background
S01_U04.CH4.wav,5591.32,5591.6399375,foreground
S01_U04.CH4.wav,5591.48,5592.4799375,background
S01_U04.CH4.wav,5592.32,5592.5999375,foreground
S01_U04.CH4.wav,5592.44,5592.7199375,background
S01_U04.CH4.wav,5592.56,5592.7599375,foreground
S01_U04.CH4.wav,5592.6,5592.9599375,background
S01_U04.CH4.wav,5592.8,5593.0399375,foreground
S01_U04.CH4.wav,5592.88,5593.5599375,background
S01_U04.CH4.wav,5593.4,5593.9199375,foreground
S01_U04.CH4.wav,5593.76,5594.1199375,background
S01_U04.CH4.wav,5593.96,5594.1999375,foreground
S01_U04.CH4.wav,5594.04,5594.2399375,background
S01_U04.CH4.wav,5594.08,5594.4399375,foreground
S01_U04.CH4.wav,5594.28,5594.5599375,background
S01_U04.CH4.wav,5594.4,5595.0799375,foreground
S01_U04.CH4.wav,5594.92,5595.1199375,background
S01_U04.CH4.wav,5594.96,5595.1599375,foreground
S01_U04.CH4.wav,5595,5595.3999375,background
S01_U04.CH4.wav,5595.24,5595.5199375,foreground
S01_U04.CH4.wav,5595.36,5595.6399375,background
S01_U04.CH4.wav,5595.48,5595.8399375,foreground
S01_U04.CH4.wav,5595.68,5596.0399375,background
S01_U04.CH4.wav,5595.88,5596.1999375,foreground
S01_U04.CH4.wav,5596.04,5596.2399375,background
S01_U04.CH4.wav,5596.08,5596.3999375,foreground
S01_U04.CH4.wav,5596.24,5596.5199375,background
S01_U04.CH4.wav,5596.36,5596.9599375,foreground
S01_U04.CH4.wav,5596.8,5597.4799375,background
S01_U04.CH4.wav,5597.32,5597.7599375,foreground
S01_U04.CH4.wav,5597.6,5598.0399375,background
S01_U04.CH4.wav,5597.88,5598.1599375,foreground
S01_U04.CH4.wav,5598,5598.1999375,background
S01_U04.CH4.wav,5598.04,5598.3199375,foreground
S01_U04.CH4.wav,5598.16,5598.6799375,background
S01_U04.CH4.wav,5598.52,5598.9199375,foreground
S01_U04.CH4.wav,5598.76,5599.5199375,background
S01_U04.CH4.wav,5599.36,5599.5999375,foreground
S01_U04.CH4.wav,5599.44,5600.2399375,background
S01_U04.CH4.wav,5600.08,5600.2799375,foreground
S01_U04.CH4.wav,5600.12,5601.4799375,background
S01_U04.CH4.wav,5601.32,5601.5599375,foreground
S01_U04.CH4.wav,5601.4,5602.7199375,background
S01_U04.CH4.wav,5602.56,5602.7999375,foreground
S01_U04.CH4.wav,5602.64,5602.8399375,background
S01_U04.CH4.wav,5602.68,5603.0799375,foreground
S01_U04.CH4.wav,5602.92,5603.4399375,background
S01_U04.CH4.wav,5603.28,5603.4799375,foreground
S01_U04.CH4.wav,5603.32,5603.7199375,background
S01_U04.CH4.wav,5603.56,5603.9999375,foreground
S01_U04.CH4.wav,5603.84,5604.6399375,background
S01_U04.CH4.wav,5604.48,5604.6799375,foreground
S01_U04.CH4.wav,5604.52,5604.7199375,background
S01_U04.CH4.wav,5604.56,5604.7999375,foreground
S01_U04.CH4.wav,5604.64,5605.0399375,background
S01_U04.CH4.wav,5604.88,5605.3999375,foreground
S01_U04.CH4.wav,5605.24,5606.6399375,background
S01_U04.CH4.wav,5606.48,5606.7599375,foreground
S01_U04.CH4.wav,5606.6,5606.7999375,background
S01_U04.CH4.wav,5606.64,5606.8399375,foreground
S01_U04.CH4.wav,5606.68,5606.8799375,background
S01_U04.CH4.wav,5606.72,5607.0799375,foreground
S01_U04.CH4.wav,5606.92,5607.1599375,background
S01_U04.CH4.wav,5607,5607.3199375,foreground
S01_U04.CH4.wav,5607.16,5607.4799375,background
S01_U04.CH4.wav,5607.32,5608.4799375,foreground
S01_U04.CH4.wav,5608.32,5609.9999375,background
S01_U04.CH4.wav,5609.84,5610.1199375,foreground
S01_U04.CH4.wav,5609.96,5610.3199375,background
S01_U04.CH4.wav,5610.16,5610.7199375,foreground
S01_U04.CH4.wav,5610.56,5610.7599375,background
S01_U04.CH4.wav,5610.6,5610.8799375,foreground
S01_U04.CH4.wav,5610.72,5610.9199375,background
S01_U04.CH4.wav,5610.76,5610.9999375,foreground
S01_U04.CH4.wav,5610.84,5611.4399375,background
S01_U04.CH4.wav,5611.28,5611.5199375,foreground
S01_U04.CH4.wav,5611.36,5611.7199375,background
S01_U04.CH4.wav,5611.56,5611.7599375,foreground
S01_U04.CH4.wav,5611.6,5612.0399375,background
S01_U04.CH4.wav,5611.88,5612.2799375,foreground
S01_U04.CH4.wav,5612.12,5615.3199375,background
S01_U04.CH4.wav,5615.16,5615.3599375,foreground
S01_U04.CH4.wav,5615.2,5615.6799375,background
S01_U04.CH4.wav,5615.52,5615.7199375,foreground
S01_U04.CH4.wav,5615.56,5615.7599375,background
S01_U04.CH4.wav,5615.6,5615.8399375,foreground
S01_U04.CH4.wav,5615.68,5615.8799375,background
S01_U04.CH4.wav,5615.72,5616.5999375,foreground
S01_U04.CH4.wav,5616.44,5616.6399375,background
S01_U04.CH4.wav,5616.48,5616.7199375,foreground
S01_U04.CH4.wav,5616.56,5618.5999375,background
S01_U04.CH4.wav,5618.44,5618.7199375,foreground
S01_U04.CH4.wav,5618.56,5618.9199375,background
S01_U04.CH4.wav,5618.76,5618.9599375,foreground
S01_U04.CH4.wav,5618.8,5619.5199375,background
S01_U04.CH4.wav,5619.36,5619.7199375,foreground
S01_U04.CH4.wav,5619.56,5620.5599375,background
S01_U04.CH4.wav,5620.4,5620.6399375,foreground
S01_U04.CH4.wav,5620.48,5620.7599375,background
S01_U04.CH4.wav,5620.6,5620.9199375,foreground
S01_U04.CH4.wav,5620.76,5620.9599375,background
S01_U04.CH4.wav,5620.8,5621.1599375,foreground
S01_U04.CH4.wav,5621,5621.9999375,background
S01_U04.CH4.wav,5621.84,5622.0399375,foreground
S01_U04.CH4.wav,5621.88,5622.4799375,background
S01_U04.CH4.wav,5622.32,5622.5199375,foreground
S01_U04.CH4.wav,5622.36,5622.5599375,background
S01_U04.CH4.wav,5622.4,5622.6399375,foreground
S01_U04.CH4.wav,5622.48,5624.1199375,background
S01_U04.CH4.wav,5623.96,5624.2799375,foreground
S01_U04.CH4.wav,5624.12,5624.3599375,background
S01_U04.CH4.wav,5624.2,5624.5999375,foreground
S01_U04.CH4.wav,5624.44,5624.7599375,background
S01_U04.CH4.wav,5624.6,5624.9999375,foreground
S01_U04.CH4.wav,5624.84,5625.3999375,background
S01_U04.CH4.wav,5625.24,5625.4799375,foreground
S01_U04.CH4.wav,5625.32,5626.5999375,background
S01_U04.CH4.wav,5626.44,5626.6399375,foreground
S01_U04.CH4.wav,5626.48,5626.6799375,background
S01_U04.CH4.wav,5626.52,5626.7199375,foreground
S01_U04.CH4.wav,5626.56,5627.0399375,background
S01_U04.CH4.wav,5626.88,5627.1599375,foreground
S01_U04.CH4.wav,5627,5629.7999375,background
S01_U04.CH4.wav,5629.64,5630.0399375,foreground
S01_U04.CH4.wav,5629.88,5630.3599375,background
S01_U04.CH4.wav,5630.2,5630.4399375,foreground
S01_U04.CH4.wav,5630.28,5631.4399375,background
S01_U04.CH4.wav,5631.28,5631.5199375,foreground
S01_U04.CH4.wav,5631.36,5631.6399375,background
S01_U04.CH4.wav,5631.48,5631.7999375,foreground
S01_U04.CH4.wav,5631.64,5632.0399375,background
S01_U04.CH4.wav,5631.88,5632.2399375,foreground
S01_U04.CH4.wav,5632.08,5633.5999375,background
S01_U04.CH4.wav,5633.44,5634.1999375,foreground
S01_U04.CH4.wav,5634.04,5634.6799375,background
S01_U04.CH4.wav,5634.52,5634.7199375,foreground
S01_U04.CH4.wav,5634.56,5634.7999375,background
S01_U04.CH4.wav,5634.64,5634.8399375,foreground
S01_U04.CH4.wav,5634.68,5634.8799375,background
S01_U04.CH4.wav,5634.72,5635.0799375,foreground
S01_U04.CH4.wav,5634.92,5635.6399375,background
S01_U04.CH4.wav,5635.48,5635.7199375,foreground
S01_U04.CH4.wav,5635.56,5635.7999375,background
S01_U04.CH4.wav,5635.64,5635.9199375,foreground
S01_U04.CH4.wav,5635.76,5636.3599375,background
S01_U04.CH4.wav,5636.2,5636.3999375,foreground
S01_U04.CH4.wav,5636.24,5636.5599375,background
S01_U04.CH4.wav,5636.4,5636.7199375,foreground
S01_U04.CH4.wav,5636.56,5637.1199375,background
S01_U04.CH4.wav,5636.96,5637.1999375,foreground
S01_U04.CH4.wav,5637.04,5637.9999375,background
S01_U04.CH4.wav,5637.84,5638.0399375,foreground
S01_U04.CH4.wav,5637.88,5638.1199375,background
S01_U04.CH4.wav,5637.96,5638.1599375,foreground
S01_U04.CH4.wav,5638,5638.1999375,background
S01_U04.CH4.wav,5638.04,5638.2399375,foreground
S01_U04.CH4.wav,5638.08,5638.7999375,background
S01_U04.CH4.wav,5638.64,5639.1999375,foreground
S01_U04.CH4.wav,5639.04,5639.4399375,background
S01_U04.CH4.wav,5639.28,5639.6799375,foreground
S01_U04.CH4.wav,5639.52,5639.7199375,background
S01_U04.CH4.wav,5639.56,5640.4399375,foreground
S01_U04.CH4.wav,5640.28,5641.1999375,background
S01_U04.CH4.wav,5641.04,5641.2799375,foreground
S01_U04.CH4.wav,5641.12,5641.6399375,background
S01_U04.CH4.wav,5641.48,5641.9199375,foreground
S01_U04.CH4.wav,5641.76,5643.5999375,background
S01_U04.CH4.wav,5643.44,5643.8399375,foreground
S01_U04.CH4.wav,5643.68,5644.1999375,background
S01_U04.CH4.wav,5644.04,5644.3199375,foreground
S01_U04.CH4.wav,5644.16,5649.1999375,background
S01_U04.CH4.wav,5649.04,5649.3999375,foreground
S01_U04.CH4.wav,5649.24,5649.4399375,background
S01_U04.CH4.wav,5649.28,5649.6799375,foreground
S01_U04.CH4.wav,5649.52,5650.4799375,background
S01_U04.CH4.wav,5650.32,5650.6399375,foreground
S01_U04.CH4.wav,5650.48,5650.7199375,background
S01_U04.CH4.wav,5650.56,5650.7599375,foreground
S01_U04.CH4.wav,5650.6,5651.1599375,background
S01_U04.CH4.wav,5651,5651.3999375,foreground
S01_U04.CH4.wav,5651.24,5651.5599375,background
S01_U04.CH4.wav,5651.4,5651.7599375,foreground
S01_U04.CH4.wav,5651.6,5651.9599375,background
S01_U04.CH4.wav,5651.8,5651.9999375,foreground
S01_U04.CH4.wav,5651.84,5652.1599375,background
S01_U04.CH4.wav,5652,5652.2799375,foreground
S01_U04.CH4.wav,5652.12,5652.5199375,background
S01_U04.CH4.wav,5652.36,5653.1199375,foreground
S01_U04.CH4.wav,5652.96,5654.8799375,background
S01_U04.CH4.wav,5654.72,5654.9199375,foreground
S01_U04.CH4.wav,5654.76,5654.9999375,background
S01_U04.CH4.wav,5654.84,5655.1999375,foreground
S01_U04.CH4.wav,5655.04,5655.2399375,background
S01_U04.CH4.wav,5655.08,5655.2799375,foreground
S01_U04.CH4.wav,5655.12,5655.3599375,background
S01_U04.CH4.wav,5655.2,5655.5599375,foreground
S01_U04.CH4.wav,5655.4,5656.4399375,background
S01_U04.CH4.wav,5656.28,5656.6399375,foreground
S01_U04.CH4.wav,5656.48,5656.7599375,background
S01_U04.CH4.wav,5656.6,5656.7999375,foreground
S01_U04.CH4.wav,5656.64,5657.5599375,background
S01_U04.CH4.wav,5657.4,5657.5999375,foreground
S01_U04.CH4.wav,5657.44,5657.7199375,background
S01_U04.CH4.wav,5657.56,5657.9599375,foreground
S01_U04.CH4.wav,5657.8,5658.5199375,background
S01_U04.CH4.wav,5658.36,5658.6399375,foreground
S01_U04.CH4.wav,5658.48,5660.1999375,background
S01_U04.CH4.wav,5660.04,5660.4399375,foreground
S01_U04.CH4.wav,5660.28,5660.4799375,background
S01_U04.CH4.wav,5660.32,5660.7999375,foreground
S01_U04.CH4.wav,5660.64,5660.8399375,background
S01_U04.CH4.wav,5660.68,5660.9199375,foreground
S01_U04.CH4.wav,5660.76,5660.9999375,background
S01_U04.CH4.wav,5660.84,5661.0399375,foreground
S01_U04.CH4.wav,5660.88,5661.0799375,background
S01_U04.CH4.wav,5660.92,5661.1599375,foreground
S01_U04.CH4.wav,5661,5662.3199375,background
S01_U04.CH4.wav,5662.16,5662.3599375,foreground
S01_U04.CH4.wav,5662.2,5663.1599375,background
S01_U04.CH4.wav,5663,5663.1999375,foreground
S01_U04.CH4.wav,5663.04,5663.4399375,background
S01_U04.CH4.wav,5663.28,5663.9599375,foreground
S01_U04.CH4.wav,5663.8,5664.1999375,background
S01_U04.CH4.wav,5664.04,5664.3999375,foreground
S01_U04.CH4.wav,5664.24,5664.7999375,background
S01_U04.CH4.wav,5664.64,5664.9999375,foreground
S01_U04.CH4.wav,5664.84,5665.1999375,background
S01_U04.CH4.wav,5665.04,5665.3599375,foreground
S01_U04.CH4.wav,5665.2,5665.4399375,background
S01_U04.CH4.wav,5665.28,5665.4799375,foreground
S01_U04.CH4.wav,5665.32,5665.5999375,background
S01_U04.CH4.wav,5665.44,5665.6399375,foreground
S01_U04.CH4.wav,5665.48,5666.0399375,background
S01_U04.CH4.wav,5665.88,5666.0799375,foreground
S01_U04.CH4.wav,5665.92,5666.2799375,background
S01_U04.CH4.wav,5666.12,5666.3599375,foreground
S01_U04.CH4.wav,5666.2,5666.6799375,background
S01_U04.CH4.wav,5666.52,5666.7599375,foreground
S01_U04.CH4.wav,5666.6,5668.4799375,background
S01_U04.CH4.wav,5668.32,5668.5599375,foreground
S01_U04.CH4.wav,5668.4,5669.1999375,background
S01_U04.CH4.wav,5669.04,5669.3599375,foreground
S01_U04.CH4.wav,5669.2,5669.5999375,background
S01_U04.CH4.wav,5669.44,5669.6399375,foreground
S01_U04.CH4.wav,5669.48,5669.9999375,background
S01_U04.CH4.wav,5669.84,5670.1999375,foreground
S01_U04.CH4.wav,5670.04,5670.5599375,background
S01_U04.CH4.wav,5670.4,5670.6799375,foreground
S01_U04.CH4.wav,5670.52,5670.7199375,background
S01_U04.CH4.wav,5670.56,5670.7599375,foreground
S01_U04.CH4.wav,5670.6,5671.1999375,background
S01_U04.CH4.wav,5671.04,5671.2399375,foreground
S01_U04.CH4.wav,5671.08,5671.7599375,background
S01_U04.CH4.wav,5671.6,5671.8399375,foreground
S01_U04.CH4.wav,5671.68,5671.9999375,background
S01_U04.CH4.wav,5671.84,5672.2799375,foreground
S01_U04.CH4.wav,5672.12,5672.9999375,background
S01_U04.CH4.wav,5672.84,5673.0399375,foreground
S01_U04.CH4.wav,5672.88,5673.3599375,background
S01_U04.CH4.wav,5673.2,5673.5999375,foreground
S01_U04.CH4.wav,5673.44,5673.9199375,background
S01_U04.CH4.wav,5673.76,5674.2399375,foreground
S01_U04.CH4.wav,5674.08,5674.5999375,background
S01_U04.CH4.wav,5674.44,5674.9199375,foreground
S01_U04.CH4.wav,5674.76,5675.6399375,background
S01_U04.CH4.wav,5675.48,5676.0399375,foreground
S01_U04.CH4.wav,5675.88,5676.4799375,background
S01_U04.CH4.wav,5676.32,5676.7199375,foreground
S01_U04.CH4.wav,5676.56,5677.1999375,background
S01_U04.CH4.wav,5677.04,5677.4399375,foreground
S01_U04.CH4.wav,5677.28,5678.4799375,background
S01_U04.CH4.wav,5678.32,5678.9999375,foreground
S01_U04.CH4.wav,5678.84,5679.3999375,background
S01_U04.CH4.wav,5679.24,5679.5599375,foreground
S01_U04.CH4.wav,5679.4,5679.6399375,background
S01_U04.CH4.wav,5679.48,5679.6799375,foreground
S01_U04.CH4.wav,5679.52,5679.9999375,background
S01_U04.CH4.wav,5679.84,5680.0399375,foreground
S01_U04.CH4.wav,5679.88,5680.5599375,background
S01_U04.CH4.wav,5680.4,5680.7599375,foreground
S01_U04.CH4.wav,5680.6,5680.8799375,background
S01_U04.CH4.wav,5680.72,5680.9599375,foreground
S01_U04.CH4.wav,5680.8,5681.4399375,background
S01_U04.CH4.wav,5681.28,5681.4799375,foreground
S01_U04.CH4.wav,5681.32,5681.5199375,background
S01_U04.CH4.wav,5681.36,5681.5599375,foreground
S01_U04.CH4.wav,5681.4,5681.5999375,background
S01_U04.CH4.wav,5681.44,5681.6399375,foreground
S01_U04.CH4.wav,5681.48,5681.8799375,background
S01_U04.CH4.wav,5681.72,5681.9999375,foreground
S01_U04.CH4.wav,5681.84,5682.3199375,background
S01_U04.CH4.wav,5682.16,5682.3599375,foreground
S01_U04.CH4.wav,5682.2,5682.8799375,background
S01_U04.CH4.wav,5682.72,5682.9599375,foreground
S01_U04.CH4.wav,5682.8,5683.2799375,background
S01_U04.CH4.wav,5683.12,5683.3599375,foreground
S01_U04.CH4.wav,5683.2,5683.7599375,background
S01_U04.CH4.wav,5683.6,5683.9599375,foreground
S01_U04.CH4.wav,5683.8,5684.8799375,background
S01_U04.CH4.wav,5684.72,5685.1999375,foreground
S01_U04.CH4.wav,5685.04,5685.2799375,background
S01_U04.CH4.wav,5685.12,5685.5599375,foreground
S01_U04.CH4.wav,5685.4,5686.6399375,background
S01_U04.CH4.wav,5686.48,5686.6799375,foreground
S01_U04.CH4.wav,5686.52,5691.2399375,background
S01_U04.CH4.wav,5691.08,5691.3599375,foreground
S01_U04.CH4.wav,5691.2,5692.0399375,background
S01_U04.CH4.wav,5691.88,5692.0799375,foreground
S01_U04.CH4.wav,5691.92,5692.1999375,background
S01_U04.CH4.wav,5692.04,5692.5599375,foreground
S01_U04.CH4.wav,5692.4,5694.0399375,background
S01_U04.CH4.wav,5693.88,5694.1199375,foreground
S01_U04.CH4.wav,5693.96,5697.3999375,background
S01_U04.CH4.wav,5697.24,5697.4799375,foreground
S01_U04.CH4.wav,5697.32,5697.5199375,background
S01_U04.CH4.wav,5697.36,5697.7599375,foreground
S01_U04.CH4.wav,5697.6,5698.1199375,background
S01_U04.CH4.wav,5697.96,5698.1599375,foreground
S01_U04.CH4.wav,5698,5699.1199375,background
S01_U04.CH4.wav,5698.96,5699.1999375,foreground
S01_U04.CH4.wav,5699.04,5699.6799375,background
S01_U04.CH4.wav,5699.52,5699.7599375,foreground
S01_U04.CH4.wav,5699.6,5699.9599375,background
S01_U04.CH4.wav,5699.8,5700.0799375,foreground
S01_U04.CH4.wav,5699.92,5700.8399375,background
S01_U04.CH4.wav,5700.68,5701.1199375,foreground
S01_U04.CH4.wav,5700.96,5701.7999375,background
S01_U04.CH4.wav,5701.64,5701.8799375,foreground
S01_U04.CH4.wav,5701.72,5702.7999375,background
S01_U04.CH4.wav,5702.64,5703.1199375,foreground
S01_U04.CH4.wav,5702.96,5703.3599375,background
S01_U04.CH4.wav,5703.2,5703.5999375,foreground
S01_U04.CH4.wav,5703.44,5704.5599375,background
S01_U04.CH4.wav,5704.4,5704.5999375,foreground
S01_U04.CH4.wav,5704.44,5704.6799375,background
S01_U04.CH4.wav,5704.52,5704.8399375,foreground
S01_U04.CH4.wav,5704.68,5705.7999375,background
S01_U04.CH4.wav,5705.64,5705.9999375,foreground
S01_U04.CH4.wav,5705.84,5706.5199375,background
S01_U04.CH4.wav,5706.36,5706.5999375,foreground
S01_U04.CH4.wav,5706.44,5708.5199375,background
S01_U04.CH4.wav,5708.36,5708.8399375,foreground
S01_U04.CH4.wav,5708.68,5709.3599375,background
S01_U04.CH4.wav,5709.2,5709.4399375,foreground
S01_U04.CH4.wav,5709.28,5710.3999375,background
S01_U04.CH4.wav,5710.24,5710.5999375,foreground
S01_U04.CH4.wav,5710.44,5711.1999375,background
S01_U04.CH4.wav,5711.04,5711.4799375,foreground
S01_U04.CH4.wav,5711.32,5711.9599375,background
S01_U04.CH4.wav,5711.8,5712.0799375,foreground
S01_U04.CH4.wav,5711.92,5712.9199375,background
S01_U04.CH4.wav,5712.76,5713.0799375,foreground
S01_U04.CH4.wav,5712.92,5713.4799375,background
S01_U04.CH4.wav,5713.32,5713.6399375,foreground
S01_U04.CH4.wav,5713.48,5713.8799375,background
S01_U04.CH4.wav,5713.72,5713.9599375,foreground
S01_U04.CH4.wav,5713.8,5714.7199375,background
S01_U04.CH4.wav,5714.56,5714.8799375,foreground
S01_U04.CH4.wav,5714.72,5714.9199375,background
S01_U04.CH4.wav,5714.76,5714.9599375,foreground
S01_U04.CH4.wav,5714.8,5715.3199375,background
S01_U04.CH4.wav,5715.16,5715.4399375,foreground
S01_U04.CH4.wav,5715.28,5715.4799375,background
S01_U04.CH4.wav,5715.32,5715.5599375,foreground
S01_U04.CH4.wav,5715.4,5715.5999375,background
S01_U04.CH4.wav,5715.44,5715.6799375,foreground
S01_U04.CH4.wav,5715.52,5716.1999375,background
S01_U04.CH4.wav,5716.04,5716.3999375,foreground
S01_U04.CH4.wav,5716.24,5717.4799375,background
S01_U04.CH4.wav,5717.32,5717.5599375,foreground
S01_U04.CH4.wav,5717.4,5717.7999375,background
S01_U04.CH4.wav,5717.64,5717.9199375,foreground
S01_U04.CH4.wav,5717.76,5718.6399375,background
S01_U04.CH4.wav,5718.48,5718.6799375,foreground
S01_U04.CH4.wav,5718.52,5718.7199375,background
S01_U04.CH4.wav,5718.56,5718.7999375,foreground
S01_U04.CH4.wav,5718.64,5718.8799375,background
S01_U04.CH4.wav,5718.72,5718.9999375,foreground
S01_U04.CH4.wav,5718.84,5719.0399375,background
S01_U04.CH4.wav,5718.88,5719.0799375,foreground
S01_U04.CH4.wav,5718.92,5719.1199375,background
S01_U04.CH4.wav,5718.96,5719.1599375,foreground
S01_U04.CH4.wav,5719,5719.1999375,background
S01_U04.CH4.wav,5719.04,5719.5199375,foreground
S01_U04.CH4.wav,5719.36,5719.7199375,background
S01_U04.CH4.wav,5719.56,5719.9599375,foreground
S01_U04.CH4.wav,5719.8,5721.3199375,background
S01_U04.CH4.wav,5721.16,5721.3599375,foreground
S01_U04.CH4.wav,5721.2,5721.3999375,background
S01_U04.CH4.wav,5721.24,5721.7599375,foreground
S01_U04.CH4.wav,5721.6,5721.9199375,background
S01_U04.CH4.wav,5721.76,5722.2399375,foreground
S01_U04.CH4.wav,5722.08,5722.4799375,background
S01_U04.CH4.wav,5722.32,5722.5199375,foreground
S01_U04.CH4.wav,5722.36,5723.0399375,background
S01_U04.CH4.wav,5722.88,5723.0799375,foreground
S01_U04.CH4.wav,5722.92,5723.1599375,background
S01_U04.CH4.wav,5723,5723.1999375,foreground
S01_U04.CH4.wav,5723.04,5723.5199375,background
S01_U04.CH4.wav,5723.36,5723.5999375,foreground
S01_U04.CH4.wav,5723.44,5723.6399375,background
S01_U04.CH4.wav,5723.48,5723.6799375,foreground
S01_U04.CH4.wav,5723.52,5724.1599375,background
S01_U04.CH4.wav,5724,5724.2799375,foreground
S01_U04.CH4.wav,5724.12,5726.1199375,background
S01_U04.CH4.wav,5725.96,5726.2399375,foreground
S01_U04.CH4.wav,5726.08,5727.5199375,background
S01_U04.CH4.wav,5727.36,5727.8399375,foreground
S01_U04.CH4.wav,5727.68,5728.2799375,background
S01_U04.CH4.wav,5728.12,5728.3999375,foreground
S01_U04.CH4.wav,5728.24,5728.4399375,background
S01_U04.CH4.wav,5728.28,5728.7199375,foreground
S01_U04.CH4.wav,5728.56,5729.9999375,background
S01_U04.CH4.wav,5729.84,5730.1599375,foreground
S01_U04.CH4.wav,5730,5731.1999375,background
S01_U04.CH4.wav,5731.04,5731.7199375,foreground
S01_U04.CH4.wav,5731.56,5731.7599375,background
S01_U04.CH4.wav,5731.6,5731.7999375,foreground
S01_U04.CH4.wav,5731.64,5733.0399375,background
S01_U04.CH4.wav,5732.88,5733.0799375,foreground
S01_U04.CH4.wav,5732.92,5733.1199375,background
S01_U04.CH4.wav,5732.96,5733.3199375,foreground
S01_U04.CH4.wav,5733.16,5733.4799375,background
S01_U04.CH4.wav,5733.32,5733.5199375,foreground
S01_U04.CH4.wav,5733.36,5733.5599375,background
S01_U04.CH4.wav,5733.4,5733.5999375,foreground
S01_U04.CH4.wav,5733.44,5733.6399375,background
S01_U04.CH4.wav,5733.48,5733.7999375,foreground
S01_U04.CH4.wav,5733.64,5734.6799375,background
S01_U04.CH4.wav,5734.52,5734.7999375,foreground
S01_U04.CH4.wav,5734.64,5734.9599375,background
S01_U04.CH4.wav,5734.8,5735.3599375,foreground
S01_U04.CH4.wav,5735.2,5735.5599375,background
S01_U04.CH4.wav,5735.4,5735.5999375,foreground
S01_U04.CH4.wav,5735.44,5735.9599375,background
S01_U04.CH4.wav,5735.8,5735.9999375,foreground
S01_U04.CH4.wav,5735.84,5736.3199375,background
S01_U04.CH4.wav,5736.16,5736.3599375,foreground
S01_U04.CH4.wav,5736.2,5736.3999375,background
S01_U04.CH4.wav,5736.24,5736.4399375,foreground
S01_U04.CH4.wav,5736.28,5736.7199375,background
S01_U04.CH4.wav,5736.56,5736.8399375,foreground
S01_U04.CH4.wav,5736.68,5736.8799375,background
S01_U04.CH4.wav,5736.72,5736.9199375,foreground
S01_U04.CH4.wav,5736.76,5736.9999375,background
S01_U04.CH4.wav,5736.84,5737.1199375,foreground
S01_U04.CH4.wav,5736.96,5737.1599375,background
S01_U04.CH4.wav,5737,5737.5199375,foreground
S01_U04.CH4.wav,5737.36,5737.6799375,background
S01_U04.CH4.wav,5737.52,5737.7599375,foreground
S01_U04.CH4.wav,5737.6,5738.0399375,background
S01_U04.CH4.wav,5737.88,5738.1199375,foreground
S01_U04.CH4.wav,5737.96,5738.1599375,background
S01_U04.CH4.wav,5738,5738.4399375,foreground
S01_U04.CH4.wav,5738.28,5738.9599375,background
S01_U04.CH4.wav,5738.8,5739.0399375,foreground
S01_U04.CH4.wav,5738.88,5739.2799375,background
S01_U04.CH4.wav,5739.12,5739.4799375,foreground
S01_U04.CH4.wav,5739.32,5739.8399375,background
S01_U04.CH4.wav,5739.68,5740.9199375,foreground
S01_U04.CH4.wav,5740.76,5740.9599375,background
S01_U04.CH4.wav,5740.8,5741.0799375,foreground
S01_U04.CH4.wav,5740.92,5741.1199375,background
S01_U04.CH4.wav,5740.96,5741.1599375,foreground
S01_U04.CH4.wav,5741,5741.5199375,background
S01_U04.CH4.wav,5741.36,5741.6799375,foreground
S01_U04.CH4.wav,5741.52,5741.7599375,background
S01_U04.CH4.wav,5741.6,5741.7999375,foreground
S01_U04.CH4.wav,5741.64,5742.0399375,background
S01_U04.CH4.wav,5741.88,5742.1199375,foreground
S01_U04.CH4.wav,5741.96,5742.3199375,background
S01_U04.CH4.wav,5742.16,5742.3599375,foreground
S01_U04.CH4.wav,5742.2,5742.7999375,background
S01_U04.CH4.wav,5742.64,5742.8399375,foreground
S01_U04.CH4.wav,5742.68,5742.9199375,background
S01_U04.CH4.wav,5742.76,5742.9999375,foreground
S01_U04.CH4.wav,5742.84,5743.6399375,background
S01_U04.CH4.wav,5743.48,5743.7999375,foreground
S01_U04.CH4.wav,5743.64,5744.0799375,background
S01_U04.CH4.wav,5743.92,5744.3199375,foreground
S01_U04.CH4.wav,5744.16,5744.4399375,background
S01_U04.CH4.wav,5744.28,5744.4799375,foreground
S01_U04.CH4.wav,5744.32,5745.3199375,background
S01_U04.CH4.wav,5745.16,5745.3999375,foreground
S01_U04.CH4.wav,5745.24,5745.9599375,background
S01_U04.CH4.wav,5745.8,5746.0399375,foreground
S01_U04.CH4.wav,5745.88,5746.1599375,background
S01_U04.CH4.wav,5746,5746.6399375,foreground
S01_U04.CH4.wav,5746.48,5748.1199375,background
S01_U04.CH4.wav,5747.96,5748.1999375,foreground
S01_U04.CH4.wav,5748.04,5748.2799375,background
S01_U04.CH4.wav,5748.12,5748.3599375,foreground
S01_U04.CH4.wav,5748.2,5748.3999375,background
S01_U04.CH4.wav,5748.24,5748.4399375,foreground
S01_U04.CH4.wav,5748.28,5748.5199375,background
S01_U04.CH4.wav,5748.36,5748.5599375,foreground
S01_U04.CH4.wav,5748.4,5748.6799375,background
S01_U04.CH4.wav,5748.52,5748.7199375,foreground
S01_U04.CH4.wav,5748.56,5748.8399375,background
S01_U04.CH4.wav,5748.68,5749.1999375,foreground
S01_U04.CH4.wav,5749.04,5749.3599375,background
S01_U04.CH4.wav,5749.2,5749.5999375,foreground
S01_U04.CH4.wav,5749.44,5749.6399375,background
S01_U04.CH4.wav,5749.48,5749.9599375,foreground
S01_U04.CH4.wav,5749.8,5750.2399375,background
S01_U04.CH4.wav,5750.08,5750.4399375,foreground
S01_U04.CH4.wav,5750.28,5750.4799375,background
S01_U04.CH4.wav,5750.32,5750.5199375,foreground
S01_U04.CH4.wav,5750.36,5750.8799375,background
S01_U04.CH4.wav,5750.72,5751.1599375,foreground
S01_U04.CH4.wav,5751,5751.4799375,background
S01_U04.CH4.wav,5751.32,5751.7999375,foreground
S01_U04.CH4.wav,5751.64,5751.9199375,background
S01_U04.CH4.wav,5751.76,5752.1599375,foreground
S01_U04.CH4.wav,5752,5752.2799375,background
S01_U04.CH4.wav,5752.12,5752.3199375,foreground
S01_U04.CH4.wav,5752.16,5752.5199375,background
S01_U04.CH4.wav,5752.36,5752.5999375,foreground
S01_U04.CH4.wav,5752.44,5752.8399375,background
S01_U04.CH4.wav,5752.68,5752.9599375,foreground
S01_U04.CH4.wav,5752.8,5753.0799375,background
S01_U04.CH4.wav,5752.92,5753.1599375,foreground
S01_U04.CH4.wav,5753,5753.3599375,background
S01_U04.CH4.wav,5753.2,5753.3999375,foreground
S01_U04.CH4.wav,5753.24,5758.0799375,background
S01_U04.CH4.wav,5757.92,5758.3999375,foreground
S01_U04.CH4.wav,5758.24,5758.9999375,background
S01_U04.CH4.wav,5758.84,5759.1999375,foreground
S01_U04.CH4.wav,5759.04,5759.3999375,background
S01_U04.CH4.wav,5759.24,5759.8399375,foreground
S01_U04.CH4.wav,5759.68,5761.8799375,background
S01_U04.CH4.wav,5761.72,5762.1599375,foreground
S01_U04.CH4.wav,5762,5768.2399375,background
S01_U04.CH4.wav,5768.08,5768.2799375,foreground
S01_U04.CH4.wav,5768.12,5768.3199375,background
S01_U04.CH4.wav,5768.16,5768.5599375,foreground
S01_U04.CH4.wav,5768.4,5769.8799375,background
S01_U04.CH4.wav,5769.72,5770.2799375,foreground
S01_U04.CH4.wav,5770.12,5770.8399375,background
S01_U04.CH4.wav,5770.68,5770.9999375,foreground
S01_U04.CH4.wav,5770.84,5771.1599375,background
S01_U04.CH4.wav,5771,5771.5999375,foreground
S01_U04.CH4.wav,5771.44,5772.4799375,background
S01_U04.CH4.wav,5772.32,5772.6399375,foreground
S01_U04.CH4.wav,5772.48,5774.9999375,background
S01_U04.CH4.wav,5774.84,5775.1999375,foreground
S01_U04.CH4.wav,5775.04,5781.5999375,background
S01_U04.CH4.wav,5781.44,5781.7199375,foreground
S01_U04.CH4.wav,5781.56,5782.0399375,background
S01_U04.CH4.wav,5781.88,5782.2399375,foreground
S01_U04.CH4.wav,5782.08,5782.4399375,background
S01_U04.CH4.wav,5782.28,5782.5999375,foreground
S01_U04.CH4.wav,5782.44,5782.8799375,background
S01_U04.CH4.wav,5782.72,5782.9999375,foreground
S01_U04.CH4.wav,5782.84,5785.7999375,background
S01_U04.CH4.wav,5785.64,5785.8799375,foreground
S01_U04.CH4.wav,5785.72,5786.8399375,background
S01_U04.CH4.wav,5786.68,5786.8799375,foreground
S01_U04.CH4.wav,5786.72,5787.9999375,background
S01_U04.CH4.wav,5787.84,5788.0799375,foreground
S01_U04.CH4.wav,5787.92,5794.7199375,background
S01_U04.CH4.wav,5794.56,5794.9199375,foreground
S01_U04.CH4.wav,5794.76,5794.9599375,background
S01_U04.CH4.wav,5794.8,5795.2399375,foreground
S01_U04.CH4.wav,5795.08,5795.7999375,background
S01_U04.CH4.wav,5795.64,5795.8399375,foreground
S01_U04.CH4.wav,5795.68,5796.1599375,background
S01_U04.CH4.wav,5796,5796.2799375,foreground
S01_U04.CH4.wav,5796.12,5796.4399375,background
S01_U04.CH4.wav,5796.28,5796.4799375,foreground
S01_U04.CH4.wav,5796.32,5812.6399375,background
S01_U04.CH4.wav,5812.48,5812.7599375,foreground
S01_U04.CH4.wav,5812.6,5816.1199375,background
S01_U04.CH4.wav,5815.96,5816.1599375,foreground
S01_U04.CH4.wav,5816,5816.7999375,background
S01_U04.CH4.wav,5816.64,5817.1199375,foreground
S01_U04.CH4.wav,5816.96,5817.2399375,background
S01_U04.CH4.wav,5817.08,5817.5599375,foreground
S01_U04.CH4.wav,5817.4,5836.6399375,background
S01_U04.CH4.wav,5836.48,5836.6799375,foreground
S01_U04.CH4.wav,5836.52,5839.9999375,background
S01_U04.CH4.wav,5839.84,5840.2399375,foreground
S01_U04.CH4.wav,5840.08,5840.4799375,background
S01_U04.CH4.wav,5840.32,5840.6399375,foreground
S01_U04.CH4.wav,5840.48,5845.8399375,background
S01_U04.CH4.wav,5845.68,5845.9599375,foreground
S01_U04.CH4.wav,5845.8,5847.4399375,background
S01_U04.CH4.wav,5847.28,5847.4799375,foreground
S01_U04.CH4.wav,5847.32,5850.8799375,background
S01_U04.CH4.wav,5850.72,5850.9199375,foreground
S01_U04.CH4.wav,5850.76,5850.9999375,background
S01_U04.CH4.wav,5850.84,5851.0799375,foreground
S01_U04.CH4.wav,5850.92,5854.5999375,background
S01_U04.CH4.wav,5854.44,5854.6399375,foreground
S01_U04.CH4.wav,5854.48,5856.6399375,background
S01_U04.CH4.wav,5856.48,5856.7199375,foreground
S01_U04.CH4.wav,5856.56,5873.5999375,background
S01_U04.CH4.wav,5873.44,5873.6799375,foreground
S01_U04.CH4.wav,5873.52,5896.1599375,background
S01_U04.CH4.wav,5896,5896.1999375,foreground
S01_U04.CH4.wav,5896.04,5910.5599375,background
S01_U04.CH4.wav,5910.4,5910.6399375,foreground
S01_U04.CH4.wav,5910.48,5912.6399375,background
S01_U04.CH4.wav,5912.48,5912.6799375,foreground
S01_U04.CH4.wav,5912.52,5952.5199375,background
S01_U04.CH4.wav,5952.36,5952.5599375,foreground
S01_U04.CH4.wav,5952.4,5959.6799375,background
S01_U04.CH4.wav,5959.52,5959.9199375,foreground
S01_U04.CH4.wav,5959.76,5976.3999375,background
S01_U04.CH4.wav,5976.24,5976.4799375,foreground
S01_U04.CH4.wav,5976.32,6005.4799375,background
S01_U04.CH4.wav,6005.32,6005.6799375,foreground
S01_U04.CH4.wav,6005.52,6006.0799375,background
S01_U04.CH4.wav,6005.92,6006.1999375,foreground
S01_U04.CH4.wav,6006.04,6006.5599375,background
S01_U04.CH4.wav,6006.4,6006.7999375,foreground
S01_U04.CH4.wav,6006.64,6009.6399375,background
S01_U04.CH4.wav,6009.48,6009.7999375,foreground
S01_U04.CH4.wav,6009.64,6010.3199375,background
S01_U04.CH4.wav,6010.16,6010.3599375,foreground
S01_U04.CH4.wav,6010.2,6069.3999375,background
S01_U04.CH4.wav,6069.24,6069.5199375,foreground
S01_U04.CH4.wav,6069.36,6070.2399375,background
S01_U04.CH4.wav,6070.08,6070.3599375,foreground
S01_U04.CH4.wav,6070.2,6071.3599375,background
S01_U04.CH4.wav,6071.2,6071.3999375,foreground
S01_U04.CH4.wav,6071.24,6072.3599375,background
S01_U04.CH4.wav,6072.2,6072.4399375,foreground
S01_U04.CH4.wav,6072.28,6076.5599375,background
S01_U04.CH4.wav,6076.4,6076.6399375,foreground
S01_U04.CH4.wav,6076.48,6080.5599375,background
S01_U04.CH4.wav,6080.4,6080.6399375,foreground
S01_U04.CH4.wav,6080.48,6080.6799375,background
S01_U04.CH4.wav,6080.52,6080.7599375,foreground
S01_U04.CH4.wav,6080.6,6111.2399375,background
S01_U04.CH4.wav,6111.08,6111.4799375,foreground
S01_U04.CH4.wav,6111.32,6112.2399375,background
S01_U04.CH4.wav,6112.08,6112.3999375,foreground
S01_U04.CH4.wav,6112.24,6112.4399375,background
S01_U04.CH4.wav,6112.28,6112.5999375,foreground
S01_U04.CH4.wav,6112.44,6112.7999375,background
S01_U04.CH4.wav,6112.64,6112.8399375,foreground
S01_U04.CH4.wav,6112.68,6113.5199375,background
S01_U04.CH4.wav,6113.36,6113.5599375,foreground
S01_U04.CH4.wav,6113.4,6127.0799375,background
S01_U04.CH4.wav,6126.92,6127.1599375,foreground
S01_U04.CH4.wav,6127,6127.4399375,background
S01_U04.CH4.wav,6127.28,6127.4799375,foreground
S01_U04.CH4.wav,6127.32,6130.3599375,background
S01_U04.CH4.wav,6130.2,6130.5199375,foreground
S01_U04.CH4.wav,6130.36,6131.2799375,background
S01_U04.CH4.wav,6131.12,6131.3199375,foreground
S01_U04.CH4.wav,6131.16,6133.3999375,background
S01_U04.CH4.wav,6133.24,6133.4399375,foreground
S01_U04.CH4.wav,6133.28,6137.1599375,background
S01_U04.CH4.wav,6137,6137.2799375,foreground
S01_U04.CH4.wav,6137.12,6138.5599375,background
S01_U04.CH4.wav,6138.4,6138.5999375,foreground
S01_U04.CH4.wav,6138.44,6139.2399375,background
S01_U04.CH4.wav,6139.08,6139.3199375,foreground
S01_U04.CH4.wav,6139.16,6139.4399375,background
S01_U04.CH4.wav,6139.28,6139.9199375,foreground
S01_U04.CH4.wav,6139.76,6140.3599375,background
S01_U04.CH4.wav,6140.2,6140.4399375,foreground
S01_U04.CH4.wav,6140.28,6140.8799375,background
S01_U04.CH4.wav,6140.72,6141.1199375,foreground
S01_U04.CH4.wav,6140.96,6141.1999375,background
S01_U04.CH4.wav,6141.04,6141.3599375,foreground
S01_U04.CH4.wav,6141.2,6143.2399375,background
S01_U04.CH4.wav,6143.08,6143.4799375,foreground
S01_U04.CH4.wav,6143.32,6143.5599375,background
S01_U04.CH4.wav,6143.4,6143.5999375,foreground
S01_U04.CH4.wav,6143.44,6144.3599375,background
S01_U04.CH4.wav,6144.2,6144.4799375,foreground
S01_U04.CH4.wav,6144.32,6144.5999375,background
S01_U04.CH4.wav,6144.44,6144.6399375,foreground
S01_U04.CH4.wav,6144.48,6144.6799375,background
S01_U04.CH4.wav,6144.52,6144.7199375,foreground
S01_U04.CH4.wav,6144.56,6146.0399375,background
S01_U04.CH4.wav,6145.88,6146.1999375,foreground
S01_U04.CH4.wav,6146.04,6146.4399375,background
S01_U04.CH4.wav,6146.28,6146.5199375,foreground
S01_U04.CH4.wav,6146.36,6147.5199375,background
S01_U04.CH4.wav,6147.36,6147.6399375,foreground
S01_U04.CH4.wav,6147.48,6147.8399375,background
S01_U04.CH4.wav,6147.68,6147.9199375,foreground
S01_U04.CH4.wav,6147.76,6147.9999375,background
S01_U04.CH4.wav,6147.84,6148.1999375,foreground
S01_U04.CH4.wav,6148.04,6148.6399375,background
S01_U04.CH4.wav,6148.48,6148.6799375,foreground
S01_U04.CH4.wav,6148.52,6155.8799375,background
S01_U04.CH4.wav,6155.72,6155.9999375,foreground
S01_U04.CH4.wav,6155.84,6156.5199375,background
S01_U04.CH4.wav,6156.36,6156.5999375,foreground
S01_U04.CH4.wav,6156.44,6158.4399375,background
S01_U04.CH4.wav,6158.28,6158.6799375,foreground
S01_U04.CH4.wav,6158.52,6158.7199375,background
S01_U04.CH4.wav,6158.56,6158.8399375,foreground
S01_U04.CH4.wav,6158.68,6159.1999375,background
S01_U04.CH4.wav,6159.04,6159.2799375,foreground
S01_U04.CH4.wav,6159.12,6162.0799375,background
S01_U04.CH4.wav,6161.92,6162.1599375,foreground
S01_U04.CH4.wav,6162,6163.7599375,background
S01_U04.CH4.wav,6163.6,6163.7999375,foreground
S01_U04.CH4.wav,6163.64,6163.8799375,background
S01_U04.CH4.wav,6163.72,6163.9199375,foreground
S01_U04.CH4.wav,6163.76,6167.2799375,background
S01_U04.CH4.wav,6167.12,6167.4799375,foreground
S01_U04.CH4.wav,6167.32,6169.0799375,background
S01_U04.CH4.wav,6168.92,6169.1199375,foreground
S01_U04.CH4.wav,6168.96,6169.6399375,background
S01_U04.CH4.wav,6169.48,6169.7199375,foreground
S01_U04.CH4.wav,6169.56,6171.3199375,background
S01_U04.CH4.wav,6171.16,6171.3599375,foreground
S01_U04.CH4.wav,6171.2,6172.1999375,background
S01_U04.CH4.wav,6172.04,6172.3999375,foreground
S01_U04.CH4.wav,6172.24,6182.4799375,background
S01_U04.CH4.wav,6182.32,6182.7999375,foreground
S01_U04.CH4.wav,6182.64,6196.4399375,background
S01_U04.CH4.wav,6196.28,6196.4799375,foreground
S01_U04.CH4.wav,6196.32,6197.6399375,background
S01_U04.CH4.wav,6197.48,6197.9599375,foreground
S01_U04.CH4.wav,6197.8,6202.9599375,background
S01_U04.CH4.wav,6202.8,6202.9999375,foreground
S01_U04.CH4.wav,6202.84,6235.2799375,background
S01_U04.CH4.wav,6235.12,6235.3599375,foreground
S01_U04.CH4.wav,6235.2,6248.7199375,background
S01_U04.CH4.wav,6248.56,6249.0399375,foreground
S01_U04.CH4.wav,6248.88,6251.7999375,background
S01_U04.CH4.wav,6251.64,6251.8799375,foreground
S01_U04.CH4.wav,6251.72,6251.9599375,background
S01_U04.CH4.wav,6251.8,6252.0399375,foreground
S01_U04.CH4.wav,6251.88,6270.5999375,background
S01_U04.CH4.wav,6270.44,6270.8799375,foreground
S01_U04.CH4.wav,6270.72,6271.1199375,background
S01_U04.CH4.wav,6270.96,6271.6799375,foreground
S01_U04.CH4.wav,6271.52,6274.9599375,background
S01_U04.CH4.wav,6274.8,6275.0799375,foreground
S01_U04.CH4.wav,6274.92,6276.3199375,background
S01_U04.CH4.wav,6276.16,6276.5999375,foreground
S01_U04.CH4.wav,6276.44,6280.2799375,background
S01_U04.CH4.wav,6280.12,6280.3199375,foreground
S01_U04.CH4.wav,6280.16,6311.4799375,background
S01_U04.CH4.wav,6311.32,6311.5199375,foreground
S01_U04.CH4.wav,6311.36,6312.1599375,background
S01_U04.CH4.wav,6312,6312.2799375,foreground
S01_U04.CH4.wav,6312.12,6315.6399375,background
S01_U04.CH4.wav,6315.48,6315.7199375,foreground
S01_U04.CH4.wav,6315.56,6350.6799375,background
S01_U04.CH4.wav,6350.52,6350.7999375,foreground
S01_U04.CH4.wav,6350.64,6352.8399375,background
S01_U04.CH4.wav,6352.68,6352.9199375,foreground
S01_U04.CH4.wav,6352.76,6353.1599375,background
S01_U04.CH4.wav,6353,6353.2399375,foreground
S01_U04.CH4.wav,6353.08,6356.5599375,background
S01_U04.CH4.wav,6356.4,6356.5999375,foreground
S01_U04.CH4.wav,6356.44,6357.2399375,background
S01_U04.CH4.wav,6357.08,6357.7199375,foreground
S01_U04.CH4.wav,6357.56,6358.1599375,background
S01_U04.CH4.wav,6358,6358.2399375,foreground
S01_U04.CH4.wav,6358.08,6359.0399375,background
S01_U04.CH4.wav,6358.88,6359.1999375,foreground
S01_U04.CH4.wav,6359.04,6359.2799375,background
S01_U04.CH4.wav,6359.12,6359.4399375,foreground
S01_U04.CH4.wav,6359.28,6360.5199375,background
S01_U04.CH4.wav,6360.36,6360.7599375,foreground
S01_U04.CH4.wav,6360.6,6360.9999375,background
S01_U04.CH4.wav,6360.84,6361.2799375,foreground
S01_U04.CH4.wav,6361.12,6361.6799375,background
S01_U04.CH4.wav,6361.52,6361.9999375,foreground
S01_U04.CH4.wav,6361.84,6362.0399375,background
S01_U04.CH4.wav,6361.88,6362.1199375,foreground
S01_U04.CH4.wav,6361.96,6362.9999375,background
S01_U04.CH4.wav,6362.84,6363.1599375,foreground
S01_U04.CH4.wav,6363,6363.8399375,background
S01_U04.CH4.wav,6363.68,6363.9999375,foreground
S01_U04.CH4.wav,6363.84,6365.2399375,background
S01_U04.CH4.wav,6365.08,6365.5599375,foreground
S01_U04.CH4.wav,6365.4,6379.7199375,background
S01_U04.CH4.wav,6379.56,6379.7599375,foreground
S01_U04.CH4.wav,6379.6,6380.3999375,background
S01_U04.CH4.wav,6380.24,6380.4399375,foreground
S01_U04.CH4.wav,6380.28,6382.3599375,background
S01_U04.CH4.wav,6382.2,6382.4399375,foreground
S01_U04.CH4.wav,6382.28,6388.2799375,background
S01_U04.CH4.wav,6388.12,6388.3199375,foreground
S01_U04.CH4.wav,6388.16,6388.3999375,background
S01_U04.CH4.wav,6388.24,6388.4399375,foreground
S01_U04.CH4.wav,6388.28,6388.8399375,background
S01_U04.CH4.wav,6388.68,6389.1599375,foreground
S01_U04.CH4.wav,6389,6389.3199375,background
S01_U04.CH4.wav,6389.16,6389.3599375,foreground
S01_U04.CH4.wav,6389.2,6389.5999375,background
S01_U04.CH4.wav,6389.44,6389.7599375,foreground
S01_U04.CH4.wav,6389.6,6390.9599375,background
S01_U04.CH4.wav,6390.8,6390.9999375,foreground
S01_U04.CH4.wav,6390.84,6393.6399375,background
S01_U04.CH4.wav,6393.48,6393.9199375,foreground
S01_U04.CH4.wav,6393.76,6394.9599375,background
S01_U04.CH4.wav,6394.8,6395.0799375,foreground
S01_U04.CH4.wav,6394.92,6396.2399375,background
S01_U04.CH4.wav,6396.08,6396.5599375,foreground
S01_U04.CH4.wav,6396.4,6397.2399375,background
S01_U04.CH4.wav,6397.08,6397.4399375,foreground
S01_U04.CH4.wav,6397.28,6397.8399375,background
S01_U04.CH4.wav,6397.68,6397.8799375,foreground
S01_U04.CH4.wav,6397.72,6398.3999375,background
S01_U04.CH4.wav,6398.24,6398.5599375,foreground
S01_U04.CH4.wav,6398.4,6398.6799375,background
S01_U04.CH4.wav,6398.52,6398.7199375,foreground
S01_U04.CH4.wav,6398.56,6398.7599375,background
S01_U04.CH4.wav,6398.6,6399.0799375,foreground
S01_U04.CH4.wav,6398.92,6400.7199375,background
S01_U04.CH4.wav,6400.56,6400.7599375,foreground
S01_U04.CH4.wav,6400.6,6400.7999375,background
S01_U04.CH4.wav,6400.64,6400.9199375,foreground
S01_U04.CH4.wav,6400.76,6401.0399375,background
S01_U04.CH4.wav,6400.88,6401.2399375,foreground
S01_U04.CH4.wav,6401.08,6401.2799375,background
S01_U04.CH4.wav,6401.12,6401.4399375,foreground
S01_U04.CH4.wav,6401.28,6404.6399375,background
S01_U04.CH4.wav,6404.48,6404.7199375,foreground
S01_U04.CH4.wav,6404.56,6404.8399375,background
S01_U04.CH4.wav,6404.68,6404.8799375,foreground
S01_U04.CH4.wav,6404.72,6405.1599375,background
S01_U04.CH4.wav,6405,6405.3599375,foreground
S01_U04.CH4.wav,6405.2,6408.3599375,background
S01_U04.CH4.wav,6408.2,6408.3999375,foreground
S01_U04.CH4.wav,6408.24,6408.5599375,background
S01_U04.CH4.wav,6408.4,6408.5999375,foreground
S01_U04.CH4.wav,6408.44,6410.4399375,background
S01_U04.CH4.wav,6410.28,6410.4799375,foreground
S01_U04.CH4.wav,6410.32,6410.9199375,background
S01_U04.CH4.wav,6410.76,6410.9599375,foreground
S01_U04.CH4.wav,6410.8,6411.6399375,background
S01_U04.CH4.wav,6411.48,6411.8399375,foreground
S01_U04.CH4.wav,6411.68,6411.8799375,background
S01_U04.CH4.wav,6411.72,6412.1199375,foreground
S01_U04.CH4.wav,6411.96,6412.7199375,background
S01_U04.CH4.wav,6412.56,6412.7999375,foreground
S01_U04.CH4.wav,6412.64,6413.7599375,background
S01_U04.CH4.wav,6413.6,6413.8399375,foreground
S01_U04.CH4.wav,6413.68,6414.0799375,background
S01_U04.CH4.wav,6413.92,6414.1999375,foreground
S01_U04.CH4.wav,6414.04,6414.4399375,background
S01_U04.CH4.wav,6414.28,6414.5599375,foreground
S01_U04.CH4.wav,6414.4,6417.3599375,background
S01_U04.CH4.wav,6417.2,6417.4799375,foreground
S01_U04.CH4.wav,6417.32,6417.9199375,background
S01_U04.CH4.wav,6417.76,6418.0399375,foreground
S01_U04.CH4.wav,6417.88,6418.0799375,background
S01_U04.CH4.wav,6417.92,6418.1999375,foreground
S01_U04.CH4.wav,6418.04,6433.6799375,background
S01_U04.CH4.wav,6433.52,6433.8799375,foreground
S01_U04.CH4.wav,6433.72,6433.9199375,background
S01_U04.CH4.wav,6433.76,6434.0799375,foreground
S01_U04.CH4.wav,6433.92,6434.1599375,background
S01_U04.CH4.wav,6434,6434.3199375,foreground
S01_U04.CH4.wav,6434.16,6436.7599375,background
S01_U04.CH4.wav,6436.6,6436.8399375,foreground
S01_U04.CH4.wav,6436.68,6436.9599375,background
S01_U04.CH4.wav,6436.8,6437.2799375,foreground
S01_U04.CH4.wav,6437.12,6437.7999375,background
S01_U04.CH4.wav,6437.64,6437.8799375,foreground
S01_U04.CH4.wav,6437.72,6437.9199375,background
S01_U04.CH4.wav,6437.76,6438.0799375,foreground
S01_U04.CH4.wav,6437.92,6438.2799375,background
S01_U04.CH4.wav,6438.12,6438.3199375,foreground
S01_U04.CH4.wav,6438.16,6438.5999375,background
S01_U04.CH4.wav,6438.44,6438.6399375,foreground
S01_U04.CH4.wav,6438.48,6440.9599375,background
S01_U04.CH4.wav,6440.8,6440.9999375,foreground
S01_U04.CH4.wav,6440.84,6441.0399375,background
S01_U04.CH4.wav,6440.88,6441.0799375,foreground
S01_U04.CH4.wav,6440.92,6441.9599375,background
S01_U04.CH4.wav,6441.8,6442.6399375,foreground
S01_U04.CH4.wav,6442.48,6442.9199375,background
S01_U04.CH4.wav,6442.76,6443.0799375,foreground
S01_U04.CH4.wav,6442.92,6443.1999375,background
S01_U04.CH4.wav,6443.04,6443.2399375,foreground
S01_U04.CH4.wav,6443.08,6443.6399375,background
S01_U04.CH4.wav,6443.48,6443.9199375,foreground
S01_U04.CH4.wav,6443.76,6444.7199375,background
S01_U04.CH4.wav,6444.56,6444.7599375,foreground
S01_U04.CH4.wav,6444.6,6445.0799375,background
S01_U04.CH4.wav,6444.92,6445.1599375,foreground
S01_U04.CH4.wav,6445,6445.1999375,background
S01_U04.CH4.wav,6445.04,6445.2799375,foreground
S01_U04.CH4.wav,6445.12,6445.3999375,background
S01_U04.CH4.wav,6445.24,6445.4399375,foreground
S01_U04.CH4.wav,6445.28,6445.4799375,background
S01_U04.CH4.wav,6445.32,6445.5599375,foreground
S01_U04.CH4.wav,6445.4,6445.9999375,background
S01_U04.CH4.wav,6445.84,6446.4799375,foreground
S01_U04.CH4.wav,6446.32,6446.8799375,background
S01_U04.CH4.wav,6446.72,6446.9999375,foreground
S01_U04.CH4.wav,6446.84,6447.5199375,background
S01_U04.CH4.wav,6447.36,6447.8799375,foreground
S01_U04.CH4.wav,6447.72,6449.0799375,background
S01_U04.CH4.wav,6448.92,6449.1199375,foreground
S01_U04.CH4.wav,6448.96,6449.5599375,background
S01_U04.CH4.wav,6449.4,6449.7199375,foreground
S01_U04.CH4.wav,6449.56,6449.8399375,background
S01_U04.CH4.wav,6449.68,6449.8799375,foreground
S01_U04.CH4.wav,6449.72,6450.0399375,background
S01_U04.CH4.wav,6449.88,6450.1599375,foreground
S01_U04.CH4.wav,6450,6450.4399375,background
S01_U04.CH4.wav,6450.28,6450.5199375,foreground
S01_U04.CH4.wav,6450.36,6452.4799375,background
S01_U04.CH4.wav,6452.32,6452.5599375,foreground
S01_U04.CH4.wav,6452.4,6453.5599375,background
S01_U04.CH4.wav,6453.4,6453.6799375,foreground
S01_U04.CH4.wav,6453.52,6454.4799375,background
S01_U04.CH4.wav,6454.32,6454.5599375,foreground
S01_U04.CH4.wav,6454.4,6455.6399375,background
S01_U04.CH4.wav,6455.48,6455.6799375,foreground
S01_U04.CH4.wav,6455.52,6455.7199375,background
S01_U04.CH4.wav,6455.56,6455.7599375,foreground
S01_U04.CH4.wav,6455.6,6456.3999375,background
S01_U04.CH4.wav,6456.24,6456.4399375,foreground
S01_U04.CH4.wav,6456.28,6463.4799375,background
S01_U04.CH4.wav,6463.32,6463.6399375,foreground
S01_U04.CH4.wav,6463.48,6463.7199375,background
S01_U04.CH4.wav,6463.56,6463.7999375,foreground
S01_U04.CH4.wav,6463.64,6464.1199375,background
S01_U04.CH4.wav,6463.96,6464.1999375,foreground
S01_U04.CH4.wav,6464.04,6464.2399375,background
S01_U04.CH4.wav,6464.08,6464.3599375,foreground
S01_U04.CH4.wav,6464.2,6465.0399375,background
S01_U04.CH4.wav,6464.88,6465.5999375,foreground
S01_U04.CH4.wav,6465.44,6470.3599375,background
S01_U04.CH4.wav,6470.2,6470.4399375,foreground
S01_U04.CH4.wav,6470.28,6470.6799375,background
S01_U04.CH4.wav,6470.52,6470.8399375,foreground
S01_U04.CH4.wav,6470.68,6471.4399375,background
S01_U04.CH4.wav,6471.28,6471.5199375,foreground
S01_U04.CH4.wav,6471.36,6471.7999375,background
S01_U04.CH4.wav,6471.64,6472.0399375,foreground
S01_U04.CH4.wav,6471.88,6476.8399375,background
S01_U04.CH4.wav,6476.68,6477.0399375,foreground
S01_U04.CH4.wav,6476.88,6477.6799375,background
S01_U04.CH4.wav,6477.52,6477.8799375,foreground
S01_U04.CH4.wav,6477.72,6483.0799375,background
S01_U04.CH4.wav,6482.92,6483.2799375,foreground
S01_U04.CH4.wav,6483.12,6483.3599375,background
S01_U04.CH4.wav,6483.2,6483.5999375,foreground
S01_U04.CH4.wav,6483.44,6484.5199375,background
S01_U04.CH4.wav,6484.36,6484.8799375,foreground
S01_U04.CH4.wav,6484.72,6484.9199375,background
S01_U04.CH4.wav,6484.76,6484.9599375,foreground
S01_U04.CH4.wav,6484.8,6487.3999375,background
S01_U04.CH4.wav,6487.24,6487.5999375,foreground
S01_U04.CH4.wav,6487.44,6487.6399375,background
S01_U04.CH4.wav,6487.48,6487.6799375,foreground
S01_U04.CH4.wav,6487.52,6492.5999375,background
S01_U04.CH4.wav,6492.44,6492.7599375,foreground
S01_U04.CH4.wav,6492.6,6493.6399375,background
S01_U04.CH4.wav,6493.48,6493.6799375,foreground
S01_U04.CH4.wav,6493.52,6493.7999375,background
S01_U04.CH4.wav,6493.64,6493.9999375,foreground
S01_U04.CH4.wav,6493.84,6494.2799375,background
S01_U04.CH4.wav,6494.12,6494.5199375,foreground
S01_U04.CH4.wav,6494.36,6494.9599375,background
S01_U04.CH4.wav,6494.8,6495.2399375,foreground
S01_U04.CH4.wav,6495.08,6497.5999375,background
S01_U04.CH4.wav,6497.44,6497.6799375,foreground
S01_U04.CH4.wav,6497.52,6497.7599375,background
S01_U04.CH4.wav,6497.6,6497.7999375,foreground
S01_U04.CH4.wav,6497.64,6498.0799375,background
S01_U04.CH4.wav,6497.92,6498.1599375,foreground
S01_U04.CH4.wav,6498,6498.2799375,background
S01_U04.CH4.wav,6498.12,6498.3599375,foreground
S01_U04.CH4.wav,6498.2,6498.8399375,background
S01_U04.CH4.wav,6498.68,6498.8799375,foreground
S01_U04.CH4.wav,6498.72,6498.9999375,background
S01_U04.CH4.wav,6498.84,6499.0799375,foreground
S01_U04.CH4.wav,6498.92,6501.2799375,background
S01_U04.CH4.wav,6501.12,6501.3599375,foreground
S01_U04.CH4.wav,6501.2,6501.9999375,background
S01_U04.CH4.wav,6501.84,6502.1199375,foreground
S01_U04.CH4.wav,6501.96,6502.1599375,background
S01_U04.CH4.wav,6502,6502.2799375,foreground
S01_U04.CH4.wav,6502.12,6502.3599375,background
S01_U04.CH4.wav,6502.2,6502.5199375,foreground
S01_U04.CH4.wav,6502.36,6503.5199375,background
S01_U04.CH4.wav,6503.36,6503.7199375,foreground
S01_U04.CH4.wav,6503.56,6504.7199375,background
S01_U04.CH4.wav,6504.56,6504.7999375,foreground
S01_U04.CH4.wav,6504.64,6505.0399375,background
S01_U04.CH4.wav,6504.88,6505.1199375,foreground
S01_U04.CH4.wav,6504.96,6505.6399375,background
S01_U04.CH4.wav,6505.48,6505.7599375,foreground
S01_U04.CH4.wav,6505.6,6506.7999375,background
S01_U04.CH4.wav,6506.64,6506.8799375,foreground
S01_U04.CH4.wav,6506.72,6507.0399375,background
S01_U04.CH4.wav,6506.88,6507.1999375,foreground
S01_U04.CH4.wav,6507.04,6508.0399375,background
S01_U04.CH4.wav,6507.88,6508.0799375,foreground
S01_U04.CH4.wav,6507.92,6508.4799375,background
S01_U04.CH4.wav,6508.32,6508.5599375,foreground
S01_U04.CH4.wav,6508.4,6508.5999375,background
S01_U04.CH4.wav,6508.44,6508.6799375,foreground
S01_U04.CH4.wav,6508.52,6509.5599375,background
S01_U04.CH4.wav,6509.4,6509.8399375,foreground
S01_U04.CH4.wav,6509.68,6510.8799375,background
S01_U04.CH4.wav,6510.72,6510.9599375,foreground
S01_U04.CH4.wav,6510.8,6511.3599375,background
S01_U04.CH4.wav,6511.2,6511.4399375,foreground
S01_U04.CH4.wav,6511.28,6511.5199375,background
S01_U04.CH4.wav,6511.36,6511.6399375,foreground
S01_U04.CH4.wav,6511.48,6513.3199375,background
S01_U04.CH4.wav,6513.16,6513.3999375,foreground
S01_U04.CH4.wav,6513.24,6513.9199375,background
S01_U04.CH4.wav,6513.76,6514.1199375,foreground
S01_U04.CH4.wav,6513.96,6514.3999375,background
S01_U04.CH4.wav,6514.24,6514.6799375,foreground
S01_U04.CH4.wav,6514.52,6515.2399375,background
S01_U04.CH4.wav,6515.08,6515.3199375,foreground
S01_U04.CH4.wav,6515.16,6516.1599375,background
S01_U04.CH4.wav,6516,6516.1999375,foreground
S01_U04.CH4.wav,6516.04,6517.7599375,background
S01_U04.CH4.wav,6517.6,6517.7999375,foreground
S01_U04.CH4.wav,6517.64,6518.1599375,background
S01_U04.CH4.wav,6518,6518.3199375,foreground
S01_U04.CH4.wav,6518.16,6518.3599375,background
S01_U04.CH4.wav,6518.2,6518.3999375,foreground
S01_U04.CH4.wav,6518.24,6518.7999375,background
S01_U04.CH4.wav,6518.64,6518.9199375,foreground
S01_U04.CH4.wav,6518.76,6519.3199375,background
S01_U04.CH4.wav,6519.16,6519.3999375,foreground
S01_U04.CH4.wav,6519.24,6520.1199375,background
S01_U04.CH4.wav,6519.96,6520.1599375,foreground
S01_U04.CH4.wav,6520,6520.2399375,background
S01_U04.CH4.wav,6520.08,6520.3999375,foreground
S01_U04.CH4.wav,6520.24,6521.9999375,background
S01_U04.CH4.wav,6521.84,6522.0799375,foreground
S01_U04.CH4.wav,6521.92,6522.5199375,background
S01_U04.CH4.wav,6522.36,6522.6799375,foreground
S01_U04.CH4.wav,6522.52,6522.7199375,background
S01_U04.CH4.wav,6522.56,6522.8399375,foreground
S01_U04.CH4.wav,6522.68,6526.7599375,background
S01_U04.CH4.wav,6526.6,6526.8399375,foreground
S01_U04.CH4.wav,6526.68,6527.0799375,background
S01_U04.CH4.wav,6526.92,6527.1599375,foreground
S01_U04.CH4.wav,6527,6527.9199375,background
S01_U04.CH4.wav,6527.76,6528.5199375,foreground
S01_U04.CH4.wav,6528.36,6528.5999375,background
S01_U04.CH4.wav,6528.44,6528.6399375,foreground
S01_U04.CH4.wav,6528.48,6528.6799375,background
S01_U04.CH4.wav,6528.52,6528.7999375,foreground
S01_U04.CH4.wav,6528.64,6530.1999375,background
S01_U04.CH4.wav,6530.04,6530.4799375,foreground
S01_U04.CH4.wav,6530.32,6530.9999375,background
S01_U04.CH4.wav,6530.84,6531.2399375,foreground
S01_U04.CH4.wav,6531.08,6531.5599375,background
S01_U04.CH4.wav,6531.4,6531.7999375,foreground
S01_U04.CH4.wav,6531.64,6532.3599375,background
S01_U04.CH4.wav,6532.2,6532.5599375,foreground
S01_U04.CH4.wav,6532.4,6532.7999375,background
S01_U04.CH4.wav,6532.64,6532.9199375,foreground
S01_U04.CH4.wav,6532.76,6535.5999375,background
S01_U04.CH4.wav,6535.44,6535.6799375,foreground
S01_U04.CH4.wav,6535.52,6536.4799375,background
S01_U04.CH4.wav,6536.32,6536.6399375,foreground
S01_U04.CH4.wav,6536.48,6536.8799375,background
S01_U04.CH4.wav,6536.72,6536.9199375,foreground
S01_U04.CH4.wav,6536.76,6537.1199375,background
S01_U04.CH4.wav,6536.96,6537.7599375,foreground
S01_U04.CH4.wav,6537.6,6537.9599375,background
S01_U04.CH4.wav,6537.8,6538.0399375,foreground
S01_U04.CH4.wav,6537.88,6538.4399375,background
S01_U04.CH4.wav,6538.28,6538.5999375,foreground
S01_U04.CH4.wav,6538.44,6538.7999375,background
S01_U04.CH4.wav,6538.64,6539.0399375,foreground
S01_U04.CH4.wav,6538.88,6539.6799375,background
S01_U04.CH4.wav,6539.52,6539.7599375,foreground
S01_U04.CH4.wav,6539.6,6548.4799375,background
S01_U04.CH4.wav,6548.32,6548.6799375,foreground
S01_U04.CH4.wav,6548.52,6550.2399375,background
S01_U04.CH4.wav,6550.08,6550.4399375,foreground
S01_U04.CH4.wav,6550.28,6551.6399375,background
S01_U04.CH4.wav,6551.48,6551.7599375,foreground
S01_U04.CH4.wav,6551.6,6552.4799375,background
S01_U04.CH4.wav,6552.32,6552.7999375,foreground
S01_U04.CH4.wav,6552.64,6552.9999375,background
S01_U04.CH4.wav,6552.84,6553.2799375,foreground
S01_U04.CH4.wav,6553.12,6553.6799375,background
S01_U04.CH4.wav,6553.52,6553.7599375,foreground
S01_U04.CH4.wav,6553.6,6553.7999375,background
S01_U04.CH4.wav,6553.64,6553.8399375,foreground
S01_U04.CH4.wav,6553.68,6555.4799375,background
S01_U04.CH4.wav,6555.32,6555.5599375,foreground
S01_U04.CH4.wav,6555.4,6555.6799375,background
S01_U04.CH4.wav,6555.52,6555.7199375,foreground
S01_U04.CH4.wav,6555.56,6556.1199375,background
S01_U04.CH4.wav,6555.96,6556.1999375,foreground
S01_U04.CH4.wav,6556.04,6556.2399375,background
S01_U04.CH4.wav,6556.08,6556.3599375,foreground
S01_U04.CH4.wav,6556.2,6558.7599375,background
S01_U04.CH4.wav,6558.6,6558.9999375,foreground
S01_U04.CH4.wav,6558.84,6559.0399375,background
S01_U04.CH4.wav,6558.88,6559.0799375,foreground
S01_U04.CH4.wav,6558.92,6559.4399375,background
S01_U04.CH4.wav,6559.28,6559.6399375,foreground
S01_U04.CH4.wav,6559.48,6559.9199375,background
S01_U04.CH4.wav,6559.76,6560.1999375,foreground
S01_U04.CH4.wav,6560.04,6560.5999375,background
S01_U04.CH4.wav,6560.44,6560.7599375,foreground
S01_U04.CH4.wav,6560.6,6560.9999375,background
S01_U04.CH4.wav,6560.84,6561.0399375,foreground
S01_U04.CH4.wav,6560.88,6561.1999375,background
S01_U04.CH4.wav,6561.04,6561.2399375,foreground
S01_U04.CH4.wav,6561.08,6561.3199375,background
S01_U04.CH4.wav,6561.16,6561.4799375,foreground
S01_U04.CH4.wav,6561.32,6561.6799375,background
S01_U04.CH4.wav,6561.52,6561.9199375,foreground
S01_U04.CH4.wav,6561.76,6562.0799375,background
S01_U04.CH4.wav,6561.92,6562.1199375,foreground
S01_U04.CH4.wav,6561.96,6562.2799375,background
S01_U04.CH4.wav,6562.12,6562.3199375,foreground
S01_U04.CH4.wav,6562.16,6562.3599375,background
S01_U04.CH4.wav,6562.2,6562.5599375,foreground
S01_U04.CH4.wav,6562.4,6562.5999375,background
S01_U04.CH4.wav,6562.44,6563.2399375,foreground
S01_U04.CH4.wav,6563.08,6565.4799375,background
S01_U04.CH4.wav,6565.32,6565.6799375,foreground
S01_U04.CH4.wav,6565.52,6566.9599375,background
S01_U04.CH4.wav,6566.8,6566.9999375,foreground
S01_U04.CH4.wav,6566.84,6567.5599375,background
S01_U04.CH4.wav,6567.4,6567.7199375,foreground
S01_U04.CH4.wav,6567.56,6567.9199375,background
S01_U04.CH4.wav,6567.76,6567.9999375,foreground
S01_U04.CH4.wav,6567.84,6568.8799375,background
S01_U04.CH4.wav,6568.72,6568.9199375,foreground
S01_U04.CH4.wav,6568.76,6572.2799375,background
S01_U04.CH4.wav,6572.12,6572.5199375,foreground
S01_U04.CH4.wav,6572.36,6577.9199375,background
S01_U04.CH4.wav,6577.76,6578.2399375,foreground
S01_U04.CH4.wav,6578.08,6579.9199375,background
S01_U04.CH4.wav,6579.76,6580.2799375,foreground
S01_U04.CH4.wav,6580.12,6581.1199375,background
S01_U04.CH4.wav,6580.96,6581.2399375,foreground
S01_U04.CH4.wav,6581.08,6581.5999375,background
S01_U04.CH4.wav,6581.44,6581.7599375,foreground
S01_U04.CH4.wav,6581.6,6581.8799375,background
S01_U04.CH4.wav,6581.72,6581.9999375,foreground
S01_U04.CH4.wav,6581.84,6582.0399375,background
S01_U04.CH4.wav,6581.88,6582.1599375,foreground
S01_U04.CH4.wav,6582,6582.3599375,background
S01_U04.CH4.wav,6582.2,6582.5599375,foreground
S01_U04.CH4.wav,6582.4,6583.1599375,background
S01_U04.CH4.wav,6583,6583.2799375,foreground
S01_U04.CH4.wav,6583.12,6583.5999375,background
S01_U04.CH4.wav,6583.44,6583.6799375,foreground
S01_U04.CH4.wav,6583.52,6584.0399375,background
S01_U04.CH4.wav,6583.88,6584.1199375,foreground
S01_U04.CH4.wav,6583.96,6584.5199375,background
S01_U04.CH4.wav,6584.36,6585.1599375,foreground
S01_U04.CH4.wav,6585,6585.1999375,background
S01_U04.CH4.wav,6585.04,6585.2399375,foreground
S01_U04.CH4.wav,6585.08,6585.7999375,background
S01_U04.CH4.wav,6585.64,6585.8399375,foreground
S01_U04.CH4.wav,6585.68,6586.5199375,background
S01_U04.CH4.wav,6586.36,6586.6399375,foreground
S01_U04.CH4.wav,6586.48,6587.7999375,background
S01_U04.CH4.wav,6587.64,6588.1199375,foreground
S01_U04.CH4.wav,6587.96,6589.2799375,background
S01_U04.CH4.wav,6589.12,6589.3199375,foreground
S01_U04.CH4.wav,6589.16,6591.4799375,background
S01_U04.CH4.wav,6591.32,6591.5999375,foreground
S01_U04.CH4.wav,6591.44,6591.7999375,background
S01_U04.CH4.wav,6591.64,6592.1599375,foreground
S01_U04.CH4.wav,6592,6592.5599375,background
S01_U04.CH4.wav,6592.4,6592.6399375,foreground
S01_U04.CH4.wav,6592.48,6592.8399375,background
S01_U04.CH4.wav,6592.68,6592.9599375,foreground
S01_U04.CH4.wav,6592.8,6593.9599375,background
S01_U04.CH4.wav,6593.8,6594.4399375,foreground
S01_U04.CH4.wav,6594.28,6594.4799375,background
S01_U04.CH4.wav,6594.32,6594.6399375,foreground
S01_U04.CH4.wav,6594.48,6594.6799375,background
S01_U04.CH4.wav,6594.52,6594.8799375,foreground
S01_U04.CH4.wav,6594.72,6595.7999375,background
S01_U04.CH4.wav,6595.64,6595.9199375,foreground
S01_U04.CH4.wav,6595.76,6595.9599375,background
S01_U04.CH4.wav,6595.8,6595.9999375,foreground
S01_U04.CH4.wav,6595.84,6596.3999375,background
S01_U04.CH4.wav,6596.24,6596.5199375,foreground
S01_U04.CH4.wav,6596.36,6596.6799375,background
S01_U04.CH4.wav,6596.52,6597.4799375,foreground
S01_U04.CH4.wav,6597.32,6597.6399375,background
S01_U04.CH4.wav,6597.48,6597.6799375,foreground
S01_U04.CH4.wav,6597.52,6597.8399375,background
S01_U04.CH4.wav,6597.68,6597.9999375,foreground
S01_U04.CH4.wav,6597.84,6598.5599375,background
S01_U04.CH4.wav,6598.4,6598.5999375,foreground
S01_U04.CH4.wav,6598.44,6599.2399375,background
S01_U04.CH4.wav,6599.08,6599.4799375,foreground
S01_U04.CH4.wav,6599.32,6599.6799375,background
S01_U04.CH4.wav,6599.52,6599.9199375,foreground
S01_U04.CH4.wav,6599.76,6599.9599375,background
S01_U04.CH4.wav,6599.8,6599.9999375,foreground
S01_U04.CH4.wav,6599.84,6600.0399375,background
S01_U04.CH4.wav,6599.88,6600.0799375,foreground
S01_U04.CH4.wav,6599.92,6600.7199375,background
S01_U04.CH4.wav,6600.56,6600.9199375,foreground
S01_U04.CH4.wav,6600.76,6601.3599375,background
S01_U04.CH4.wav,6601.2,6601.4399375,foreground
S01_U04.CH4.wav,6601.28,6602.7999375,background
S01_U04.CH4.wav,6602.64,6602.9199375,foreground
S01_U04.CH4.wav,6602.76,6603.0799375,background
S01_U04.CH4.wav,6602.92,6603.2399375,foreground
S01_U04.CH4.wav,6603.08,6606.9199375,background
S01_U04.CH4.wav,6606.76,6606.9599375,foreground
S01_U04.CH4.wav,6606.8,6607.3999375,background
S01_U04.CH4.wav,6607.24,6607.9199375,foreground
S01_U04.CH4.wav,6607.76,6610.1999375,background
S01_U04.CH4.wav,6610.04,6610.2799375,foreground
S01_U04.CH4.wav,6610.12,6610.4799375,background
S01_U04.CH4.wav,6610.32,6610.6399375,foreground
S01_U04.CH4.wav,6610.48,6612.3199375,background
S01_U04.CH4.wav,6612.16,6612.4799375,foreground
S01_U04.CH4.wav,6612.32,6612.5199375,background
S01_U04.CH4.wav,6612.36,6612.7199375,foreground
S01_U04.CH4.wav,6612.56,6612.7599375,background
S01_U04.CH4.wav,6612.6,6612.8399375,foreground
S01_U04.CH4.wav,6612.68,6612.8799375,background
S01_U04.CH4.wav,6612.72,6613.0399375,foreground
S01_U04.CH4.wav,6612.88,6613.1199375,background
S01_U04.CH4.wav,6612.96,6613.1599375,foreground
S01_U04.CH4.wav,6613,6614.4399375,background
S01_U04.CH4.wav,6614.28,6614.4799375,foreground
S01_U04.CH4.wav,6614.32,6614.5199375,background
S01_U04.CH4.wav,6614.36,6614.5599375,foreground
S01_U04.CH4.wav,6614.4,6614.8799375,background
S01_U04.CH4.wav,6614.72,6615.2399375,foreground
S01_U04.CH4.wav,6615.08,6615.3199375,background
S01_U04.CH4.wav,6615.16,6615.7199375,foreground
S01_U04.CH4.wav,6615.56,6616.1199375,background
S01_U04.CH4.wav,6615.96,6616.1599375,foreground
S01_U04.CH4.wav,6616,6616.3599375,background
S01_U04.CH4.wav,6616.2,6616.5599375,foreground
S01_U04.CH4.wav,6616.4,6616.5999375,background
S01_U04.CH4.wav,6616.44,6616.9999375,foreground
S01_U04.CH4.wav,6616.84,6617.0799375,background
S01_U04.CH4.wav,6616.92,6617.1599375,foreground
S01_U04.CH4.wav,6617,6617.9599375,background
S01_U04.CH4.wav,6617.8,6618.2799375,foreground
S01_U04.CH4.wav,6618.12,6618.4799375,background
S01_U04.CH4.wav,6618.32,6618.7599375,foreground
S01_U04.CH4.wav,6618.6,6618.9199375,background
S01_U04.CH4.wav,6618.76,6619.0399375,foreground
S01_U04.CH4.wav,6618.88,6619.3599375,background
S01_U04.CH4.wav,6619.2,6619.3999375,foreground
S01_U04.CH4.wav,6619.24,6619.4399375,background
S01_U04.CH4.wav,6619.28,6619.5599375,foreground
S01_U04.CH4.wav,6619.4,6619.5999375,background
S01_U04.CH4.wav,6619.44,6620.0799375,foreground
S01_U04.CH4.wav,6619.92,6620.3999375,background
S01_U04.CH4.wav,6620.24,6620.8399375,foreground
S01_U04.CH4.wav,6620.68,6620.9199375,background
S01_U04.CH4.wav,6620.76,6620.9599375,foreground
S01_U04.CH4.wav,6620.8,6621.1599375,background
S01_U04.CH4.wav,6621,6621.3999375,foreground
S01_U04.CH4.wav,6621.24,6622.0399375,background
S01_U04.CH4.wav,6621.88,6622.3199375,foreground
S01_U04.CH4.wav,6622.16,6622.4399375,background
S01_U04.CH4.wav,6622.28,6622.4799375,foreground
S01_U04.CH4.wav,6622.32,6622.5199375,background
S01_U04.CH4.wav,6622.36,6622.7599375,foreground
S01_U04.CH4.wav,6622.6,6622.8799375,background
S01_U04.CH4.wav,6622.72,6623.4799375,foreground
S01_U04.CH4.wav,6623.32,6623.6399375,background
S01_U04.CH4.wav,6623.48,6623.6799375,foreground
S01_U04.CH4.wav,6623.52,6623.7599375,background
S01_U04.CH4.wav,6623.6,6623.9999375,foreground
S01_U04.CH4.wav,6623.84,6624.0799375,background
S01_U04.CH4.wav,6623.92,6624.3199375,foreground
S01_U04.CH4.wav,6624.16,6624.3599375,background
S01_U04.CH4.wav,6624.2,6624.4799375,foreground
S01_U04.CH4.wav,6624.32,6624.7599375,background
S01_U04.CH4.wav,6624.6,6624.8399375,foreground
S01_U04.CH4.wav,6624.68,6625.7599375,background
S01_U04.CH4.wav,6625.6,6625.7999375,foreground
S01_U04.CH4.wav,6625.64,6627.0799375,background
S01_U04.CH4.wav,6626.92,6627.3199375,foreground
S01_U04.CH4.wav,6627.16,6628.1199375,background
S01_U04.CH4.wav,6627.96,6628.5599375,foreground
S01_U04.CH4.wav,6628.4,6629.1999375,background
S01_U04.CH4.wav,6629.04,6629.3199375,foreground
S01_U04.CH4.wav,6629.16,6633.9199375,background
S01_U04.CH4.wav,6633.76,6634.1999375,foreground
S01_U04.CH4.wav,6634.04,6635.1599375,background
S01_U04.CH4.wav,6635,6635.1999375,foreground
S01_U04.CH4.wav,6635.04,6635.9599375,background
S01_U04.CH4.wav,6635.8,6636.2799375,foreground
S01_U04.CH4.wav,6636.12,6636.3199375,background
S01_U04.CH4.wav,6636.16,6636.4799375,foreground
S01_U04.CH4.wav,6636.32,6636.8799375,background
S01_U04.CH4.wav,6636.72,6637.0399375,foreground
S01_U04.CH4.wav,6636.88,6638.1199375,background
S01_U04.CH4.wav,6637.96,6638.3199375,foreground
S01_U04.CH4.wav,6638.16,6638.4799375,background
S01_U04.CH4.wav,6638.32,6638.9199375,foreground
S01_U04.CH4.wav,6638.76,6639.1199375,background
S01_U04.CH4.wav,6638.96,6639.4399375,foreground
S01_U04.CH4.wav,6639.28,6640.0799375,background
S01_U04.CH4.wav,6639.92,6640.2399375,foreground
S01_U04.CH4.wav,6640.08,6640.2799375,background
S01_U04.CH4.wav,6640.12,6640.8399375,foreground
S01_U04.CH4.wav,6640.68,6641.4799375,background
S01_U04.CH4.wav,6641.32,6641.5199375,foreground
S01_U04.CH4.wav,6641.36,6641.7199375,background
S01_U04.CH4.wav,6641.56,6641.9199375,foreground
S01_U04.CH4.wav,6641.76,6641.9999375,background
S01_U04.CH4.wav,6641.84,6642.3999375,foreground
S01_U04.CH4.wav,6642.24,6642.4799375,background
S01_U04.CH4.wav,6642.32,6642.5599375,foreground
S01_U04.CH4.wav,6642.4,6642.5999375,background
S01_U04.CH4.wav,6642.44,6642.6399375,foreground
S01_U04.CH4.wav,6642.48,6643.9199375,background
S01_U04.CH4.wav,6643.76,6643.9599375,foreground
S01_U04.CH4.wav,6643.8,6647.5199375,background
S01_U04.CH4.wav,6647.36,6647.5599375,foreground
S01_U04.CH4.wav,6647.4,6647.7199375,background
S01_U04.CH4.wav,6647.56,6648.3199375,foreground
S01_U04.CH4.wav,6648.16,6648.5599375,background
S01_U04.CH4.wav,6648.4,6648.6799375,foreground
S01_U04.CH4.wav,6648.52,6648.7599375,background
S01_U04.CH4.wav,6648.6,6648.9199375,foreground
S01_U04.CH4.wav,6648.76,6649.0799375,background
S01_U04.CH4.wav,6648.92,6649.4399375,foreground
S01_U04.CH4.wav,6649.28,6650.2799375,background
S01_U04.CH4.wav,6650.12,6650.5199375,foreground
S01_U04.CH4.wav,6650.36,6650.7199375,background
S01_U04.CH4.wav,6650.56,6650.7599375,foreground
S01_U04.CH4.wav,6650.6,6650.7999375,background
S01_U04.CH4.wav,6650.64,6650.8399375,foreground
S01_U04.CH4.wav,6650.68,6650.8799375,background
S01_U04.CH4.wav,6650.72,6650.9599375,foreground
S01_U04.CH4.wav,6650.8,6651.0799375,background
S01_U04.CH4.wav,6650.92,6651.1999375,foreground
S01_U04.CH4.wav,6651.04,6652.1199375,background
S01_U04.CH4.wav,6651.96,6652.1599375,foreground
S01_U04.CH4.wav,6652,6652.6399375,background
S01_U04.CH4.wav,6652.48,6652.7599375,foreground
S01_U04.CH4.wav,6652.6,6652.8799375,background
S01_U04.CH4.wav,6652.72,6653.2399375,foreground
S01_U04.CH4.wav,6653.08,6653.3999375,background
S01_U04.CH4.wav,6653.24,6653.5599375,foreground
S01_U04.CH4.wav,6653.4,6653.9199375,background
S01_U04.CH4.wav,6653.76,6653.9599375,foreground
S01_U04.CH4.wav,6653.8,6654.2399375,background
S01_U04.CH4.wav,6654.08,6654.2799375,foreground
S01_U04.CH4.wav,6654.12,6654.4799375,background
S01_U04.CH4.wav,6654.32,6654.5999375,foreground
S01_U04.CH4.wav,6654.44,6654.9199375,background
S01_U04.CH4.wav,6654.76,6655.3599375,foreground
S01_U04.CH4.wav,6655.2,6656.1599375,background
S01_U04.CH4.wav,6656,6656.3199375,foreground
S01_U04.CH4.wav,6656.16,6656.3999375,background
S01_U04.CH4.wav,6656.24,6656.4399375,foreground
S01_U04.CH4.wav,6656.28,6656.5999375,background
S01_U04.CH4.wav,6656.44,6656.8399375,foreground
S01_U04.CH4.wav,6656.68,6656.9199375,background
S01_U04.CH4.wav,6656.76,6656.9599375,foreground
S01_U04.CH4.wav,6656.8,6657.3599375,background
S01_U04.CH4.wav,6657.2,6657.4399375,foreground
S01_U04.CH4.wav,6657.28,6657.4799375,background
S01_U04.CH4.wav,6657.32,6657.6399375,foreground
S01_U04.CH4.wav,6657.48,6657.6799375,background
S01_U04.CH4.wav,6657.52,6658.0399375,foreground
S01_U04.CH4.wav,6657.88,6658.1199375,background
S01_U04.CH4.wav,6657.96,6658.6399375,foreground
S01_U04.CH4.wav,6658.48,6658.7999375,background
S01_U04.CH4.wav,6658.64,6659.0799375,foreground
S01_U04.CH4.wav,6658.92,6659.3199375,background
S01_U04.CH4.wav,6659.16,6659.5599375,foreground
S01_U04.CH4.wav,6659.4,6659.7199375,background
S01_U04.CH4.wav,6659.56,6659.9599375,foreground
S01_U04.CH4.wav,6659.8,6660.0399375,background
S01_U04.CH4.wav,6659.88,6660.2399375,foreground
S01_U04.CH4.wav,6660.08,6660.2799375,background
S01_U04.CH4.wav,6660.12,6660.3599375,foreground
S01_U04.CH4.wav,6660.2,6660.3999375,background
S01_U04.CH4.wav,6660.24,6660.4399375,foreground
S01_U04.CH4.wav,6660.28,6662.7199375,background
S01_U04.CH4.wav,6662.56,6662.7999375,foreground
S01_U04.CH4.wav,6662.64,6663.1199375,background
S01_U04.CH4.wav,6662.96,6663.4399375,foreground
S01_U04.CH4.wav,6663.28,6663.4799375,background
S01_U04.CH4.wav,6663.32,6663.5599375,foreground
S01_U04.CH4.wav,6663.4,6663.5999375,background
S01_U04.CH4.wav,6663.44,6663.7599375,foreground
S01_U04.CH4.wav,6663.6,6663.8799375,background
S01_U04.CH4.wav,6663.72,6664.1199375,foreground
S01_U04.CH4.wav,6663.96,6664.1999375,background
S01_U04.CH4.wav,6664.04,6664.4799375,foreground
S01_U04.CH4.wav,6664.32,6665.1199375,background
S01_U04.CH4.wav,6664.96,6665.2399375,foreground
S01_U04.CH4.wav,6665.08,6665.4399375,background
S01_U04.CH4.wav,6665.28,6665.6399375,foreground
S01_U04.CH4.wav,6665.48,6666.9999375,background
S01_U04.CH4.wav,6666.84,6667.2799375,foreground
S01_U04.CH4.wav,6667.12,6667.3199375,background
S01_U04.CH4.wav,6667.16,6667.7999375,foreground
S01_U04.CH4.wav,6667.64,6668.1199375,background
S01_U04.CH4.wav,6667.96,6668.2399375,foreground
S01_U04.CH4.wav,6668.08,6668.3599375,background
S01_U04.CH4.wav,6668.2,6668.4399375,foreground
S01_U04.CH4.wav,6668.28,6668.7999375,background
S01_U04.CH4.wav,6668.64,6668.8399375,foreground
S01_U04.CH4.wav,6668.68,6669.0399375,background
S01_U04.CH4.wav,6668.88,6669.2399375,foreground
S01_U04.CH4.wav,6669.08,6669.3199375,background
S01_U04.CH4.wav,6669.16,6669.5999375,foreground
S01_U04.CH4.wav,6669.44,6670.1199375,background
S01_U04.CH4.wav,6669.96,6670.8399375,foreground
S01_U04.CH4.wav,6670.68,6671.3599375,background
S01_U04.CH4.wav,6671.2,6671.3999375,foreground
S01_U04.CH4.wav,6671.24,6672.3999375,background
S01_U04.CH4.wav,6672.24,6672.4799375,foreground
S01_U04.CH4.wav,6672.32,6672.5199375,background
S01_U04.CH4.wav,6672.36,6672.5599375,foreground
S01_U04.CH4.wav,6672.4,6672.9599375,background
S01_U04.CH4.wav,6672.8,6673.1199375,foreground
S01_U04.CH4.wav,6672.96,6674.2799375,background
S01_U04.CH4.wav,6674.12,6674.3599375,foreground
S01_U04.CH4.wav,6674.2,6674.4799375,background
S01_U04.CH4.wav,6674.32,6674.7199375,foreground
S01_U04.CH4.wav,6674.56,6674.7999375,background
S01_U04.CH4.wav,6674.64,6674.9999375,foreground
S01_U04.CH4.wav,6674.84,6675.2799375,background
S01_U04.CH4.wav,6675.12,6675.4799375,foreground
S01_U04.CH4.wav,6675.32,6675.5599375,background
S01_U04.CH4.wav,6675.4,6675.5999375,foreground
S01_U04.CH4.wav,6675.44,6675.6399375,background
S01_U04.CH4.wav,6675.48,6675.7199375,foreground
S01_U04.CH4.wav,6675.56,6676.7999375,background
S01_U04.CH4.wav,6676.64,6677.0399375,foreground
S01_U04.CH4.wav,6676.88,6677.2799375,background
S01_U04.CH4.wav,6677.12,6677.4799375,foreground
S01_U04.CH4.wav,6677.32,6677.9199375,background
S01_U04.CH4.wav,6677.76,6678.0399375,foreground
S01_U04.CH4.wav,6677.88,6678.0799375,background
S01_U04.CH4.wav,6677.92,6678.3199375,foreground
S01_U04.CH4.wav,6678.16,6679.4399375,background
S01_U04.CH4.wav,6679.28,6679.7199375,foreground
S01_U04.CH4.wav,6679.56,6680.0799375,background
S01_U04.CH4.wav,6679.92,6680.1999375,foreground
S01_U04.CH4.wav,6680.04,6680.3999375,background
S01_U04.CH4.wav,6680.24,6680.4799375,foreground
S01_U04.CH4.wav,6680.32,6681.2799375,background
S01_U04.CH4.wav,6681.12,6681.3999375,foreground
S01_U04.CH4.wav,6681.24,6682.0799375,background
S01_U04.CH4.wav,6681.92,6682.3199375,foreground
S01_U04.CH4.wav,6682.16,6682.3599375,background
S01_U04.CH4.wav,6682.2,6682.5199375,foreground
S01_U04.CH4.wav,6682.36,6682.5999375,background
S01_U04.CH4.wav,6682.44,6682.7199375,foreground
S01_U04.CH4.wav,6682.56,6682.8799375,background
S01_U04.CH4.wav,6682.72,6683.0799375,foreground
S01_U04.CH4.wav,6682.92,6683.5999375,background
S01_U04.CH4.wav,6683.44,6683.7999375,foreground
S01_U04.CH4.wav,6683.64,6683.8799375,background
S01_U04.CH4.wav,6683.72,6684.1199375,foreground
S01_U04.CH4.wav,6683.96,6684.6399375,background
S01_U04.CH4.wav,6684.48,6685.1999375,foreground
S01_U04.CH4.wav,6685.04,6686.1199375,background
S01_U04.CH4.wav,6685.96,6686.2799375,foreground
S01_U04.CH4.wav,6686.12,6686.3199375,background
S01_U04.CH4.wav,6686.16,6686.5599375,foreground
S01_U04.CH4.wav,6686.4,6687.0399375,background
S01_U04.CH4.wav,6686.88,6687.5199375,foreground
S01_U04.CH4.wav,6687.36,6687.7999375,background
S01_U04.CH4.wav,6687.64,6688.0799375,foreground
S01_U04.CH4.wav,6687.92,6688.3599375,background
S01_U04.CH4.wav,6688.2,6688.3999375,foreground
S01_U04.CH4.wav,6688.24,6688.7599375,background
S01_U04.CH4.wav,6688.6,6689.0799375,foreground
S01_U04.CH4.wav,6688.92,6689.2399375,background
S01_U04.CH4.wav,6689.08,6690.0399375,foreground
S01_U04.CH4.wav,6689.88,6690.4399375,background
S01_U04.CH4.wav,6690.28,6690.7199375,foreground
S01_U04.CH4.wav,6690.56,6690.7999375,background
S01_U04.CH4.wav,6690.64,6691.1199375,foreground
S01_U04.CH4.wav,6690.96,6691.7999375,background
S01_U04.CH4.wav,6691.64,6691.8799375,foreground
S01_U04.CH4.wav,6691.72,6691.9999375,background
S01_U04.CH4.wav,6691.84,6692.1199375,foreground
S01_U04.CH4.wav,6691.96,6692.3199375,background
S01_U04.CH4.wav,6692.16,6692.5999375,foreground
S01_U04.CH4.wav,6692.44,6692.6399375,background
S01_U04.CH4.wav,6692.48,6692.6799375,foreground
S01_U04.CH4.wav,6692.52,6692.7199375,background
S01_U04.CH4.wav,6692.56,6692.7599375,foreground
S01_U04.CH4.wav,6692.6,6693.2399375,background
S01_U04.CH4.wav,6693.08,6693.2799375,foreground
S01_U04.CH4.wav,6693.12,6693.8799375,background
S01_U04.CH4.wav,6693.72,6694.0799375,foreground
S01_U04.CH4.wav,6693.92,6694.1999375,background
S01_U04.CH4.wav,6694.04,6694.2799375,foreground
S01_U04.CH4.wav,6694.12,6694.3999375,background
S01_U04.CH4.wav,6694.24,6694.4799375,foreground
S01_U04.CH4.wav,6694.32,6696.3999375,background
S01_U04.CH4.wav,6696.24,6696.5599375,foreground
S01_U04.CH4.wav,6696.4,6696.5999375,background
S01_U04.CH4.wav,6696.44,6697.0399375,foreground
S01_U04.CH4.wav,6696.88,6697.3199375,background
S01_U04.CH4.wav,6697.16,6697.4799375,foreground
S01_U04.CH4.wav,6697.32,6697.5999375,background
S01_U04.CH4.wav,6697.44,6697.7199375,foreground
S01_U04.CH4.wav,6697.56,6698.4399375,background
S01_U04.CH4.wav,6698.28,6698.4799375,foreground
S01_U04.CH4.wav,6698.32,6698.5599375,background
S01_U04.CH4.wav,6698.4,6698.9599375,foreground
S01_U04.CH4.wav,6698.8,6699.1999375,background
S01_U04.CH4.wav,6699.04,6699.8399375,foreground
S01_U04.CH4.wav,6699.68,6699.8799375,background
S01_U04.CH4.wav,6699.72,6700.1199375,foreground
S01_U04.CH4.wav,6699.96,6702.4399375,background
S01_U04.CH4.wav,6702.28,6702.4799375,foreground
S01_U04.CH4.wav,6702.32,6703.3599375,background
S01_U04.CH4.wav,6703.2,6703.5599375,foreground
S01_U04.CH4.wav,6703.4,6703.7199375,background
S01_U04.CH4.wav,6703.56,6703.9999375,foreground
S01_U04.CH4.wav,6703.84,6704.1599375,background
S01_U04.CH4.wav,6704,6704.2799375,foreground
S01_U04.CH4.wav,6704.12,6704.7999375,background
S01_U04.CH4.wav,6704.64,6704.9999375,foreground
S01_U04.CH4.wav,6704.84,6705.1999375,background
S01_U04.CH4.wav,6705.04,6705.4799375,foreground
S01_U04.CH4.wav,6705.32,6705.9599375,background
S01_U04.CH4.wav,6705.8,6706.4399375,foreground
S01_U04.CH4.wav,6706.28,6706.6399375,background
S01_U04.CH4.wav,6706.48,6706.6799375,foreground
S01_U04.CH4.wav,6706.52,6706.9599375,background
S01_U04.CH4.wav,6706.8,6707.3999375,foreground
S01_U04.CH4.wav,6707.24,6707.4799375,background
S01_U04.CH4.wav,6707.32,6707.7999375,foreground
S01_U04.CH4.wav,6707.64,6708.4799375,background
S01_U04.CH4.wav,6708.32,6708.5999375,foreground
S01_U04.CH4.wav,6708.44,6708.9199375,background
S01_U04.CH4.wav,6708.76,6708.9599375,foreground
S01_U04.CH4.wav,6708.8,6712.7999375,background
S01_U04.CH4.wav,6712.64,6712.8799375,foreground
S01_U04.CH4.wav,6712.72,6714.3199375,background
S01_U04.CH4.wav,6714.16,6714.4799375,foreground
S01_U04.CH4.wav,6714.32,6715.2399375,background
S01_U04.CH4.wav,6715.08,6715.7599375,foreground
S01_U04.CH4.wav,6715.6,6716.3199375,background
S01_U04.CH4.wav,6716.16,6716.3999375,foreground
S01_U04.CH4.wav,6716.24,6716.5999375,background
S01_U04.CH4.wav,6716.44,6717.1199375,foreground
S01_U04.CH4.wav,6716.96,6717.7599375,background
S01_U04.CH4.wav,6717.6,6717.8799375,foreground
S01_U04.CH4.wav,6717.72,6718.4399375,background
S01_U04.CH4.wav,6718.28,6718.6399375,foreground
S01_U04.CH4.wav,6718.48,6718.7999375,background
S01_U04.CH4.wav,6718.64,6718.9199375,foreground
S01_U04.CH4.wav,6718.76,6719.1999375,background
S01_U04.CH4.wav,6719.04,6719.2399375,foreground
S01_U04.CH4.wav,6719.08,6719.8399375,background
S01_U04.CH4.wav,6719.68,6720.0799375,foreground
S01_U04.CH4.wav,6719.92,6720.1199375,background
S01_U04.CH4.wav,6719.96,6720.2799375,foreground
S01_U04.CH4.wav,6720.12,6721.2799375,background
S01_U04.CH4.wav,6721.12,6721.5199375,foreground
S01_U04.CH4.wav,6721.36,6721.5599375,background
S01_U04.CH4.wav,6721.4,6721.5999375,foreground
S01_U04.CH4.wav,6721.44,6721.7199375,background
S01_U04.CH4.wav,6721.56,6721.7999375,foreground
S01_U04.CH4.wav,6721.64,6722.3999375,background
S01_U04.CH4.wav,6722.24,6722.4399375,foreground
S01_U04.CH4.wav,6722.28,6723.7599375,background
S01_U04.CH4.wav,6723.6,6723.9999375,foreground
S01_U04.CH4.wav,6723.84,6725.4399375,background
S01_U04.CH4.wav,6725.28,6725.8399375,foreground
S01_U04.CH4.wav,6725.68,6726.1999375,background
S01_U04.CH4.wav,6726.04,6726.2799375,foreground
S01_U04.CH4.wav,6726.12,6726.5999375,background
S01_U04.CH4.wav,6726.44,6726.9999375,foreground
S01_U04.CH4.wav,6726.84,6728.5999375,background
S01_U04.CH4.wav,6728.44,6728.6399375,foreground
S01_U04.CH4.wav,6728.48,6728.8799375,background
S01_U04.CH4.wav,6728.72,6728.9199375,foreground
S01_U04.CH4.wav,6728.76,6729.1999375,background
S01_U04.CH4.wav,6729.04,6729.4399375,foreground
S01_U04.CH4.wav,6729.28,6729.5199375,background
S01_U04.CH4.wav,6729.36,6729.5599375,foreground
S01_U04.CH4.wav,6729.4,6730.3199375,background
S01_U04.CH4.wav,6730.16,6730.8799375,foreground
S01_U04.CH4.wav,6730.72,6731.9999375,background
S01_U04.CH4.wav,6731.84,6732.1999375,foreground
S01_U04.CH4.wav,6732.04,6732.5599375,background
S01_U04.CH4.wav,6732.4,6732.6399375,foreground
S01_U04.CH4.wav,6732.48,6732.6799375,background
S01_U04.CH4.wav,6732.52,6732.8399375,foreground
S01_U04.CH4.wav,6732.68,6736.2399375,background
S01_U04.CH4.wav,6736.08,6736.5999375,foreground
S01_U04.CH4.wav,6736.44,6740.1199375,background
S01_U04.CH4.wav,6739.96,6740.2399375,foreground
S01_U04.CH4.wav,6740.08,6741.9999375,background
S01_U04.CH4.wav,6741.84,6742.2399375,foreground
S01_U04.CH4.wav,6742.08,6742.8799375,background
S01_U04.CH4.wav,6742.72,6742.9199375,foreground
S01_U04.CH4.wav,6742.76,6742.9999375,background
S01_U04.CH4.wav,6742.84,6743.0399375,foreground
S01_U04.CH4.wav,6742.88,6743.4799375,background
S01_U04.CH4.wav,6743.32,6743.6799375,foreground
S01_U04.CH4.wav,6743.52,6744.2399375,background
S01_U04.CH4.wav,6744.08,6744.3199375,foreground
S01_U04.CH4.wav,6744.16,6744.8399375,background
S01_U04.CH4.wav,6744.68,6744.9599375,foreground
S01_U04.CH4.wav,6744.8,6746.1999375,background
S01_U04.CH4.wav,6746.04,6746.3999375,foreground
S01_U04.CH4.wav,6746.24,6747.5599375,background
S01_U04.CH4.wav,6747.4,6747.7999375,foreground
S01_U04.CH4.wav,6747.64,6752.0399375,background
S01_U04.CH4.wav,6751.88,6752.0799375,foreground
S01_U04.CH4.wav,6751.92,6752.1599375,background
S01_U04.CH4.wav,6752,6752.2799375,foreground
S01_U04.CH4.wav,6752.12,6757.1599375,background
S01_U04.CH4.wav,6757,6757.2399375,foreground
S01_U04.CH4.wav,6757.08,6763.7199375,background
S01_U04.CH4.wav,6763.56,6763.8799375,foreground
S01_U04.CH4.wav,6763.72,6764.7199375,background
S01_U04.CH4.wav,6764.56,6764.9999375,foreground
S01_U04.CH4.wav,6764.84,6765.6399375,background
S01_U04.CH4.wav,6765.48,6765.8799375,foreground
S01_U04.CH4.wav,6765.72,6767.4799375,background
S01_U04.CH4.wav,6767.32,6767.5199375,foreground
S01_U04.CH4.wav,6767.36,6767.6799375,background
S01_U04.CH4.wav,6767.52,6767.8399375,foreground
S01_U04.CH4.wav,6767.68,6768.7199375,background
S01_U04.CH4.wav,6768.56,6768.7999375,foreground
S01_U04.CH4.wav,6768.64,6769.3599375,background
S01_U04.CH4.wav,6769.2,6769.4799375,foreground
S01_U04.CH4.wav,6769.32,6770.9999375,background
S01_U04.CH4.wav,6770.84,6771.2399375,foreground
S01_U04.CH4.wav,6771.08,6772.2399375,background
S01_U04.CH4.wav,6772.08,6772.2799375,foreground
S01_U04.CH4.wav,6772.12,6772.3999375,background
S01_U04.CH4.wav,6772.24,6772.4799375,foreground
S01_U04.CH4.wav,6772.32,6772.5199375,background
S01_U04.CH4.wav,6772.36,6772.5599375,foreground
S01_U04.CH4.wav,6772.4,6773.3999375,background
S01_U04.CH4.wav,6773.24,6773.4799375,foreground
S01_U04.CH4.wav,6773.32,6773.5999375,background
S01_U04.CH4.wav,6773.44,6773.9199375,foreground
S01_U04.CH4.wav,6773.76,6776.1999375,background
S01_U04.CH4.wav,6776.04,6776.2399375,foreground
S01_U04.CH4.wav,6776.08,6776.7999375,background
S01_U04.CH4.wav,6776.64,6776.8399375,foreground
S01_U04.CH4.wav,6776.68,6776.8799375,background
S01_U04.CH4.wav,6776.72,6776.9199375,foreground
S01_U04.CH4.wav,6776.76,6777.0799375,background
S01_U04.CH4.wav,6776.92,6777.1599375,foreground
S01_U04.CH4.wav,6777,6779.8399375,background
S01_U04.CH4.wav,6779.68,6780.0799375,foreground
S01_U04.CH4.wav,6779.92,6781.2799375,background
S01_U04.CH4.wav,6781.12,6781.3199375,foreground
S01_U04.CH4.wav,6781.16,6781.3999375,background
S01_U04.CH4.wav,6781.24,6781.4399375,foreground
S01_U04.CH4.wav,6781.28,6783.1999375,background
S01_U04.CH4.wav,6783.04,6783.2399375,foreground
S01_U04.CH4.wav,6783.08,6783.2799375,background
S01_U04.CH4.wav,6783.12,6783.3999375,foreground
S01_U04.CH4.wav,6783.24,6783.5599375,background
S01_U04.CH4.wav,6783.4,6783.5999375,foreground
S01_U04.CH4.wav,6783.44,6783.7999375,background
S01_U04.CH4.wav,6783.64,6783.9199375,foreground
S01_U04.CH4.wav,6783.76,6784.0799375,background
S01_U04.CH4.wav,6783.92,6784.3199375,foreground
S01_U04.CH4.wav,6784.16,6784.3999375,background
S01_U04.CH4.wav,6784.24,6784.4399375,foreground
S01_U04.CH4.wav,6784.28,6788.5199375,background
S01_U04.CH4.wav,6788.36,6789.0399375,foreground
S01_U04.CH4.wav,6788.88,6789.8799375,background
S01_U04.CH4.wav,6789.72,6790.2799375,foreground
S01_U04.CH4.wav,6790.12,6790.3199375,background
S01_U04.CH4.wav,6790.16,6790.3599375,foreground
S01_U04.CH4.wav,6790.2,6791.6799375,background
S01_U04.CH4.wav,6791.52,6792.0399375,foreground
S01_U04.CH4.wav,6791.88,6792.0799375,background
S01_U04.CH4.wav,6791.92,6792.1199375,foreground
S01_U04.CH4.wav,6791.96,6794.4399375,background
S01_U04.CH4.wav,6794.28,6794.5199375,foreground
S01_U04.CH4.wav,6794.36,6796.2399375,background
S01_U04.CH4.wav,6796.08,6796.3199375,foreground
S01_U04.CH4.wav,6796.16,6796.4799375,background
S01_U04.CH4.wav,6796.32,6796.5599375,foreground
S01_U04.CH4.wav,6796.4,6797.2799375,background
S01_U04.CH4.wav,6797.12,6797.4399375,foreground
S01_U04.CH4.wav,6797.28,6797.5599375,background
S01_U04.CH4.wav,6797.4,6797.7199375,foreground
S01_U04.CH4.wav,6797.56,6798.0399375,background
S01_U04.CH4.wav,6797.88,6798.2399375,foreground
S01_U04.CH4.wav,6798.08,6801.1999375,background
S01_U04.CH4.wav,6801.04,6801.2399375,foreground
S01_U04.CH4.wav,6801.08,6801.4399375,background
S01_U04.CH4.wav,6801.28,6801.4799375,foreground
S01_U04.CH4.wav,6801.32,6802.3999375,background
S01_U04.CH4.wav,6802.24,6802.7199375,foreground
S01_U04.CH4.wav,6802.56,6803.1999375,background
S01_U04.CH4.wav,6803.04,6803.2799375,foreground
S01_U04.CH4.wav,6803.12,6803.7599375,background
S01_U04.CH4.wav,6803.6,6803.9999375,foreground
S01_U04.CH4.wav,6803.84,6804.9999375,background
S01_U04.CH4.wav,6804.84,6805.0399375,foreground
S01_U04.CH4.wav,6804.88,6805.7599375,background
S01_U04.CH4.wav,6805.6,6806.0799375,foreground
S01_U04.CH4.wav,6805.92,6806.2399375,background
S01_U04.CH4.wav,6806.08,6806.3999375,foreground
S01_U04.CH4.wav,6806.24,6806.9999375,background
S01_U04.CH4.wav,6806.84,6807.1599375,foreground
S01_U04.CH4.wav,6807,6807.1999375,background
S01_U04.CH4.wav,6807.04,6807.2399375,foreground
S01_U04.CH4.wav,6807.08,6807.5599375,background
S01_U04.CH4.wav,6807.4,6807.9599375,foreground
S01_U04.CH4.wav,6807.8,6808.1199375,background
S01_U04.CH4.wav,6807.96,6808.2799375,foreground
S01_U04.CH4.wav,6808.12,6809.8799375,background
S01_U04.CH4.wav,6809.72,6810.1999375,foreground
S01_U04.CH4.wav,6810.04,6810.2399375,background
S01_U04.CH4.wav,6810.08,6810.4399375,foreground
S01_U04.CH4.wav,6810.28,6810.5599375,background
S01_U04.CH4.wav,6810.4,6810.6799375,foreground
S01_U04.CH4.wav,6810.52,6813.5199375,background
S01_U04.CH4.wav,6813.36,6814.0799375,foreground
S01_U04.CH4.wav,6813.92,6816.2399375,background
S01_U04.CH4.wav,6816.08,6816.2799375,foreground
S01_U04.CH4.wav,6816.12,6817.9599375,background
S01_U04.CH4.wav,6817.8,6817.9999375,foreground
S01_U04.CH4.wav,6817.84,6818.5199375,background
S01_U04.CH4.wav,6818.36,6818.5999375,foreground
S01_U04.CH4.wav,6818.44,6819.1999375,background
S01_U04.CH4.wav,6819.04,6819.3599375,foreground
S01_U04.CH4.wav,6819.2,6820.7599375,background
S01_U04.CH4.wav,6820.6,6820.7999375,foreground
S01_U04.CH4.wav,6820.64,6820.9599375,background
S01_U04.CH4.wav,6820.8,6820.9999375,foreground
S01_U04.CH4.wav,6820.84,6821.0799375,background
S01_U04.CH4.wav,6820.92,6821.1199375,foreground
S01_U04.CH4.wav,6820.96,6821.2399375,background
S01_U04.CH4.wav,6821.08,6821.3599375,foreground
S01_U04.CH4.wav,6821.2,6821.6399375,background
S01_U04.CH4.wav,6821.48,6821.6799375,foreground
S01_U04.CH4.wav,6821.52,6821.7199375,background
S01_U04.CH4.wav,6821.56,6821.7599375,foreground
S01_U04.CH4.wav,6821.6,6822.1599375,background
S01_U04.CH4.wav,6822,6822.2399375,foreground
S01_U04.CH4.wav,6822.08,6823.4799375,background
S01_U04.CH4.wav,6823.32,6823.5199375,foreground
S01_U04.CH4.wav,6823.36,6823.8399375,background
S01_U04.CH4.wav,6823.68,6823.8799375,foreground
S01_U04.CH4.wav,6823.72,6825.9199375,background
S01_U04.CH4.wav,6825.76,6826.1999375,foreground
S01_U04.CH4.wav,6826.04,6834.2799375,background
S01_U04.CH4.wav,6834.12,6834.3199375,foreground
S01_U04.CH4.wav,6834.16,6834.4399375,background
S01_U04.CH4.wav,6834.28,6834.5199375,foreground
S01_U04.CH4.wav,6834.36,6837.9999375,background
S01_U04.CH4.wav,6837.84,6838.1199375,foreground
S01_U04.CH4.wav,6837.96,6838.2799375,background
S01_U04.CH4.wav,6838.12,6838.6799375,foreground
S01_U04.CH4.wav,6838.52,6839.1599375,background
S01_U04.CH4.wav,6839,6839.3199375,foreground
S01_U04.CH4.wav,6839.16,6842.7199375,background
S01_U04.CH4.wav,6842.56,6842.9599375,foreground
S01_U04.CH4.wav,6842.8,6846.4799375,background
S01_U04.CH4.wav,6846.32,6846.6799375,foreground
S01_U04.CH4.wav,6846.52,6847.3999375,background
S01_U04.CH4.wav,6847.24,6847.6399375,foreground
S01_U04.CH4.wav,6847.48,6848.1599375,background
S01_U04.CH4.wav,6848,6848.1999375,foreground
S01_U04.CH4.wav,6848.04,6849.1999375,background
S01_U04.CH4.wav,6849.04,6849.2799375,foreground
S01_U04.CH4.wav,6849.12,6851.4399375,background
S01_U04.CH4.wav,6851.28,6851.6799375,foreground
S01_U04.CH4.wav,6851.52,6852.0799375,background
S01_U04.CH4.wav,6851.92,6852.5599375,foreground
S01_U04.CH4.wav,6852.4,6852.8799375,background
S01_U04.CH4.wav,6852.72,6852.9199375,foreground
S01_U04.CH4.wav,6852.76,6853.0799375,background
S01_U04.CH4.wav,6852.92,6853.1199375,foreground
S01_U04.CH4.wav,6852.96,6853.5599375,background
S01_U04.CH4.wav,6853.4,6853.5999375,foreground
S01_U04.CH4.wav,6853.44,6853.8399375,background
S01_U04.CH4.wav,6853.68,6853.8799375,foreground
S01_U04.CH4.wav,6853.72,6853.9599375,background
S01_U04.CH4.wav,6853.8,6854.0799375,foreground
S01_U04.CH4.wav,6853.92,6854.2799375,background
S01_U04.CH4.wav,6854.12,6854.3199375,foreground
S01_U04.CH4.wav,6854.16,6854.7199375,background
S01_U04.CH4.wav,6854.56,6854.8399375,foreground
S01_U04.CH4.wav,6854.68,6854.9199375,background
S01_U04.CH4.wav,6854.76,6854.9999375,foreground
S01_U04.CH4.wav,6854.84,6855.1199375,background
S01_U04.CH4.wav,6854.96,6855.2399375,foreground
S01_U04.CH4.wav,6855.08,6855.3199375,background
S01_U04.CH4.wav,6855.16,6855.3599375,foreground
S01_U04.CH4.wav,6855.2,6855.4399375,background
S01_U04.CH4.wav,6855.28,6855.5999375,foreground
S01_U04.CH4.wav,6855.44,6856.0399375,background
S01_U04.CH4.wav,6855.88,6856.3599375,foreground
S01_U04.CH4.wav,6856.2,6856.3999375,background
S01_U04.CH4.wav,6856.24,6856.6799375,foreground
S01_U04.CH4.wav,6856.52,6857.4799375,background
S01_U04.CH4.wav,6857.32,6857.5199375,foreground
S01_U04.CH4.wav,6857.36,6857.8399375,background
S01_U04.CH4.wav,6857.68,6858.1999375,foreground
S01_U04.CH4.wav,6858.04,6858.3999375,background
S01_U04.CH4.wav,6858.24,6858.4399375,foreground
S01_U04.CH4.wav,6858.28,6858.4799375,background
S01_U04.CH4.wav,6858.32,6858.7199375,foreground
S01_U04.CH4.wav,6858.56,6859.0799375,background
S01_U04.CH4.wav,6858.92,6859.1599375,foreground
S01_U04.CH4.wav,6859,6859.1999375,background
S01_U04.CH4.wav,6859.04,6859.2799375,foreground
S01_U04.CH4.wav,6859.12,6859.3599375,background
S01_U04.CH4.wav,6859.2,6859.3999375,foreground
S01_U04.CH4.wav,6859.24,6859.7999375,background
S01_U04.CH4.wav,6859.64,6859.8399375,foreground
S01_U04.CH4.wav,6859.68,6859.9199375,background
S01_U04.CH4.wav,6859.76,6860.1199375,foreground
S01_U04.CH4.wav,6859.96,6860.5599375,background
S01_U04.CH4.wav,6860.4,6860.5999375,foreground
S01_U04.CH4.wav,6860.44,6860.6399375,background
S01_U04.CH4.wav,6860.48,6860.6799375,foreground
S01_U04.CH4.wav,6860.52,6860.7999375,background
S01_U04.CH4.wav,6860.64,6861.0399375,foreground
S01_U04.CH4.wav,6860.88,6861.0799375,background
S01_U04.CH4.wav,6860.92,6861.1599375,foreground
S01_U04.CH4.wav,6861,6861.1999375,background
S01_U04.CH4.wav,6861.04,6861.2399375,foreground
S01_U04.CH4.wav,6861.08,6861.8399375,background
S01_U04.CH4.wav,6861.68,6861.9199375,foreground
S01_U04.CH4.wav,6861.76,6861.9599375,background
S01_U04.CH4.wav,6861.8,6861.9999375,foreground
S01_U04.CH4.wav,6861.84,6862.0799375,background
S01_U04.CH4.wav,6861.92,6862.1599375,foreground
S01_U04.CH4.wav,6862,6862.2399375,background
S01_U04.CH4.wav,6862.08,6862.2799375,foreground
S01_U04.CH4.wav,6862.12,6862.3599375,background
S01_U04.CH4.wav,6862.2,6862.4799375,foreground
S01_U04.CH4.wav,6862.32,6862.5599375,background
S01_U04.CH4.wav,6862.4,6862.8399375,foreground
S01_U04.CH4.wav,6862.68,6862.8799375,background
S01_U04.CH4.wav,6862.72,6862.9999375,foreground
S01_U04.CH4.wav,6862.84,6863.2799375,background
S01_U04.CH4.wav,6863.12,6863.4399375,foreground
S01_U04.CH4.wav,6863.28,6863.6399375,background
S01_U04.CH4.wav,6863.48,6863.7199375,foreground
S01_U04.CH4.wav,6863.56,6864.7199375,background
S01_U04.CH4.wav,6864.56,6864.9999375,foreground
S01_U04.CH4.wav,6864.84,6865.4399375,background
S01_U04.CH4.wav,6865.28,6865.5599375,foreground
S01_U04.CH4.wav,6865.4,6865.9599375,background
S01_U04.CH4.wav,6865.8,6865.9999375,foreground
S01_U04.CH4.wav,6865.84,6866.2799375,background
S01_U04.CH4.wav,6866.12,6866.3199375,foreground
S01_U04.CH4.wav,6866.16,6866.8399375,background
S01_U04.CH4.wav,6866.68,6867.0399375,foreground
S01_U04.CH4.wav,6866.88,6868.1999375,background
S01_U04.CH4.wav,6868.04,6868.4399375,foreground
S01_U04.CH4.wav,6868.28,6868.9599375,background
S01_U04.CH4.wav,6868.8,6869.0399375,foreground
S01_U04.CH4.wav,6868.88,6869.0799375,background
S01_U04.CH4.wav,6868.92,6869.3599375,foreground
S01_U04.CH4.wav,6869.2,6869.7599375,background
S01_U04.CH4.wav,6869.6,6869.7999375,foreground
S01_U04.CH4.wav,6869.64,6871.1599375,background
S01_U04.CH4.wav,6871,6871.3199375,foreground
S01_U04.CH4.wav,6871.16,6871.3599375,background
S01_U04.CH4.wav,6871.2,6871.4399375,foreground
S01_U04.CH4.wav,6871.28,6871.4799375,background
S01_U04.CH4.wav,6871.32,6871.5199375,foreground
S01_U04.CH4.wav,6871.36,6872.2799375,background
S01_U04.CH4.wav,6872.12,6872.4799375,foreground
S01_U04.CH4.wav,6872.32,6873.0799375,background
S01_U04.CH4.wav,6872.92,6873.4399375,foreground
S01_U04.CH4.wav,6873.28,6874.2799375,background
S01_U04.CH4.wav,6874.12,6874.3999375,foreground
S01_U04.CH4.wav,6874.24,6877.3199375,background
S01_U04.CH4.wav,6877.16,6877.7599375,foreground
S01_U04.CH4.wav,6877.6,6878.5599375,background
S01_U04.CH4.wav,6878.4,6878.7199375,foreground
S01_U04.CH4.wav,6878.56,6879.0399375,background
S01_U04.CH4.wav,6878.88,6879.0799375,foreground
S01_U04.CH4.wav,6878.92,6879.9199375,background
S01_U04.CH4.wav,6879.76,6880.0399375,foreground
S01_U04.CH4.wav,6879.88,6880.3599375,background
S01_U04.CH4.wav,6880.2,6880.5199375,foreground
S01_U04.CH4.wav,6880.36,6880.6799375,background
S01_U04.CH4.wav,6880.52,6881.3199375,foreground
S01_U04.CH4.wav,6881.16,6881.6799375,background
S01_U04.CH4.wav,6881.52,6881.7999375,foreground
S01_U04.CH4.wav,6881.64,6882.0399375,background
S01_U04.CH4.wav,6881.88,6882.1999375,foreground
S01_U04.CH4.wav,6882.04,6883.0799375,background
S01_U04.CH4.wav,6882.92,6883.1599375,foreground
S01_U04.CH4.wav,6883,6883.2799375,background
S01_U04.CH4.wav,6883.12,6883.3999375,foreground
S01_U04.CH4.wav,6883.24,6883.4799375,background
S01_U04.CH4.wav,6883.32,6883.5599375,foreground
S01_U04.CH4.wav,6883.4,6883.9599375,background
S01_U04.CH4.wav,6883.8,6884.1199375,foreground
S01_U04.CH4.wav,6883.96,6884.8799375,background
S01_U04.CH4.wav,6884.72,6884.9599375,foreground
S01_U04.CH4.wav,6884.8,6884.9999375,background
S01_U04.CH4.wav,6884.84,6885.3199375,foreground
S01_U04.CH4.wav,6885.16,6885.6799375,background
S01_U04.CH4.wav,6885.52,6885.9999375,foreground
S01_U04.CH4.wav,6885.84,6886.4399375,background
S01_U04.CH4.wav,6886.28,6886.6399375,foreground
S01_U04.CH4.wav,6886.48,6886.9599375,background
S01_U04.CH4.wav,6886.8,6887.0399375,foreground
S01_U04.CH4.wav,6886.88,6887.3999375,background
S01_U04.CH4.wav,6887.24,6887.5999375,foreground
S01_U04.CH4.wav,6887.44,6887.8399375,background
S01_U04.CH4.wav,6887.68,6887.9999375,foreground
S01_U04.CH4.wav,6887.84,6888.5599375,background
S01_U04.CH4.wav,6888.4,6888.9599375,foreground
S01_U04.CH4.wav,6888.8,6890.7999375,background
S01_U04.CH4.wav,6890.64,6891.1199375,foreground
S01_U04.CH4.wav,6890.96,6892.7999375,background
S01_U04.CH4.wav,6892.64,6893.2799375,foreground
S01_U04.CH4.wav,6893.12,6894.0799375,background
S01_U04.CH4.wav,6893.92,6894.1199375,foreground
S01_U04.CH4.wav,6893.96,6894.1999375,background
S01_U04.CH4.wav,6894.04,6894.3199375,foreground
S01_U04.CH4.wav,6894.16,6894.4799375,background
S01_U04.CH4.wav,6894.32,6894.6799375,foreground
S01_U04.CH4.wav,6894.52,6894.7199375,background
S01_U04.CH4.wav,6894.56,6894.7599375,foreground
S01_U04.CH4.wav,6894.6,6895.1999375,background
S01_U04.CH4.wav,6895.04,6895.2399375,foreground
S01_U04.CH4.wav,6895.08,6895.4399375,background
S01_U04.CH4.wav,6895.28,6895.5999375,foreground
S01_U04.CH4.wav,6895.44,6895.6399375,background
S01_U04.CH4.wav,6895.48,6895.6799375,foreground
S01_U04.CH4.wav,6895.52,6895.7199375,background
S01_U04.CH4.wav,6895.56,6896.1599375,foreground
S01_U04.CH4.wav,6896,6896.5599375,background
S01_U04.CH4.wav,6896.4,6896.7999375,foreground
S01_U04.CH4.wav,6896.64,6896.9599375,background
S01_U04.CH4.wav,6896.8,6896.9999375,foreground
S01_U04.CH4.wav,6896.84,6897.2399375,background
S01_U04.CH4.wav,6897.08,6897.3599375,foreground
S01_U04.CH4.wav,6897.2,6897.4799375,background
S01_U04.CH4.wav,6897.32,6897.9599375,foreground
S01_U04.CH4.wav,6897.8,6899.2799375,background
S01_U04.CH4.wav,6899.12,6899.3599375,foreground
S01_U04.CH4.wav,6899.2,6899.5199375,background
S01_U04.CH4.wav,6899.36,6899.6799375,foreground
S01_U04.CH4.wav,6899.52,6900.1599375,background
S01_U04.CH4.wav,6900,6900.1999375,foreground
S01_U04.CH4.wav,6900.04,6900.2399375,background
S01_U04.CH4.wav,6900.08,6900.3199375,foreground
S01_U04.CH4.wav,6900.16,6900.3599375,background
S01_U04.CH4.wav,6900.2,6900.3999375,foreground
S01_U04.CH4.wav,6900.24,6900.4399375,background
S01_U04.CH4.wav,6900.28,6900.5599375,foreground
S01_U04.CH4.wav,6900.4,6901.0799375,background
S01_U04.CH4.wav,6900.92,6901.4799375,foreground
S01_U04.CH4.wav,6901.32,6901.7199375,background
S01_U04.CH4.wav,6901.56,6901.7599375,foreground
S01_U04.CH4.wav,6901.6,6901.7999375,background
S01_U04.CH4.wav,6901.64,6901.9599375,foreground
S01_U04.CH4.wav,6901.8,6903.5999375,background
S01_U04.CH4.wav,6903.44,6903.6799375,foreground
S01_U04.CH4.wav,6903.52,6904.4399375,background
S01_U04.CH4.wav,6904.28,6904.6799375,foreground
S01_U04.CH4.wav,6904.52,6906.6399375,background
S01_U04.CH4.wav,6906.48,6906.7199375,foreground
S01_U04.CH4.wav,6906.56,6906.9599375,background
S01_U04.CH4.wav,6906.8,6907.0399375,foreground
S01_U04.CH4.wav,6906.88,6907.0799375,background
S01_U04.CH4.wav,6906.92,6907.1199375,foreground
S01_U04.CH4.wav,6906.96,6907.9599375,background
S01_U04.CH4.wav,6907.8,6908.4399375,foreground
S01_U04.CH4.wav,6908.28,6908.4799375,background
S01_U04.CH4.wav,6908.32,6908.5199375,foreground
S01_U04.CH4.wav,6908.36,6908.5599375,background
S01_U04.CH4.wav,6908.4,6908.8799375,foreground
S01_U04.CH4.wav,6908.72,6909.6399375,background
S01_U04.CH4.wav,6909.48,6909.9199375,foreground
S01_U04.CH4.wav,6909.76,6909.9599375,background
S01_U04.CH4.wav,6909.8,6910.1199375,foreground
S01_U04.CH4.wav,6909.96,6910.1999375,background
S01_U04.CH4.wav,6910.04,6910.5599375,foreground
S01_U04.CH4.wav,6910.4,6910.7199375,background
S01_U04.CH4.wav,6910.56,6910.7999375,foreground
S01_U04.CH4.wav,6910.64,6910.9199375,background
S01_U04.CH4.wav,6910.76,6910.9599375,foreground
S01_U04.CH4.wav,6910.8,6911.1599375,background
S01_U04.CH4.wav,6911,6911.7199375,foreground
S01_U04.CH4.wav,6911.56,6911.9999375,background
S01_U04.CH4.wav,6911.84,6912.1599375,foreground
S01_U04.CH4.wav,6912,6912.1999375,background
S01_U04.CH4.wav,6912.04,6912.4399375,foreground
S01_U04.CH4.wav,6912.28,6912.4799375,background
S01_U04.CH4.wav,6912.32,6912.5599375,foreground
S01_U04.CH4.wav,6912.4,6913.4799375,background
S01_U04.CH4.wav,6913.32,6913.6799375,foreground
S01_U04.CH4.wav,6913.52,6913.7599375,background
S01_U04.CH4.wav,6913.6,6913.7999375,foreground
S01_U04.CH4.wav,6913.64,6913.8399375,background
S01_U04.CH4.wav,6913.68,6913.9599375,foreground
S01_U04.CH4.wav,6913.8,6914.0799375,background
S01_U04.CH4.wav,6913.92,6914.2399375,foreground
S01_U04.CH4.wav,6914.08,6914.3199375,background
S01_U04.CH4.wav,6914.16,6914.3599375,foreground
S01_U04.CH4.wav,6914.2,6914.4799375,background
S01_U04.CH4.wav,6914.32,6914.5599375,foreground
S01_U04.CH4.wav,6914.4,6914.5999375,background
S01_U04.CH4.wav,6914.44,6914.6399375,foreground
S01_U04.CH4.wav,6914.48,6914.9599375,background
S01_U04.CH4.wav,6914.8,6915.3199375,foreground
S01_U04.CH4.wav,6915.16,6915.3599375,background
S01_U04.CH4.wav,6915.2,6915.5999375,foreground
S01_U04.CH4.wav,6915.44,6917.3999375,background
S01_U04.CH4.wav,6917.24,6917.6799375,foreground
S01_U04.CH4.wav,6917.52,6918.0399375,background
S01_U04.CH4.wav,6917.88,6918.2399375,foreground
S01_U04.CH4.wav,6918.08,6918.3599375,background
S01_U04.CH4.wav,6918.2,6918.4799375,foreground
S01_U04.CH4.wav,6918.32,6918.6399375,background
S01_U04.CH4.wav,6918.48,6918.7199375,foreground
S01_U04.CH4.wav,6918.56,6918.8399375,background
S01_U04.CH4.wav,6918.68,6919.1199375,foreground
S01_U04.CH4.wav,6918.96,6919.3599375,background
S01_U04.CH4.wav,6919.2,6919.4399375,foreground
S01_U04.CH4.wav,6919.28,6919.6399375,background
S01_U04.CH4.wav,6919.48,6919.6799375,foreground
S01_U04.CH4.wav,6919.52,6919.7999375,background
S01_U04.CH4.wav,6919.64,6919.8799375,foreground
S01_U04.CH4.wav,6919.72,6920.6799375,background
S01_U04.CH4.wav,6920.52,6920.7199375,foreground
S01_U04.CH4.wav,6920.56,6921.2799375,background
S01_U04.CH4.wav,6921.12,6921.3199375,foreground
S01_U04.CH4.wav,6921.16,6921.7599375,background
S01_U04.CH4.wav,6921.6,6921.8399375,foreground
S01_U04.CH4.wav,6921.68,6922.4799375,background
S01_U04.CH4.wav,6922.32,6922.5599375,foreground
S01_U04.CH4.wav,6922.4,6923.0799375,background
S01_U04.CH4.wav,6922.92,6923.7999375,foreground
S01_U04.CH4.wav,6923.64,6923.8399375,background
S01_U04.CH4.wav,6923.68,6923.9199375,foreground
S01_U04.CH4.wav,6923.76,6924.2799375,background
S01_U04.CH4.wav,6924.12,6925.0399375,foreground
S01_U04.CH4.wav,6924.88,6925.0799375,background
S01_U04.CH4.wav,6924.92,6925.2799375,foreground
S01_U04.CH4.wav,6925.12,6925.5599375,background
S01_U04.CH4.wav,6925.4,6925.5999375,foreground
S01_U04.CH4.wav,6925.44,6925.7199375,background
S01_U04.CH4.wav,6925.56,6925.9599375,foreground
S01_U04.CH4.wav,6925.8,6926.1199375,background
S01_U04.CH4.wav,6925.96,6926.4799375,foreground
S01_U04.CH4.wav,6926.32,6927.5199375,background
S01_U04.CH4.wav,6927.36,6927.8399375,foreground
S01_U04.CH4.wav,6927.68,6932.3599375,background
S01_U04.CH4.wav,6932.2,6932.4399375,foreground
S01_U04.CH4.wav,6932.28,6934.1199375,background
S01_U04.CH4.wav,6933.96,6934.2799375,foreground
S01_U04.CH4.wav,6934.12,6939.7199375,background
S01_U04.CH4.wav,6939.56,6939.9199375,foreground
S01_U04.CH4.wav,6939.76,6940.5999375,background
S01_U04.CH4.wav,6940.44,6940.8399375,foreground
S01_U04.CH4.wav,6940.68,6943.2799375,background
S01_U04.CH4.wav,6943.12,6943.4799375,foreground
S01_U04.CH4.wav,6943.32,6944.3599375,background
S01_U04.CH4.wav,6944.2,6944.9599375,foreground
S01_U04.CH4.wav,6944.8,6945.1199375,background
S01_U04.CH4.wav,6944.96,6945.5599375,foreground
S01_U04.CH4.wav,6945.4,6945.5999375,background
S01_U04.CH4.wav,6945.44,6945.6399375,foreground
S01_U04.CH4.wav,6945.48,6948.8399375,background
S01_U04.CH4.wav,6948.68,6949.0399375,foreground
S01_U04.CH4.wav,6948.88,6949.4799375,background
S01_U04.CH4.wav,6949.32,6949.5599375,foreground
S01_U04.CH4.wav,6949.4,6949.9999375,background
S01_U04.CH4.wav,6949.84,6950.0399375,foreground
S01_U04.CH4.wav,6949.88,6950.5999375,background
S01_U04.CH4.wav,6950.44,6950.6799375,foreground
S01_U04.CH4.wav,6950.52,6951.8799375,background
S01_U04.CH4.wav,6951.72,6952.0799375,foreground
S01_U04.CH4.wav,6951.92,6953.0399375,background
S01_U04.CH4.wav,6952.88,6953.3199375,foreground
S01_U04.CH4.wav,6953.16,6954.1999375,background
S01_U04.CH4.wav,6954.04,6954.3199375,foreground
S01_U04.CH4.wav,6954.16,6956.7199375,background
S01_U04.CH4.wav,6956.56,6956.8399375,foreground
S01_U04.CH4.wav,6956.68,6957.3199375,background
S01_U04.CH4.wav,6957.16,6957.4399375,foreground
S01_U04.CH4.wav,6957.28,6957.4799375,background
S01_U04.CH4.wav,6957.32,6957.5199375,foreground
S01_U04.CH4.wav,6957.36,6957.7599375,background
S01_U04.CH4.wav,6957.6,6957.9999375,foreground
S01_U04.CH4.wav,6957.84,6958.0399375,background
S01_U04.CH4.wav,6957.88,6958.1199375,foreground
S01_U04.CH4.wav,6957.96,6958.2399375,background
S01_U04.CH4.wav,6958.08,6958.3199375,foreground
S01_U04.CH4.wav,6958.16,6960.3199375,background
S01_U04.CH4.wav,6960.16,6960.3599375,foreground
S01_U04.CH4.wav,6960.2,6960.4399375,background
S01_U04.CH4.wav,6960.28,6960.5199375,foreground
S01_U04.CH4.wav,6960.36,6962.0799375,background
S01_U04.CH4.wav,6961.92,6962.2799375,foreground
S01_U04.CH4.wav,6962.12,6962.3199375,background
S01_U04.CH4.wav,6962.16,6962.4399375,foreground
S01_U04.CH4.wav,6962.28,6963.5199375,background
S01_U04.CH4.wav,6963.36,6963.5599375,foreground
S01_U04.CH4.wav,6963.4,6963.7199375,background
S01_U04.CH4.wav,6963.56,6963.8399375,foreground
S01_U04.CH4.wav,6963.68,6963.8799375,background
S01_U04.CH4.wav,6963.72,6964.3199375,foreground
S01_U04.CH4.wav,6964.16,6964.4399375,background
S01_U04.CH4.wav,6964.28,6964.4799375,foreground
S01_U04.CH4.wav,6964.32,6964.5199375,background
S01_U04.CH4.wav,6964.36,6964.5599375,foreground
S01_U04.CH4.wav,6964.4,6964.6399375,background
S01_U04.CH4.wav,6964.48,6964.6799375,foreground
S01_U04.CH4.wav,6964.52,6969.1199375,background
S01_U04.CH4.wav,6968.96,6969.7199375,foreground
S01_U04.CH4.wav,6969.56,6969.9199375,background
S01_U04.CH4.wav,6969.76,6969.9599375,foreground
S01_U04.CH4.wav,6969.8,6970.0799375,background
S01_U04.CH4.wav,6969.92,6970.1199375,foreground
S01_U04.CH4.wav,6969.96,6970.4399375,background
S01_U04.CH4.wav,6970.28,6970.6799375,foreground
S01_U04.CH4.wav,6970.52,6971.9199375,background
S01_U04.CH4.wav,6971.76,6971.9999375,foreground
S01_U04.CH4.wav,6971.84,6976.4399375,background
S01_U04.CH4.wav,6976.28,6976.7599375,foreground
S01_U04.CH4.wav,6976.6,6977.7999375,background
S01_U04.CH4.wav,6977.64,6978.0399375,foreground
S01_U04.CH4.wav,6977.88,6978.3999375,background
S01_U04.CH4.wav,6978.24,6978.8399375,foreground
S01_U04.CH4.wav,6978.68,6980.3999375,background
S01_U04.CH4.wav,6980.24,6980.5199375,foreground
S01_U04.CH4.wav,6980.36,6981.4799375,background
S01_U04.CH4.wav,6981.32,6981.6399375,foreground
S01_U04.CH4.wav,6981.48,6982.4799375,background
S01_U04.CH4.wav,6982.32,6982.5199375,foreground
S01_U04.CH4.wav,6982.36,6987.3199375,background
S01_U04.CH4.wav,6987.16,6987.3599375,foreground
S01_U04.CH4.wav,6987.2,6995.6399375,background
S01_U04.CH4.wav,6995.48,6996.0799375,foreground
S01_U04.CH4.wav,6995.92,6997.1599375,background
S01_U04.CH4.wav,6997,6997.1999375,foreground
S01_U04.CH4.wav,6997.04,6997.3199375,background
S01_U04.CH4.wav,6997.16,6997.5599375,foreground
S01_U04.CH4.wav,6997.4,6997.5999375,background
S01_U04.CH4.wav,6997.44,6997.7999375,foreground
S01_U04.CH4.wav,6997.64,7000.1999375,background
S01_U04.CH4.wav,7000.04,7000.7199375,foreground
S01_U04.CH4.wav,7000.56,7001.1999375,background
S01_U04.CH4.wav,7001.04,7001.3999375,foreground
S01_U04.CH4.wav,7001.24,7005.1599375,background
S01_U04.CH4.wav,7005,7005.3999375,foreground
S01_U04.CH4.wav,7005.24,7006.3999375,background
S01_U04.CH4.wav,7006.24,7006.5199375,foreground
S01_U04.CH4.wav,7006.36,7006.7599375,background
S01_U04.CH4.wav,7006.6,7006.8399375,foreground
S01_U04.CH4.wav,7006.68,7007.3999375,background
S01_U04.CH4.wav,7007.24,7007.7199375,foreground
S01_U04.CH4.wav,7007.56,7009.9599375,background
S01_U04.CH4.wav,7009.8,7009.9999375,foreground
S01_U04.CH4.wav,7009.84,7010.4399375,background
S01_U04.CH4.wav,7010.28,7010.4799375,foreground
S01_U04.CH4.wav,7010.32,7010.5599375,background
S01_U04.CH4.wav,7010.4,7010.7599375,foreground
S01_U04.CH4.wav,7010.6,7011.4399375,background
S01_U04.CH4.wav,7011.28,7011.4799375,foreground
S01_U04.CH4.wav,7011.32,7011.5999375,background
S01_U04.CH4.wav,7011.44,7011.6399375,foreground
S01_U04.CH4.wav,7011.48,7011.7599375,background
S01_U04.CH4.wav,7011.6,7011.7999375,foreground
S01_U04.CH4.wav,7011.64,7011.9599375,background
S01_U04.CH4.wav,7011.8,7012.1599375,foreground
S01_U04.CH4.wav,7012,7012.2799375,background
S01_U04.CH4.wav,7012.12,7012.3199375,foreground
S01_U04.CH4.wav,7012.16,7012.9599375,background
S01_U04.CH4.wav,7012.8,7013.2799375,foreground
S01_U04.CH4.wav,7013.12,7014.3999375,background
S01_U04.CH4.wav,7014.24,7014.4799375,foreground
S01_U04.CH4.wav,7014.32,7016.8399375,background
S01_U04.CH4.wav,7016.68,7016.8799375,foreground
S01_U04.CH4.wav,7016.72,7016.9999375,background
S01_U04.CH4.wav,7016.84,7017.0399375,foreground
S01_U04.CH4.wav,7016.88,7020.4399375,background
S01_U04.CH4.wav,7020.28,7020.4799375,foreground
S01_U04.CH4.wav,7020.32,7020.6399375,background
S01_U04.CH4.wav,7020.48,7020.7199375,foreground
S01_U04.CH4.wav,7020.56,7021.5199375,background
S01_U04.CH4.wav,7021.36,7021.5999375,foreground
S01_U04.CH4.wav,7021.44,7021.8799375,background
S01_U04.CH4.wav,7021.72,7021.9599375,foreground
S01_U04.CH4.wav,7021.8,7022.0399375,background
S01_U04.CH4.wav,7021.88,7022.0799375,foreground
S01_U04.CH4.wav,7021.92,7026.6799375,background
S01_U04.CH4.wav,7026.52,7026.7999375,foreground
S01_U04.CH4.wav,7026.64,7027.3999375,background
S01_U04.CH4.wav,7027.24,7028.1199375,foreground
S01_U04.CH4.wav,7027.96,7036.1599375,background
S01_U04.CH4.wav,7036,7036.1999375,foreground
S01_U04.CH4.wav,7036.04,7036.2799375,background
S01_U04.CH4.wav,7036.12,7036.3599375,foreground
S01_U04.CH4.wav,7036.2,7037.4399375,background
S01_U04.CH4.wav,7037.28,7037.4799375,foreground
S01_U04.CH4.wav,7037.32,7038.7999375,background
S01_U04.CH4.wav,7038.64,7038.9999375,foreground
S01_U04.CH4.wav,7038.84,7042.8799375,background
S01_U04.CH4.wav,7042.72,7043.3999375,foreground
S01_U04.CH4.wav,7043.24,7045.6399375,background
S01_U04.CH4.wav,7045.48,7045.7999375,foreground
S01_U04.CH4.wav,7045.64,7049.5999375,background
S01_U04.CH4.wav,7049.44,7049.6399375,foreground
S01_U04.CH4.wav,7049.48,7050.7999375,background
S01_U04.CH4.wav,7050.64,7050.8799375,foreground
S01_U04.CH4.wav,7050.72,7051.2399375,background
S01_U04.CH4.wav,7051.08,7051.4399375,foreground
S01_U04.CH4.wav,7051.28,7052.4399375,background
S01_U04.CH4.wav,7052.28,7052.5199375,foreground
S01_U04.CH4.wav,7052.36,7052.5999375,background
S01_U04.CH4.wav,7052.44,7052.7599375,foreground
S01_U04.CH4.wav,7052.6,7053.3599375,background
S01_U04.CH4.wav,7053.2,7053.3999375,foreground
S01_U04.CH4.wav,7053.24,7053.9599375,background
S01_U04.CH4.wav,7053.8,7054.7599375,foreground
S01_U04.CH4.wav,7054.6,7055.9999375,background
S01_U04.CH4.wav,7055.84,7056.0399375,foreground
S01_U04.CH4.wav,7055.88,7056.1599375,background
S01_U04.CH4.wav,7056,7056.8399375,foreground
S01_U04.CH4.wav,7056.68,7056.9199375,background
S01_U04.CH4.wav,7056.76,7057.1599375,foreground
S01_U04.CH4.wav,7057,7057.3999375,background
S01_U04.CH4.wav,7057.24,7057.4399375,foreground
S01_U04.CH4.wav,7057.28,7058.0399375,background
S01_U04.CH4.wav,7057.88,7058.1199375,foreground
S01_U04.CH4.wav,7057.96,7058.1999375,background
S01_U04.CH4.wav,7058.04,7058.2399375,foreground
S01_U04.CH4.wav,7058.08,7059.0799375,background
S01_U04.CH4.wav,7058.92,7059.2799375,foreground
S01_U04.CH4.wav,7059.12,7059.9599375,background
S01_U04.CH4.wav,7059.8,7060.1199375,foreground
S01_U04.CH4.wav,7059.96,7062.8399375,background
S01_U04.CH4.wav,7062.68,7062.9199375,foreground
S01_U04.CH4.wav,7062.76,7063.0799375,background
S01_U04.CH4.wav,7062.92,7063.1199375,foreground
S01_U04.CH4.wav,7062.96,7068.4799375,background
S01_U04.CH4.wav,7068.32,7068.6399375,foreground
S01_U04.CH4.wav,7068.48,7068.9999375,background
S01_U04.CH4.wav,7068.84,7069.0799375,foreground
S01_U04.CH4.wav,7068.92,7069.2799375,background
S01_U04.CH4.wav,7069.12,7069.3599375,foreground
S01_U04.CH4.wav,7069.2,7069.3999375,background
S01_U04.CH4.wav,7069.24,7069.5199375,foreground
S01_U04.CH4.wav,7069.36,7069.5599375,background
S01_U04.CH4.wav,7069.4,7069.6399375,foreground
S01_U04.CH4.wav,7069.48,7070.1199375,background
S01_U04.CH4.wav,7069.96,7070.3199375,foreground
S01_U04.CH4.wav,7070.16,7070.9599375,background
S01_U04.CH4.wav,7070.8,7070.9999375,foreground
S01_U04.CH4.wav,7070.84,7071.6399375,background
S01_U04.CH4.wav,7071.48,7071.6799375,foreground
S01_U04.CH4.wav,7071.52,7074.3199375,background
S01_U04.CH4.wav,7074.16,7074.3999375,foreground
S01_U04.CH4.wav,7074.24,7074.8799375,background
S01_U04.CH4.wav,7074.72,7074.9199375,foreground
S01_U04.CH4.wav,7074.76,7074.9599375,background
S01_U04.CH4.wav,7074.8,7075.1999375,foreground
S01_U04.CH4.wav,7075.04,7078.2799375,background
S01_U04.CH4.wav,7078.12,7078.3999375,foreground
S01_U04.CH4.wav,7078.24,7078.6399375,background
S01_U04.CH4.wav,7078.48,7078.9999375,foreground
S01_U04.CH4.wav,7078.84,7081.7599375,background
S01_U04.CH4.wav,7081.6,7081.7999375,foreground
S01_U04.CH4.wav,7081.64,7083.9199375,background
S01_U04.CH4.wav,7083.76,7084.1199375,foreground
S01_U04.CH4.wav,7083.96,7084.1599375,background
S01_U04.CH4.wav,7084,7084.3199375,foreground
S01_U04.CH4.wav,7084.16,7089.8799375,background
S01_U04.CH4.wav,7089.72,7090.3999375,foreground
S01_U04.CH4.wav,7090.24,7093.3199375,background
S01_U04.CH4.wav,7093.16,7093.4799375,foreground
S01_U04.CH4.wav,7093.32,7097.1599375,background
S01_U04.CH4.wav,7097,7097.5199375,foreground
S01_U04.CH4.wav,7097.36,7097.5599375,background
S01_U04.CH4.wav,7097.4,7097.5999375,foreground
S01_U04.CH4.wav,7097.44,7107.5199375,background
S01_U04.CH4.wav,7107.36,7107.5599375,foreground
S01_U04.CH4.wav,7107.4,7108.1199375,background
S01_U04.CH4.wav,7107.96,7108.1599375,foreground
S01_U04.CH4.wav,7108,7109.2799375,background
S01_U04.CH4.wav,7109.12,7109.5999375,foreground
S01_U04.CH4.wav,7109.44,7109.6399375,background
S01_U04.CH4.wav,7109.48,7109.6799375,foreground
S01_U04.CH4.wav,7109.52,7110.1599375,background
S01_U04.CH4.wav,7110,7110.2799375,foreground
S01_U04.CH4.wav,7110.12,7112.7599375,background
S01_U04.CH4.wav,7112.6,7112.8399375,foreground
S01_U04.CH4.wav,7112.68,7120.2799375,background
S01_U04.CH4.wav,7120.12,7120.3199375,foreground
S01_U04.CH4.wav,7120.16,7120.3599375,background
S01_U04.CH4.wav,7120.2,7120.5199375,foreground
S01_U04.CH4.wav,7120.36,7126.5599375,background
S01_U04.CH4.wav,7126.4,7126.6399375,foreground
S01_U04.CH4.wav,7126.48,7126.6799375,background
S01_U04.CH4.wav,7126.52,7126.7199375,foreground
S01_U04.CH4.wav,7126.56,7127.1599375,background
S01_U04.CH4.wav,7127,7127.3199375,foreground
S01_U04.CH4.wav,7127.16,7127.5999375,background
S01_U04.CH4.wav,7127.44,7127.7199375,foreground
S01_U04.CH4.wav,7127.56,7127.7599375,background
S01_U04.CH4.wav,7127.6,7127.9599375,foreground
S01_U04.CH4.wav,7127.8,7132.9599375,background
S01_U04.CH4.wav,7132.8,7133.1199375,foreground
S01_U04.CH4.wav,7132.96,7135.0399375,background
S01_U04.CH4.wav,7134.88,7135.1199375,foreground
S01_U04.CH4.wav,7134.96,7137.8399375,background
S01_U04.CH4.wav,7137.68,7137.9599375,foreground
S01_U04.CH4.wav,7137.8,7138.0799375,background
S01_U04.CH4.wav,7137.92,7138.3199375,foreground
S01_U04.CH4.wav,7138.16,7138.5199375,background
S01_U04.CH4.wav,7138.36,7138.5999375,foreground
S01_U04.CH4.wav,7138.44,7138.6799375,background
S01_U04.CH4.wav,7138.52,7138.9999375,foreground
S01_U04.CH4.wav,7138.84,7147.4399375,background
S01_U04.CH4.wav,7147.28,7147.4799375,foreground
S01_U04.CH4.wav,7147.32,7155.5599375,background
S01_U04.CH4.wav,7155.4,7155.7199375,foreground
S01_U04.CH4.wav,7155.56,7155.7599375,background
S01_U04.CH4.wav,7155.6,7155.7999375,foreground
S01_U04.CH4.wav,7155.64,7157.0799375,background
S01_U04.CH4.wav,7156.92,7157.1999375,foreground
S01_U04.CH4.wav,7157.04,7157.4399375,background
S01_U04.CH4.wav,7157.28,7157.4799375,foreground
S01_U04.CH4.wav,7157.32,7157.5999375,background
S01_U04.CH4.wav,7157.44,7157.7199375,foreground
S01_U04.CH4.wav,7157.56,7158.4799375,background
S01_U04.CH4.wav,7158.32,7158.5199375,foreground
S01_U04.CH4.wav,7158.36,7158.9999375,background
S01_U04.CH4.wav,7158.84,7159.0399375,foreground
S01_U04.CH4.wav,7158.88,7159.2399375,background
S01_U04.CH4.wav,7159.08,7159.6799375,foreground
S01_U04.CH4.wav,7159.52,7160.1999375,background
S01_U04.CH4.wav,7160.04,7160.2399375,foreground
S01_U04.CH4.wav,7160.08,7160.2799375,background
S01_U04.CH4.wav,7160.12,7160.6799375,foreground
S01_U04.CH4.wav,7160.52,7160.9999375,background
S01_U04.CH4.wav,7160.84,7161.1199375,foreground
S01_U04.CH4.wav,7160.96,7161.4799375,background
S01_U04.CH4.wav,7161.32,7161.5199375,foreground
S01_U04.CH4.wav,7161.36,7161.5999375,background
S01_U04.CH4.wav,7161.44,7161.6399375,foreground
S01_U04.CH4.wav,7161.48,7161.7999375,background
S01_U04.CH4.wav,7161.64,7162.0399375,foreground
S01_U04.CH4.wav,7161.88,7162.4399375,background
S01_U04.CH4.wav,7162.28,7162.7199375,foreground
S01_U04.CH4.wav,7162.56,7163.6799375,background
S01_U04.CH4.wav,7163.52,7163.7599375,foreground
S01_U04.CH4.wav,7163.6,7166.9199375,background
S01_U04.CH4.wav,7166.76,7166.9599375,foreground
S01_U04.CH4.wav,7166.8,7167.1999375,background
S01_U04.CH4.wav,7167.04,7167.2399375,foreground
S01_U04.CH4.wav,7167.08,7167.3199375,background
S01_U04.CH4.wav,7167.16,7167.7199375,foreground
S01_U04.CH4.wav,7167.56,7168.7599375,background
S01_U04.CH4.wav,7168.6,7168.9599375,foreground
S01_U04.CH4.wav,7168.8,7182.9199375,background
S01_U04.CH4.wav,7182.76,7183.2799375,foreground
S01_U04.CH4.wav,7183.12,7183.3599375,background
S01_U04.CH4.wav,7183.2,7183.5999375,foreground
S01_U04.CH4.wav,7183.44,7183.7199375,background
S01_U04.CH4.wav,7183.56,7183.9199375,foreground
S01_U04.CH4.wav,7183.76,7184.5599375,background
S01_U04.CH4.wav,7184.4,7184.5999375,foreground
S01_U04.CH4.wav,7184.44,7184.7199375,background
S01_U04.CH4.wav,7184.56,7184.7999375,foreground
S01_U04.CH4.wav,7184.64,7188.4399375,background
S01_U04.CH4.wav,7188.28,7188.5599375,foreground
S01_U04.CH4.wav,7188.4,7188.5999375,background
S01_U04.CH4.wav,7188.44,7188.7199375,foreground
S01_U04.CH4.wav,7188.56,7189.0399375,background
S01_U04.CH4.wav,7188.88,7189.1999375,foreground
S01_U04.CH4.wav,7189.04,7192.8799375,background
S01_U04.CH4.wav,7192.72,7192.9599375,foreground
S01_U04.CH4.wav,7192.8,7193.0799375,background
S01_U04.CH4.wav,7192.92,7193.5199375,foreground
S01_U04.CH4.wav,7193.36,7193.5999375,background
S01_U04.CH4.wav,7193.44,7193.8399375,foreground
S01_U04.CH4.wav,7193.68,7193.8799375,background
S01_U04.CH4.wav,7193.72,7194.0799375,foreground
S01_U04.CH4.wav,7193.92,7194.4399375,background
S01_U04.CH4.wav,7194.28,7194.5599375,foreground
S01_U04.CH4.wav,7194.4,7194.5999375,background
S01_U04.CH4.wav,7194.44,7194.6799375,foreground
S01_U04.CH4.wav,7194.52,7202.9599375,background
S01_U04.CH4.wav,7202.8,7202.9999375,foreground
S01_U04.CH4.wav,7202.84,7203.2399375,background
S01_U04.CH4.wav,7203.08,7203.3199375,foreground
S01_U04.CH4.wav,7203.16,7205.1999375,background
S01_U04.CH4.wav,7205.04,7205.2399375,foreground
S01_U04.CH4.wav,7205.08,7206.3199375,background
S01_U04.CH4.wav,7206.16,7206.4399375,foreground
S01_U04.CH4.wav,7206.28,7207.3199375,background
S01_U04.CH4.wav,7207.16,7207.3999375,foreground
S01_U04.CH4.wav,7207.24,7209.8799375,background
S01_U04.CH4.wav,7209.72,7209.9999375,foreground
S01_U04.CH4.wav,7209.84,7211.3199375,background
S01_U04.CH4.wav,7211.16,7211.3999375,foreground
S01_U04.CH4.wav,7211.24,7212.1199375,background
S01_U04.CH4.wav,7211.96,7212.1599375,foreground
S01_U04.CH4.wav,7212,7213.0799375,background
S01_U04.CH4.wav,7212.92,7213.1199375,foreground
S01_U04.CH4.wav,7212.96,7213.4399375,background
S01_U04.CH4.wav,7213.28,7213.4799375,foreground
S01_U04.CH4.wav,7213.32,7218.0799375,background
S01_U04.CH4.wav,7217.92,7218.1599375,foreground
S01_U04.CH4.wav,7218,7218.3199375,background
S01_U04.CH4.wav,7218.16,7218.4399375,foreground
S01_U04.CH4.wav,7218.28,7218.9999375,background
S01_U04.CH4.wav,7218.84,7219.0399375,foreground
S01_U04.CH4.wav,7218.88,7219.5599375,background
S01_U04.CH4.wav,7219.4,7219.6399375,foreground
S01_U04.CH4.wav,7219.48,7220.1999375,background
S01_U04.CH4.wav,7220.04,7220.3999375,foreground
S01_U04.CH4.wav,7220.24,7221.9599375,background
S01_U04.CH4.wav,7221.8,7222.2399375,foreground
S01_U04.CH4.wav,7222.08,7223.3599375,background
S01_U04.CH4.wav,7223.2,7223.4399375,foreground
S01_U04.CH4.wav,7223.28,7228.2399375,background
S01_U04.CH4.wav,7228.08,7228.3599375,foreground
S01_U04.CH4.wav,7228.2,7228.3999375,background
S01_U04.CH4.wav,7228.24,7228.4799375,foreground
S01_U04.CH4.wav,7228.32,7228.6399375,background
S01_U04.CH4.wav,7228.48,7228.7999375,foreground
S01_U04.CH4.wav,7228.64,7229.0799375,background
S01_U04.CH4.wav,7228.92,7229.1599375,foreground
S01_U04.CH4.wav,7229,7229.1999375,background
S01_U04.CH4.wav,7229.04,7229.2799375,foreground
S01_U04.CH4.wav,7229.12,7229.8399375,background
S01_U04.CH4.wav,7229.68,7229.9999375,foreground
S01_U04.CH4.wav,7229.84,7230.5999375,background
S01_U04.CH4.wav,7230.44,7231.1599375,foreground
S01_U04.CH4.wav,7231,7231.9599375,background
S01_U04.CH4.wav,7231.8,7232.1999375,foreground
S01_U04.CH4.wav,7232.04,7232.3599375,background
S01_U04.CH4.wav,7232.2,7232.6799375,foreground
S01_U04.CH4.wav,7232.52,7235.2399375,background
S01_U04.CH4.wav,7235.08,7235.2799375,foreground
S01_U04.CH4.wav,7235.12,7235.7999375,background
S01_U04.CH4.wav,7235.64,7235.8799375,foreground
S01_U04.CH4.wav,7235.72,7236.1999375,background
S01_U04.CH4.wav,7236.04,7236.3599375,foreground
S01_U04.CH4.wav,7236.2,7237.2799375,background
S01_U04.CH4.wav,7237.12,7237.4399375,foreground
S01_U04.CH4.wav,7237.28,7238.3599375,background
S01_U04.CH4.wav,7238.2,7238.3999375,foreground
S01_U04.CH4.wav,7238.24,7238.4399375,background
S01_U04.CH4.wav,7238.28,7238.5199375,foreground
S01_U04.CH4.wav,7238.36,7239.5999375,background
S01_U04.CH4.wav,7239.44,7239.6399375,foreground
S01_U04.CH4.wav,7239.48,7243.9599375,background
S01_U04.CH4.wav,7243.8,7244.0399375,foreground
S01_U04.CH4.wav,7243.88,7244.3999375,background
S01_U04.CH4.wav,7244.24,7244.6399375,foreground
S01_U04.CH4.wav,7244.48,7244.6799375,background
S01_U04.CH4.wav,7244.52,7244.7599375,foreground
S01_U04.CH4.wav,7244.6,7245.1599375,background
S01_U04.CH4.wav,7245,7245.2799375,foreground
S01_U04.CH4.wav,7245.12,7246.1999375,background
S01_U04.CH4.wav,7246.04,7246.2399375,foreground
S01_U04.CH4.wav,7246.08,7247.5599375,background
S01_U04.CH4.wav,7247.4,7247.5999375,foreground
S01_U04.CH4.wav,7247.44,7247.7199375,background
S01_U04.CH4.wav,7247.56,7247.7599375,foreground
S01_U04.CH4.wav,7247.6,7248.8799375,background
S01_U04.CH4.wav,7248.72,7249.0399375,foreground
S01_U04.CH4.wav,7248.88,7249.3199375,background
S01_U04.CH4.wav,7249.16,7249.3599375,foreground
S01_U04.CH4.wav,7249.2,7249.9999375,background
S01_U04.CH4.wav,7249.84,7250.1199375,foreground
S01_U04.CH4.wav,7249.96,7250.5199375,background
S01_U04.CH4.wav,7250.36,7250.5599375,foreground
S01_U04.CH4.wav,7250.4,7251.0799375,background
S01_U04.CH4.wav,7250.92,7251.1599375,foreground
S01_U04.CH4.wav,7251,7251.2399375,background
S01_U04.CH4.wav,7251.08,7251.3599375,foreground
S01_U04.CH4.wav,7251.2,7251.7599375,background
S01_U04.CH4.wav,7251.6,7251.7999375,foreground
S01_U04.CH4.wav,7251.64,7252.2399375,background
S01_U04.CH4.wav,7252.08,7252.3199375,foreground
S01_U04.CH4.wav,7252.16,7253.5199375,background
S01_U04.CH4.wav,7253.36,7253.7999375,foreground
S01_U04.CH4.wav,7253.64,7254.2799375,background
S01_U04.CH4.wav,7254.12,7254.3999375,foreground
S01_U04.CH4.wav,7254.24,7255.5599375,background
S01_U04.CH4.wav,7255.4,7255.7199375,foreground
S01_U04.CH4.wav,7255.56,7256.0799375,background
S01_U04.CH4.wav,7255.92,7256.1599375,foreground
S01_U04.CH4.wav,7256,7258.5999375,background
S01_U04.CH4.wav,7258.44,7259.2399375,foreground
S01_U04.CH4.wav,7259.08,7261.2399375,background
S01_U04.CH4.wav,7261.08,7261.5999375,foreground
S01_U04.CH4.wav,7261.44,7261.9999375,background
S01_U04.CH4.wav,7261.84,7262.0399375,foreground
S01_U04.CH4.wav,7261.88,7262.0799375,background
S01_U04.CH4.wav,7261.92,7262.1199375,foreground
S01_U04.CH4.wav,7261.96,7262.5999375,background
S01_U04.CH4.wav,7262.44,7262.6399375,foreground
S01_U04.CH4.wav,7262.48,7262.7999375,background
S01_U04.CH4.wav,7262.64,7262.9999375,foreground
S01_U04.CH4.wav,7262.84,7263.3199375,background
S01_U04.CH4.wav,7263.16,7263.6799375,foreground
S01_U04.CH4.wav,7263.52,7264.3199375,background
S01_U04.CH4.wav,7264.16,7264.4799375,foreground
S01_U04.CH4.wav,7264.32,7264.6799375,background
S01_U04.CH4.wav,7264.52,7264.7199375,foreground
S01_U04.CH4.wav,7264.56,7264.7599375,background
S01_U04.CH4.wav,7264.6,7264.7999375,foreground
S01_U04.CH4.wav,7264.64,7264.9999375,background
S01_U04.CH4.wav,7264.84,7265.2399375,foreground
S01_U04.CH4.wav,7265.08,7265.3199375,background
S01_U04.CH4.wav,7265.16,7265.8799375,foreground
S01_U04.CH4.wav,7265.72,7266.0399375,background
S01_U04.CH4.wav,7265.88,7266.1199375,foreground
S01_U04.CH4.wav,7265.96,7266.4799375,background
S01_U04.CH4.wav,7266.32,7266.7199375,foreground
S01_U04.CH4.wav,7266.56,7266.8799375,background
S01_U04.CH4.wav,7266.72,7266.9599375,foreground
S01_U04.CH4.wav,7266.8,7267.9199375,background
S01_U04.CH4.wav,7267.76,7268.0799375,foreground
S01_U04.CH4.wav,7267.92,7268.3199375,background
S01_U04.CH4.wav,7268.16,7268.5599375,foreground
S01_U04.CH4.wav,7268.4,7269.0799375,background
S01_U04.CH4.wav,7268.92,7269.1599375,foreground
S01_U04.CH4.wav,7269,7269.5199375,background
S01_U04.CH4.wav,7269.36,7269.6399375,foreground
S01_U04.CH4.wav,7269.48,7269.8399375,background
S01_U04.CH4.wav,7269.68,7270.0399375,foreground
S01_U04.CH4.wav,7269.88,7270.2799375,background
S01_U04.CH4.wav,7270.12,7270.3999375,foreground
S01_U04.CH4.wav,7270.24,7270.5999375,background
S01_U04.CH4.wav,7270.44,7270.7999375,foreground
S01_U04.CH4.wav,7270.64,7270.8399375,background
S01_U04.CH4.wav,7270.68,7270.8799375,foreground
S01_U04.CH4.wav,7270.72,7270.9599375,background
S01_U04.CH4.wav,7270.8,7270.9999375,foreground
S01_U04.CH4.wav,7270.84,7271.9999375,background
S01_U04.CH4.wav,7271.84,7272.1999375,foreground
S01_U04.CH4.wav,7272.04,7272.7599375,background
S01_U04.CH4.wav,7272.6,7272.9599375,foreground
S01_U04.CH4.wav,7272.8,7273.0399375,background
S01_U04.CH4.wav,7272.88,7273.0799375,foreground
S01_U04.CH4.wav,7272.92,7273.1199375,background
S01_U04.CH4.wav,7272.96,7273.1599375,foreground
S01_U04.CH4.wav,7273,7273.1999375,background
S01_U04.CH4.wav,7273.04,7273.2399375,foreground
S01_U04.CH4.wav,7273.08,7273.4399375,background
S01_U04.CH4.wav,7273.28,7273.5599375,foreground
S01_U04.CH4.wav,7273.4,7274.0799375,background
S01_U04.CH4.wav,7273.92,7274.1599375,foreground
S01_U04.CH4.wav,7274,7274.5599375,background
S01_U04.CH4.wav,7274.4,7274.8799375,foreground
S01_U04.CH4.wav,7274.72,7275.6399375,background
S01_U04.CH4.wav,7275.48,7275.7199375,foreground
S01_U04.CH4.wav,7275.56,7276.1199375,background
S01_U04.CH4.wav,7275.96,7276.1999375,foreground
S01_U04.CH4.wav,7276.04,7276.4799375,background
S01_U04.CH4.wav,7276.32,7276.5199375,foreground
S01_U04.CH4.wav,7276.36,7276.7999375,background
S01_U04.CH4.wav,7276.64,7277.1599375,foreground
S01_U04.CH4.wav,7277,7277.1999375,background
S01_U04.CH4.wav,7277.04,7277.2799375,foreground
S01_U04.CH4.wav,7277.12,7277.7999375,background
S01_U04.CH4.wav,7277.64,7277.9199375,foreground
S01_U04.CH4.wav,7277.76,7278.1999375,background
S01_U04.CH4.wav,7278.04,7278.4399375,foreground
S01_U04.CH4.wav,7278.28,7278.4799375,background
S01_U04.CH4.wav,7278.32,7278.5599375,foreground
S01_U04.CH4.wav,7278.4,7280.1999375,background
S01_U04.CH4.wav,7280.04,7280.2399375,foreground
S01_U04.CH4.wav,7280.08,7280.2799375,background
S01_U04.CH4.wav,7280.12,7280.3599375,foreground
S01_U04.CH4.wav,7280.2,7280.5599375,background
S01_U04.CH4.wav,7280.4,7280.6399375,foreground
S01_U04.CH4.wav,7280.48,7281.2399375,background
S01_U04.CH4.wav,7281.08,7281.7599375,foreground
S01_U04.CH4.wav,7281.6,7282.5599375,background
S01_U04.CH4.wav,7282.4,7282.5999375,foreground
S01_U04.CH4.wav,7282.44,7282.6399375,background
S01_U04.CH4.wav,7282.48,7282.6799375,foreground
S01_U04.CH4.wav,7282.52,7282.7999375,background
S01_U04.CH4.wav,7282.64,7282.9199375,foreground
S01_U04.CH4.wav,7282.76,7283.2799375,background
S01_U04.CH4.wav,7283.12,7283.3599375,foreground
S01_U04.CH4.wav,7283.2,7283.5599375,background
S01_U04.CH4.wav,7283.4,7283.6799375,foreground
S01_U04.CH4.wav,7283.52,7283.9199375,background
S01_U04.CH4.wav,7283.76,7283.9599375,foreground
S01_U04.CH4.wav,7283.8,7284.0799375,background
S01_U04.CH4.wav,7283.92,7284.1199375,foreground
S01_U04.CH4.wav,7283.96,7285.5199375,background
S01_U04.CH4.wav,7285.36,7285.7999375,foreground
S01_U04.CH4.wav,7285.64,7286.8799375,background
S01_U04.CH4.wav,7286.72,7287.0399375,foreground
S01_U04.CH4.wav,7286.88,7287.2399375,background
S01_U04.CH4.wav,7287.08,7287.9199375,foreground
S01_U04.CH4.wav,7287.76,7288.3999375,background
S01_U04.CH4.wav,7288.24,7288.4799375,foreground
S01_U04.CH4.wav,7288.32,7288.5199375,background
S01_U04.CH4.wav,7288.36,7288.7599375,foreground
S01_U04.CH4.wav,7288.6,7289.1199375,background
S01_U04.CH4.wav,7288.96,7289.2399375,foreground
S01_U04.CH4.wav,7289.08,7289.2799375,background
S01_U04.CH4.wav,7289.12,7289.3199375,foreground
S01_U04.CH4.wav,7289.16,7290.1199375,background
S01_U04.CH4.wav,7289.96,7290.3199375,foreground
S01_U04.CH4.wav,7290.16,7290.4799375,background
S01_U04.CH4.wav,7290.32,7290.5199375,foreground
S01_U04.CH4.wav,7290.36,7290.5599375,background
S01_U04.CH4.wav,7290.4,7290.8799375,foreground
S01_U04.CH4.wav,7290.72,7291.0799375,background
S01_U04.CH4.wav,7290.92,7291.1999375,foreground
S01_U04.CH4.wav,7291.04,7291.5199375,background
S01_U04.CH4.wav,7291.36,7291.5599375,foreground
S01_U04.CH4.wav,7291.4,7294.1599375,background
S01_U04.CH4.wav,7294,7294.1999375,foreground
S01_U04.CH4.wav,7294.04,7295.4799375,background
S01_U04.CH4.wav,7295.32,7295.7999375,foreground
S01_U04.CH4.wav,7295.64,7296.5999375,background
S01_U04.CH4.wav,7296.44,7296.7999375,foreground
S01_U04.CH4.wav,7296.64,7296.8399375,background
S01_U04.CH4.wav,7296.68,7297.0799375,foreground
S01_U04.CH4.wav,7296.92,7297.4799375,background
S01_U04.CH4.wav,7297.32,7297.7199375,foreground
S01_U04.CH4.wav,7297.56,7298.2799375,background
S01_U04.CH4.wav,7298.12,7298.3599375,foreground
S01_U04.CH4.wav,7298.2,7298.4799375,background
S01_U04.CH4.wav,7298.32,7298.5199375,foreground
S01_U04.CH4.wav,7298.36,7301.1999375,background
S01_U04.CH4.wav,7301.04,7301.2399375,foreground
S01_U04.CH4.wav,7301.08,7301.6399375,background
S01_U04.CH4.wav,7301.48,7301.6799375,foreground
S01_U04.CH4.wav,7301.52,7314.2399375,background
S01_U04.CH4.wav,7314.08,7314.5599375,foreground
S01_U04.CH4.wav,7314.4,7315.1599375,background
S01_U04.CH4.wav,7315,7315.1999375,foreground
S01_U04.CH4.wav,7315.04,7315.3999375,background
S01_U04.CH4.wav,7315.24,7315.9999375,foreground
S01_U04.CH4.wav,7315.84,7319.1599375,background
S01_U04.CH4.wav,7319,7319.2799375,foreground
S01_U04.CH4.wav,7319.12,7323.9599375,background
S01_U04.CH4.wav,7323.8,7324.0399375,foreground
S01_U04.CH4.wav,7323.88,7324.3199375,background
S01_U04.CH4.wav,7324.16,7324.4399375,foreground
S01_U04.CH4.wav,7324.28,7324.6399375,background
S01_U04.CH4.wav,7324.48,7324.9599375,foreground
S01_U04.CH4.wav,7324.8,7325.0799375,background
S01_U04.CH4.wav,7324.92,7325.4399375,foreground
S01_U04.CH4.wav,7325.28,7325.7599375,background
S01_U04.CH4.wav,7325.6,7325.9599375,foreground
S01_U04.CH4.wav,7325.8,7326.1999375,background
S01_U04.CH4.wav,7326.04,7326.4799375,foreground
S01_U04.CH4.wav,7326.32,7327.6799375,background
S01_U04.CH4.wav,7327.52,7327.7599375,foreground
S01_U04.CH4.wav,7327.6,7335.5599375,background
S01_U04.CH4.wav,7335.4,7335.8399375,foreground
S01_U04.CH4.wav,7335.68,7336.1199375,background
S01_U04.CH4.wav,7335.96,7336.3999375,foreground
S01_U04.CH4.wav,7336.24,7338.0799375,background
S01_U04.CH4.wav,7337.92,7338.2799375,foreground
S01_U04.CH4.wav,7338.12,7338.5199375,background
S01_U04.CH4.wav,7338.36,7338.6799375,foreground
S01_U04.CH4.wav,7338.52,7338.7199375,background
S01_U04.CH4.wav,7338.56,7338.7599375,foreground
S01_U04.CH4.wav,7338.6,7338.7999375,background
S01_U04.CH4.wav,7338.64,7338.8399375,foreground
S01_U04.CH4.wav,7338.68,7339.4399375,background
S01_U04.CH4.wav,7339.28,7339.4799375,foreground
S01_U04.CH4.wav,7339.32,7339.8799375,background
S01_U04.CH4.wav,7339.72,7339.9599375,foreground
S01_U04.CH4.wav,7339.8,7340.0799375,background
S01_U04.CH4.wav,7339.92,7340.5199375,foreground
S01_U04.CH4.wav,7340.36,7340.6799375,background
S01_U04.CH4.wav,7340.52,7340.7599375,foreground
S01_U04.CH4.wav,7340.6,7341.1199375,background
S01_U04.CH4.wav,7340.96,7341.1999375,foreground
S01_U04.CH4.wav,7341.04,7341.2399375,background
S01_U04.CH4.wav,7341.08,7341.3999375,foreground
S01_U04.CH4.wav,7341.24,7341.4399375,background
S01_U04.CH4.wav,7341.28,7341.6799375,foreground
S01_U04.CH4.wav,7341.52,7341.7599375,background
S01_U04.CH4.wav,7341.6,7341.9599375,foreground
S01_U04.CH4.wav,7341.8,7342.0399375,background
S01_U04.CH4.wav,7341.88,7342.1599375,foreground
S01_U04.CH4.wav,7342,7342.8399375,background
S01_U04.CH4.wav,7342.68,7342.8799375,foreground
S01_U04.CH4.wav,7342.72,7343.0799375,background
S01_U04.CH4.wav,7342.92,7343.2799375,foreground
S01_U04.CH4.wav,7343.12,7343.5199375,background
S01_U04.CH4.wav,7343.36,7343.7199375,foreground
S01_U04.CH4.wav,7343.56,7343.7999375,background
S01_U04.CH4.wav,7343.64,7343.8799375,foreground
S01_U04.CH4.wav,7343.72,7343.9599375,background
S01_U04.CH4.wav,7343.8,7344.3599375,foreground
S01_U04.CH4.wav,7344.2,7344.5599375,background
S01_U04.CH4.wav,7344.4,7344.9999375,foreground
S01_U04.CH4.wav,7344.84,7345.0399375,background
S01_U04.CH4.wav,7344.88,7345.0799375,foreground
S01_U04.CH4.wav,7344.92,7345.1999375,background
S01_U04.CH4.wav,7345.04,7345.2399375,foreground
S01_U04.CH4.wav,7345.08,7345.5199375,background
S01_U04.CH4.wav,7345.36,7345.6799375,foreground
S01_U04.CH4.wav,7345.52,7346.0399375,background
S01_U04.CH4.wav,7345.88,7346.1199375,foreground
S01_U04.CH4.wav,7345.96,7346.6799375,background
S01_U04.CH4.wav,7346.52,7346.7199375,foreground
S01_U04.CH4.wav,7346.56,7346.9999375,background
S01_U04.CH4.wav,7346.84,7347.0399375,foreground
S01_U04.CH4.wav,7346.88,7347.1199375,background
S01_U04.CH4.wav,7346.96,7347.1599375,foreground
S01_U04.CH4.wav,7347,7347.2799375,background
S01_U04.CH4.wav,7347.12,7347.3599375,foreground
S01_U04.CH4.wav,7347.2,7349.2799375,background
S01_U04.CH4.wav,7349.12,7349.3199375,foreground
S01_U04.CH4.wav,7349.16,7350.7999375,background
S01_U04.CH4.wav,7350.64,7350.9599375,foreground
S01_U04.CH4.wav,7350.8,7352.9999375,background
S01_U04.CH4.wav,7352.84,7353.0399375,foreground
S01_U04.CH4.wav,7352.88,7359.1199375,background
S01_U04.CH4.wav,7358.96,7359.3199375,foreground
S01_U04.CH4.wav,7359.16,7361.4799375,background
S01_U04.CH4.wav,7361.32,7361.5199375,foreground
S01_U04.CH4.wav,7361.36,7363.9999375,background
S01_U04.CH4.wav,7363.84,7364.0399375,foreground
S01_U04.CH4.wav,7363.88,7369.2399375,background
S01_U04.CH4.wav,7369.08,7369.3999375,foreground
S01_U04.CH4.wav,7369.24,7379.5999375,background
S01_U04.CH4.wav,7379.44,7379.6399375,foreground
S01_U04.CH4.wav,7379.48,7380.8799375,background
S01_U04.CH4.wav,7380.72,7380.9599375,foreground
S01_U04.CH4.wav,7380.8,7381.9999375,background
S01_U04.CH4.wav,7381.84,7382.2399375,foreground
S01_U04.CH4.wav,7382.08,7387.6399375,background
S01_U04.CH4.wav,7387.48,7387.6799375,foreground
S01_U04.CH4.wav,7387.52,7388.9199375,background
S01_U04.CH4.wav,7388.76,7388.9599375,foreground
S01_U04.CH4.wav,7388.8,7389.9999375,background
S01_U04.CH4.wav,7389.84,7390.0799375,foreground
S01_U04.CH4.wav,7389.92,7396.3999375,background
S01_U04.CH4.wav,7396.24,7396.4799375,foreground
S01_U04.CH4.wav,7396.32,7396.8799375,background
S01_U04.CH4.wav,7396.72,7396.9599375,foreground
S01_U04.CH4.wav,7396.8,7397.0399375,background
S01_U04.CH4.wav,7396.88,7397.2799375,foreground
S01_U04.CH4.wav,7397.12,7397.3199375,background
S01_U04.CH4.wav,7397.16,7397.6799375,foreground
S01_U04.CH4.wav,7397.52,7397.7199375,background
S01_U04.CH4.wav,7397.56,7398.3999375,foreground
S01_U04.CH4.wav,7398.24,7403.2799375,background
S01_U04.CH4.wav,7403.12,7403.6399375,foreground
S01_U04.CH4.wav,7403.48,7404.5999375,background
S01_U04.CH4.wav,7404.44,7404.7199375,foreground
S01_U04.CH4.wav,7404.56,7406.8799375,background
S01_U04.CH4.wav,7406.72,7406.9199375,foreground
S01_U04.CH4.wav,7406.76,7407.0399375,background
S01_U04.CH4.wav,7406.88,7407.3599375,foreground
S01_U04.CH4.wav,7407.2,7408.8399375,background
S01_U04.CH4.wav,7408.68,7409.0799375,foreground
S01_U04.CH4.wav,7408.92,7409.4799375,background
S01_U04.CH4.wav,7409.32,7409.6399375,foreground
S01_U04.CH4.wav,7409.48,7410.2399375,background
S01_U04.CH4.wav,7410.08,7410.3599375,foreground
S01_U04.CH4.wav,7410.2,7416.7999375,background
S01_U04.CH4.wav,7416.64,7416.8399375,foreground
S01_U04.CH4.wav,7416.68,7416.9599375,background
S01_U04.CH4.wav,7416.8,7416.9999375,foreground
S01_U04.CH4.wav,7416.84,7425.1599375,background
S01_U04.CH4.wav,7425,7425.1999375,foreground
S01_U04.CH4.wav,7425.04,7429.3199375,background
S01_U04.CH4.wav,7429.16,7429.3999375,foreground
S01_U04.CH4.wav,7429.24,7431.8399375,background
S01_U04.CH4.wav,7431.68,7432.0799375,foreground
S01_U04.CH4.wav,7431.92,7432.2399375,background
S01_U04.CH4.wav,7432.08,7432.5199375,foreground
S01_U04.CH4.wav,7432.36,7433.1599375,background
S01_U04.CH4.wav,7433,7433.3199375,foreground
S01_U04.CH4.wav,7433.16,7433.7199375,background
S01_U04.CH4.wav,7433.56,7433.7599375,foreground
S01_U04.CH4.wav,7433.6,7433.7999375,background
S01_U04.CH4.wav,7433.64,7433.8799375,foreground
S01_U04.CH4.wav,7433.72,7434.4399375,background
S01_U04.CH4.wav,7434.28,7434.9199375,foreground
S01_U04.CH4.wav,7434.76,7436.5599375,background
S01_U04.CH4.wav,7436.4,7436.8399375,foreground
S01_U04.CH4.wav,7436.68,7436.8799375,background
S01_U04.CH4.wav,7436.72,7436.9199375,foreground
S01_U04.CH4.wav,7436.76,7439.3999375,background
S01_U04.CH4.wav,7439.24,7439.5199375,foreground
S01_U04.CH4.wav,7439.36,7439.7199375,background
S01_U04.CH4.wav,7439.56,7439.7599375,foreground
S01_U04.CH4.wav,7439.6,7443.8799375,background
S01_U04.CH4.wav,7443.72,7444.0399375,foreground
S01_U04.CH4.wav,7443.88,7444.2799375,background
S01_U04.CH4.wav,7444.12,7444.3999375,foreground
S01_U04.CH4.wav,7444.24,7444.8799375,background
S01_U04.CH4.wav,7444.72,7445.0799375,foreground
S01_U04.CH4.wav,7444.92,7445.3999375,background
S01_U04.CH4.wav,7445.24,7445.6799375,foreground
S01_U04.CH4.wav,7445.52,7446.3999375,background
S01_U04.CH4.wav,7446.24,7446.7999375,foreground
S01_U04.CH4.wav,7446.64,7448.9599375,background
S01_U04.CH4.wav,7448.8,7449.1199375,foreground
S01_U04.CH4.wav,7448.96,7452.6399375,background
S01_U04.CH4.wav,7452.48,7452.7199375,foreground
S01_U04.CH4.wav,7452.56,7452.7999375,background
S01_U04.CH4.wav,7452.64,7452.9199375,foreground
S01_U04.CH4.wav,7452.76,7457.1199375,background
S01_U04.CH4.wav,7456.96,7457.2399375,foreground
S01_U04.CH4.wav,7457.08,7458.5599375,background
S01_U04.CH4.wav,7458.4,7458.6399375,foreground
S01_U04.CH4.wav,7458.48,7458.7999375,background
S01_U04.CH4.wav,7458.64,7458.8799375,foreground
S01_U04.CH4.wav,7458.72,7459.2799375,background
S01_U04.CH4.wav,7459.12,7459.8799375,foreground
S01_U04.CH4.wav,7459.72,7460.8799375,background
S01_U04.CH4.wav,7460.72,7460.9199375,foreground
S01_U04.CH4.wav,7460.76,7460.9599375,background
S01_U04.CH4.wav,7460.8,7461.1999375,foreground
S01_U04.CH4.wav,7461.04,7462.8399375,background
S01_U04.CH4.wav,7462.68,7462.9599375,foreground
S01_U04.CH4.wav,7462.8,7464.9199375,background
S01_U04.CH4.wav,7464.76,7464.9599375,foreground
S01_U04.CH4.wav,7464.8,7466.1999375,background
S01_U04.CH4.wav,7466.04,7466.4799375,foreground
S01_U04.CH4.wav,7466.32,7467.2399375,background
S01_U04.CH4.wav,7467.08,7467.2799375,foreground
S01_U04.CH4.wav,7467.12,7467.5599375,background
S01_U04.CH4.wav,7467.4,7467.5999375,foreground
S01_U04.CH4.wav,7467.44,7468.1199375,background
S01_U04.CH4.wav,7467.96,7468.1599375,foreground
S01_U04.CH4.wav,7468,7468.1999375,background
S01_U04.CH4.wav,7468.04,7468.3999375,foreground
S01_U04.CH4.wav,7468.24,7468.4399375,background
S01_U04.CH4.wav,7468.28,7468.8799375,foreground
S01_U04.CH4.wav,7468.72,7471.2799375,background
S01_U04.CH4.wav,7471.12,7471.3599375,foreground
S01_U04.CH4.wav,7471.2,7472.0399375,background
S01_U04.CH4.wav,7471.88,7472.2399375,foreground
S01_U04.CH4.wav,7472.08,7472.4399375,background
S01_U04.CH4.wav,7472.28,7472.4799375,foreground
S01_U04.CH4.wav,7472.32,7472.8799375,background
S01_U04.CH4.wav,7472.72,7472.9599375,foreground
S01_U04.CH4.wav,7472.8,7476.4399375,background
S01_U04.CH4.wav,7476.28,7476.5199375,foreground
S01_U04.CH4.wav,7476.36,7479.5599375,background
S01_U04.CH4.wav,7479.4,7479.5999375,foreground
S01_U04.CH4.wav,7479.44,7479.9999375,background
S01_U04.CH4.wav,7479.84,7480.0799375,foreground
S01_U04.CH4.wav,7479.92,7481.8799375,background
S01_U04.CH4.wav,7481.72,7481.9199375,foreground
S01_U04.CH4.wav,7481.76,7481.9999375,background
S01_U04.CH4.wav,7481.84,7482.2799375,foreground
S01_U04.CH4.wav,7482.12,7484.4399375,background
S01_U04.CH4.wav,7484.28,7484.5999375,foreground
S01_U04.CH4.wav,7484.44,7484.6399375,background
S01_U04.CH4.wav,7484.48,7484.6799375,foreground
S01_U04.CH4.wav,7484.52,7484.7199375,background
S01_U04.CH4.wav,7484.56,7484.7599375,foreground
S01_U04.CH4.wav,7484.6,7484.7999375,background
S01_U04.CH4.wav,7484.64,7484.9999375,foreground
S01_U04.CH4.wav,7484.84,7485.2399375,background
S01_U04.CH4.wav,7485.08,7485.2799375,foreground
S01_U04.CH4.wav,7485.12,7485.6399375,background
S01_U04.CH4.wav,7485.48,7485.7199375,foreground
S01_U04.CH4.wav,7485.56,7486.4799375,background
S01_U04.CH4.wav,7486.32,7486.5599375,foreground
S01_U04.CH4.wav,7486.4,7487.4399375,background
S01_U04.CH4.wav,7487.28,7487.4799375,foreground
S01_U04.CH4.wav,7487.32,7488.7599375,background
S01_U04.CH4.wav,7488.6,7488.9199375,foreground
S01_U04.CH4.wav,7488.76,7489.2399375,background
S01_U04.CH4.wav,7489.08,7489.3599375,foreground
S01_U04.CH4.wav,7489.2,7489.9999375,background
S01_U04.CH4.wav,7489.84,7490.0799375,foreground
S01_U04.CH4.wav,7489.92,7490.3599375,background
S01_U04.CH4.wav,7490.2,7490.8399375,foreground
S01_U04.CH4.wav,7490.68,7491.7199375,background
S01_U04.CH4.wav,7491.56,7491.7599375,foreground
S01_U04.CH4.wav,7491.6,7495.7999375,background
S01_U04.CH4.wav,7495.64,7496.0399375,foreground
S01_U04.CH4.wav,7495.88,7496.2799375,background
S01_U04.CH4.wav,7496.12,7496.3199375,foreground
S01_U04.CH4.wav,7496.16,7496.7599375,background
S01_U04.CH4.wav,7496.6,7496.8399375,foreground
S01_U04.CH4.wav,7496.68,7497.9999375,background
S01_U04.CH4.wav,7497.84,7498.3199375,foreground
S01_U04.CH4.wav,7498.16,7499.2399375,background
S01_U04.CH4.wav,7499.08,7499.3999375,foreground
S01_U04.CH4.wav,7499.24,7499.7599375,background
S01_U04.CH4.wav,7499.6,7499.8799375,foreground
S01_U04.CH4.wav,7499.72,7499.9199375,background
S01_U04.CH4.wav,7499.76,7499.9999375,foreground
S01_U04.CH4.wav,7499.84,7500.4399375,background
S01_U04.CH4.wav,7500.28,7500.5199375,foreground
S01_U04.CH4.wav,7500.36,7500.9599375,background
S01_U04.CH4.wav,7500.8,7500.9999375,foreground
S01_U04.CH4.wav,7500.84,7501.8799375,background
S01_U04.CH4.wav,7501.72,7501.9999375,foreground
S01_U04.CH4.wav,7501.84,7502.2399375,background
S01_U04.CH4.wav,7502.08,7502.2799375,foreground
S01_U04.CH4.wav,7502.12,7502.3199375,background
S01_U04.CH4.wav,7502.16,7502.3999375,foreground
S01_U04.CH4.wav,7502.24,7503.4799375,background
S01_U04.CH4.wav,7503.32,7503.6399375,foreground
S01_U04.CH4.wav,7503.48,7503.9199375,background
S01_U04.CH4.wav,7503.76,7503.9999375,foreground
S01_U04.CH4.wav,7503.84,7505.0799375,background
S01_U04.CH4.wav,7504.92,7505.1999375,foreground
S01_U04.CH4.wav,7505.04,7506.2399375,background
S01_U04.CH4.wav,7506.08,7506.3199375,foreground
S01_U04.CH4.wav,7506.16,7506.3599375,background
S01_U04.CH4.wav,7506.2,7506.3999375,foreground
S01_U04.CH4.wav,7506.24,7507.7599375,background
S01_U04.CH4.wav,7507.6,7507.7999375,foreground
S01_U04.CH4.wav,7507.64,7508.0799375,background
S01_U04.CH4.wav,7507.92,7508.2399375,foreground
S01_U04.CH4.wav,7508.08,7508.7599375,background
S01_U04.CH4.wav,7508.6,7508.8399375,foreground
S01_U04.CH4.wav,7508.68,7508.9999375,background
S01_U04.CH4.wav,7508.84,7509.2399375,foreground
S01_U04.CH4.wav,7509.08,7511.1599375,background
S01_U04.CH4.wav,7511,7511.1999375,foreground
S01_U04.CH4.wav,7511.04,7511.2799375,background
S01_U04.CH4.wav,7511.12,7511.5199375,foreground
S01_U04.CH4.wav,7511.36,7512.2399375,background
S01_U04.CH4.wav,7512.08,7512.2799375,foreground
S01_U04.CH4.wav,7512.12,7512.3199375,background
S01_U04.CH4.wav,7512.16,7512.3599375,foreground
S01_U04.CH4.wav,7512.2,7512.6799375,background
S01_U04.CH4.wav,7512.52,7512.8399375,foreground
S01_U04.CH4.wav,7512.68,7512.9199375,background
S01_U04.CH4.wav,7512.76,7512.9999375,foreground
S01_U04.CH4.wav,7512.84,7513.3199375,background
S01_U04.CH4.wav,7513.16,7513.4399375,foreground
S01_U04.CH4.wav,7513.28,7514.6799375,background
S01_U04.CH4.wav,7514.52,7514.7199375,foreground
S01_U04.CH4.wav,7514.56,7515.2399375,background
S01_U04.CH4.wav,7515.08,7515.3999375,foreground
S01_U04.CH4.wav,7515.24,7516.0799375,background
S01_U04.CH4.wav,7515.92,7516.1599375,foreground
S01_U04.CH4.wav,7516,7516.1999375,background
S01_U04.CH4.wav,7516.04,7516.3999375,foreground
S01_U04.CH4.wav,7516.24,7516.4399375,background
S01_U04.CH4.wav,7516.28,7516.4799375,foreground
S01_U04.CH4.wav,7516.32,7517.9199375,background
S01_U04.CH4.wav,7517.76,7517.9999375,foreground
S01_U04.CH4.wav,7517.84,7519.2799375,background
S01_U04.CH4.wav,7519.12,7519.4799375,foreground
S01_U04.CH4.wav,7519.32,7520.2399375,background
S01_U04.CH4.wav,7520.08,7520.4399375,foreground
S01_U04.CH4.wav,7520.28,7522.1599375,background
S01_U04.CH4.wav,7522,7522.2399375,foreground
S01_U04.CH4.wav,7522.08,7522.4399375,background
S01_U04.CH4.wav,7522.28,7522.7999375,foreground
S01_U04.CH4.wav,7522.64,7522.9599375,background
S01_U04.CH4.wav,7522.8,7523.0399375,foreground
S01_U04.CH4.wav,7522.88,7523.0799375,background
S01_U04.CH4.wav,7522.92,7523.1199375,foreground
S01_U04.CH4.wav,7522.96,7523.1999375,background
S01_U04.CH4.wav,7523.04,7523.2399375,foreground
S01_U04.CH4.wav,7523.08,7523.2799375,background
S01_U04.CH4.wav,7523.12,7523.4799375,foreground
S01_U04.CH4.wav,7523.32,7523.9599375,background
S01_U04.CH4.wav,7523.8,7524.2399375,foreground
S01_U04.CH4.wav,7524.08,7524.4399375,background
S01_U04.CH4.wav,7524.28,7524.5199375,foreground
S01_U04.CH4.wav,7524.36,7525.0799375,background
S01_U04.CH4.wav,7524.92,7525.3999375,foreground
S01_U04.CH4.wav,7525.24,7525.5199375,background
S01_U04.CH4.wav,7525.36,7525.7599375,foreground
S01_U04.CH4.wav,7525.6,7526.2399375,background
S01_U04.CH4.wav,7526.08,7526.3199375,foreground
S01_U04.CH4.wav,7526.16,7526.4799375,background
S01_U04.CH4.wav,7526.32,7526.6799375,foreground
S01_U04.CH4.wav,7526.52,7527.5999375,background
S01_U04.CH4.wav,7527.44,7527.9999375,foreground
S01_U04.CH4.wav,7527.84,7528.0399375,background
S01_U04.CH4.wav,7527.88,7528.1599375,foreground
S01_U04.CH4.wav,7528,7528.2799375,background
S01_U04.CH4.wav,7528.12,7528.5999375,foreground
S01_U04.CH4.wav,7528.44,7528.9999375,background
S01_U04.CH4.wav,7528.84,7529.1999375,foreground
S01_U04.CH4.wav,7529.04,7529.6399375,background
S01_U04.CH4.wav,7529.48,7529.8399375,foreground
S01_U04.CH4.wav,7529.68,7534.5199375,background
S01_U04.CH4.wav,7534.36,7535.1599375,foreground
S01_U04.CH4.wav,7535,7535.3999375,background
S01_U04.CH4.wav,7535.24,7535.7999375,foreground
S01_U04.CH4.wav,7535.64,7536.1599375,background
S01_U04.CH4.wav,7536,7536.2399375,foreground
S01_U04.CH4.wav,7536.08,7536.3599375,background
S01_U04.CH4.wav,7536.2,7536.3999375,foreground
S01_U04.CH4.wav,7536.24,7536.7999375,background
S01_U04.CH4.wav,7536.64,7537.0799375,foreground
S01_U04.CH4.wav,7536.92,7537.4799375,background
S01_U04.CH4.wav,7537.32,7537.6399375,foreground
S01_U04.CH4.wav,7537.48,7538.6399375,background
S01_U04.CH4.wav,7538.48,7539.0399375,foreground
S01_U04.CH4.wav,7538.88,7539.0799375,background
S01_U04.CH4.wav,7538.92,7539.2799375,foreground
S01_U04.CH4.wav,7539.12,7539.4399375,background
S01_U04.CH4.wav,7539.28,7539.9599375,foreground
S01_U04.CH4.wav,7539.8,7540.0799375,background
S01_U04.CH4.wav,7539.92,7540.1999375,foreground
S01_U04.CH4.wav,7540.04,7543.3199375,background
S01_U04.CH4.wav,7543.16,7543.5199375,foreground
S01_U04.CH4.wav,7543.36,7544.9599375,background
S01_U04.CH4.wav,7544.8,7545.0399375,foreground
S01_U04.CH4.wav,7544.88,7545.7199375,background
S01_U04.CH4.wav,7545.56,7545.8799375,foreground
S01_U04.CH4.wav,7545.72,7545.9199375,background
S01_U04.CH4.wav,7545.76,7545.9599375,foreground
S01_U04.CH4.wav,7545.8,7546.0399375,background
S01_U04.CH4.wav,7545.88,7546.0799375,foreground
S01_U04.CH4.wav,7545.92,7546.4799375,background
S01_U04.CH4.wav,7546.32,7546.7999375,foreground
S01_U04.CH4.wav,7546.64,7547.0399375,background
S01_U04.CH4.wav,7546.88,7547.1199375,foreground
S01_U04.CH4.wav,7546.96,7547.5199375,background
S01_U04.CH4.wav,7547.36,7547.6799375,foreground
S01_U04.CH4.wav,7547.52,7548.1999375,background
S01_U04.CH4.wav,7548.04,7548.3599375,foreground
S01_U04.CH4.wav,7548.2,7548.5599375,background
S01_U04.CH4.wav,7548.4,7548.5999375,foreground
S01_U04.CH4.wav,7548.44,7548.7199375,background
S01_U04.CH4.wav,7548.56,7548.7599375,foreground
S01_U04.CH4.wav,7548.6,7549.2399375,background
S01_U04.CH4.wav,7549.08,7549.5199375,foreground
S01_U04.CH4.wav,7549.36,7549.6399375,background
S01_U04.CH4.wav,7549.48,7549.8799375,foreground
S01_U04.CH4.wav,7549.72,7549.9199375,background
S01_U04.CH4.wav,7549.76,7549.9599375,foreground
S01_U04.CH4.wav,7549.8,7550.5599375,background
S01_U04.CH4.wav,7550.4,7550.9999375,foreground
S01_U04.CH4.wav,7550.84,7551.2399375,background
S01_U04.CH4.wav,7551.08,7551.3599375,foreground
S01_U04.CH4.wav,7551.2,7551.5199375,background
S01_U04.CH4.wav,7551.36,7551.7599375,foreground
S01_U04.CH4.wav,7551.6,7552.1199375,background
S01_U04.CH4.wav,7551.96,7552.1999375,foreground
S01_U04.CH4.wav,7552.04,7552.2399375,background
S01_U04.CH4.wav,7552.08,7552.3999375,foreground
S01_U04.CH4.wav,7552.24,7552.6399375,background
S01_U04.CH4.wav,7552.48,7552.7199375,foreground
S01_U04.CH4.wav,7552.56,7554.6399375,background
S01_U04.CH4.wav,7554.48,7554.6799375,foreground
S01_U04.CH4.wav,7554.52,7555.1599375,background
S01_U04.CH4.wav,7555,7555.3199375,foreground
S01_U04.CH4.wav,7555.16,7555.5599375,background
S01_U04.CH4.wav,7555.4,7555.5999375,foreground
S01_U04.CH4.wav,7555.44,7556.0399375,background
S01_U04.CH4.wav,7555.88,7556.0799375,foreground
S01_U04.CH4.wav,7555.92,7556.7199375,background
S01_U04.CH4.wav,7556.56,7556.7599375,foreground
S01_U04.CH4.wav,7556.6,7557.7999375,background
S01_U04.CH4.wav,7557.64,7557.9199375,foreground
S01_U04.CH4.wav,7557.76,7558.5599375,background
S01_U04.CH4.wav,7558.4,7558.6399375,foreground
S01_U04.CH4.wav,7558.48,7565.0399375,background
S01_U04.CH4.wav,7564.88,7565.1999375,foreground
S01_U04.CH4.wav,7565.04,7565.3599375,background
S01_U04.CH4.wav,7565.2,7565.5199375,foreground
S01_U04.CH4.wav,7565.36,7566.1999375,background
S01_U04.CH4.wav,7566.04,7566.2799375,foreground
S01_U04.CH4.wav,7566.12,7567.3199375,background
S01_U04.CH4.wav,7567.16,7567.3599375,foreground
S01_U04.CH4.wav,7567.2,7568.0799375,background
S01_U04.CH4.wav,7567.92,7568.1999375,foreground
S01_U04.CH4.wav,7568.04,7569.1599375,background
S01_U04.CH4.wav,7569,7569.1999375,foreground
S01_U04.CH4.wav,7569.04,7569.5999375,background
S01_U04.CH4.wav,7569.44,7569.6399375,foreground
S01_U04.CH4.wav,7569.48,7571.4399375,background
S01_U04.CH4.wav,7571.28,7571.5199375,foreground
S01_U04.CH4.wav,7571.36,7572.9599375,background
S01_U04.CH4.wav,7572.8,7573.0799375,foreground
S01_U04.CH4.wav,7572.92,7574.7999375,background
S01_U04.CH4.wav,7574.64,7574.8399375,foreground
S01_U04.CH4.wav,7574.68,7574.8799375,background
S01_U04.CH4.wav,7574.72,7574.9999375,foreground
S01_U04.CH4.wav,7574.84,7575.0799375,background
S01_U04.CH4.wav,7574.92,7575.1199375,foreground
S01_U04.CH4.wav,7574.96,7577.2399375,background
S01_U04.CH4.wav,7577.08,7577.4399375,foreground
S01_U04.CH4.wav,7577.28,7577.5199375,background
S01_U04.CH4.wav,7577.36,7577.5599375,foreground
S01_U04.CH4.wav,7577.4,7577.6399375,background
S01_U04.CH4.wav,7577.48,7577.8399375,foreground
S01_U04.CH4.wav,7577.68,7578.0399375,background
S01_U04.CH4.wav,7577.88,7578.0799375,foreground
S01_U04.CH4.wav,7577.92,7579.5599375,background
S01_U04.CH4.wav,7579.4,7579.6799375,foreground
S01_U04.CH4.wav,7579.52,7580.7599375,background
S01_U04.CH4.wav,7580.6,7580.8399375,foreground
S01_U04.CH4.wav,7580.68,7583.5199375,background
S01_U04.CH4.wav,7583.36,7583.5599375,foreground
S01_U04.CH4.wav,7583.4,7588.7599375,background
S01_U04.CH4.wav,7588.6,7588.9999375,foreground
S01_U04.CH4.wav,7588.84,7589.3999375,background
S01_U04.CH4.wav,7589.24,7589.7599375,foreground
S01_U04.CH4.wav,7589.6,7591.7999375,background
S01_U04.CH4.wav,7591.64,7591.8399375,foreground
S01_U04.CH4.wav,7591.68,7591.8799375,background
S01_U04.CH4.wav,7591.72,7591.9199375,foreground
S01_U04.CH4.wav,7591.76,7592.2399375,background
S01_U04.CH4.wav,7592.08,7592.4799375,foreground
S01_U04.CH4.wav,7592.32,7593.1199375,background
S01_U04.CH4.wav,7592.96,7593.1599375,foreground
S01_U04.CH4.wav,7593,7593.2399375,background
S01_U04.CH4.wav,7593.08,7593.2799375,foreground
S01_U04.CH4.wav,7593.12,7593.9599375,background
S01_U04.CH4.wav,7593.8,7594.0799375,foreground
S01_U04.CH4.wav,7593.92,7594.2399375,background
S01_U04.CH4.wav,7594.08,7594.3599375,foreground
S01_U04.CH4.wav,7594.2,7594.4399375,background
S01_U04.CH4.wav,7594.28,7594.5199375,foreground
S01_U04.CH4.wav,7594.36,7594.6399375,background
S01_U04.CH4.wav,7594.48,7594.7999375,foreground
S01_U04.CH4.wav,7594.64,7596.3199375,background
S01_U04.CH4.wav,7596.16,7596.3599375,foreground
S01_U04.CH4.wav,7596.2,7596.3999375,background
S01_U04.CH4.wav,7596.24,7596.4399375,foreground
S01_U04.CH4.wav,7596.28,7596.5999375,background
S01_U04.CH4.wav,7596.44,7596.7199375,foreground
S01_U04.CH4.wav,7596.56,7596.9199375,background
S01_U04.CH4.wav,7596.76,7597.2399375,foreground
S01_U04.CH4.wav,7597.08,7602.9999375,background
S01_U04.CH4.wav,7602.84,7603.0799375,foreground
S01_U04.CH4.wav,7602.92,7603.3999375,background
S01_U04.CH4.wav,7603.24,7603.6399375,foreground
S01_U04.CH4.wav,7603.48,7605.1199375,background
S01_U04.CH4.wav,7604.96,7605.6399375,foreground
S01_U04.CH4.wav,7605.48,7608.1199375,background
S01_U04.CH4.wav,7607.96,7608.1999375,foreground
S01_U04.CH4.wav,7608.04,7608.5599375,background
S01_U04.CH4.wav,7608.4,7608.9999375,foreground
S01_U04.CH4.wav,7608.84,7609.0399375,background
S01_U04.CH4.wav,7608.88,7609.2799375,foreground
S01_U04.CH4.wav,7609.12,7609.7199375,background
S01_U04.CH4.wav,7609.56,7609.7599375,foreground
S01_U04.CH4.wav,7609.6,7611.3999375,background
S01_U04.CH4.wav,7611.24,7611.5999375,foreground
S01_U04.CH4.wav,7611.44,7612.0799375,background
S01_U04.CH4.wav,7611.92,7612.7599375,foreground
S01_U04.CH4.wav,7612.6,7612.8399375,background
S01_U04.CH4.wav,7612.68,7613.0799375,foreground
S01_U04.CH4.wav,7612.92,7614.0399375,background
S01_U04.CH4.wav,7613.88,7614.3599375,foreground
S01_U04.CH4.wav,7614.2,7615.1199375,background
S01_U04.CH4.wav,7614.96,7615.3199375,foreground
S01_U04.CH4.wav,7615.16,7617.5599375,background
S01_U04.CH4.wav,7617.4,7617.6799375,foreground
S01_U04.CH4.wav,7617.52,7618.3599375,background
S01_U04.CH4.wav,7618.2,7618.4399375,foreground
S01_U04.CH4.wav,7618.28,7618.6399375,background
S01_U04.CH4.wav,7618.48,7618.7599375,foreground
S01_U04.CH4.wav,7618.6,7619.3199375,background
S01_U04.CH4.wav,7619.16,7619.5599375,foreground
S01_U04.CH4.wav,7619.4,7619.6399375,background
S01_U04.CH4.wav,7619.48,7619.7199375,foreground
S01_U04.CH4.wav,7619.56,7623.3599375,background
S01_U04.CH4.wav,7623.2,7623.4399375,foreground
S01_U04.CH4.wav,7623.28,7624.9199375,background
S01_U04.CH4.wav,7624.76,7625.2399375,foreground
S01_U04.CH4.wav,7625.08,7626.8799375,background
S01_U04.CH4.wav,7626.72,7627.1199375,foreground
S01_U04.CH4.wav,7626.96,7627.7199375,background
S01_U04.CH4.wav,7627.56,7627.7599375,foreground
S01_U04.CH4.wav,7627.6,7628.3999375,background
S01_U04.CH4.wav,7628.24,7628.5199375,foreground
S01_U04.CH4.wav,7628.36,7628.8799375,background
S01_U04.CH4.wav,7628.72,7628.9199375,foreground
S01_U04.CH4.wav,7628.76,7628.9999375,background
S01_U04.CH4.wav,7628.84,7629.0399375,foreground
S01_U04.CH4.wav,7628.88,7629.0799375,background
S01_U04.CH4.wav,7628.92,7629.1199375,foreground
S01_U04.CH4.wav,7628.96,7629.3199375,background
S01_U04.CH4.wav,7629.16,7629.3999375,foreground
S01_U04.CH4.wav,7629.24,7635.6799375,background
S01_U04.CH4.wav,7635.52,7635.7599375,foreground
S01_U04.CH4.wav,7635.6,7636.3199375,background
S01_U04.CH4.wav,7636.16,7636.4399375,foreground
S01_U04.CH4.wav,7636.28,7638.4799375,background
S01_U04.CH4.wav,7638.32,7638.8799375,foreground
S01_U04.CH4.wav,7638.72,7639.3199375,background
S01_U04.CH4.wav,7639.16,7639.4799375,foreground
S01_U04.CH4.wav,7639.32,7640.4799375,background
S01_U04.CH4.wav,7640.32,7640.5199375,foreground
S01_U04.CH4.wav,7640.36,7640.6799375,background
S01_U04.CH4.wav,7640.52,7640.9599375,foreground
S01_U04.CH4.wav,7640.8,7641.2399375,background
S01_U04.CH4.wav,7641.08,7641.2799375,foreground
S01_U04.CH4.wav,7641.12,7641.3199375,background
S01_U04.CH4.wav,7641.16,7641.3599375,foreground
S01_U04.CH4.wav,7641.2,7642.3599375,background
S01_U04.CH4.wav,7642.2,7642.4799375,foreground
S01_U04.CH4.wav,7642.32,7642.9599375,background
S01_U04.CH4.wav,7642.8,7642.9999375,foreground
S01_U04.CH4.wav,7642.84,7643.0399375,background
S01_U04.CH4.wav,7642.88,7643.3599375,foreground
S01_U04.CH4.wav,7643.2,7643.6799375,background
S01_U04.CH4.wav,7643.52,7643.7199375,foreground
S01_U04.CH4.wav,7643.56,7643.7599375,background
S01_U04.CH4.wav,7643.6,7643.8799375,foreground
S01_U04.CH4.wav,7643.72,7644.3599375,background
S01_U04.CH4.wav,7644.2,7644.5199375,foreground
S01_U04.CH4.wav,7644.36,7644.7199375,background
S01_U04.CH4.wav,7644.56,7644.7599375,foreground
S01_U04.CH4.wav,7644.6,7644.7999375,background
S01_U04.CH4.wav,7644.64,7644.8399375,foreground
S01_U04.CH4.wav,7644.68,7645.0399375,background
S01_U04.CH4.wav,7644.88,7645.2799375,foreground
S01_U04.CH4.wav,7645.12,7645.7599375,background
S01_U04.CH4.wav,7645.6,7646.1999375,foreground
S01_U04.CH4.wav,7646.04,7646.4799375,background
S01_U04.CH4.wav,7646.32,7646.5199375,foreground
S01_U04.CH4.wav,7646.36,7646.8799375,background
S01_U04.CH4.wav,7646.72,7646.9199375,foreground
S01_U04.CH4.wav,7646.76,7648.1999375,background
S01_U04.CH4.wav,7648.04,7648.2799375,foreground
S01_U04.CH4.wav,7648.12,7648.4399375,background
S01_U04.CH4.wav,7648.28,7648.6399375,foreground
S01_U04.CH4.wav,7648.48,7648.9999375,background
S01_U04.CH4.wav,7648.84,7649.0399375,foreground
S01_U04.CH4.wav,7648.88,7649.0799375,background
S01_U04.CH4.wav,7648.92,7649.1599375,foreground
S01_U04.CH4.wav,7649,7649.2799375,background
S01_U04.CH4.wav,7649.12,7649.3999375,foreground
S01_U04.CH4.wav,7649.24,7649.4799375,background
S01_U04.CH4.wav,7649.32,7649.8399375,foreground
S01_U04.CH4.wav,7649.68,7650.1199375,background
S01_U04.CH4.wav,7649.96,7650.3599375,foreground
S01_U04.CH4.wav,7650.2,7650.5999375,background
S01_U04.CH4.wav,7650.44,7650.9199375,foreground
S01_U04.CH4.wav,7650.76,7651.1599375,background
S01_U04.CH4.wav,7651,7651.3199375,foreground
S01_U04.CH4.wav,7651.16,7652.2399375,background
S01_U04.CH4.wav,7652.08,7652.4799375,foreground
S01_U04.CH4.wav,7652.32,7652.7999375,background
S01_U04.CH4.wav,7652.64,7652.8799375,foreground
S01_U04.CH4.wav,7652.72,7652.9999375,background
S01_U04.CH4.wav,7652.84,7653.1599375,foreground
S01_U04.CH4.wav,7653,7653.2399375,background
S01_U04.CH4.wav,7653.08,7653.3199375,foreground
S01_U04.CH4.wav,7653.16,7653.9999375,background
S01_U04.CH4.wav,7653.84,7654.0799375,foreground
S01_U04.CH4.wav,7653.92,7654.1599375,background
S01_U04.CH4.wav,7654,7654.3599375,foreground
S01_U04.CH4.wav,7654.2,7656.1199375,background
S01_U04.CH4.wav,7655.96,7657.1999375,foreground
S01_U04.CH4.wav,7657.04,7657.4799375,background
S01_U04.CH4.wav,7657.32,7657.5599375,foreground
S01_U04.CH4.wav,7657.4,7657.9199375,background
S01_U04.CH4.wav,7657.76,7657.9599375,foreground
S01_U04.CH4.wav,7657.8,7658.9599375,background
S01_U04.CH4.wav,7658.8,7659.1199375,foreground
S01_U04.CH4.wav,7658.96,7659.1999375,background
S01_U04.CH4.wav,7659.04,7659.3599375,foreground
S01_U04.CH4.wav,7659.2,7659.4399375,background
S01_U04.CH4.wav,7659.28,7659.6799375,foreground
S01_U04.CH4.wav,7659.52,7659.9199375,background
S01_U04.CH4.wav,7659.76,7660.1599375,foreground
S01_U04.CH4.wav,7660,7660.7199375,background
S01_U04.CH4.wav,7660.56,7661.1199375,foreground
S01_U04.CH4.wav,7660.96,7661.3599375,background
S01_U04.CH4.wav,7661.2,7661.5599375,foreground
S01_U04.CH4.wav,7661.4,7662.1999375,background
S01_U04.CH4.wav,7662.04,7662.4399375,foreground
S01_U04.CH4.wav,7662.28,7662.7199375,background
S01_U04.CH4.wav,7662.56,7662.9599375,foreground
S01_U04.CH4.wav,7662.8,7663.1599375,background
S01_U04.CH4.wav,7663,7663.4799375,foreground
S01_U04.CH4.wav,7663.32,7663.6399375,background
S01_U04.CH4.wav,7663.48,7663.9199375,foreground
S01_U04.CH4.wav,7663.76,7664.2799375,background
S01_U04.CH4.wav,7664.12,7664.7999375,foreground
S01_U04.CH4.wav,7664.64,7665.3999375,background
S01_U04.CH4.wav,7665.24,7665.5599375,foreground
S01_U04.CH4.wav,7665.4,7665.6399375,background
S01_U04.CH4.wav,7665.48,7665.9199375,foreground
S01_U04.CH4.wav,7665.76,7666.6799375,background
S01_U04.CH4.wav,7666.52,7666.9599375,foreground
S01_U04.CH4.wav,7666.8,7667.9599375,background
S01_U04.CH4.wav,7667.8,7668.1599375,foreground
S01_U04.CH4.wav,7668,7669.2799375,background
S01_U04.CH4.wav,7669.12,7669.5599375,foreground
S01_U04.CH4.wav,7669.4,7669.7199375,background
S01_U04.CH4.wav,7669.56,7670.2799375,foreground
S01_U04.CH4.wav,7670.12,7671.0399375,background
S01_U04.CH4.wav,7670.88,7671.4799375,foreground
S01_U04.CH4.wav,7671.32,7671.5199375,background
S01_U04.CH4.wav,7671.36,7671.7599375,foreground
S01_U04.CH4.wav,7671.6,7672.2799375,background
S01_U04.CH4.wav,7672.12,7672.4399375,foreground
S01_U04.CH4.wav,7672.28,7673.4399375,background
S01_U04.CH4.wav,7673.28,7673.5199375,foreground
S01_U04.CH4.wav,7673.36,7676.0399375,background
S01_U04.CH4.wav,7675.88,7676.1999375,foreground
S01_U04.CH4.wav,7676.04,7676.2799375,background
S01_U04.CH4.wav,7676.12,7676.5199375,foreground
S01_U04.CH4.wav,7676.36,7677.8399375,background
S01_U04.CH4.wav,7677.68,7678.0799375,foreground
S01_U04.CH4.wav,7677.92,7678.1599375,background
S01_U04.CH4.wav,7678,7678.2399375,foreground
S01_U04.CH4.wav,7678.08,7678.2799375,background
S01_U04.CH4.wav,7678.12,7678.3999375,foreground
S01_U04.CH4.wav,7678.24,7678.9599375,background
S01_U04.CH4.wav,7678.8,7679.2399375,foreground
S01_U04.CH4.wav,7679.08,7679.2799375,background
S01_U04.CH4.wav,7679.12,7679.5599375,foreground
S01_U04.CH4.wav,7679.4,7679.9599375,background
S01_U04.CH4.wav,7679.8,7680.2799375,foreground
S01_U04.CH4.wav,7680.12,7680.6399375,background
S01_U04.CH4.wav,7680.48,7681.0799375,foreground
S01_U04.CH4.wav,7680.92,7681.2399375,background
S01_U04.CH4.wav,7681.08,7681.5199375,foreground
S01_U04.CH4.wav,7681.36,7681.5599375,background
S01_U04.CH4.wav,7681.4,7681.7199375,foreground
S01_U04.CH4.wav,7681.56,7681.9999375,background
S01_U04.CH4.wav,7681.84,7682.3199375,foreground
S01_U04.CH4.wav,7682.16,7684.2799375,background
S01_U04.CH4.wav,7684.12,7684.5999375,foreground
S01_U04.CH4.wav,7684.44,7686.5999375,background
S01_U04.CH4.wav,7686.44,7686.6799375,foreground
S01_U04.CH4.wav,7686.52,7686.9199375,background
S01_U04.CH4.wav,7686.76,7687.2799375,foreground
S01_U04.CH4.wav,7687.12,7687.5199375,background
S01_U04.CH4.wav,7687.36,7687.6399375,foreground
S01_U04.CH4.wav,7687.48,7689.3199375,background
S01_U04.CH4.wav,7689.16,7689.3999375,foreground
S01_U04.CH4.wav,7689.24,7689.4399375,background
S01_U04.CH4.wav,7689.28,7690.2399375,foreground
S01_U04.CH4.wav,7690.08,7690.8399375,background
S01_U04.CH4.wav,7690.68,7690.9599375,foreground
S01_U04.CH4.wav,7690.8,7691.1199375,background
S01_U04.CH4.wav,7690.96,7691.5599375,foreground
S01_U04.CH4.wav,7691.4,7691.6799375,background
S01_U04.CH4.wav,7691.52,7691.7999375,foreground
S01_U04.CH4.wav,7691.64,7692.2399375,background
S01_U04.CH4.wav,7692.08,7693.4399375,foreground
S01_U04.CH4.wav,7693.28,7694.0399375,background
S01_U04.CH4.wav,7693.88,7694.1599375,foreground
S01_U04.CH4.wav,7694,7694.1999375,background
S01_U04.CH4.wav,7694.04,7694.2399375,foreground
S01_U04.CH4.wav,7694.08,7694.4799375,background
S01_U04.CH4.wav,7694.32,7694.6399375,foreground
S01_U04.CH4.wav,7694.48,7695.0799375,background
S01_U04.CH4.wav,7694.92,7695.2799375,foreground
S01_U04.CH4.wav,7695.12,7699.0399375,background
S01_U04.CH4.wav,7698.88,7699.1999375,foreground
S01_U04.CH4.wav,7699.04,7701.8799375,background
S01_U04.CH4.wav,7701.72,7702.1199375,foreground
S01_U04.CH4.wav,7701.96,7702.3599375,background
S01_U04.CH4.wav,7702.2,7702.5199375,foreground
S01_U04.CH4.wav,7702.36,7702.7199375,background
S01_U04.CH4.wav,7702.56,7703.0399375,foreground
S01_U04.CH4.wav,7702.88,7703.1599375,background
S01_U04.CH4.wav,7703,7703.1999375,foreground
S01_U04.CH4.wav,7703.04,7704.3199375,background
S01_U04.CH4.wav,7704.16,7705.2799375,foreground
S01_U04.CH4.wav,7705.12,7705.9599375,background
S01_U04.CH4.wav,7705.8,7706.2399375,foreground
S01_U04.CH4.wav,7706.08,7706.3999375,background
S01_U04.CH4.wav,7706.24,7706.7599375,foreground
S01_U04.CH4.wav,7706.6,7706.7999375,background
S01_U04.CH4.wav,7706.64,7706.9599375,foreground
S01_U04.CH4.wav,7706.8,7707.1599375,background
S01_U04.CH4.wav,7707,7707.1999375,foreground
S01_U04.CH4.wav,7707.04,7707.4399375,background
S01_U04.CH4.wav,7707.28,7707.4799375,foreground
S01_U04.CH4.wav,7707.32,7707.5599375,background
S01_U04.CH4.wav,7707.4,7707.5999375,foreground
S01_U04.CH4.wav,7707.44,7707.8399375,background
S01_U04.CH4.wav,7707.68,7707.9599375,foreground
S01_U04.CH4.wav,7707.8,7708.3599375,background
S01_U04.CH4.wav,7708.2,7708.3999375,foreground
S01_U04.CH4.wav,7708.24,7709.2399375,background
S01_U04.CH4.wav,7709.08,7709.6399375,foreground
S01_U04.CH4.wav,7709.48,7709.7599375,background
S01_U04.CH4.wav,7709.6,7710.0799375,foreground
S01_U04.CH4.wav,7709.92,7710.6399375,background
S01_U04.CH4.wav,7710.48,7710.8399375,foreground
S01_U04.CH4.wav,7710.68,7711.7999375,background
S01_U04.CH4.wav,7711.64,7711.8399375,foreground
S01_U04.CH4.wav,7711.68,7712.7599375,background
S01_U04.CH4.wav,7712.6,7712.7999375,foreground
S01_U04.CH4.wav,7712.64,7713.0799375,background
S01_U04.CH4.wav,7712.92,7713.1599375,foreground
S01_U04.CH4.wav,7713,7713.3199375,background
S01_U04.CH4.wav,7713.16,7713.5199375,foreground
S01_U04.CH4.wav,7713.36,7713.6799375,background
S01_U04.CH4.wav,7713.52,7713.7199375,foreground
S01_U04.CH4.wav,7713.56,7713.8399375,background
S01_U04.CH4.wav,7713.68,7713.8799375,foreground
S01_U04.CH4.wav,7713.72,7714.2399375,background
S01_U04.CH4.wav,7714.08,7714.3999375,foreground
S01_U04.CH4.wav,7714.24,7714.4399375,background
S01_U04.CH4.wav,7714.28,7714.5999375,foreground
S01_U04.CH4.wav,7714.44,7714.7999375,background
S01_U04.CH4.wav,7714.64,7714.9599375,foreground
S01_U04.CH4.wav,7714.8,7715.0399375,background
S01_U04.CH4.wav,7714.88,7715.1199375,foreground
S01_U04.CH4.wav,7714.96,7719.8399375,background
S01_U04.CH4.wav,7719.68,7719.8799375,foreground
S01_U04.CH4.wav,7719.72,7721.8799375,background
S01_U04.CH4.wav,7721.72,7722.0399375,foreground
S01_U04.CH4.wav,7721.88,7722.5199375,background
S01_U04.CH4.wav,7722.36,7722.7199375,foreground
S01_U04.CH4.wav,7722.56,7723.5599375,background
S01_U04.CH4.wav,7723.4,7723.5999375,foreground
S01_U04.CH4.wav,7723.44,7724.1999375,background
S01_U04.CH4.wav,7724.04,7724.3599375,foreground
S01_U04.CH4.wav,7724.2,7727.3199375,background
S01_U04.CH4.wav,7727.16,7727.4399375,foreground
S01_U04.CH4.wav,7727.28,7727.7599375,background
S01_U04.CH4.wav,7727.6,7728.4399375,foreground
S01_U04.CH4.wav,7728.28,7728.7999375,background
S01_U04.CH4.wav,7728.64,7728.8799375,foreground
S01_U04.CH4.wav,7728.72,7729.4799375,background
S01_U04.CH4.wav,7729.32,7729.5999375,foreground
S01_U04.CH4.wav,7729.44,7731.2399375,background
S01_U04.CH4.wav,7731.08,7731.3599375,foreground
S01_U04.CH4.wav,7731.2,7732.8799375,background
S01_U04.CH4.wav,7732.72,7733.0399375,foreground
S01_U04.CH4.wav,7732.88,7733.2399375,background
S01_U04.CH4.wav,7733.08,7733.2799375,foreground
S01_U04.CH4.wav,7733.12,7733.6399375,background
S01_U04.CH4.wav,7733.48,7734.0399375,foreground
S01_U04.CH4.wav,7733.88,7734.2399375,background
S01_U04.CH4.wav,7734.08,7734.2799375,foreground
S01_U04.CH4.wav,7734.12,7734.6799375,background
S01_U04.CH4.wav,7734.52,7734.8799375,foreground
S01_U04.CH4.wav,7734.72,7736.5199375,background
S01_U04.CH4.wav,7736.36,7737.0799375,foreground
S01_U04.CH4.wav,7736.92,7737.2799375,background
S01_U04.CH4.wav,7737.12,7737.5599375,foreground
S01_U04.CH4.wav,7737.4,7737.7199375,background
S01_U04.CH4.wav,7737.56,7737.7599375,foreground
S01_U04.CH4.wav,7737.6,7738.8799375,background
S01_U04.CH4.wav,7738.72,7738.9199375,foreground
S01_U04.CH4.wav,7738.76,7738.9999375,background
S01_U04.CH4.wav,7738.84,7739.9999375,foreground
S01_U04.CH4.wav,7739.84,7741.1599375,background
S01_U04.CH4.wav,7741,7741.2799375,foreground
S01_U04.CH4.wav,7741.12,7741.3999375,background
S01_U04.CH4.wav,7741.24,7741.4799375,foreground
S01_U04.CH4.wav,7741.32,7742.5599375,background
S01_U04.CH4.wav,7742.4,7742.5999375,foreground
S01_U04.CH4.wav,7742.44,7742.6799375,background
S01_U04.CH4.wav,7742.52,7742.8399375,foreground
S01_U04.CH4.wav,7742.68,7743.8399375,background
S01_U04.CH4.wav,7743.68,7743.9599375,foreground
S01_U04.CH4.wav,7743.8,7744.1199375,background
S01_U04.CH4.wav,7743.96,7744.1999375,foreground
S01_U04.CH4.wav,7744.04,7745.9199375,background
S01_U04.CH4.wav,7745.76,7745.9999375,foreground
S01_U04.CH4.wav,7745.84,7746.0799375,background
S01_U04.CH4.wav,7745.92,7746.1199375,foreground
S01_U04.CH4.wav,7745.96,7746.4799375,background
S01_U04.CH4.wav,7746.32,7746.7599375,foreground
S01_U04.CH4.wav,7746.6,7747.7999375,background
S01_U04.CH4.wav,7747.64,7748.3199375,foreground
S01_U04.CH4.wav,7748.16,7748.7999375,background
S01_U04.CH4.wav,7748.64,7748.9199375,foreground
S01_U04.CH4.wav,7748.76,7749.2399375,background
S01_U04.CH4.wav,7749.08,7749.2799375,foreground
S01_U04.CH4.wav,7749.12,7749.7199375,background
S01_U04.CH4.wav,7749.56,7749.7999375,foreground
S01_U04.CH4.wav,7749.64,7750.0399375,background
S01_U04.CH4.wav,7749.88,7750.1999375,foreground
S01_U04.CH4.wav,7750.04,7750.9599375,background
S01_U04.CH4.wav,7750.8,7751.2799375,foreground
S01_U04.CH4.wav,7751.12,7751.3999375,background
S01_U04.CH4.wav,7751.24,7751.6399375,foreground
S01_U04.CH4.wav,7751.48,7752.0399375,background
S01_U04.CH4.wav,7751.88,7752.0799375,foreground
S01_U04.CH4.wav,7751.92,7752.1199375,background
S01_U04.CH4.wav,7751.96,7752.1599375,foreground
S01_U04.CH4.wav,7752,7752.5999375,background
S01_U04.CH4.wav,7752.44,7752.7199375,foreground
S01_U04.CH4.wav,7752.56,7753.3999375,background
S01_U04.CH4.wav,7753.24,7753.4399375,foreground
S01_U04.CH4.wav,7753.28,7753.6399375,background
S01_U04.CH4.wav,7753.48,7753.7599375,foreground
S01_U04.CH4.wav,7753.6,7753.8399375,background
S01_U04.CH4.wav,7753.68,7753.8799375,foreground
S01_U04.CH4.wav,7753.72,7754.1199375,background
S01_U04.CH4.wav,7753.96,7754.4399375,foreground
S01_U04.CH4.wav,7754.28,7754.4799375,background
S01_U04.CH4.wav,7754.32,7754.6399375,foreground
S01_U04.CH4.wav,7754.48,7754.7599375,background
S01_U04.CH4.wav,7754.6,7754.7999375,foreground
S01_U04.CH4.wav,7754.64,7754.8399375,background
S01_U04.CH4.wav,7754.68,7755.1199375,foreground
S01_U04.CH4.wav,7754.96,7755.5999375,background
S01_U04.CH4.wav,7755.44,7755.8399375,foreground
S01_U04.CH4.wav,7755.68,7757.1599375,background
S01_U04.CH4.wav,7757,7757.4399375,foreground
S01_U04.CH4.wav,7757.28,7758.3199375,background
S01_U04.CH4.wav,7758.16,7758.5999375,foreground
S01_U04.CH4.wav,7758.44,7758.9199375,background
S01_U04.CH4.wav,7758.76,7759.0399375,foreground
S01_U04.CH4.wav,7758.88,7762.7199375,background
S01_U04.CH4.wav,7762.56,7762.8399375,foreground
S01_U04.CH4.wav,7762.68,7763.0799375,background
S01_U04.CH4.wav,7762.92,7763.1999375,foreground
S01_U04.CH4.wav,7763.04,7763.5599375,background
S01_U04.CH4.wav,7763.4,7763.6399375,foreground
S01_U04.CH4.wav,7763.48,7764.1999375,background
S01_U04.CH4.wav,7764.04,7764.3199375,foreground
S01_U04.CH4.wav,7764.16,7767.2799375,background
S01_U04.CH4.wav,7767.12,7767.3199375,foreground
S01_U04.CH4.wav,7767.16,7767.3999375,background
S01_U04.CH4.wav,7767.24,7767.5599375,foreground
S01_U04.CH4.wav,7767.4,7768.2399375,background
S01_U04.CH4.wav,7768.08,7768.3199375,foreground
S01_U04.CH4.wav,7768.16,7768.6399375,background
S01_U04.CH4.wav,7768.48,7768.7199375,foreground
S01_U04.CH4.wav,7768.56,7768.7599375,background
S01_U04.CH4.wav,7768.6,7768.7999375,foreground
S01_U04.CH4.wav,7768.64,7769.5999375,background
S01_U04.CH4.wav,7769.44,7769.6399375,foreground
S01_U04.CH4.wav,7769.48,7770.2399375,background
S01_U04.CH4.wav,7770.08,7770.4399375,foreground
S01_U04.CH4.wav,7770.28,7770.7599375,background
S01_U04.CH4.wav,7770.6,7770.9199375,foreground
S01_U04.CH4.wav,7770.76,7770.9599375,background
S01_U04.CH4.wav,7770.8,7770.9999375,foreground
S01_U04.CH4.wav,7770.84,7771.0399375,background
S01_U04.CH4.wav,7770.88,7771.0799375,foreground
S01_U04.CH4.wav,7770.92,7771.1999375,background
S01_U04.CH4.wav,7771.04,7771.2399375,foreground
S01_U04.CH4.wav,7771.08,7771.2799375,background
S01_U04.CH4.wav,7771.12,7771.5599375,foreground
S01_U04.CH4.wav,7771.4,7773.4799375,background
S01_U04.CH4.wav,7773.32,7773.7599375,foreground
S01_U04.CH4.wav,7773.6,7775.5599375,background
S01_U04.CH4.wav,7775.4,7775.7599375,foreground
S01_U04.CH4.wav,7775.6,7775.9999375,background
S01_U04.CH4.wav,7775.84,7776.4799375,foreground
S01_U04.CH4.wav,7776.32,7777.2799375,background
S01_U04.CH4.wav,7777.12,7777.3599375,foreground
S01_U04.CH4.wav,7777.2,7777.6799375,background
S01_U04.CH4.wav,7777.52,7777.7199375,foreground
S01_U04.CH4.wav,7777.56,7777.7599375,background
S01_U04.CH4.wav,7777.6,7777.9199375,foreground
S01_U04.CH4.wav,7777.76,7777.9999375,background
S01_U04.CH4.wav,7777.84,7778.0399375,foreground
S01_U04.CH4.wav,7777.88,7779.6399375,background
S01_U04.CH4.wav,7779.48,7779.7999375,foreground
S01_U04.CH4.wav,7779.64,7779.9199375,background
S01_U04.CH4.wav,7779.76,7780.1999375,foreground
S01_U04.CH4.wav,7780.04,7780.2799375,background
S01_U04.CH4.wav,7780.12,7780.5599375,foreground
S01_U04.CH4.wav,7780.4,7780.8399375,background
S01_U04.CH4.wav,7780.68,7780.8799375,foreground
S01_U04.CH4.wav,7780.72,7780.9199375,background
S01_U04.CH4.wav,7780.76,7780.9999375,foreground
S01_U04.CH4.wav,7780.84,7781.1999375,background
S01_U04.CH4.wav,7781.04,7781.3199375,foreground
S01_U04.CH4.wav,7781.16,7782.3999375,background
S01_U04.CH4.wav,7782.24,7782.4399375,foreground
S01_U04.CH4.wav,7782.28,7782.7599375,background
S01_U04.CH4.wav,7782.6,7782.8399375,foreground
S01_U04.CH4.wav,7782.68,7782.8799375,background
S01_U04.CH4.wav,7782.72,7783.1199375,foreground
S01_U04.CH4.wav,7782.96,7784.1199375,background
S01_U04.CH4.wav,7783.96,7784.2399375,foreground
S01_U04.CH4.wav,7784.08,7784.3999375,background
S01_U04.CH4.wav,7784.24,7784.4399375,foreground
S01_U04.CH4.wav,7784.28,7786.0399375,background
S01_U04.CH4.wav,7785.88,7786.0799375,foreground
S01_U04.CH4.wav,7785.92,7786.2799375,background
S01_U04.CH4.wav,7786.12,7786.5999375,foreground
S01_U04.CH4.wav,7786.44,7787.7999375,background
S01_U04.CH4.wav,7787.64,7787.8799375,foreground
S01_U04.CH4.wav,7787.72,7788.5599375,background
S01_U04.CH4.wav,7788.4,7788.7599375,foreground
S01_U04.CH4.wav,7788.6,7788.9599375,background
S01_U04.CH4.wav,7788.8,7788.9999375,foreground
S01_U04.CH4.wav,7788.84,7792.2399375,background
S01_U04.CH4.wav,7792.08,7792.7199375,foreground
S01_U04.CH4.wav,7792.56,7793.7199375,background
S01_U04.CH4.wav,7793.56,7793.7999375,foreground
S01_U04.CH4.wav,7793.64,7793.9999375,background
S01_U04.CH4.wav,7793.84,7794.1199375,foreground
S01_U04.CH4.wav,7793.96,7794.1999375,background
S01_U04.CH4.wav,7794.04,7794.2399375,foreground
S01_U04.CH4.wav,7794.08,7794.3199375,background
S01_U04.CH4.wav,7794.16,7794.5199375,foreground
S01_U04.CH4.wav,7794.36,7794.9199375,background
S01_U04.CH4.wav,7794.76,7795.0399375,foreground
S01_U04.CH4.wav,7794.88,7795.4399375,background
S01_U04.CH4.wav,7795.28,7795.4799375,foreground
S01_U04.CH4.wav,7795.32,7795.5599375,background
S01_U04.CH4.wav,7795.4,7795.6399375,foreground
S01_U04.CH4.wav,7795.48,7796.7199375,background
S01_U04.CH4.wav,7796.56,7796.8799375,foreground
S01_U04.CH4.wav,7796.72,7796.9199375,background
S01_U04.CH4.wav,7796.76,7797.0399375,foreground
S01_U04.CH4.wav,7796.88,7797.0799375,background
S01_U04.CH4.wav,7796.92,7797.2399375,foreground
S01_U04.CH4.wav,7797.08,7797.3199375,background
S01_U04.CH4.wav,7797.16,7797.4399375,foreground
S01_U04.CH4.wav,7797.28,7798.1599375,background
S01_U04.CH4.wav,7798,7798.1999375,foreground
S01_U04.CH4.wav,7798.04,7798.4799375,background
S01_U04.CH4.wav,7798.32,7798.5199375,foreground
S01_U04.CH4.wav,7798.36,7798.7599375,background
S01_U04.CH4.wav,7798.6,7799.4799375,foreground
S01_U04.CH4.wav,7799.32,7799.8399375,background
S01_U04.CH4.wav,7799.68,7800.0799375,foreground
S01_U04.CH4.wav,7799.92,7800.1199375,background
S01_U04.CH4.wav,7799.96,7800.1599375,foreground
S01_U04.CH4.wav,7800,7800.2399375,background
S01_U04.CH4.wav,7800.08,7800.3999375,foreground
S01_U04.CH4.wav,7800.24,7802.0399375,background
S01_U04.CH4.wav,7801.88,7802.1199375,foreground
S01_U04.CH4.wav,7801.96,7804.1199375,background
S01_U04.CH4.wav,7803.96,7804.2799375,foreground
S01_U04.CH4.wav,7804.12,7806.3999375,background
S01_U04.CH4.wav,7806.24,7806.5599375,foreground
S01_U04.CH4.wav,7806.4,7806.7199375,background
S01_U04.CH4.wav,7806.56,7806.8399375,foreground
S01_U04.CH4.wav,7806.68,7807.3199375,background
S01_U04.CH4.wav,7807.16,7807.3599375,foreground
S01_U04.CH4.wav,7807.2,7809.5999375,background
S01_U04.CH4.wav,7809.44,7809.7199375,foreground
S01_U04.CH4.wav,7809.56,7810.9599375,background
S01_U04.CH4.wav,7810.8,7810.9999375,foreground
S01_U04.CH4.wav,7810.84,7812.3999375,background
S01_U04.CH4.wav,7812.24,7812.7999375,foreground
S01_U04.CH4.wav,7812.64,7812.9199375,background
S01_U04.CH4.wav,7812.76,7813.2399375,foreground
S01_U04.CH4.wav,7813.08,7815.0399375,background
S01_U04.CH4.wav,7814.88,7815.1999375,foreground
S01_U04.CH4.wav,7815.04,7815.5199375,background
S01_U04.CH4.wav,7815.36,7815.7599375,foreground
S01_U04.CH4.wav,7815.6,7816.0799375,background
S01_U04.CH4.wav,7815.92,7816.1199375,foreground
S01_U04.CH4.wav,7815.96,7816.1599375,background
S01_U04.CH4.wav,7816,7816.3199375,foreground
S01_U04.CH4.wav,7816.16,7816.3599375,background
S01_U04.CH4.wav,7816.2,7816.6399375,foreground
S01_U04.CH4.wav,7816.48,7816.8399375,background
S01_U04.CH4.wav,7816.68,7816.9599375,foreground
S01_U04.CH4.wav,7816.8,7816.9999375,background
S01_U04.CH4.wav,7816.84,7817.0399375,foreground
S01_U04.CH4.wav,7816.88,7817.9199375,background
S01_U04.CH4.wav,7817.76,7817.9599375,foreground
S01_U04.CH4.wav,7817.8,7818.7199375,background
S01_U04.CH4.wav,7818.56,7818.8399375,foreground
S01_U04.CH4.wav,7818.68,7819.4399375,background
S01_U04.CH4.wav,7819.28,7819.4799375,foreground
S01_U04.CH4.wav,7819.32,7819.5199375,background
S01_U04.CH4.wav,7819.36,7819.7999375,foreground
S01_U04.CH4.wav,7819.64,7820.0399375,background
S01_U04.CH4.wav,7819.88,7820.2799375,foreground
S01_U04.CH4.wav,7820.12,7820.4399375,background
S01_U04.CH4.wav,7820.28,7820.9599375,foreground
S01_U04.CH4.wav,7820.8,7821.3199375,background
S01_U04.CH4.wav,7821.16,7821.3999375,foreground
S01_U04.CH4.wav,7821.24,7821.5599375,background
S01_U04.CH4.wav,7821.4,7821.7999375,foreground
S01_U04.CH4.wav,7821.64,7822.4799375,background
S01_U04.CH4.wav,7822.32,7822.5599375,foreground
S01_U04.CH4.wav,7822.4,7823.4399375,background
S01_U04.CH4.wav,7823.28,7823.6399375,foreground
S01_U04.CH4.wav,7823.48,7825.9199375,background
S01_U04.CH4.wav,7825.76,7826.2799375,foreground
S01_U04.CH4.wav,7826.12,7828.1199375,background
S01_U04.CH4.wav,7827.96,7828.2799375,foreground
S01_U04.CH4.wav,7828.12,7829.3199375,background
S01_U04.CH4.wav,7829.16,7829.5599375,foreground
S01_U04.CH4.wav,7829.4,7830.0399375,background
S01_U04.CH4.wav,7829.88,7830.6399375,foreground
S01_U04.CH4.wav,7830.48,7831.3599375,background
S01_U04.CH4.wav,7831.2,7831.6399375,foreground
S01_U04.CH4.wav,7831.48,7831.8399375,background
S01_U04.CH4.wav,7831.68,7832.0399375,foreground
S01_U04.CH4.wav,7831.88,7832.0799375,background
S01_U04.CH4.wav,7831.92,7832.1599375,foreground
S01_U04.CH4.wav,7832,7832.2799375,background
S01_U04.CH4.wav,7832.12,7832.3199375,foreground
S01_U04.CH4.wav,7832.16,7832.3599375,background
S01_U04.CH4.wav,7832.2,7832.4399375,foreground
S01_U04.CH4.wav,7832.28,7835.9599375,background
S01_U04.CH4.wav,7835.8,7835.9999375,foreground
S01_U04.CH4.wav,7835.84,7842.5999375,background
S01_U04.CH4.wav,7842.44,7842.7199375,foreground
S01_U04.CH4.wav,7842.56,7843.0799375,background
S01_U04.CH4.wav,7842.92,7843.2799375,foreground
S01_U04.CH4.wav,7843.12,7845.6799375,background
S01_U04.CH4.wav,7845.52,7845.8799375,foreground
S01_U04.CH4.wav,7845.72,7846.6399375,background
S01_U04.CH4.wav,7846.48,7846.8399375,foreground
S01_U04.CH4.wav,7846.68,7847.8799375,background
S01_U04.CH4.wav,7847.72,7848.0399375,foreground
S01_U04.CH4.wav,7847.88,7849.4799375,background
S01_U04.CH4.wav,7849.32,7849.7599375,foreground
S01_U04.CH4.wav,7849.6,7849.8399375,background
S01_U04.CH4.wav,7849.68,7849.9599375,foreground
S01_U04.CH4.wav,7849.8,7850.0399375,background
S01_U04.CH4.wav,7849.88,7850.1599375,foreground
S01_U04.CH4.wav,7850,7850.1999375,background
S01_U04.CH4.wav,7850.04,7850.6399375,foreground
S01_U04.CH4.wav,7850.48,7851.1999375,background
S01_U04.CH4.wav,7851.04,7851.3199375,foreground
S01_U04.CH4.wav,7851.16,7851.4399375,background
S01_U04.CH4.wav,7851.28,7851.5199375,foreground
S01_U04.CH4.wav,7851.36,7851.6399375,background
S01_U04.CH4.wav,7851.48,7851.7999375,foreground
S01_U04.CH4.wav,7851.64,7852.3999375,background
S01_U04.CH4.wav,7852.24,7852.4399375,foreground
S01_U04.CH4.wav,7852.28,7852.5199375,background
S01_U04.CH4.wav,7852.36,7852.5599375,foreground
S01_U04.CH4.wav,7852.4,7852.5999375,background
S01_U04.CH4.wav,7852.44,7852.6799375,foreground
S01_U04.CH4.wav,7852.52,7852.7199375,background
S01_U04.CH4.wav,7852.56,7852.9199375,foreground
S01_U04.CH4.wav,7852.76,7853.0799375,background
S01_U04.CH4.wav,7852.92,7853.1599375,foreground
S01_U04.CH4.wav,7853,7853.5199375,background
S01_U04.CH4.wav,7853.36,7853.6799375,foreground
S01_U04.CH4.wav,7853.52,7853.8399375,background
S01_U04.CH4.wav,7853.68,7853.9199375,foreground
S01_U04.CH4.wav,7853.76,7854.3599375,background
S01_U04.CH4.wav,7854.2,7854.4399375,foreground
S01_U04.CH4.wav,7854.28,7856.7999375,background
S01_U04.CH4.wav,7856.64,7856.9999375,foreground
S01_U04.CH4.wav,7856.84,7857.2399375,background
S01_U04.CH4.wav,7857.08,7857.3999375,foreground
S01_U04.CH4.wav,7857.24,7857.7199375,background
S01_U04.CH4.wav,7857.56,7857.7599375,foreground
S01_U04.CH4.wav,7857.6,7859.1199375,background
S01_U04.CH4.wav,7858.96,7859.2399375,foreground
S01_U04.CH4.wav,7859.08,7859.4399375,background
S01_U04.CH4.wav,7859.28,7859.4799375,foreground
S01_U04.CH4.wav,7859.32,7863.0799375,background
S01_U04.CH4.wav,7862.92,7863.2399375,foreground
S01_U04.CH4.wav,7863.08,7863.3199375,background
S01_U04.CH4.wav,7863.16,7863.3599375,foreground
S01_U04.CH4.wav,7863.2,7863.7599375,background
S01_U04.CH4.wav,7863.6,7863.8799375,foreground
S01_U04.CH4.wav,7863.72,7863.9199375,background
S01_U04.CH4.wav,7863.76,7863.9599375,foreground
S01_U04.CH4.wav,7863.8,7868.7199375,background
S01_U04.CH4.wav,7868.56,7868.9199375,foreground
S01_U04.CH4.wav,7868.76,7869.1599375,background
S01_U04.CH4.wav,7869,7869.1999375,foreground
S01_U04.CH4.wav,7869.04,7869.2799375,background
S01_U04.CH4.wav,7869.12,7869.4399375,foreground
S01_U04.CH4.wav,7869.28,7870.4399375,background
S01_U04.CH4.wav,7870.28,7870.5199375,foreground
S01_U04.CH4.wav,7870.36,7872.3599375,background
S01_U04.CH4.wav,7872.2,7872.5199375,foreground
S01_U04.CH4.wav,7872.36,7874.3999375,background
S01_U04.CH4.wav,7874.24,7874.4399375,foreground
S01_U04.CH4.wav,7874.28,7874.5999375,background
S01_U04.CH4.wav,7874.44,7874.7199375,foreground
S01_U04.CH4.wav,7874.56,7874.7599375,background
S01_U04.CH4.wav,7874.6,7874.8799375,foreground
S01_U04.CH4.wav,7874.72,7874.9599375,background
S01_U04.CH4.wav,7874.8,7875.0799375,foreground
S01_U04.CH4.wav,7874.92,7875.1999375,background
S01_U04.CH4.wav,7875.04,7875.3599375,foreground
S01_U04.CH4.wav,7875.2,7875.6399375,background
S01_U04.CH4.wav,7875.48,7875.7199375,foreground
S01_U04.CH4.wav,7875.56,7875.7999375,background
S01_U04.CH4.wav,7875.64,7875.8799375,foreground
S01_U04.CH4.wav,7875.72,7876.0399375,background
S01_U04.CH4.wav,7875.88,7876.1199375,foreground
S01_U04.CH4.wav,7875.96,7878.2799375,background
S01_U04.CH4.wav,7878.12,7878.3599375,foreground
S01_U04.CH4.wav,7878.2,7878.5999375,background
S01_U04.CH4.wav,7878.44,7878.6399375,foreground
S01_U04.CH4.wav,7878.48,7878.7599375,background
S01_U04.CH4.wav,7878.6,7878.8799375,foreground
S01_U04.CH4.wav,7878.72,7879.1599375,background
S01_U04.CH4.wav,7879,7879.2799375,foreground
S01_U04.CH4.wav,7879.12,7880.7199375,background
S01_U04.CH4.wav,7880.56,7880.7999375,foreground
S01_U04.CH4.wav,7880.64,7880.8399375,background
S01_U04.CH4.wav,7880.68,7880.8799375,foreground
S01_U04.CH4.wav,7880.72,7881.4799375,background
S01_U04.CH4.wav,7881.32,7881.9999375,foreground
S01_U04.CH4.wav,7881.84,7883.0399375,background
S01_U04.CH4.wav,7882.88,7883.3599375,foreground
S01_U04.CH4.wav,7883.2,7883.6799375,background
S01_U04.CH4.wav,7883.52,7883.7599375,foreground
S01_U04.CH4.wav,7883.6,7883.9999375,background
S01_U04.CH4.wav,7883.84,7884.0399375,foreground
S01_U04.CH4.wav,7883.88,7884.9999375,background
S01_U04.CH4.wav,7884.84,7885.0799375,foreground
S01_U04.CH4.wav,7884.92,7885.7999375,background
S01_U04.CH4.wav,7885.64,7885.8799375,foreground
S01_U04.CH4.wav,7885.72,7886.2799375,background
S01_U04.CH4.wav,7886.12,7886.3999375,foreground
S01_U04.CH4.wav,7886.24,7886.4799375,background
S01_U04.CH4.wav,7886.32,7886.5199375,foreground
S01_U04.CH4.wav,7886.36,7886.7199375,background
S01_U04.CH4.wav,7886.56,7886.9999375,foreground
S01_U04.CH4.wav,7886.84,7889.3199375,background
S01_U04.CH4.wav,7889.16,7889.3999375,foreground
S01_U04.CH4.wav,7889.24,7889.6799375,background
S01_U04.CH4.wav,7889.52,7889.9199375,foreground
S01_U04.CH4.wav,7889.76,7890.3599375,background
S01_U04.CH4.wav,7890.2,7890.3999375,foreground
S01_U04.CH4.wav,7890.24,7890.6399375,background
S01_U04.CH4.wav,7890.48,7890.7599375,foreground
S01_U04.CH4.wav,7890.6,7890.9599375,background
S01_U04.CH4.wav,7890.8,7891.1199375,foreground
S01_U04.CH4.wav,7890.96,7892.4799375,background
S01_U04.CH4.wav,7892.32,7892.7199375,foreground
S01_U04.CH4.wav,7892.56,7893.5999375,background
S01_U04.CH4.wav,7893.44,7893.6399375,foreground
S01_U04.CH4.wav,7893.48,7896.0799375,background
S01_U04.CH4.wav,7895.92,7896.1599375,foreground
S01_U04.CH4.wav,7896,7897.1199375,background
S01_U04.CH4.wav,7896.96,7897.1599375,foreground
S01_U04.CH4.wav,7897,7897.5599375,background
S01_U04.CH4.wav,7897.4,7897.6399375,foreground
S01_U04.CH4.wav,7897.48,7897.6799375,background
S01_U04.CH4.wav,7897.52,7897.7199375,foreground
S01_U04.CH4.wav,7897.56,7897.7599375,background
S01_U04.CH4.wav,7897.6,7897.9999375,foreground
S01_U04.CH4.wav,7897.84,7898.6399375,background
S01_U04.CH4.wav,7898.48,7898.7199375,foreground
S01_U04.CH4.wav,7898.56,7898.9999375,background
S01_U04.CH4.wav,7898.84,7899.0799375,foreground
S01_U04.CH4.wav,7898.92,7901.8799375,background
S01_U04.CH4.wav,7901.72,7901.9999375,foreground
S01_U04.CH4.wav,7901.84,7903.2399375,background
S01_U04.CH4.wav,7903.08,7903.3599375,foreground
S01_U04.CH4.wav,7903.2,7905.3199375,background
S01_U04.CH4.wav,7905.16,7905.3599375,foreground
S01_U04.CH4.wav,7905.2,7907.5599375,background
S01_U04.CH4.wav,7907.4,7907.5999375,foreground
S01_U04.CH4.wav,7907.44,7907.6399375,background
S01_U04.CH4.wav,7907.48,7907.6799375,foreground
S01_U04.CH4.wav,7907.52,7907.7599375,background
S01_U04.CH4.wav,7907.6,7907.8799375,foreground
S01_U04.CH4.wav,7907.72,7910.1599375,background
S01_U04.CH4.wav,7910,7910.1999375,foreground
S01_U04.CH4.wav,7910.04,7910.3199375,background
S01_U04.CH4.wav,7910.16,7910.3999375,foreground
S01_U04.CH4.wav,7910.24,7910.9599375,background
S01_U04.CH4.wav,7910.8,7910.9999375,foreground
S01_U04.CH4.wav,7910.84,7911.1599375,background
S01_U04.CH4.wav,7911,7911.2399375,foreground
S01_U04.CH4.wav,7911.08,7911.5599375,background
S01_U04.CH4.wav,7911.4,7911.8799375,foreground
S01_U04.CH4.wav,7911.72,7912.7599375,background
S01_U04.CH4.wav,7912.6,7912.9999375,foreground
S01_U04.CH4.wav,7912.84,7913.1999375,background
S01_U04.CH4.wav,7913.04,7913.2399375,foreground
S01_U04.CH4.wav,7913.08,7913.4399375,background
S01_U04.CH4.wav,7913.28,7913.5999375,foreground
S01_U04.CH4.wav,7913.44,7913.6799375,background
S01_U04.CH4.wav,7913.52,7913.7599375,foreground
S01_U04.CH4.wav,7913.6,7914.1599375,background
S01_U04.CH4.wav,7914,7914.1999375,foreground
S01_U04.CH4.wav,7914.04,7915.1999375,background
S01_U04.CH4.wav,7915.04,7915.2799375,foreground
S01_U04.CH4.wav,7915.12,7915.3599375,background
S01_U04.CH4.wav,7915.2,7915.4799375,foreground
S01_U04.CH4.wav,7915.32,7917.5199375,background
S01_U04.CH4.wav,7917.36,7917.7199375,foreground
S01_U04.CH4.wav,7917.56,7917.9199375,background
S01_U04.CH4.wav,7917.76,7918.2399375,foreground
S01_U04.CH4.wav,7918.08,7918.3199375,background
S01_U04.CH4.wav,7918.16,7918.3599375,foreground
S01_U04.CH4.wav,7918.2,7918.3999375,background
S01_U04.CH4.wav,7918.24,7918.5599375,foreground
S01_U04.CH4.wav,7918.4,7918.5999375,background
S01_U04.CH4.wav,7918.44,7918.7599375,foreground
S01_U04.CH4.wav,7918.6,7918.9199375,background
S01_U04.CH4.wav,7918.76,7919.1199375,foreground
S01_U04.CH4.wav,7918.96,7919.1599375,background
S01_U04.CH4.wav,7919,7919.3999375,foreground
S01_U04.CH4.wav,7919.24,7920.0399375,background
S01_U04.CH4.wav,7919.88,7920.1999375,foreground
S01_U04.CH4.wav,7920.04,7920.8399375,background
S01_U04.CH4.wav,7920.68,7920.9999375,foreground
S01_U04.CH4.wav,7920.84,7921.3599375,background
S01_U04.CH4.wav,7921.2,7921.9599375,foreground
S01_U04.CH4.wav,7921.8,7925.4399375,background
S01_U04.CH4.wav,7925.28,7925.5199375,foreground
S01_U04.CH4.wav,7925.36,7925.8799375,background
S01_U04.CH4.wav,7925.72,7925.9199375,foreground
S01_U04.CH4.wav,7925.76,7926.9999375,background
S01_U04.CH4.wav,7926.84,7927.1199375,foreground
S01_U04.CH4.wav,7926.96,7927.8399375,background
S01_U04.CH4.wav,7927.68,7927.9999375,foreground
S01_U04.CH4.wav,7927.84,7928.1999375,background
S01_U04.CH4.wav,7928.04,7928.6399375,foreground
S01_U04.CH4.wav,7928.48,7928.6799375,background
S01_U04.CH4.wav,7928.52,7928.7599375,foreground
S01_U04.CH4.wav,7928.6,7929.4799375,background
S01_U04.CH4.wav,7929.32,7929.5999375,foreground
S01_U04.CH4.wav,7929.44,7929.7999375,background
S01_U04.CH4.wav,7929.64,7930.0399375,foreground
S01_U04.CH4.wav,7929.88,7933.9599375,background
S01_U04.CH4.wav,7933.8,7934.1199375,foreground
S01_U04.CH4.wav,7933.96,7934.1599375,background
S01_U04.CH4.wav,7934,7934.2799375,foreground
S01_U04.CH4.wav,7934.12,7934.4399375,background
S01_U04.CH4.wav,7934.28,7934.4799375,foreground
S01_U04.CH4.wav,7934.32,7935.4399375,background
S01_U04.CH4.wav,7935.28,7935.5599375,foreground
S01_U04.CH4.wav,7935.4,7939.6799375,background
S01_U04.CH4.wav,7939.52,7939.9599375,foreground
S01_U04.CH4.wav,7939.8,7941.0399375,background
S01_U04.CH4.wav,7940.88,7941.0799375,foreground
S01_U04.CH4.wav,7940.92,7941.1599375,background
S01_U04.CH4.wav,7941,7941.1999375,foreground
S01_U04.CH4.wav,7941.04,7943.9199375,background
S01_U04.CH4.wav,7943.76,7944.0399375,foreground
S01_U04.CH4.wav,7943.88,7944.0799375,background
S01_U04.CH4.wav,7943.92,7944.3199375,foreground
S01_U04.CH4.wav,7944.16,7944.9999375,background
S01_U04.CH4.wav,7944.84,7945.0399375,foreground
S01_U04.CH4.wav,7944.88,7945.1199375,background
S01_U04.CH4.wav,7944.96,7945.2399375,foreground
S01_U04.CH4.wav,7945.08,7945.3599375,background
S01_U04.CH4.wav,7945.2,7945.4799375,foreground
S01_U04.CH4.wav,7945.32,7945.6399375,background
S01_U04.CH4.wav,7945.48,7945.7599375,foreground
S01_U04.CH4.wav,7945.6,7945.8799375,background
S01_U04.CH4.wav,7945.72,7945.9199375,foreground
S01_U04.CH4.wav,7945.76,7946.3599375,background
S01_U04.CH4.wav,7946.2,7946.6799375,foreground
S01_U04.CH4.wav,7946.52,7946.7599375,background
S01_U04.CH4.wav,7946.6,7946.7999375,foreground
S01_U04.CH4.wav,7946.64,7947.5999375,background
S01_U04.CH4.wav,7947.44,7947.9599375,foreground
S01_U04.CH4.wav,7947.8,7948.5199375,background
S01_U04.CH4.wav,7948.36,7948.5599375,foreground
S01_U04.CH4.wav,7948.4,7948.9599375,background
S01_U04.CH4.wav,7948.8,7949.1199375,foreground
S01_U04.CH4.wav,7948.96,7949.1999375,background
S01_U04.CH4.wav,7949.04,7949.3199375,foreground
S01_U04.CH4.wav,7949.16,7951.7599375,background
S01_U04.CH4.wav,7951.6,7951.9599375,foreground
S01_U04.CH4.wav,7951.8,7952.6799375,background
S01_U04.CH4.wav,7952.52,7952.7199375,foreground
S01_U04.CH4.wav,7952.56,7952.9599375,background
S01_U04.CH4.wav,7952.8,7952.9999375,foreground
S01_U04.CH4.wav,7952.84,7954.9999375,background
S01_U04.CH4.wav,7954.84,7955.1999375,foreground
S01_U04.CH4.wav,7955.04,7955.4799375,background
S01_U04.CH4.wav,7955.32,7955.5599375,foreground
S01_U04.CH4.wav,7955.4,7956.2799375,background
S01_U04.CH4.wav,7956.12,7956.3199375,foreground
S01_U04.CH4.wav,7956.16,7956.5199375,background
S01_U04.CH4.wav,7956.36,7956.5599375,foreground
S01_U04.CH4.wav,7956.4,7957.7199375,background
S01_U04.CH4.wav,7957.56,7958.2799375,foreground
S01_U04.CH4.wav,7958.12,7958.3999375,background
S01_U04.CH4.wav,7958.24,7958.6799375,foreground
S01_U04.CH4.wav,7958.52,7959.0399375,background
S01_U04.CH4.wav,7958.88,7959.1199375,foreground
S01_U04.CH4.wav,7958.96,7962.3599375,background
S01_U04.CH4.wav,7962.2,7962.5199375,foreground
S01_U04.CH4.wav,7962.36,7964.3999375,background
S01_U04.CH4.wav,7964.24,7964.4799375,foreground
S01_U04.CH4.wav,7964.32,7964.5199375,background
S01_U04.CH4.wav,7964.36,7964.6799375,foreground
S01_U04.CH4.wav,7964.52,7965.1599375,background
S01_U04.CH4.wav,7965,7965.1999375,foreground
S01_U04.CH4.wav,7965.04,7965.3199375,background
S01_U04.CH4.wav,7965.16,7965.5999375,foreground
S01_U04.CH4.wav,7965.44,7966.1199375,background
S01_U04.CH4.wav,7965.96,7966.2399375,foreground
S01_U04.CH4.wav,7966.08,7966.6399375,background
S01_U04.CH4.wav,7966.48,7966.6799375,foreground
S01_U04.CH4.wav,7966.52,7970.1999375,background
S01_U04.CH4.wav,7970.04,7970.3999375,foreground
S01_U04.CH4.wav,7970.24,7971.0399375,background
S01_U04.CH4.wav,7970.88,7971.4799375,foreground
S01_U04.CH4.wav,7971.32,7974.1999375,background
S01_U04.CH4.wav,7974.04,7974.3599375,foreground
S01_U04.CH4.wav,7974.2,7975.1999375,background
S01_U04.CH4.wav,7975.04,7975.3599375,foreground
S01_U04.CH4.wav,7975.2,7975.8799375,background
S01_U04.CH4.wav,7975.72,7976.0399375,foreground
S01_U04.CH4.wav,7975.88,7977.6799375,background
S01_U04.CH4.wav,7977.52,7977.7199375,foreground
S01_U04.CH4.wav,7977.56,7978.6399375,background
S01_U04.CH4.wav,7978.48,7979.1999375,foreground
S01_U04.CH4.wav,7979.04,7979.7599375,background
S01_U04.CH4.wav,7979.6,7980.1599375,foreground
S01_U04.CH4.wav,7980,7980.5599375,background
S01_U04.CH4.wav,7980.4,7980.6399375,foreground
S01_U04.CH4.wav,7980.48,7980.9999375,background
S01_U04.CH4.wav,7980.84,7981.1199375,foreground
S01_U04.CH4.wav,7980.96,7981.9599375,background
S01_U04.CH4.wav,7981.8,7981.9999375,foreground
S01_U04.CH4.wav,7981.84,7982.1999375,background
S01_U04.CH4.wav,7982.04,7982.2799375,foreground
S01_U04.CH4.wav,7982.12,7983.0799375,background
S01_U04.CH4.wav,7982.92,7983.2799375,foreground
S01_U04.CH4.wav,7983.12,7983.3999375,background
S01_U04.CH4.wav,7983.24,7983.5999375,foreground
S01_U04.CH4.wav,7983.44,7983.7599375,background
S01_U04.CH4.wav,7983.6,7983.7999375,foreground
S01_U04.CH4.wav,7983.64,7984.3599375,background
S01_U04.CH4.wav,7984.2,7984.5199375,foreground
S01_U04.CH4.wav,7984.36,7985.0799375,background
S01_U04.CH4.wav,7984.92,7985.1199375,foreground
S01_U04.CH4.wav,7984.96,7985.3199375,background
S01_U04.CH4.wav,7985.16,7985.3599375,foreground
S01_U04.CH4.wav,7985.2,7986.6799375,background
S01_U04.CH4.wav,7986.52,7986.8399375,foreground
S01_U04.CH4.wav,7986.68,7987.5599375,background
S01_U04.CH4.wav,7987.4,7987.7199375,foreground
S01_U04.CH4.wav,7987.56,7989.4399375,background
S01_U04.CH4.wav,7989.28,7989.4799375,foreground
S01_U04.CH4.wav,7989.32,7989.6399375,background
S01_U04.CH4.wav,7989.48,7989.6799375,foreground
S01_U04.CH4.wav,7989.52,7989.7199375,background
S01_U04.CH4.wav,7989.56,7989.8799375,foreground
S01_U04.CH4.wav,7989.72,7989.9199375,background
S01_U04.CH4.wav,7989.76,7989.9599375,foreground
S01_U04.CH4.wav,7989.8,7990.1999375,background
S01_U04.CH4.wav,7990.04,7990.3199375,foreground
S01_U04.CH4.wav,7990.16,7993.8399375,background
S01_U04.CH4.wav,7993.68,7994.0799375,foreground
S01_U04.CH4.wav,7993.92,7994.1999375,background
S01_U04.CH4.wav,7994.04,7994.2399375,foreground
S01_U04.CH4.wav,7994.08,7999.8799375,background
S01_U04.CH4.wav,7999.72,7999.9999375,foreground
S01_U04.CH4.wav,7999.84,8001.3199375,background
S01_U04.CH4.wav,8001.16,8001.4399375,foreground
S01_U04.CH4.wav,8001.28,8001.5999375,background
S01_U04.CH4.wav,8001.44,8001.7599375,foreground
S01_U04.CH4.wav,8001.6,8002.2799375,background
S01_U04.CH4.wav,8002.12,8002.3599375,foreground
S01_U04.CH4.wav,8002.2,8002.4399375,background
S01_U04.CH4.wav,8002.28,8002.4799375,foreground
S01_U04.CH4.wav,8002.32,8002.6399375,background
S01_U04.CH4.wav,8002.48,8002.7999375,foreground
S01_U04.CH4.wav,8002.64,8004.0799375,background
S01_U04.CH4.wav,8003.92,8004.1199375,foreground
S01_U04.CH4.wav,8003.96,8004.6399375,background
S01_U04.CH4.wav,8004.48,8004.7199375,foreground
S01_U04.CH4.wav,8004.56,8004.9199375,background
S01_U04.CH4.wav,8004.76,8004.9599375,foreground
S01_U04.CH4.wav,8004.8,8006.7199375,background
S01_U04.CH4.wav,8006.56,8006.7599375,foreground
S01_U04.CH4.wav,8006.6,8006.9199375,background
S01_U04.CH4.wav,8006.76,8006.9599375,foreground
S01_U04.CH4.wav,8006.8,8008.3199375,background
S01_U04.CH4.wav,8008.16,8008.5999375,foreground
S01_U04.CH4.wav,8008.44,8008.7199375,background
S01_U04.CH4.wav,8008.56,8009.0399375,foreground
S01_U04.CH4.wav,8008.88,8009.1599375,background
S01_U04.CH4.wav,8009,8009.3199375,foreground
S01_U04.CH4.wav,8009.16,8010.2399375,background
S01_U04.CH4.wav,8010.08,8010.5599375,foreground
S01_U04.CH4.wav,8010.4,8010.6799375,background
S01_U04.CH4.wav,8010.52,8010.7999375,foreground
S01_U04.CH4.wav,8010.64,8011.5199375,background
S01_U04.CH4.wav,8011.36,8011.6799375,foreground
S01_U04.CH4.wav,8011.52,8011.8399375,background
S01_U04.CH4.wav,8011.68,8012.1199375,foreground
S01_U04.CH4.wav,8011.96,8012.2399375,background
S01_U04.CH4.wav,8012.08,8012.6399375,foreground
S01_U04.CH4.wav,8012.48,8013.7599375,background
S01_U04.CH4.wav,8013.6,8013.7999375,foreground
S01_U04.CH4.wav,8013.64,8013.9599375,background
S01_U04.CH4.wav,8013.8,8014.4799375,foreground
S01_U04.CH4.wav,8014.32,8014.6799375,background
S01_U04.CH4.wav,8014.52,8014.7999375,foreground
S01_U04.CH4.wav,8014.64,8014.9199375,background
S01_U04.CH4.wav,8014.76,8014.9599375,foreground
S01_U04.CH4.wav,8014.8,8015.5999375,background
S01_U04.CH4.wav,8015.44,8015.7999375,foreground
S01_U04.CH4.wav,8015.64,8015.9199375,background
S01_U04.CH4.wav,8015.76,8015.9599375,foreground
S01_U04.CH4.wav,8015.8,8016.3999375,background
S01_U04.CH4.wav,8016.24,8016.9599375,foreground
S01_U04.CH4.wav,8016.8,8017.3999375,background
S01_U04.CH4.wav,8017.24,8017.6399375,foreground
S01_U04.CH4.wav,8017.48,8017.8399375,background
S01_U04.CH4.wav,8017.68,8018.1999375,foreground
S01_U04.CH4.wav,8018.04,8019.3999375,background
S01_U04.CH4.wav,8019.24,8019.4399375,foreground
S01_U04.CH4.wav,8019.28,8020.4799375,background
S01_U04.CH4.wav,8020.32,8020.5599375,foreground
S01_U04.CH4.wav,8020.4,8021.7599375,background
S01_U04.CH4.wav,8021.6,8021.8799375,foreground
S01_U04.CH4.wav,8021.72,8022.0399375,background
S01_U04.CH4.wav,8021.88,8022.2399375,foreground
S01_U04.CH4.wav,8022.08,8022.8399375,background
S01_U04.CH4.wav,8022.68,8023.0399375,foreground
S01_U04.CH4.wav,8022.88,8023.3199375,background
S01_U04.CH4.wav,8023.16,8023.5599375,foreground
S01_U04.CH4.wav,8023.4,8023.5999375,background
S01_U04.CH4.wav,8023.44,8023.8799375,foreground
S01_U04.CH4.wav,8023.72,8023.9999375,background
S01_U04.CH4.wav,8023.84,8024.2799375,foreground
S01_U04.CH4.wav,8024.12,8025.0799375,background
S01_U04.CH4.wav,8024.92,8025.2799375,foreground
S01_U04.CH4.wav,8025.12,8026.0399375,background
S01_U04.CH4.wav,8025.88,8026.1599375,foreground
S01_U04.CH4.wav,8026,8027.0799375,background
S01_U04.CH4.wav,8026.92,8027.2799375,foreground
S01_U04.CH4.wav,8027.12,8030.4799375,background
S01_U04.CH4.wav,8030.32,8031.0399375,foreground
S01_U04.CH4.wav,8030.88,8031.0799375,background
S01_U04.CH4.wav,8030.92,8031.1199375,foreground
S01_U04.CH4.wav,8030.96,8031.2399375,background
S01_U04.CH4.wav,8031.08,8031.5599375,foreground
S01_U04.CH4.wav,8031.4,8031.6399375,background
S01_U04.CH4.wav,8031.48,8031.9199375,foreground
S01_U04.CH4.wav,8031.76,8032.1199375,background
S01_U04.CH4.wav,8031.96,8032.1999375,foreground
S01_U04.CH4.wav,8032.04,8032.6799375,background
S01_U04.CH4.wav,8032.52,8032.8799375,foreground
S01_U04.CH4.wav,8032.72,8032.9999375,background
S01_U04.CH4.wav,8032.84,8033.1199375,foreground
S01_U04.CH4.wav,8032.96,8034.0799375,background
S01_U04.CH4.wav,8033.92,8034.1199375,foreground
S01_U04.CH4.wav,8033.96,8034.3199375,background
S01_U04.CH4.wav,8034.16,8034.3999375,foreground
S01_U04.CH4.wav,8034.24,8038.7999375,background
S01_U04.CH4.wav,8038.64,8038.9999375,foreground
S01_U04.CH4.wav,8038.84,8041.0799375,background
S01_U04.CH4.wav,8040.92,8041.1999375,foreground
S01_U04.CH4.wav,8041.04,8041.6399375,background
S01_U04.CH4.wav,8041.48,8041.7999375,foreground
S01_U04.CH4.wav,8041.64,8041.8799375,background
S01_U04.CH4.wav,8041.72,8042.2799375,foreground
S01_U04.CH4.wav,8042.12,8042.7199375,background
S01_U04.CH4.wav,8042.56,8042.7599375,foreground
S01_U04.CH4.wav,8042.6,8042.8399375,background
S01_U04.CH4.wav,8042.68,8042.9199375,foreground
S01_U04.CH4.wav,8042.76,8043.2799375,background
S01_U04.CH4.wav,8043.12,8043.3599375,foreground
S01_U04.CH4.wav,8043.2,8043.5199375,background
S01_U04.CH4.wav,8043.36,8044.0399375,foreground
S01_U04.CH4.wav,8043.88,8044.4399375,background
S01_U04.CH4.wav,8044.28,8044.4799375,foreground
S01_U04.CH4.wav,8044.32,8044.9199375,background
S01_U04.CH4.wav,8044.76,8044.9599375,foreground
S01_U04.CH4.wav,8044.8,8045.9599375,background
S01_U04.CH4.wav,8045.8,8046.1199375,foreground
S01_U04.CH4.wav,8045.96,8046.7199375,background
S01_U04.CH4.wav,8046.56,8046.7999375,foreground
S01_U04.CH4.wav,8046.64,8047.6799375,background
S01_U04.CH4.wav,8047.52,8047.8399375,foreground
S01_U04.CH4.wav,8047.68,8047.9199375,background
S01_U04.CH4.wav,8047.76,8048.0799375,foreground
S01_U04.CH4.wav,8047.92,8048.3999375,background
S01_U04.CH4.wav,8048.24,8048.5199375,foreground
S01_U04.CH4.wav,8048.36,8050.4799375,background
S01_U04.CH4.wav,8050.32,8050.6399375,foreground
S01_U04.CH4.wav,8050.48,8051.5999375,background
S01_U04.CH4.wav,8051.44,8051.7199375,foreground
S01_U04.CH4.wav,8051.56,8051.7599375,background
S01_U04.CH4.wav,8051.6,8052.5599375,foreground
S01_U04.CH4.wav,8052.4,8055.7999375,background
S01_U04.CH4.wav,8055.64,8055.8799375,foreground
S01_U04.CH4.wav,8055.72,8055.9199375,background
S01_U04.CH4.wav,8055.76,8056.1199375,foreground
S01_U04.CH4.wav,8055.96,8056.7599375,background
S01_U04.CH4.wav,8056.6,8056.8399375,foreground
S01_U04.CH4.wav,8056.68,8056.8799375,background
S01_U04.CH4.wav,8056.72,8056.9199375,foreground
S01_U04.CH4.wav,8056.76,8058.0399375,background
S01_U04.CH4.wav,8057.88,8058.0799375,foreground
S01_U04.CH4.wav,8057.92,8058.5199375,background
S01_U04.CH4.wav,8058.36,8058.7999375,foreground
S01_U04.CH4.wav,8058.64,8058.8399375,background
S01_U04.CH4.wav,8058.68,8059.1999375,foreground
S01_U04.CH4.wav,8059.04,8059.8799375,background
S01_U04.CH4.wav,8059.72,8060.2799375,foreground
S01_U04.CH4.wav,8060.12,8061.9999375,background
S01_U04.CH4.wav,8061.84,8062.0399375,foreground
S01_U04.CH4.wav,8061.88,8062.1599375,background
S01_U04.CH4.wav,8062,8062.2399375,foreground
S01_U04.CH4.wav,8062.08,8062.3199375,background
S01_U04.CH4.wav,8062.16,8062.4799375,foreground
S01_U04.CH4.wav,8062.32,8062.7599375,background
S01_U04.CH4.wav,8062.6,8062.7999375,foreground
S01_U04.CH4.wav,8062.64,8063.3999375,background
S01_U04.CH4.wav,8063.24,8063.5199375,foreground
S01_U04.CH4.wav,8063.36,8064.1999375,background
S01_U04.CH4.wav,8064.04,8064.6399375,foreground
S01_U04.CH4.wav,8064.48,8065.5599375,background
S01_U04.CH4.wav,8065.4,8065.5999375,foreground
S01_U04.CH4.wav,8065.44,8067.8799375,background
S01_U04.CH4.wav,8067.72,8067.9599375,foreground
S01_U04.CH4.wav,8067.8,8068.6799375,background
S01_U04.CH4.wav,8068.52,8068.8399375,foreground
S01_U04.CH4.wav,8068.68,8073.0399375,background
S01_U04.CH4.wav,8072.88,8073.2799375,foreground
S01_U04.CH4.wav,8073.12,8073.3599375,background
S01_U04.CH4.wav,8073.2,8073.4399375,foreground
S01_U04.CH4.wav,8073.28,8073.6799375,background
S01_U04.CH4.wav,8073.52,8073.7199375,foreground
S01_U04.CH4.wav,8073.56,8075.1999375,background
S01_U04.CH4.wav,8075.04,8075.5599375,foreground
S01_U04.CH4.wav,8075.4,8076.1599375,background
S01_U04.CH4.wav,8076,8076.4399375,foreground
S01_U04.CH4.wav,8076.28,8078.2799375,background
S01_U04.CH4.wav,8078.12,8078.4399375,foreground
S01_U04.CH4.wav,8078.28,8080.5599375,background
S01_U04.CH4.wav,8080.4,8080.5999375,foreground
S01_U04.CH4.wav,8080.44,8083.6799375,background
S01_U04.CH4.wav,8083.52,8083.9999375,foreground
S01_U04.CH4.wav,8083.84,8085.0399375,background
S01_U04.CH4.wav,8084.88,8085.6399375,foreground
S01_U04.CH4.wav,8085.48,8088.1999375,background
S01_U04.CH4.wav,8088.04,8088.2799375,foreground
S01_U04.CH4.wav,8088.12,8090.4399375,background
S01_U04.CH4.wav,8090.28,8090.4799375,foreground
S01_U04.CH4.wav,8090.32,8090.6399375,background
S01_U04.CH4.wav,8090.48,8090.9999375,foreground
S01_U04.CH4.wav,8090.84,8091.3599375,background
S01_U04.CH4.wav,8091.2,8091.3999375,foreground
S01_U04.CH4.wav,8091.24,8091.5999375,background
S01_U04.CH4.wav,8091.44,8091.9199375,foreground
S01_U04.CH4.wav,8091.76,8092.2399375,background
S01_U04.CH4.wav,8092.08,8093.6799375,foreground
S01_U04.CH4.wav,8093.52,8094.9999375,background
S01_U04.CH4.wav,8094.84,8095.1999375,foreground
S01_U04.CH4.wav,8095.04,8095.3999375,background
S01_U04.CH4.wav,8095.24,8095.5199375,foreground
S01_U04.CH4.wav,8095.36,8096.7599375,background
S01_U04.CH4.wav,8096.6,8097.0799375,foreground
S01_U04.CH4.wav,8096.92,8098.4399375,background
S01_U04.CH4.wav,8098.28,8098.6399375,foreground
S01_U04.CH4.wav,8098.48,8103.8799375,background
S01_U04.CH4.wav,8103.72,8103.9199375,foreground
S01_U04.CH4.wav,8103.76,8103.9599375,background
S01_U04.CH4.wav,8103.8,8104.2799375,foreground
S01_U04.CH4.wav,8104.12,8104.4799375,background
S01_U04.CH4.wav,8104.32,8104.5199375,foreground
S01_U04.CH4.wav,8104.36,8104.8399375,background
S01_U04.CH4.wav,8104.68,8105.3999375,foreground
S01_U04.CH4.wav,8105.24,8106.1599375,background
S01_U04.CH4.wav,8106,8107.3199375,foreground
S01_U04.CH4.wav,8107.16,8107.6799375,background
S01_U04.CH4.wav,8107.52,8108.6399375,foreground
S01_U04.CH4.wav,8108.48,8108.7199375,background
S01_U04.CH4.wav,8108.56,8108.7599375,foreground
S01_U04.CH4.wav,8108.6,8108.9199375,background
S01_U04.CH4.wav,8108.76,8109.0799375,foreground
S01_U04.CH4.wav,8108.92,8109.1199375,background
S01_U04.CH4.wav,8108.96,8109.1999375,foreground
S01_U04.CH4.wav,8109.04,8109.4399375,background
S01_U04.CH4.wav,8109.28,8109.7199375,foreground
S01_U04.CH4.wav,8109.56,8109.7999375,background
S01_U04.CH4.wav,8109.64,8110.0399375,foreground
S01_U04.CH4.wav,8109.88,8110.0799375,background
S01_U04.CH4.wav,8109.92,8110.1599375,foreground
S01_U04.CH4.wav,8110,8110.2399375,background
S01_U04.CH4.wav,8110.08,8110.3199375,foreground
S01_U04.CH4.wav,8110.16,8110.3599375,background
S01_U04.CH4.wav,8110.2,8110.5599375,foreground
S01_U04.CH4.wav,8110.4,8110.5999375,background
S01_U04.CH4.wav,8110.44,8111.2399375,foreground
S01_U04.CH4.wav,8111.08,8111.6399375,background
S01_U04.CH4.wav,8111.48,8111.9199375,foreground
S01_U04.CH4.wav,8111.76,8112.1999375,background
S01_U04.CH4.wav,8112.04,8112.2799375,foreground
S01_U04.CH4.wav,8112.12,8113.1999375,background
S01_U04.CH4.wav,8113.04,8113.2399375,foreground
S01_U04.CH4.wav,8113.08,8113.5999375,background
S01_U04.CH4.wav,8113.44,8113.8799375,foreground
S01_U04.CH4.wav,8113.72,8115.0799375,background
S01_U04.CH4.wav,8114.92,8115.1199375,foreground
S01_U04.CH4.wav,8114.96,8115.3999375,background
S01_U04.CH4.wav,8115.24,8115.4399375,foreground
S01_U04.CH4.wav,8115.28,8115.6799375,background
S01_U04.CH4.wav,8115.52,8115.8799375,foreground
S01_U04.CH4.wav,8115.72,8117.0799375,background
S01_U04.CH4.wav,8116.92,8117.8399375,foreground
S01_U04.CH4.wav,8117.68,8119.3999375,background
S01_U04.CH4.wav,8119.24,8119.4399375,foreground
S01_U04.CH4.wav,8119.28,8119.9199375,background
S01_U04.CH4.wav,8119.76,8120.1999375,foreground
S01_U04.CH4.wav,8120.04,8120.5199375,background
S01_U04.CH4.wav,8120.36,8120.9599375,foreground
S01_U04.CH4.wav,8120.8,8121.7199375,background
S01_U04.CH4.wav,8121.56,8122.0399375,foreground
S01_U04.CH4.wav,8121.88,8122.1999375,background
S01_U04.CH4.wav,8122.04,8122.2399375,foreground
S01_U04.CH4.wav,8122.08,8122.3199375,background
S01_U04.CH4.wav,8122.16,8122.4399375,foreground
S01_U04.CH4.wav,8122.28,8122.5199375,background
S01_U04.CH4.wav,8122.36,8122.6399375,foreground
S01_U04.CH4.wav,8122.48,8123.5599375,background
S01_U04.CH4.wav,8123.4,8123.9599375,foreground
S01_U04.CH4.wav,8123.8,8124.0799375,background
S01_U04.CH4.wav,8123.92,8124.2399375,foreground
S01_U04.CH4.wav,8124.08,8124.4399375,background
S01_U04.CH4.wav,8124.28,8125.0799375,foreground
S01_U04.CH4.wav,8124.92,8125.1599375,background
S01_U04.CH4.wav,8125,8125.3999375,foreground
S01_U04.CH4.wav,8125.24,8126.1599375,background
S01_U04.CH4.wav,8126,8126.4399375,foreground
S01_U04.CH4.wav,8126.28,8126.5599375,background
S01_U04.CH4.wav,8126.4,8126.8799375,foreground
S01_U04.CH4.wav,8126.72,8126.9599375,background
S01_U04.CH4.wav,8126.8,8127.1999375,foreground
S01_U04.CH4.wav,8127.04,8127.2799375,background
S01_U04.CH4.wav,8127.12,8127.3199375,foreground
S01_U04.CH4.wav,8127.16,8127.7199375,background
S01_U04.CH4.wav,8127.56,8127.7599375,foreground
S01_U04.CH4.wav,8127.6,8128.1199375,background
S01_U04.CH4.wav,8127.96,8128.5999375,foreground
S01_U04.CH4.wav,8128.44,8128.9599375,background
S01_U04.CH4.wav,8128.8,8129.1599375,foreground
S01_U04.CH4.wav,8129,8129.2399375,background
S01_U04.CH4.wav,8129.08,8129.5199375,foreground
S01_U04.CH4.wav,8129.36,8129.6399375,background
S01_U04.CH4.wav,8129.48,8129.7599375,foreground
S01_U04.CH4.wav,8129.6,8129.9599375,background
S01_U04.CH4.wav,8129.8,8130.0799375,foreground
S01_U04.CH4.wav,8129.92,8130.1199375,background
S01_U04.CH4.wav,8129.96,8130.1599375,foreground
S01_U04.CH4.wav,8130,8131.1199375,background
S01_U04.CH4.wav,8130.96,8131.1599375,foreground
S01_U04.CH4.wav,8131,8131.2399375,background
S01_U04.CH4.wav,8131.08,8131.3199375,foreground
S01_U04.CH4.wav,8131.16,8131.5599375,background
S01_U04.CH4.wav,8131.4,8131.8399375,foreground
S01_U04.CH4.wav,8131.68,8131.9199375,background
S01_U04.CH4.wav,8131.76,8132.1199375,foreground
S01_U04.CH4.wav,8131.96,8133.3199375,background
S01_U04.CH4.wav,8133.16,8133.3599375,foreground
S01_U04.CH4.wav,8133.2,8133.4399375,background
S01_U04.CH4.wav,8133.28,8133.6799375,foreground
S01_U04.CH4.wav,8133.52,8133.9199375,background
S01_U04.CH4.wav,8133.76,8133.9599375,foreground
S01_U04.CH4.wav,8133.8,8134.0799375,background
S01_U04.CH4.wav,8133.92,8134.6399375,foreground
S01_U04.CH4.wav,8134.48,8134.7599375,background
S01_U04.CH4.wav,8134.6,8134.7999375,foreground
S01_U04.CH4.wav,8134.64,8134.9599375,background
S01_U04.CH4.wav,8134.8,8135.1599375,foreground
S01_U04.CH4.wav,8135,8135.4399375,background
S01_U04.CH4.wav,8135.28,8135.4799375,foreground
S01_U04.CH4.wav,8135.32,8135.5199375,background
S01_U04.CH4.wav,8135.36,8135.5599375,foreground
S01_U04.CH4.wav,8135.4,8135.8399375,background
S01_U04.CH4.wav,8135.68,8136.3599375,foreground
S01_U04.CH4.wav,8136.2,8137.0399375,background
S01_U04.CH4.wav,8136.88,8137.2799375,foreground
S01_U04.CH4.wav,8137.12,8137.3199375,background
S01_U04.CH4.wav,8137.16,8137.6399375,foreground
S01_U04.CH4.wav,8137.48,8137.6799375,background
S01_U04.CH4.wav,8137.52,8137.7199375,foreground
S01_U04.CH4.wav,8137.56,8139.0399375,background
S01_U04.CH4.wav,8138.88,8139.1599375,foreground
S01_U04.CH4.wav,8139,8142.8399375,background
S01_U04.CH4.wav,8142.68,8142.9599375,foreground
S01_U04.CH4.wav,8142.8,8142.9999375,background
S01_U04.CH4.wav,8142.84,8143.0399375,foreground
S01_U04.CH4.wav,8142.88,8143.8399375,background
S01_U04.CH4.wav,8143.68,8143.9199375,foreground
S01_U04.CH4.wav,8143.76,8146.4399375,background
S01_U04.CH4.wav,8146.28,8146.8799375,foreground
S01_U04.CH4.wav,8146.72,8149.5199375,background
S01_U04.CH4.wav,8149.36,8149.5999375,foreground
S01_U04.CH4.wav,8149.44,8149.7199375,background
S01_U04.CH4.wav,8149.56,8149.7599375,foreground
S01_U04.CH4.wav,8149.6,8149.7999375,background
S01_U04.CH4.wav,8149.64,8149.9599375,foreground
S01_U04.CH4.wav,8149.8,8150.0399375,background
S01_U04.CH4.wav,8149.88,8150.4399375,foreground
S01_U04.CH4.wav,8150.28,8150.6399375,background
S01_U04.CH4.wav,8150.48,8150.6799375,foreground
S01_U04.CH4.wav,8150.52,8150.9199375,background
S01_U04.CH4.wav,8150.76,8151.2399375,foreground
S01_U04.CH4.wav,8151.08,8152.6399375,background
S01_U04.CH4.wav,8152.48,8152.8799375,foreground
S01_U04.CH4.wav,8152.72,8153.3599375,background
S01_U04.CH4.wav,8153.2,8153.3999375,foreground
S01_U04.CH4.wav,8153.24,8155.0799375,background
S01_U04.CH4.wav,8154.92,8155.1199375,foreground
S01_U04.CH4.wav,8154.96,8155.3599375,background
S01_U04.CH4.wav,8155.2,8155.3999375,foreground
S01_U04.CH4.wav,8155.24,8156.1199375,background
S01_U04.CH4.wav,8155.96,8156.5599375,foreground
S01_U04.CH4.wav,8156.4,8156.8799375,background
S01_U04.CH4.wav,8156.72,8157.1199375,foreground
S01_U04.CH4.wav,8156.96,8158.1199375,background
S01_U04.CH4.wav,8157.96,8158.1599375,foreground
S01_U04.CH4.wav,8158,8158.1999375,background
S01_U04.CH4.wav,8158.04,8158.2799375,foreground
S01_U04.CH4.wav,8158.12,8159.0799375,background
S01_U04.CH4.wav,8158.92,8159.1599375,foreground
S01_U04.CH4.wav,8159,8162.7999375,background
S01_U04.CH4.wav,8162.64,8162.8399375,foreground
S01_U04.CH4.wav,8162.68,8162.9999375,background
S01_U04.CH4.wav,8162.84,8163.1199375,foreground
S01_U04.CH4.wav,8162.96,8163.7999375,background
S01_U04.CH4.wav,8163.64,8164.0399375,foreground
S01_U04.CH4.wav,8163.88,8164.1199375,background
S01_U04.CH4.wav,8163.96,8164.2799375,foreground
S01_U04.CH4.wav,8164.12,8164.3999375,background
S01_U04.CH4.wav,8164.24,8164.9999375,foreground
S01_U04.CH4.wav,8164.84,8165.5199375,background
S01_U04.CH4.wav,8165.36,8165.5999375,foreground
S01_U04.CH4.wav,8165.44,8165.6399375,background
S01_U04.CH4.wav,8165.48,8165.6799375,foreground
S01_U04.CH4.wav,8165.52,8165.7999375,background
S01_U04.CH4.wav,8165.64,8165.8799375,foreground
S01_U04.CH4.wav,8165.72,8166.0399375,background
S01_U04.CH4.wav,8165.88,8166.0799375,foreground
S01_U04.CH4.wav,8165.92,8166.7199375,background
S01_U04.CH4.wav,8166.56,8166.8399375,foreground
S01_U04.CH4.wav,8166.68,8167.9599375,background
S01_U04.CH4.wav,8167.8,8168.0799375,foreground
S01_U04.CH4.wav,8167.92,8171.9999375,background
S01_U04.CH4.wav,8171.84,8172.0399375,foreground
S01_U04.CH4.wav,8171.88,8175.2399375,background
S01_U04.CH4.wav,8175.08,8175.3599375,foreground
S01_U04.CH4.wav,8175.2,8175.3999375,background
S01_U04.CH4.wav,8175.24,8175.5999375,foreground
S01_U04.CH4.wav,8175.44,8176.6799375,background
S01_U04.CH4.wav,8176.52,8176.7199375,foreground
S01_U04.CH4.wav,8176.56,8177.4399375,background
S01_U04.CH4.wav,8177.28,8177.5599375,foreground
S01_U04.CH4.wav,8177.4,8177.7599375,background
S01_U04.CH4.wav,8177.6,8177.8399375,foreground
S01_U04.CH4.wav,8177.68,8180.0399375,background
S01_U04.CH4.wav,8179.88,8180.0799375,foreground
S01_U04.CH4.wav,8179.92,8180.8399375,background
S01_U04.CH4.wav,8180.68,8180.9999375,foreground
S01_U04.CH4.wav,8180.84,8181.3199375,background
S01_U04.CH4.wav,8181.16,8181.3999375,foreground
S01_U04.CH4.wav,8181.24,8182.6399375,background
S01_U04.CH4.wav,8182.48,8182.8399375,foreground
S01_U04.CH4.wav,8182.68,8183.6799375,background
S01_U04.CH4.wav,8183.52,8183.7199375,foreground
S01_U04.CH4.wav,8183.56,8183.8399375,background
S01_U04.CH4.wav,8183.68,8183.8799375,foreground
S01_U04.CH4.wav,8183.72,8183.9599375,background
S01_U04.CH4.wav,8183.8,8184.0399375,foreground
S01_U04.CH4.wav,8183.88,8187.8399375,background
S01_U04.CH4.wav,8187.68,8188.0399375,foreground
S01_U04.CH4.wav,8187.88,8188.3599375,background
S01_U04.CH4.wav,8188.2,8188.3999375,foreground
S01_U04.CH4.wav,8188.24,8189.3199375,background
S01_U04.CH4.wav,8189.16,8189.3599375,foreground
S01_U04.CH4.wav,8189.2,8189.3999375,background
S01_U04.CH4.wav,8189.24,8189.4399375,foreground
S01_U04.CH4.wav,8189.28,8189.7999375,background
S01_U04.CH4.wav,8189.64,8189.8799375,foreground
S01_U04.CH4.wav,8189.72,8190.0399375,background
S01_U04.CH4.wav,8189.88,8190.1199375,foreground
S01_U04.CH4.wav,8189.96,8190.1599375,background
S01_U04.CH4.wav,8190,8190.3599375,foreground
S01_U04.CH4.wav,8190.2,8190.7199375,background
S01_U04.CH4.wav,8190.56,8190.7599375,foreground
S01_U04.CH4.wav,8190.6,8190.9199375,background
S01_U04.CH4.wav,8190.76,8191.1199375,foreground
S01_U04.CH4.wav,8190.96,8191.1599375,background
S01_U04.CH4.wav,8191,8191.2399375,foreground
S01_U04.CH4.wav,8191.08,8194.0399375,background
S01_U04.CH4.wav,8193.88,8194.1199375,foreground
S01_U04.CH4.wav,8193.96,8194.9199375,background
S01_U04.CH4.wav,8194.76,8194.9599375,foreground
S01_U04.CH4.wav,8194.8,8196.1599375,background
S01_U04.CH4.wav,8196,8196.2399375,foreground
S01_U04.CH4.wav,8196.08,8197.1599375,background
S01_U04.CH4.wav,8197,8197.1999375,foreground
S01_U04.CH4.wav,8197.04,8197.4799375,background
S01_U04.CH4.wav,8197.32,8197.5199375,foreground
S01_U04.CH4.wav,8197.36,8197.9599375,background
S01_U04.CH4.wav,8197.8,8197.9999375,foreground
S01_U04.CH4.wav,8197.84,8199.1999375,background
S01_U04.CH4.wav,8199.04,8199.2799375,foreground
S01_U04.CH4.wav,8199.12,8199.7999375,background
S01_U04.CH4.wav,8199.64,8199.8799375,foreground
S01_U04.CH4.wav,8199.72,8200.1999375,background
S01_U04.CH4.wav,8200.04,8200.2399375,foreground
S01_U04.CH4.wav,8200.08,8200.4399375,background
S01_U04.CH4.wav,8200.28,8200.4799375,foreground
S01_U04.CH4.wav,8200.32,8200.5199375,background
S01_U04.CH4.wav,8200.36,8200.5999375,foreground
S01_U04.CH4.wav,8200.44,8200.8799375,background
S01_U04.CH4.wav,8200.72,8201.0799375,foreground
S01_U04.CH4.wav,8200.92,8201.8399375,background
S01_U04.CH4.wav,8201.68,8201.9999375,foreground
S01_U04.CH4.wav,8201.84,8202.2799375,background
S01_U04.CH4.wav,8202.12,8202.3999375,foreground
S01_U04.CH4.wav,8202.24,8204.1599375,background
S01_U04.CH4.wav,8204,8204.3999375,foreground
S01_U04.CH4.wav,8204.24,8209.9599375,background
S01_U04.CH4.wav,8209.8,8210.3199375,foreground
S01_U04.CH4.wav,8210.16,8211.3999375,background
S01_U04.CH4.wav,8211.24,8211.4799375,foreground
S01_U04.CH4.wav,8211.32,8213.1199375,background
S01_U04.CH4.wav,8212.96,8213.1999375,foreground
S01_U04.CH4.wav,8213.04,8217.3599375,background
S01_U04.CH4.wav,8217.2,8217.5199375,foreground
S01_U04.CH4.wav,8217.36,8217.5599375,background
S01_U04.CH4.wav,8217.4,8217.6799375,foreground
S01_U04.CH4.wav,8217.52,8218.5999375,background
S01_U04.CH4.wav,8218.44,8218.7199375,foreground
S01_U04.CH4.wav,8218.56,8218.7999375,background
S01_U04.CH4.wav,8218.64,8218.8399375,foreground
S01_U04.CH4.wav,8218.68,8222.3999375,background
S01_U04.CH4.wav,8222.24,8222.4399375,foreground
S01_U04.CH4.wav,8222.28,8223.5599375,background
S01_U04.CH4.wav,8223.4,8223.5999375,foreground
S01_U04.CH4.wav,8223.44,8223.7199375,background
S01_U04.CH4.wav,8223.56,8223.7999375,foreground
S01_U04.CH4.wav,8223.64,8226.5199375,background
S01_U04.CH4.wav,8226.36,8226.5599375,foreground
S01_U04.CH4.wav,8226.4,8227.0799375,background
S01_U04.CH4.wav,8226.92,8227.1999375,foreground
S01_U04.CH4.wav,8227.04,8227.4799375,background
S01_U04.CH4.wav,8227.32,8227.5999375,foreground
S01_U04.CH4.wav,8227.44,8227.6399375,background
S01_U04.CH4.wav,8227.48,8227.7199375,foreground
S01_U04.CH4.wav,8227.56,8229.1999375,background
S01_U04.CH4.wav,8229.04,8229.5999375,foreground
S01_U04.CH4.wav,8229.44,8229.6799375,background
S01_U04.CH4.wav,8229.52,8229.7599375,foreground
S01_U04.CH4.wav,8229.6,8229.8799375,background
S01_U04.CH4.wav,8229.72,8229.9999375,foreground
S01_U04.CH4.wav,8229.84,8230.2799375,background
S01_U04.CH4.wav,8230.12,8230.9599375,foreground
S01_U04.CH4.wav,8230.8,8231.2399375,background
S01_U04.CH4.wav,8231.08,8231.2799375,foreground
S01_U04.CH4.wav,8231.12,8231.3199375,background
S01_U04.CH4.wav,8231.16,8231.3599375,foreground
S01_U04.CH4.wav,8231.2,8231.6799375,background
S01_U04.CH4.wav,8231.52,8231.7199375,foreground
S01_U04.CH4.wav,8231.56,8232.2399375,background
S01_U04.CH4.wav,8232.08,8232.3199375,foreground
S01_U04.CH4.wav,8232.16,8232.5999375,background
S01_U04.CH4.wav,8232.44,8232.6399375,foreground
S01_U04.CH4.wav,8232.48,8232.7999375,background
S01_U04.CH4.wav,8232.64,8232.9599375,foreground
S01_U04.CH4.wav,8232.8,8233.0399375,background
S01_U04.CH4.wav,8232.88,8233.0799375,foreground
S01_U04.CH4.wav,8232.92,8235.4799375,background
S01_U04.CH4.wav,8235.32,8235.5999375,foreground
S01_U04.CH4.wav,8235.44,8235.9999375,background
S01_U04.CH4.wav,8235.84,8236.0399375,foreground
S01_U04.CH4.wav,8235.88,8236.1199375,background
S01_U04.CH4.wav,8235.96,8236.1999375,foreground
S01_U04.CH4.wav,8236.04,8236.2399375,background
S01_U04.CH4.wav,8236.08,8236.5199375,foreground
S01_U04.CH4.wav,8236.36,8236.5599375,background
S01_U04.CH4.wav,8236.4,8236.6399375,foreground
S01_U04.CH4.wav,8236.48,8236.7599375,background
S01_U04.CH4.wav,8236.6,8236.7999375,foreground
S01_U04.CH4.wav,8236.64,8237.3199375,background
S01_U04.CH4.wav,8237.16,8237.5999375,foreground
S01_U04.CH4.wav,8237.44,8239.5999375,background
S01_U04.CH4.wav,8239.44,8240.2799375,foreground
S01_U04.CH4.wav,8240.12,8240.3999375,background
S01_U04.CH4.wav,8240.24,8241.5599375,foreground
S01_U04.CH4.wav,8241.4,8242.3199375,background
S01_U04.CH4.wav,8242.16,8242.6399375,foreground
S01_U04.CH4.wav,8242.48,8242.6799375,background
S01_U04.CH4.wav,8242.52,8243.0399375,foreground
S01_U04.CH4.wav,8242.88,8243.9599375,background
S01_U04.CH4.wav,8243.8,8244.0399375,foreground
S01_U04.CH4.wav,8243.88,8244.5199375,background
S01_U04.CH4.wav,8244.36,8244.8399375,foreground
S01_U04.CH4.wav,8244.68,8245.0399375,background
S01_U04.CH4.wav,8244.88,8245.2399375,foreground
S01_U04.CH4.wav,8245.08,8245.5199375,background
S01_U04.CH4.wav,8245.36,8245.5999375,foreground
S01_U04.CH4.wav,8245.44,8245.6399375,background
S01_U04.CH4.wav,8245.48,8245.7999375,foreground
S01_U04.CH4.wav,8245.64,8245.9199375,background
S01_U04.CH4.wav,8245.76,8245.9999375,foreground
S01_U04.CH4.wav,8245.84,8246.0399375,background
S01_U04.CH4.wav,8245.88,8246.6799375,foreground
S01_U04.CH4.wav,8246.52,8246.7199375,background
S01_U04.CH4.wav,8246.56,8246.7599375,foreground
S01_U04.CH4.wav,8246.6,8246.8399375,background
S01_U04.CH4.wav,8246.68,8247.2399375,foreground
S01_U04.CH4.wav,8247.08,8247.5999375,background
S01_U04.CH4.wav,8247.44,8247.7999375,foreground
S01_U04.CH4.wav,8247.64,8248.1599375,background
S01_U04.CH4.wav,8248,8248.2399375,foreground
S01_U04.CH4.wav,8248.08,8248.4799375,background
S01_U04.CH4.wav,8248.32,8249.1199375,foreground
S01_U04.CH4.wav,8248.96,8249.5999375,background
S01_U04.CH4.wav,8249.44,8249.7999375,foreground
S01_U04.CH4.wav,8249.64,8250.7199375,background
S01_U04.CH4.wav,8250.56,8250.9999375,foreground
S01_U04.CH4.wav,8250.84,8252.6799375,background
S01_U04.CH4.wav,8252.52,8252.7199375,foreground
S01_U04.CH4.wav,8252.56,8252.7999375,background
S01_U04.CH4.wav,8252.64,8253.0799375,foreground
S01_U04.CH4.wav,8252.92,8253.1199375,background
S01_U04.CH4.wav,8252.96,8253.5199375,foreground
S01_U04.CH4.wav,8253.36,8253.6399375,background
S01_U04.CH4.wav,8253.48,8254.3999375,foreground
S01_U04.CH4.wav,8254.24,8254.5199375,background
S01_U04.CH4.wav,8254.36,8254.5999375,foreground
S01_U04.CH4.wav,8254.44,8254.8399375,background
S01_U04.CH4.wav,8254.68,8254.8799375,foreground
S01_U04.CH4.wav,8254.72,8254.9199375,background
S01_U04.CH4.wav,8254.76,8255.0399375,foreground
S01_U04.CH4.wav,8254.88,8255.1199375,background
S01_U04.CH4.wav,8254.96,8255.5199375,foreground
S01_U04.CH4.wav,8255.36,8257.3199375,background
S01_U04.CH4.wav,8257.16,8257.4799375,foreground
S01_U04.CH4.wav,8257.32,8257.5999375,background
S01_U04.CH4.wav,8257.44,8257.7199375,foreground
S01_U04.CH4.wav,8257.56,8258.4799375,background
S01_U04.CH4.wav,8258.32,8258.7199375,foreground
S01_U04.CH4.wav,8258.56,8259.0399375,background
S01_U04.CH4.wav,8258.88,8259.3199375,foreground
S01_U04.CH4.wav,8259.16,8259.3999375,background
S01_U04.CH4.wav,8259.24,8259.5999375,foreground
S01_U04.CH4.wav,8259.44,8259.6399375,background
S01_U04.CH4.wav,8259.48,8259.9999375,foreground
S01_U04.CH4.wav,8259.84,8260.0399375,background
S01_U04.CH4.wav,8259.88,8260.0799375,foreground
S01_U04.CH4.wav,8259.92,8260.2399375,background
S01_U04.CH4.wav,8260.08,8260.8399375,foreground
S01_U04.CH4.wav,8260.68,8260.8799375,background
S01_U04.CH4.wav,8260.72,8261.0799375,foreground
S01_U04.CH4.wav,8260.92,8261.1599375,background
S01_U04.CH4.wav,8261,8261.1999375,foreground
S01_U04.CH4.wav,8261.04,8261.6399375,background
S01_U04.CH4.wav,8261.48,8261.6799375,foreground
S01_U04.CH4.wav,8261.52,8261.9599375,background
S01_U04.CH4.wav,8261.8,8262.1199375,foreground
S01_U04.CH4.wav,8261.96,8262.4399375,background
S01_U04.CH4.wav,8262.28,8263.1199375,foreground
S01_U04.CH4.wav,8262.96,8263.4799375,background
S01_U04.CH4.wav,8263.32,8263.5599375,foreground
S01_U04.CH4.wav,8263.4,8263.5999375,background
S01_U04.CH4.wav,8263.44,8263.8799375,foreground
S01_U04.CH4.wav,8263.72,8264.0399375,background
S01_U04.CH4.wav,8263.88,8264.5199375,foreground
S01_U04.CH4.wav,8264.36,8266.9199375,background
S01_U04.CH4.wav,8266.76,8266.9999375,foreground
S01_U04.CH4.wav,8266.84,8267.2399375,background
S01_U04.CH4.wav,8267.08,8267.3999375,foreground
S01_U04.CH4.wav,8267.24,8267.6399375,background
S01_U04.CH4.wav,8267.48,8267.9199375,foreground
S01_U04.CH4.wav,8267.76,8268.3999375,background
S01_U04.CH4.wav,8268.24,8268.5599375,foreground
S01_U04.CH4.wav,8268.4,8268.7599375,background
S01_U04.CH4.wav,8268.6,8269.0399375,foreground
S01_U04.CH4.wav,8268.88,8271.0399375,background
S01_U04.CH4.wav,8270.88,8271.4799375,foreground
S01_U04.CH4.wav,8271.32,8271.7199375,background
S01_U04.CH4.wav,8271.56,8271.7999375,foreground
S01_U04.CH4.wav,8271.64,8272.3199375,background
S01_U04.CH4.wav,8272.16,8272.3599375,foreground
S01_U04.CH4.wav,8272.2,8273.1599375,background
S01_U04.CH4.wav,8273,8273.4399375,foreground
S01_U04.CH4.wav,8273.28,8273.9999375,background
S01_U04.CH4.wav,8273.84,8274.1199375,foreground
S01_U04.CH4.wav,8273.96,8274.3199375,background
S01_U04.CH4.wav,8274.16,8274.9199375,foreground
S01_U04.CH4.wav,8274.76,8275.1599375,background
S01_U04.CH4.wav,8275,8275.1999375,foreground
S01_U04.CH4.wav,8275.04,8275.9599375,background
S01_U04.CH4.wav,8275.8,8276.0399375,foreground
S01_U04.CH4.wav,8275.88,8276.1599375,background
S01_U04.CH4.wav,8276,8276.3199375,foreground
S01_U04.CH4.wav,8276.16,8277.2799375,background
S01_U04.CH4.wav,8277.12,8277.3199375,foreground
S01_U04.CH4.wav,8277.16,8277.4399375,background
S01_U04.CH4.wav,8277.28,8277.4799375,foreground
S01_U04.CH4.wav,8277.32,8278.3599375,background
S01_U04.CH4.wav,8278.2,8278.3999375,foreground
S01_U04.CH4.wav,8278.24,8279.3199375,background
S01_U04.CH4.wav,8279.16,8279.3599375,foreground
S01_U04.CH4.wav,8279.2,8279.3999375,background
S01_U04.CH4.wav,8279.24,8279.9199375,foreground
S01_U04.CH4.wav,8279.76,8279.9599375,background
S01_U04.CH4.wav,8279.8,8280.0399375,foreground
S01_U04.CH4.wav,8279.88,8280.0799375,background
S01_U04.CH4.wav,8279.92,8280.4399375,foreground
S01_U04.CH4.wav,8280.28,8281.5999375,background
S01_U04.CH4.wav,8281.44,8281.7999375,foreground
S01_U04.CH4.wav,8281.64,8284.7599375,background
S01_U04.CH4.wav,8284.6,8284.8399375,foreground
S01_U04.CH4.wav,8284.68,8286.3999375,background
S01_U04.CH4.wav,8286.24,8286.4799375,foreground
S01_U04.CH4.wav,8286.32,8286.6399375,background
S01_U04.CH4.wav,8286.48,8286.7199375,foreground
S01_U04.CH4.wav,8286.56,8287.1599375,background
S01_U04.CH4.wav,8287,8287.1999375,foreground
S01_U04.CH4.wav,8287.04,8289.8799375,background
S01_U04.CH4.wav,8289.72,8289.9999375,foreground
S01_U04.CH4.wav,8289.84,8290.2399375,background
S01_U04.CH4.wav,8290.08,8290.5599375,foreground
S01_U04.CH4.wav,8290.4,8290.5999375,background
S01_U04.CH4.wav,8290.44,8290.6799375,foreground
S01_U04.CH4.wav,8290.52,8290.7199375,background
S01_U04.CH4.wav,8290.56,8291.4399375,foreground
S01_U04.CH4.wav,8291.28,8291.8399375,background
S01_U04.CH4.wav,8291.68,8291.9999375,foreground
S01_U04.CH4.wav,8291.84,8292.1599375,background
S01_U04.CH4.wav,8292,8293.1999375,foreground
S01_U04.CH4.wav,8293.04,8293.9999375,background
S01_U04.CH4.wav,8293.84,8294.1199375,foreground
S01_U04.CH4.wav,8293.96,8294.2799375,background
S01_U04.CH4.wav,8294.12,8294.3199375,foreground
S01_U04.CH4.wav,8294.16,8295.9199375,background
S01_U04.CH4.wav,8295.76,8295.9599375,foreground
S01_U04.CH4.wav,8295.8,8295.9999375,background
S01_U04.CH4.wav,8295.84,8296.0799375,foreground
S01_U04.CH4.wav,8295.92,8296.1599375,background
S01_U04.CH4.wav,8296,8296.3199375,foreground
S01_U04.CH4.wav,8296.16,8296.5999375,background
S01_U04.CH4.wav,8296.44,8296.6399375,foreground
S01_U04.CH4.wav,8296.48,8296.8799375,background
S01_U04.CH4.wav,8296.72,8297.2399375,foreground
S01_U04.CH4.wav,8297.08,8298.5999375,background
S01_U04.CH4.wav,8298.44,8298.9999375,foreground
S01_U04.CH4.wav,8298.84,8299.1599375,background
S01_U04.CH4.wav,8299,8299.1999375,foreground
S01_U04.CH4.wav,8299.04,8299.4799375,background
S01_U04.CH4.wav,8299.32,8299.7599375,foreground
S01_U04.CH4.wav,8299.6,8299.8799375,background
S01_U04.CH4.wav,8299.72,8300.0399375,foreground
S01_U04.CH4.wav,8299.88,8300.2399375,background
S01_U04.CH4.wav,8300.08,8300.2799375,foreground
S01_U04.CH4.wav,8300.12,8300.3599375,background
S01_U04.CH4.wav,8300.2,8301.0799375,foreground
S01_U04.CH4.wav,8300.92,8301.3999375,background
S01_U04.CH4.wav,8301.24,8301.5999375,foreground
S01_U04.CH4.wav,8301.44,8301.6799375,background
S01_U04.CH4.wav,8301.52,8301.8799375,foreground
S01_U04.CH4.wav,8301.72,8302.3599375,background
S01_U04.CH4.wav,8302.2,8302.5199375,foreground
S01_U04.CH4.wav,8302.36,8302.5599375,background
S01_U04.CH4.wav,8302.4,8302.7999375,foreground
S01_U04.CH4.wav,8302.64,8302.8799375,background
S01_U04.CH4.wav,8302.72,8303.0799375,foreground
S01_U04.CH4.wav,8302.92,8303.5199375,background
S01_U04.CH4.wav,8303.36,8303.6399375,foreground
S01_U04.CH4.wav,8303.48,8303.6799375,background
S01_U04.CH4.wav,8303.52,8303.7599375,foreground
S01_U04.CH4.wav,8303.6,8303.9599375,background
S01_U04.CH4.wav,8303.8,8304.4399375,foreground
S01_U04.CH4.wav,8304.28,8304.4799375,background
S01_U04.CH4.wav,8304.32,8304.5999375,foreground
S01_U04.CH4.wav,8304.44,8304.8399375,background
S01_U04.CH4.wav,8304.68,8304.8799375,foreground
S01_U04.CH4.wav,8304.72,8307.1199375,background
S01_U04.CH4.wav,8306.96,8307.1599375,foreground
S01_U04.CH4.wav,8307,8307.1999375,background
S01_U04.CH4.wav,8307.04,8307.2399375,foreground
S01_U04.CH4.wav,8307.08,8307.7199375,background
S01_U04.CH4.wav,8307.56,8307.7599375,foreground
S01_U04.CH4.wav,8307.6,8307.9599375,background
S01_U04.CH4.wav,8307.8,8308.1199375,foreground
S01_U04.CH4.wav,8307.96,8309.1599375,background
S01_U04.CH4.wav,8309,8309.2399375,foreground
S01_U04.CH4.wav,8309.08,8309.3999375,background
S01_U04.CH4.wav,8309.24,8309.5999375,foreground
S01_U04.CH4.wav,8309.44,8309.6399375,background
S01_U04.CH4.wav,8309.48,8309.7599375,foreground
S01_U04.CH4.wav,8309.6,8309.9599375,background
S01_U04.CH4.wav,8309.8,8310.1199375,foreground
S01_U04.CH4.wav,8309.96,8310.8399375,background
S01_U04.CH4.wav,8310.68,8310.8799375,foreground
S01_U04.CH4.wav,8310.72,8311.4799375,background
S01_U04.CH4.wav,8311.32,8311.6799375,foreground
S01_U04.CH4.wav,8311.52,8311.7599375,background
S01_U04.CH4.wav,8311.6,8311.7999375,foreground
S01_U04.CH4.wav,8311.64,8311.8799375,background
S01_U04.CH4.wav,8311.72,8311.9199375,foreground
S01_U04.CH4.wav,8311.76,8312.5599375,background
S01_U04.CH4.wav,8312.4,8312.5999375,foreground
S01_U04.CH4.wav,8312.44,8313.7999375,background
S01_U04.CH4.wav,8313.64,8313.9599375,foreground
S01_U04.CH4.wav,8313.8,8314.6399375,background
S01_U04.CH4.wav,8314.48,8314.6799375,foreground
S01_U04.CH4.wav,8314.52,8315.2399375,background
S01_U04.CH4.wav,8315.08,8315.3999375,foreground
S01_U04.CH4.wav,8315.24,8315.5199375,background
S01_U04.CH4.wav,8315.36,8315.5999375,foreground
S01_U04.CH4.wav,8315.44,8315.8399375,background
S01_U04.CH4.wav,8315.68,8315.8799375,foreground
S01_U04.CH4.wav,8315.72,8316.0399375,background
S01_U04.CH4.wav,8315.88,8316.2799375,foreground
S01_U04.CH4.wav,8316.12,8317.7999375,background
S01_U04.CH4.wav,8317.64,8317.9999375,foreground
S01_U04.CH4.wav,8317.84,8319.7599375,background
S01_U04.CH4.wav,8319.6,8320.1999375,foreground
S01_U04.CH4.wav,8320.04,8320.3199375,background
S01_U04.CH4.wav,8320.16,8320.8399375,foreground
S01_U04.CH4.wav,8320.68,8320.9599375,background
S01_U04.CH4.wav,8320.8,8321.1199375,foreground
S01_U04.CH4.wav,8320.96,8321.5999375,background
S01_U04.CH4.wav,8321.44,8321.8399375,foreground
S01_U04.CH4.wav,8321.68,8321.9199375,background
S01_U04.CH4.wav,8321.76,8321.9599375,foreground
S01_U04.CH4.wav,8321.8,8322.1599375,background
S01_U04.CH4.wav,8322,8322.2399375,foreground
S01_U04.CH4.wav,8322.08,8322.3199375,background
S01_U04.CH4.wav,8322.16,8322.3599375,foreground
S01_U04.CH4.wav,8322.2,8322.5599375,background
S01_U04.CH4.wav,8322.4,8322.8399375,foreground
S01_U04.CH4.wav,8322.68,8322.9599375,background
S01_U04.CH4.wav,8322.8,8322.9999375,foreground
S01_U04.CH4.wav,8322.84,8323.5599375,background
S01_U04.CH4.wav,8323.4,8323.5999375,foreground
S01_U04.CH4.wav,8323.44,8323.7199375,background
S01_U04.CH4.wav,8323.56,8323.7599375,foreground
S01_U04.CH4.wav,8323.6,8323.7999375,background
S01_U04.CH4.wav,8323.64,8323.9199375,foreground
S01_U04.CH4.wav,8323.76,8324.1999375,background
S01_U04.CH4.wav,8324.04,8324.3199375,foreground
S01_U04.CH4.wav,8324.16,8324.6799375,background
S01_U04.CH4.wav,8324.52,8324.7599375,foreground
S01_U04.CH4.wav,8324.6,8324.9599375,background
S01_U04.CH4.wav,8324.8,8325.1999375,foreground
S01_U04.CH4.wav,8325.04,8325.3999375,background
S01_U04.CH4.wav,8325.24,8325.4399375,foreground
S01_U04.CH4.wav,8325.28,8325.6799375,background
S01_U04.CH4.wav,8325.52,8325.9199375,foreground
S01_U04.CH4.wav,8325.76,8325.9599375,background
S01_U04.CH4.wav,8325.8,8325.9999375,foreground
S01_U04.CH4.wav,8325.84,8326.0399375,background
S01_U04.CH4.wav,8325.88,8326.1599375,foreground
S01_U04.CH4.wav,8326,8326.4799375,background
S01_U04.CH4.wav,8326.32,8326.5199375,foreground
S01_U04.CH4.wav,8326.36,8326.5599375,background
S01_U04.CH4.wav,8326.4,8326.9199375,foreground
S01_U04.CH4.wav,8326.76,8327.3199375,background
S01_U04.CH4.wav,8327.16,8327.4399375,foreground
S01_U04.CH4.wav,8327.28,8327.5199375,background
S01_U04.CH4.wav,8327.36,8327.9199375,foreground
S01_U04.CH4.wav,8327.76,8327.9599375,background
S01_U04.CH4.wav,8327.8,8328.1199375,foreground
S01_U04.CH4.wav,8327.96,8328.3599375,background
S01_U04.CH4.wav,8328.2,8328.3999375,foreground
S01_U04.CH4.wav,8328.24,8328.5999375,background
S01_U04.CH4.wav,8328.44,8328.8799375,foreground
S01_U04.CH4.wav,8328.72,8329.1599375,background
S01_U04.CH4.wav,8329,8329.2399375,foreground
S01_U04.CH4.wav,8329.08,8329.3199375,background
S01_U04.CH4.wav,8329.16,8329.3999375,foreground
S01_U04.CH4.wav,8329.24,8329.5199375,background
S01_U04.CH4.wav,8329.36,8329.7599375,foreground
S01_U04.CH4.wav,8329.6,8329.9199375,background
S01_U04.CH4.wav,8329.76,8330.0399375,foreground
S01_U04.CH4.wav,8329.88,8330.0799375,background
S01_U04.CH4.wav,8329.92,8330.1599375,foreground
S01_U04.CH4.wav,8330,8330.5599375,background
S01_U04.CH4.wav,8330.4,8330.7199375,foreground
S01_U04.CH4.wav,8330.56,8330.8399375,background
S01_U04.CH4.wav,8330.68,8331.1199375,foreground
S01_U04.CH4.wav,8330.96,8331.2399375,background
S01_U04.CH4.wav,8331.08,8331.2799375,foreground
S01_U04.CH4.wav,8331.12,8331.3199375,background
S01_U04.CH4.wav,8331.16,8331.5599375,foreground
S01_U04.CH4.wav,8331.4,8332.1999375,background
S01_U04.CH4.wav,8332.04,8332.4799375,foreground
S01_U04.CH4.wav,8332.32,8332.5199375,background
S01_U04.CH4.wav,8332.36,8332.7199375,foreground
S01_U04.CH4.wav,8332.56,8332.7599375,background
S01_U04.CH4.wav,8332.6,8333.0799375,foreground
S01_U04.CH4.wav,8332.92,8334.1199375,background
S01_U04.CH4.wav,8333.96,8334.1599375,foreground
S01_U04.CH4.wav,8334,8334.6799375,background
S01_U04.CH4.wav,8334.52,8334.7199375,foreground
S01_U04.CH4.wav,8334.56,8334.7999375,background
S01_U04.CH4.wav,8334.64,8335.1999375,foreground
S01_U04.CH4.wav,8335.04,8335.5199375,background
S01_U04.CH4.wav,8335.36,8335.9599375,foreground
S01_U04.CH4.wav,8335.8,8336.0399375,background
S01_U04.CH4.wav,8335.88,8336.5999375,foreground
S01_U04.CH4.wav,8336.44,8336.7599375,background
S01_U04.CH4.wav,8336.6,8336.9999375,foreground
S01_U04.CH4.wav,8336.84,8337.0399375,background
S01_U04.CH4.wav,8336.88,8337.1999375,foreground
S01_U04.CH4.wav,8337.04,8337.4399375,background
S01_U04.CH4.wav,8337.28,8337.4799375,foreground
S01_U04.CH4.wav,8337.32,8337.5999375,background
S01_U04.CH4.wav,8337.44,8337.8799375,foreground
S01_U04.CH4.wav,8337.72,8337.9199375,background
S01_U04.CH4.wav,8337.76,8338.1199375,foreground
S01_U04.CH4.wav,8337.96,8338.1999375,background
S01_U04.CH4.wav,8338.04,8338.2799375,foreground
S01_U04.CH4.wav,8338.12,8338.8399375,background
S01_U04.CH4.wav,8338.68,8338.9999375,foreground
S01_U04.CH4.wav,8338.84,8339.3599375,background
S01_U04.CH4.wav,8339.2,8339.4799375,foreground
S01_U04.CH4.wav,8339.32,8339.5999375,background
S01_U04.CH4.wav,8339.44,8339.7199375,foreground
S01_U04.CH4.wav,8339.56,8340.1199375,background
S01_U04.CH4.wav,8339.96,8340.1599375,foreground
S01_U04.CH4.wav,8340,8340.2399375,background
S01_U04.CH4.wav,8340.08,8340.2799375,foreground
S01_U04.CH4.wav,8340.12,8342.2399375,background
S01_U04.CH4.wav,8342.08,8342.3199375,foreground
S01_U04.CH4.wav,8342.16,8342.5999375,background
S01_U04.CH4.wav,8342.44,8342.7199375,foreground
S01_U04.CH4.wav,8342.56,8342.7999375,background
S01_U04.CH4.wav,8342.64,8342.9999375,foreground
S01_U04.CH4.wav,8342.84,8343.1999375,background
S01_U04.CH4.wav,8343.04,8343.7599375,foreground
S01_U04.CH4.wav,8343.6,8344.3599375,background
S01_U04.CH4.wav,8344.2,8344.3999375,foreground
S01_U04.CH4.wav,8344.24,8344.7199375,background
S01_U04.CH4.wav,8344.56,8344.7999375,foreground
S01_U04.CH4.wav,8344.64,8344.9999375,background
S01_U04.CH4.wav,8344.84,8345.4799375,foreground
S01_U04.CH4.wav,8345.32,8345.5199375,background
S01_U04.CH4.wav,8345.36,8345.6399375,foreground
S01_U04.CH4.wav,8345.48,8345.7999375,background
S01_U04.CH4.wav,8345.64,8346.0399375,foreground
S01_U04.CH4.wav,8345.88,8346.2799375,background
S01_U04.CH4.wav,8346.12,8346.4399375,foreground
S01_U04.CH4.wav,8346.28,8348.1999375,background
S01_U04.CH4.wav,8348.04,8348.2399375,foreground
S01_U04.CH4.wav,8348.08,8348.2799375,background
S01_U04.CH4.wav,8348.12,8348.3599375,foreground
S01_U04.CH4.wav,8348.2,8348.4399375,background
S01_U04.CH4.wav,8348.28,8348.4799375,foreground
S01_U04.CH4.wav,8348.32,8348.5199375,background
S01_U04.CH4.wav,8348.36,8349.1599375,foreground
S01_U04.CH4.wav,8349,8350.6799375,background
S01_U04.CH4.wav,8350.52,8350.7999375,foreground
S01_U04.CH4.wav,8350.64,8351.7199375,background
S01_U04.CH4.wav,8351.56,8351.8799375,foreground
S01_U04.CH4.wav,8351.72,8352.6399375,background
S01_U04.CH4.wav,8352.48,8352.6799375,foreground
S01_U04.CH4.wav,8352.52,8352.7199375,background
S01_U04.CH4.wav,8352.56,8352.9199375,foreground
S01_U04.CH4.wav,8352.76,8352.9999375,background
S01_U04.CH4.wav,8352.84,8353.0799375,foreground
S01_U04.CH4.wav,8352.92,8354.7199375,background
S01_U04.CH4.wav,8354.56,8354.9199375,foreground
S01_U04.CH4.wav,8354.76,8355.0799375,background
S01_U04.CH4.wav,8354.92,8355.5199375,foreground
S01_U04.CH4.wav,8355.36,8355.5999375,background
S01_U04.CH4.wav,8355.44,8355.6399375,foreground
S01_U04.CH4.wav,8355.48,8355.6799375,background
S01_U04.CH4.wav,8355.52,8355.9599375,foreground
S01_U04.CH4.wav,8355.8,8356.1199375,background
S01_U04.CH4.wav,8355.96,8356.2399375,foreground
S01_U04.CH4.wav,8356.08,8356.2799375,background
S01_U04.CH4.wav,8356.12,8356.3999375,foreground
S01_U04.CH4.wav,8356.24,8356.6399375,background
S01_U04.CH4.wav,8356.48,8357.1599375,foreground
S01_U04.CH4.wav,8357,8357.2399375,background
S01_U04.CH4.wav,8357.08,8357.3599375,foreground
S01_U04.CH4.wav,8357.2,8357.3999375,background
S01_U04.CH4.wav,8357.24,8357.5199375,foreground
S01_U04.CH4.wav,8357.36,8357.9199375,background
S01_U04.CH4.wav,8357.76,8358.2399375,foreground
S01_U04.CH4.wav,8358.08,8358.4799375,background
S01_U04.CH4.wav,8358.32,8358.7199375,foreground
S01_U04.CH4.wav,8358.56,8358.8799375,background
S01_U04.CH4.wav,8358.72,8359.3999375,foreground
S01_U04.CH4.wav,8359.24,8359.4399375,background
S01_U04.CH4.wav,8359.28,8359.7199375,foreground
S01_U04.CH4.wav,8359.56,8359.7999375,background
S01_U04.CH4.wav,8359.64,8359.9599375,foreground
S01_U04.CH4.wav,8359.8,8360.3599375,background
S01_U04.CH4.wav,8360.2,8360.4799375,foreground
S01_U04.CH4.wav,8360.32,8360.7199375,background
S01_U04.CH4.wav,8360.56,8361.7199375,foreground
S01_U04.CH4.wav,8361.56,8361.9199375,background
S01_U04.CH4.wav,8361.76,8362.2799375,foreground
S01_U04.CH4.wav,8362.12,8362.5599375,background
S01_U04.CH4.wav,8362.4,8362.7199375,foreground
S01_U04.CH4.wav,8362.56,8364.6799375,background
S01_U04.CH4.wav,8364.52,8364.8399375,foreground
S01_U04.CH4.wav,8364.68,8365.3199375,background
S01_U04.CH4.wav,8365.16,8365.8399375,foreground
S01_U04.CH4.wav,8365.68,8366.0799375,background
S01_U04.CH4.wav,8365.92,8366.1999375,foreground
S01_U04.CH4.wav,8366.04,8366.3199375,background
S01_U04.CH4.wav,8366.16,8366.3599375,foreground
S01_U04.CH4.wav,8366.2,8366.5599375,background
S01_U04.CH4.wav,8366.4,8366.6799375,foreground
S01_U04.CH4.wav,8366.52,8366.7199375,background
S01_U04.CH4.wav,8366.56,8366.8799375,foreground
S01_U04.CH4.wav,8366.72,8368.1599375,background
S01_U04.CH4.wav,8368,8368.2399375,foreground
S01_U04.CH4.wav,8368.08,8368.3599375,background
S01_U04.CH4.wav,8368.2,8368.8399375,foreground
S01_U04.CH4.wav,8368.68,8368.8799375,background
S01_U04.CH4.wav,8368.72,8369.2799375,foreground
S01_U04.CH4.wav,8369.12,8369.4399375,background
S01_U04.CH4.wav,8369.28,8369.7199375,foreground
S01_U04.CH4.wav,8369.56,8370.2799375,background
S01_U04.CH4.wav,8370.12,8370.3999375,foreground
S01_U04.CH4.wav,8370.24,8370.4799375,background
S01_U04.CH4.wav,8370.32,8370.7199375,foreground
S01_U04.CH4.wav,8370.56,8371.7199375,background
S01_U04.CH4.wav,8371.56,8371.7599375,foreground
S01_U04.CH4.wav,8371.6,8371.7999375,background
S01_U04.CH4.wav,8371.64,8371.9599375,foreground
S01_U04.CH4.wav,8371.8,8372.7999375,background
S01_U04.CH4.wav,8372.64,8372.8399375,foreground
S01_U04.CH4.wav,8372.68,8373.2799375,background
S01_U04.CH4.wav,8373.12,8373.3599375,foreground
S01_U04.CH4.wav,8373.2,8375.3999375,background
S01_U04.CH4.wav,8375.24,8375.5199375,foreground
S01_U04.CH4.wav,8375.36,8375.5999375,background
S01_U04.CH4.wav,8375.44,8375.7999375,foreground
S01_U04.CH4.wav,8375.64,8376.3199375,background
S01_U04.CH4.wav,8376.16,8376.5199375,foreground
S01_U04.CH4.wav,8376.36,8376.5599375,background
S01_U04.CH4.wav,8376.4,8376.5999375,foreground
S01_U04.CH4.wav,8376.44,8378.1999375,background
S01_U04.CH4.wav,8378.04,8378.5599375,foreground
S01_U04.CH4.wav,8378.4,8378.7999375,background
S01_U04.CH4.wav,8378.64,8378.8799375,foreground
S01_U04.CH4.wav,8378.72,8379.6799375,background
S01_U04.CH4.wav,8379.52,8379.7599375,foreground
S01_U04.CH4.wav,8379.6,8379.8399375,background
S01_U04.CH4.wav,8379.68,8380.0399375,foreground
S01_U04.CH4.wav,8379.88,8380.2399375,background
S01_U04.CH4.wav,8380.08,8380.4399375,foreground
S01_U04.CH4.wav,8380.28,8381.5599375,background
S01_U04.CH4.wav,8381.4,8381.7199375,foreground
S01_U04.CH4.wav,8381.56,8383.6799375,background
S01_U04.CH4.wav,8383.52,8383.7999375,foreground
S01_U04.CH4.wav,8383.64,8384.2399375,background
S01_U04.CH4.wav,8384.08,8384.3199375,foreground
S01_U04.CH4.wav,8384.16,8384.7599375,background
S01_U04.CH4.wav,8384.6,8384.8399375,foreground
S01_U04.CH4.wav,8384.68,8385.3199375,background
S01_U04.CH4.wav,8385.16,8385.6799375,foreground
S01_U04.CH4.wav,8385.52,8385.7199375,background
S01_U04.CH4.wav,8385.56,8385.7599375,foreground
S01_U04.CH4.wav,8385.6,8385.8799375,background
S01_U04.CH4.wav,8385.72,8385.9599375,foreground
S01_U04.CH4.wav,8385.8,8386.5199375,background
S01_U04.CH4.wav,8386.36,8386.6399375,foreground
S01_U04.CH4.wav,8386.48,8386.8399375,background
S01_U04.CH4.wav,8386.68,8387.2799375,foreground
S01_U04.CH4.wav,8387.12,8388.4799375,background
S01_U04.CH4.wav,8388.32,8388.8799375,foreground
S01_U04.CH4.wav,8388.72,8388.9999375,background
S01_U04.CH4.wav,8388.84,8389.2399375,foreground
S01_U04.CH4.wav,8389.08,8389.5199375,background
S01_U04.CH4.wav,8389.36,8390.2399375,foreground
S01_U04.CH4.wav,8390.08,8390.3599375,background
S01_U04.CH4.wav,8390.2,8390.9999375,foreground
S01_U04.CH4.wav,8390.84,8391.0799375,background
S01_U04.CH4.wav,8390.92,8391.2399375,foreground
S01_U04.CH4.wav,8391.08,8391.3199375,background
S01_U04.CH4.wav,8391.16,8391.3999375,foreground
S01_U04.CH4.wav,8391.24,8392.1999375,background
S01_U04.CH4.wav,8392.04,8392.2399375,foreground
S01_U04.CH4.wav,8392.08,8392.2799375,background
S01_U04.CH4.wav,8392.12,8393.0799375,foreground
S01_U04.CH4.wav,8392.92,8394.9599375,background
S01_U04.CH4.wav,8394.8,8394.9999375,foreground
S01_U04.CH4.wav,8394.84,8395.2799375,background
S01_U04.CH4.wav,8395.12,8395.3999375,foreground
S01_U04.CH4.wav,8395.24,8395.5199375,background
S01_U04.CH4.wav,8395.36,8395.9199375,foreground
S01_U04.CH4.wav,8395.76,8396.5199375,background
S01_U04.CH4.wav,8396.36,8396.7999375,foreground
S01_U04.CH4.wav,8396.64,8396.8799375,background
S01_U04.CH4.wav,8396.72,8396.9599375,foreground
S01_U04.CH4.wav,8396.8,8397.8799375,background
S01_U04.CH4.wav,8397.72,8397.9199375,foreground
S01_U04.CH4.wav,8397.76,8397.9999375,background
S01_U04.CH4.wav,8397.84,8398.5199375,foreground
S01_U04.CH4.wav,8398.36,8399.1199375,background
S01_U04.CH4.wav,8398.96,8399.2399375,foreground
S01_U04.CH4.wav,8399.08,8399.3199375,background
S01_U04.CH4.wav,8399.16,8399.3599375,foreground
S01_U04.CH4.wav,8399.2,8399.7999375,background
S01_U04.CH4.wav,8399.64,8399.9199375,foreground
S01_U04.CH4.wav,8399.76,8399.9999375,background
S01_U04.CH4.wav,8399.84,8400.1199375,foreground
S01_U04.CH4.wav,8399.96,8400.2799375,background
S01_U04.CH4.wav,8400.12,8400.5199375,foreground
S01_U04.CH4.wav,8400.36,8400.7599375,background
S01_U04.CH4.wav,8400.6,8401.6399375,foreground
S01_U04.CH4.wav,8401.48,8401.7999375,background
S01_U04.CH4.wav,8401.64,8401.8399375,foreground
S01_U04.CH4.wav,8401.68,8401.8799375,background
S01_U04.CH4.wav,8401.72,8401.9999375,foreground
S01_U04.CH4.wav,8401.84,8402.0799375,background
S01_U04.CH4.wav,8401.92,8402.1599375,foreground
S01_U04.CH4.wav,8402,8402.2399375,background
S01_U04.CH4.wav,8402.08,8402.3199375,foreground
S01_U04.CH4.wav,8402.16,8403.4799375,background
S01_U04.CH4.wav,8403.32,8403.5999375,foreground
S01_U04.CH4.wav,8403.44,8403.8799375,background
S01_U04.CH4.wav,8403.72,8403.9199375,foreground
S01_U04.CH4.wav,8403.76,8404.8799375,background
S01_U04.CH4.wav,8404.72,8404.9599375,foreground
S01_U04.CH4.wav,8404.8,8405.2799375,background
S01_U04.CH4.wav,8405.12,8405.9999375,foreground
S01_U04.CH4.wav,8405.84,8406.1199375,background
S01_U04.CH4.wav,8405.96,8406.6399375,foreground
S01_U04.CH4.wav,8406.48,8406.7599375,background
S01_U04.CH4.wav,8406.6,8407.2399375,foreground
S01_U04.CH4.wav,8407.08,8408.3599375,background
S01_U04.CH4.wav,8408.2,8408.6399375,foreground
S01_U04.CH4.wav,8408.48,8408.6799375,background
S01_U04.CH4.wav,8408.52,8408.7199375,foreground
S01_U04.CH4.wav,8408.56,8409.3999375,background
S01_U04.CH4.wav,8409.24,8409.8799375,foreground
S01_U04.CH4.wav,8409.72,8410.1599375,background
S01_U04.CH4.wav,8410,8410.1999375,foreground
S01_U04.CH4.wav,8410.04,8410.2399375,background
S01_U04.CH4.wav,8410.08,8410.3199375,foreground
S01_U04.CH4.wav,8410.16,8410.5599375,background
S01_U04.CH4.wav,8410.4,8410.6399375,foreground
S01_U04.CH4.wav,8410.48,8410.6799375,background
S01_U04.CH4.wav,8410.52,8410.7999375,foreground
S01_U04.CH4.wav,8410.64,8410.9999375,background
S01_U04.CH4.wav,8410.84,8411.3999375,foreground
S01_U04.CH4.wav,8411.24,8411.6399375,background
S01_U04.CH4.wav,8411.48,8411.7199375,foreground
S01_U04.CH4.wav,8411.56,8411.9999375,background
S01_U04.CH4.wav,8411.84,8412.0799375,foreground
S01_U04.CH4.wav,8411.92,8412.5999375,background
S01_U04.CH4.wav,8412.44,8412.7199375,foreground
S01_U04.CH4.wav,8412.56,8413.7999375,background
S01_U04.CH4.wav,8413.64,8413.8399375,foreground
S01_U04.CH4.wav,8413.68,8413.8799375,background
S01_U04.CH4.wav,8413.72,8413.9199375,foreground
S01_U04.CH4.wav,8413.76,8414.8399375,background
S01_U04.CH4.wav,8414.68,8415.0799375,foreground
S01_U04.CH4.wav,8414.92,8415.3599375,background
S01_U04.CH4.wav,8415.2,8415.4799375,foreground
S01_U04.CH4.wav,8415.32,8415.6799375,background
S01_U04.CH4.wav,8415.52,8415.9199375,foreground
S01_U04.CH4.wav,8415.76,8415.9999375,background
S01_U04.CH4.wav,8415.84,8416.0399375,foreground
S01_U04.CH4.wav,8415.88,8416.1199375,background
S01_U04.CH4.wav,8415.96,8416.2799375,foreground
S01_U04.CH4.wav,8416.12,8416.4399375,background
S01_U04.CH4.wav,8416.28,8416.5199375,foreground
S01_U04.CH4.wav,8416.36,8417.3599375,background
S01_U04.CH4.wav,8417.2,8417.3999375,foreground
S01_U04.CH4.wav,8417.24,8421.1999375,background
S01_U04.CH4.wav,8421.04,8421.2399375,foreground
S01_U04.CH4.wav,8421.08,8421.3999375,background
S01_U04.CH4.wav,8421.24,8421.4799375,foreground
S01_U04.CH4.wav,8421.32,8422.1599375,background
S01_U04.CH4.wav,8422,8422.4799375,foreground
S01_U04.CH4.wav,8422.32,8422.5599375,background
S01_U04.CH4.wav,8422.4,8422.7599375,foreground
S01_U04.CH4.wav,8422.6,8423.8399375,background
S01_U04.CH4.wav,8423.68,8423.9199375,foreground
S01_U04.CH4.wav,8423.76,8426.3999375,background
S01_U04.CH4.wav,8426.24,8426.4799375,foreground
S01_U04.CH4.wav,8426.32,8427.0399375,background
S01_U04.CH4.wav,8426.88,8427.1599375,foreground
S01_U04.CH4.wav,8427,8427.3199375,background
S01_U04.CH4.wav,8427.16,8427.4799375,foreground
S01_U04.CH4.wav,8427.32,8427.5199375,background
S01_U04.CH4.wav,8427.36,8427.7199375,foreground
S01_U04.CH4.wav,8427.56,8428.0799375,background
S01_U04.CH4.wav,8427.92,8428.1599375,foreground
S01_U04.CH4.wav,8428,8429.7599375,background
S01_U04.CH4.wav,8429.6,8429.9199375,foreground
S01_U04.CH4.wav,8429.76,8431.4799375,background
S01_U04.CH4.wav,8431.32,8431.5199375,foreground
S01_U04.CH4.wav,8431.36,8431.7199375,background
S01_U04.CH4.wav,8431.56,8431.9999375,foreground
S01_U04.CH4.wav,8431.84,8432.2399375,background
S01_U04.CH4.wav,8432.08,8432.3599375,foreground
S01_U04.CH4.wav,8432.2,8432.3999375,background
S01_U04.CH4.wav,8432.24,8432.4799375,foreground
S01_U04.CH4.wav,8432.32,8432.6799375,background
S01_U04.CH4.wav,8432.52,8432.7199375,foreground
S01_U04.CH4.wav,8432.56,8433.0399375,background
S01_U04.CH4.wav,8432.88,8433.1199375,foreground
S01_U04.CH4.wav,8432.96,8433.1999375,background
S01_U04.CH4.wav,8433.04,8433.3199375,foreground
S01_U04.CH4.wav,8433.16,8433.3999375,background
S01_U04.CH4.wav,8433.24,8433.6799375,foreground
S01_U04.CH4.wav,8433.52,8434.0399375,background
S01_U04.CH4.wav,8433.88,8434.1199375,foreground
S01_U04.CH4.wav,8433.96,8435.3199375,background
S01_U04.CH4.wav,8435.16,8435.3599375,foreground
S01_U04.CH4.wav,8435.2,8436.0799375,background
S01_U04.CH4.wav,8435.92,8436.2799375,foreground
S01_U04.CH4.wav,8436.12,8436.8399375,background
S01_U04.CH4.wav,8436.68,8437.0799375,foreground
S01_U04.CH4.wav,8436.92,8437.1199375,background
S01_U04.CH4.wav,8436.96,8437.2799375,foreground
S01_U04.CH4.wav,8437.12,8437.3599375,background
S01_U04.CH4.wav,8437.2,8437.5199375,foreground
S01_U04.CH4.wav,8437.36,8437.5599375,background
S01_U04.CH4.wav,8437.4,8437.5999375,foreground
S01_U04.CH4.wav,8437.44,8437.7199375,background
S01_U04.CH4.wav,8437.56,8437.7599375,foreground
S01_U04.CH4.wav,8437.6,8438.3199375,background
S01_U04.CH4.wav,8438.16,8438.3599375,foreground
S01_U04.CH4.wav,8438.2,8440.3599375,background
S01_U04.CH4.wav,8440.2,8440.7999375,foreground
S01_U04.CH4.wav,8440.64,8440.8399375,background
S01_U04.CH4.wav,8440.68,8441.0399375,foreground
S01_U04.CH4.wav,8440.88,8444.4399375,background
S01_U04.CH4.wav,8444.28,8444.6399375,foreground
S01_U04.CH4.wav,8444.48,8445.4799375,background
S01_U04.CH4.wav,8445.32,8445.6799375,foreground
S01_U04.CH4.wav,8445.52,8445.7599375,background
S01_U04.CH4.wav,8445.6,8445.8799375,foreground
S01_U04.CH4.wav,8445.72,8446.0799375,background
S01_U04.CH4.wav,8445.92,8446.3199375,foreground
S01_U04.CH4.wav,8446.16,8446.6399375,background
S01_U04.CH4.wav,8446.48,8446.7199375,foreground
S01_U04.CH4.wav,8446.56,8447.0399375,background
S01_U04.CH4.wav,8446.88,8447.0799375,foreground
S01_U04.CH4.wav,8446.92,8447.3999375,background
S01_U04.CH4.wav,8447.24,8447.5999375,foreground
S01_U04.CH4.wav,8447.44,8447.6399375,background
S01_U04.CH4.wav,8447.48,8447.7599375,foreground
S01_U04.CH4.wav,8447.6,8448.1999375,background
S01_U04.CH4.wav,8448.04,8448.2399375,foreground
S01_U04.CH4.wav,8448.08,8448.7999375,background
S01_U04.CH4.wav,8448.64,8448.9199375,foreground
S01_U04.CH4.wav,8448.76,8449.0799375,background
S01_U04.CH4.wav,8448.92,8449.1199375,foreground
S01_U04.CH4.wav,8448.96,8449.2399375,background
S01_U04.CH4.wav,8449.08,8449.3999375,foreground
S01_U04.CH4.wav,8449.24,8449.8799375,background
S01_U04.CH4.wav,8449.72,8450.2399375,foreground
S01_U04.CH4.wav,8450.08,8450.9199375,background
S01_U04.CH4.wav,8450.76,8450.9999375,foreground
S01_U04.CH4.wav,8450.84,8452.5599375,background
S01_U04.CH4.wav,8452.4,8452.7199375,foreground
S01_U04.CH4.wav,8452.56,8453.1199375,background
S01_U04.CH4.wav,8452.96,8453.1599375,foreground
S01_U04.CH4.wav,8453,8453.3199375,background
S01_U04.CH4.wav,8453.16,8453.4799375,foreground
S01_U04.CH4.wav,8453.32,8454.5199375,background
S01_U04.CH4.wav,8454.36,8454.6399375,foreground
S01_U04.CH4.wav,8454.48,8456.2399375,background
S01_U04.CH4.wav,8456.08,8456.3599375,foreground
S01_U04.CH4.wav,8456.2,8457.0399375,background
S01_U04.CH4.wav,8456.88,8457.1999375,foreground
S01_U04.CH4.wav,8457.04,8457.7999375,background
S01_U04.CH4.wav,8457.64,8457.9199375,foreground
S01_U04.CH4.wav,8457.76,8458.0399375,background
S01_U04.CH4.wav,8457.88,8458.4399375,foreground
S01_U04.CH4.wav,8458.28,8458.5999375,background
S01_U04.CH4.wav,8458.44,8458.7599375,foreground
S01_U04.CH4.wav,8458.6,8458.7999375,background
S01_U04.CH4.wav,8458.64,8458.8399375,foreground
S01_U04.CH4.wav,8458.68,8459.7199375,background
S01_U04.CH4.wav,8459.56,8459.9199375,foreground
S01_U04.CH4.wav,8459.76,8460.7199375,background
S01_U04.CH4.wav,8460.56,8460.9599375,foreground
S01_U04.CH4.wav,8460.8,8461.1599375,background
S01_U04.CH4.wav,8461,8461.2399375,foreground
S01_U04.CH4.wav,8461.08,8463.8399375,background
S01_U04.CH4.wav,8463.68,8464.0799375,foreground
S01_U04.CH4.wav,8463.92,8468.0399375,background
S01_U04.CH4.wav,8467.88,8468.3199375,foreground
S01_U04.CH4.wav,8468.16,8468.9199375,background
S01_U04.CH4.wav,8468.76,8469.1999375,foreground
S01_U04.CH4.wav,8469.04,8469.4799375,background
S01_U04.CH4.wav,8469.32,8469.7599375,foreground
S01_U04.CH4.wav,8469.6,8469.8799375,background
S01_U04.CH4.wav,8469.72,8469.9199375,foreground
S01_U04.CH4.wav,8469.76,8472.6799375,background
S01_U04.CH4.wav,8472.52,8472.7999375,foreground
S01_U04.CH4.wav,8472.64,8472.8799375,background
S01_U04.CH4.wav,8472.72,8473.0799375,foreground
S01_U04.CH4.wav,8472.92,8473.1199375,background
S01_U04.CH4.wav,8472.96,8473.1599375,foreground
S01_U04.CH4.wav,8473,8473.7599375,background
S01_U04.CH4.wav,8473.6,8473.7999375,foreground
S01_U04.CH4.wav,8473.64,8474.1199375,background
S01_U04.CH4.wav,8473.96,8474.2399375,foreground
S01_U04.CH4.wav,8474.08,8474.3599375,background
S01_U04.CH4.wav,8474.2,8474.3999375,foreground
S01_U04.CH4.wav,8474.24,8474.4399375,background
S01_U04.CH4.wav,8474.28,8474.4799375,foreground
S01_U04.CH4.wav,8474.32,8474.5999375,background
S01_U04.CH4.wav,8474.44,8474.6399375,foreground
S01_U04.CH4.wav,8474.48,8475.6799375,background
S01_U04.CH4.wav,8475.52,8476.1199375,foreground
S01_U04.CH4.wav,8475.96,8476.1599375,background
S01_U04.CH4.wav,8476,8476.3599375,foreground
S01_U04.CH4.wav,8476.2,8476.5999375,background
S01_U04.CH4.wav,8476.44,8476.6799375,foreground
S01_U04.CH4.wav,8476.52,8477.9599375,background
S01_U04.CH4.wav,8477.8,8478.0399375,foreground
S01_U04.CH4.wav,8477.88,8480.4799375,background
S01_U04.CH4.wav,8480.32,8480.5199375,foreground
S01_U04.CH4.wav,8480.36,8483.2399375,background
S01_U04.CH4.wav,8483.08,8483.7999375,foreground
S01_U04.CH4.wav,8483.64,8483.9199375,background
S01_U04.CH4.wav,8483.76,8484.2399375,foreground
S01_U04.CH4.wav,8484.08,8484.9999375,background
S01_U04.CH4.wav,8484.84,8485.0799375,foreground
S01_U04.CH4.wav,8484.92,8486.3999375,background
S01_U04.CH4.wav,8486.24,8486.7199375,foreground
S01_U04.CH4.wav,8486.56,8486.9199375,background
S01_U04.CH4.wav,8486.76,8486.9999375,foreground
S01_U04.CH4.wav,8486.84,8487.3199375,background
S01_U04.CH4.wav,8487.16,8487.4399375,foreground
S01_U04.CH4.wav,8487.28,8489.7199375,background
S01_U04.CH4.wav,8489.56,8489.7599375,foreground
S01_U04.CH4.wav,8489.6,8490.1199375,background
S01_U04.CH4.wav,8489.96,8490.1599375,foreground
S01_U04.CH4.wav,8490,8490.2399375,background
S01_U04.CH4.wav,8490.08,8490.3599375,foreground
S01_U04.CH4.wav,8490.2,8492.9199375,background
S01_U04.CH4.wav,8492.76,8493.3599375,foreground
S01_U04.CH4.wav,8493.2,8493.5599375,background
S01_U04.CH4.wav,8493.4,8493.5999375,foreground
S01_U04.CH4.wav,8493.44,8493.6399375,background
S01_U04.CH4.wav,8493.48,8493.7199375,foreground
S01_U04.CH4.wav,8493.56,8493.9199375,background
S01_U04.CH4.wav,8493.76,8493.9599375,foreground
S01_U04.CH4.wav,8493.8,8494.1199375,background
S01_U04.CH4.wav,8493.96,8494.1599375,foreground
S01_U04.CH4.wav,8494,8494.8399375,background
S01_U04.CH4.wav,8494.68,8494.8799375,foreground
S01_U04.CH4.wav,8494.72,8496.4799375,background
S01_U04.CH4.wav,8496.32,8496.8799375,foreground
S01_U04.CH4.wav,8496.72,8496.9199375,background
S01_U04.CH4.wav,8496.76,8497.2399375,foreground
S01_U04.CH4.wav,8497.08,8497.4399375,background
S01_U04.CH4.wav,8497.28,8497.4799375,foreground
S01_U04.CH4.wav,8497.32,8497.5999375,background
S01_U04.CH4.wav,8497.44,8497.7599375,foreground
S01_U04.CH4.wav,8497.6,8497.9199375,background
S01_U04.CH4.wav,8497.76,8497.9999375,foreground
S01_U04.CH4.wav,8497.84,8498.1599375,background
S01_U04.CH4.wav,8498,8498.2399375,foreground
S01_U04.CH4.wav,8498.08,8498.7999375,background
S01_U04.CH4.wav,8498.64,8499.1999375,foreground
S01_U04.CH4.wav,8499.04,8499.3999375,background
S01_U04.CH4.wav,8499.24,8499.9999375,foreground
S01_U04.CH4.wav,8499.84,8500.9599375,background
S01_U04.CH4.wav,8500.8,8501.1999375,foreground
S01_U04.CH4.wav,8501.04,8501.4799375,background
S01_U04.CH4.wav,8501.32,8501.5999375,foreground
S01_U04.CH4.wav,8501.44,8502.3199375,background
S01_U04.CH4.wav,8502.16,8502.3999375,foreground
S01_U04.CH4.wav,8502.24,8502.4799375,background
S01_U04.CH4.wav,8502.32,8502.5199375,foreground
S01_U04.CH4.wav,8502.36,8502.7199375,background
S01_U04.CH4.wav,8502.56,8502.7599375,foreground
S01_U04.CH4.wav,8502.6,8504.2399375,background
S01_U04.CH4.wav,8504.08,8504.2799375,foreground
S01_U04.CH4.wav,8504.12,8504.3199375,background
S01_U04.CH4.wav,8504.16,8504.5999375,foreground
S01_U04.CH4.wav,8504.44,8504.7199375,background
S01_U04.CH4.wav,8504.56,8504.7599375,foreground
S01_U04.CH4.wav,8504.6,8504.8399375,background
S01_U04.CH4.wav,8504.68,8505.0399375,foreground
S01_U04.CH4.wav,8504.88,8505.1599375,background
S01_U04.CH4.wav,8505,8505.5199375,foreground
S01_U04.CH4.wav,8505.36,8506.1599375,background
S01_U04.CH4.wav,8506,8506.1999375,foreground
S01_U04.CH4.wav,8506.04,8507.1999375,background
S01_U04.CH4.wav,8507.04,8507.5599375,foreground
S01_U04.CH4.wav,8507.4,8507.6399375,background
S01_U04.CH4.wav,8507.48,8507.7999375,foreground
S01_U04.CH4.wav,8507.64,8508.1199375,background
S01_U04.CH4.wav,8507.96,8508.7999375,foreground
S01_U04.CH4.wav,8508.64,8509.1999375,background
S01_U04.CH4.wav,8509.04,8509.2399375,foreground
S01_U04.CH4.wav,8509.08,8509.6399375,background
S01_U04.CH4.wav,8509.48,8509.7599375,foreground
S01_U04.CH4.wav,8509.6,8509.9599375,background
S01_U04.CH4.wav,8509.8,8510.0799375,foreground
S01_U04.CH4.wav,8509.92,8510.1599375,background
S01_U04.CH4.wav,8510,8510.1999375,foreground
S01_U04.CH4.wav,8510.04,8510.6799375,background
S01_U04.CH4.wav,8510.52,8510.7999375,foreground
S01_U04.CH4.wav,8510.64,8511.7599375,background
S01_U04.CH4.wav,8511.6,8512.3199375,foreground
S01_U04.CH4.wav,8512.16,8512.3999375,background
S01_U04.CH4.wav,8512.24,8512.5999375,foreground
S01_U04.CH4.wav,8512.44,8512.6799375,background
S01_U04.CH4.wav,8512.52,8512.7599375,foreground
S01_U04.CH4.wav,8512.6,8512.9199375,background
S01_U04.CH4.wav,8512.76,8513.5999375,foreground
S01_U04.CH4.wav,8513.44,8513.9599375,background
S01_U04.CH4.wav,8513.8,8514.0399375,foreground
S01_U04.CH4.wav,8513.88,8514.7199375,background
S01_U04.CH4.wav,8514.56,8514.7999375,foreground
S01_U04.CH4.wav,8514.64,8515.0799375,background
S01_U04.CH4.wav,8514.92,8515.4399375,foreground
S01_U04.CH4.wav,8515.28,8515.5999375,background
S01_U04.CH4.wav,8515.44,8515.8399375,foreground
S01_U04.CH4.wav,8515.68,8516.1199375,background
S01_U04.CH4.wav,8515.96,8516.3599375,foreground
S01_U04.CH4.wav,8516.2,8517.2799375,background
S01_U04.CH4.wav,8517.12,8517.5599375,foreground
S01_U04.CH4.wav,8517.4,8517.5999375,background
S01_U04.CH4.wav,8517.44,8517.7999375,foreground
S01_U04.CH4.wav,8517.64,8517.9199375,background
S01_U04.CH4.wav,8517.76,8518.1199375,foreground
S01_U04.CH4.wav,8517.96,8518.5199375,background
S01_U04.CH4.wav,8518.36,8518.8399375,foreground
S01_U04.CH4.wav,8518.68,8518.9999375,background
S01_U04.CH4.wav,8518.84,8519.1599375,foreground
S01_U04.CH4.wav,8519,8519.3999375,background
S01_U04.CH4.wav,8519.24,8519.4799375,foreground
S01_U04.CH4.wav,8519.32,8519.5199375,background
S01_U04.CH4.wav,8519.36,8519.5599375,foreground
S01_U04.CH4.wav,8519.4,8519.5999375,background
S01_U04.CH4.wav,8519.44,8519.7599375,foreground
S01_U04.CH4.wav,8519.6,8521.7199375,background
S01_U04.CH4.wav,8521.56,8521.9999375,foreground
S01_U04.CH4.wav,8521.84,8523.5199375,background
S01_U04.CH4.wav,8523.36,8523.7199375,foreground
S01_U04.CH4.wav,8523.56,8524.3199375,background
S01_U04.CH4.wav,8524.16,8524.9199375,foreground
S01_U04.CH4.wav,8524.76,8526.1999375,background
S01_U04.CH4.wav,8526.04,8526.3599375,foreground
S01_U04.CH4.wav,8526.2,8527.4399375,background
S01_U04.CH4.wav,8527.28,8527.5999375,foreground
S01_U04.CH4.wav,8527.44,8528.6799375,background
S01_U04.CH4.wav,8528.52,8528.7199375,foreground
S01_U04.CH4.wav,8528.56,8529.1999375,background
S01_U04.CH4.wav,8529.04,8529.3599375,foreground
S01_U04.CH4.wav,8529.2,8529.4399375,background
S01_U04.CH4.wav,8529.28,8529.4799375,foreground
S01_U04.CH4.wav,8529.32,8530.0399375,background
S01_U04.CH4.wav,8529.88,8530.3199375,foreground
S01_U04.CH4.wav,8530.16,8531.9199375,background
S01_U04.CH4.wav,8531.76,8532.1199375,foreground
S01_U04.CH4.wav,8531.96,8532.1599375,background
S01_U04.CH4.wav,8532,8532.2399375,foreground
S01_U04.CH4.wav,8532.08,8532.8399375,background
S01_U04.CH4.wav,8532.68,8532.9199375,foreground
S01_U04.CH4.wav,8532.76,8532.9599375,background
S01_U04.CH4.wav,8532.8,8533.2399375,foreground
S01_U04.CH4.wav,8533.08,8534.2399375,background
S01_U04.CH4.wav,8534.08,8534.5199375,foreground
S01_U04.CH4.wav,8534.36,8534.5599375,background
S01_U04.CH4.wav,8534.4,8534.8799375,foreground
S01_U04.CH4.wav,8534.72,8535.0399375,background
S01_U04.CH4.wav,8534.88,8535.0799375,foreground
S01_U04.CH4.wav,8534.92,8535.8799375,background
S01_U04.CH4.wav,8535.72,8536.2399375,foreground
S01_U04.CH4.wav,8536.08,8536.4799375,background
S01_U04.CH4.wav,8536.32,8536.6799375,foreground
S01_U04.CH4.wav,8536.52,8536.7199375,background
S01_U04.CH4.wav,8536.56,8536.7599375,foreground
S01_U04.CH4.wav,8536.6,8537.1599375,background
S01_U04.CH4.wav,8537,8537.2399375,foreground
S01_U04.CH4.wav,8537.08,8537.5999375,background
S01_U04.CH4.wav,8537.44,8537.7599375,foreground
S01_U04.CH4.wav,8537.6,8537.9999375,background
S01_U04.CH4.wav,8537.84,8538.0399375,foreground
S01_U04.CH4.wav,8537.88,8538.3999375,background
S01_U04.CH4.wav,8538.24,8538.4399375,foreground
S01_U04.CH4.wav,8538.28,8538.8799375,background
S01_U04.CH4.wav,8538.72,8539.4799375,foreground
S01_U04.CH4.wav,8539.32,8540.7199375,background
S01_U04.CH4.wav,8540.56,8540.7999375,foreground
S01_U04.CH4.wav,8540.64,8542.9999375,background
S01_U04.CH4.wav,8542.84,8543.2399375,foreground
S01_U04.CH4.wav,8543.08,8543.9999375,background
S01_U04.CH4.wav,8543.84,8544.0799375,foreground
S01_U04.CH4.wav,8543.92,8553.1599375,background
S01_U04.CH4.wav,8553,8553.1999375,foreground
S01_U04.CH4.wav,8553.04,8554.8399375,background
S01_U04.CH4.wav,8554.68,8554.8799375,foreground
S01_U04.CH4.wav,8554.72,8555.1999375,background
S01_U04.CH4.wav,8555.04,8555.2399375,foreground
S01_U04.CH4.wav,8555.08,8555.3599375,background
S01_U04.CH4.wav,8555.2,8555.3999375,foreground
S01_U04.CH4.wav,8555.24,8555.4399375,background
S01_U04.CH4.wav,8555.28,8555.5999375,foreground
S01_U04.CH4.wav,8555.44,8555.6399375,background
S01_U04.CH4.wav,8555.48,8555.8799375,foreground
S01_U04.CH4.wav,8555.72,8556.4799375,background
S01_U04.CH4.wav,8556.32,8556.7599375,foreground
S01_U04.CH4.wav,8556.6,8557.3599375,background
S01_U04.CH4.wav,8557.2,8557.3999375,foreground
S01_U04.CH4.wav,8557.24,8557.9599375,background
S01_U04.CH4.wav,8557.8,8558.1599375,foreground
S01_U04.CH4.wav,8558,8558.2799375,background
S01_U04.CH4.wav,8558.12,8558.3199375,foreground
S01_U04.CH4.wav,8558.16,8558.8399375,background
S01_U04.CH4.wav,8558.68,8559.0399375,foreground
S01_U04.CH4.wav,8558.88,8560.6799375,background
S01_U04.CH4.wav,8560.52,8560.9199375,foreground
S01_U04.CH4.wav,8560.76,8561.1199375,background
S01_U04.CH4.wav,8560.96,8561.1599375,foreground
S01_U04.CH4.wav,8561,8561.1999375,background
S01_U04.CH4.wav,8561.04,8561.2799375,foreground
S01_U04.CH4.wav,8561.12,8562.6799375,background
S01_U04.CH4.wav,8562.52,8562.7199375,foreground
S01_U04.CH4.wav,8562.56,8568.0399375,background
S01_U04.CH4.wav,8567.88,8568.2799375,foreground
S01_U04.CH4.wav,8568.12,8568.3999375,background
S01_U04.CH4.wav,8568.24,8568.7599375,foreground
S01_U04.CH4.wav,8568.6,8569.1999375,background
S01_U04.CH4.wav,8569.04,8569.2399375,foreground
S01_U04.CH4.wav,8569.08,8569.4399375,background
S01_U04.CH4.wav,8569.28,8569.5599375,foreground
S01_U04.CH4.wav,8569.4,8569.5999375,background
S01_U04.CH4.wav,8569.44,8570.0799375,foreground
S01_U04.CH4.wav,8569.92,8570.2799375,background
S01_U04.CH4.wav,8570.12,8570.3199375,foreground
S01_U04.CH4.wav,8570.16,8571.1199375,background
S01_U04.CH4.wav,8570.96,8571.6799375,foreground
S01_U04.CH4.wav,8571.52,8571.7199375,background
S01_U04.CH4.wav,8571.56,8571.8799375,foreground
S01_U04.CH4.wav,8571.72,8572.2799375,background
S01_U04.CH4.wav,8572.12,8572.3999375,foreground
S01_U04.CH4.wav,8572.24,8572.5999375,background
S01_U04.CH4.wav,8572.44,8573.1199375,foreground
S01_U04.CH4.wav,8572.96,8573.4799375,background
S01_U04.CH4.wav,8573.32,8573.7199375,foreground
S01_U04.CH4.wav,8573.56,8573.7999375,background
S01_U04.CH4.wav,8573.64,8573.9599375,foreground
S01_U04.CH4.wav,8573.8,8574.1199375,background
S01_U04.CH4.wav,8573.96,8574.4399375,foreground
S01_U04.CH4.wav,8574.28,8575.7599375,background
S01_U04.CH4.wav,8575.6,8576.0399375,foreground
S01_U04.CH4.wav,8575.88,8577.4399375,background
S01_U04.CH4.wav,8577.28,8577.5199375,foreground
S01_U04.CH4.wav,8577.36,8577.9599375,background
S01_U04.CH4.wav,8577.8,8578.1199375,foreground
S01_U04.CH4.wav,8577.96,8578.9999375,background
S01_U04.CH4.wav,8578.84,8579.0399375,foreground
S01_U04.CH4.wav,8578.88,8579.9199375,background
S01_U04.CH4.wav,8579.76,8580.2399375,foreground
S01_U04.CH4.wav,8580.08,8581.1199375,background
S01_U04.CH4.wav,8580.96,8581.2399375,foreground
S01_U04.CH4.wav,8581.08,8581.4799375,background
S01_U04.CH4.wav,8581.32,8581.5599375,foreground
S01_U04.CH4.wav,8581.4,8582.4799375,background
S01_U04.CH4.wav,8582.32,8582.5599375,foreground
S01_U04.CH4.wav,8582.4,8582.7199375,background
S01_U04.CH4.wav,8582.56,8582.7599375,foreground
S01_U04.CH4.wav,8582.6,8582.8399375,background
S01_U04.CH4.wav,8582.68,8583.0799375,foreground
S01_U04.CH4.wav,8582.92,8583.3599375,background
S01_U04.CH4.wav,8583.2,8583.3999375,foreground
S01_U04.CH4.wav,8583.24,8583.5999375,background
S01_U04.CH4.wav,8583.44,8583.8399375,foreground
S01_U04.CH4.wav,8583.68,8584.6399375,background
S01_U04.CH4.wav,8584.48,8584.9999375,foreground
S01_U04.CH4.wav,8584.84,8585.1999375,background
S01_U04.CH4.wav,8585.04,8585.3199375,foreground
S01_U04.CH4.wav,8585.16,8585.6799375,background
S01_U04.CH4.wav,8585.52,8585.7999375,foreground
S01_U04.CH4.wav,8585.64,8585.8399375,background
S01_U04.CH4.wav,8585.68,8586.0799375,foreground
S01_U04.CH4.wav,8585.92,8586.1199375,background
S01_U04.CH4.wav,8585.96,8586.2399375,foreground
S01_U04.CH4.wav,8586.08,8586.7199375,background
S01_U04.CH4.wav,8586.56,8586.8799375,foreground
S01_U04.CH4.wav,8586.72,8588.5599375,background
S01_U04.CH4.wav,8588.4,8588.7199375,foreground
S01_U04.CH4.wav,8588.56,8588.9599375,background
S01_U04.CH4.wav,8588.8,8589.3999375,foreground
S01_U04.CH4.wav,8589.24,8589.5599375,background
S01_U04.CH4.wav,8589.4,8589.7199375,foreground
S01_U04.CH4.wav,8589.56,8592.0399375,background
S01_U04.CH4.wav,8591.88,8592.1599375,foreground
S01_U04.CH4.wav,8592,8592.9999375,background
S01_U04.CH4.wav,8592.84,8593.1199375,foreground
S01_U04.CH4.wav,8592.96,8593.1999375,background
S01_U04.CH4.wav,8593.04,8593.2799375,foreground
S01_U04.CH4.wav,8593.12,8593.9999375,background
S01_U04.CH4.wav,8593.84,8594.1199375,foreground
S01_U04.CH4.wav,8593.96,8596.5999375,background
S01_U04.CH4.wav,8596.44,8596.6799375,foreground
S01_U04.CH4.wav,8596.52,8596.9999375,background
S01_U04.CH4.wav,8596.84,8597.1599375,foreground
S01_U04.CH4.wav,8597,8597.1999375,background
S01_U04.CH4.wav,8597.04,8597.3199375,foreground
S01_U04.CH4.wav,8597.16,8597.7199375,background
S01_U04.CH4.wav,8597.56,8598.0399375,foreground
S01_U04.CH4.wav,8597.88,8598.1199375,background
S01_U04.CH4.wav,8597.96,8598.2399375,foreground
S01_U04.CH4.wav,8598.08,8598.2799375,background
S01_U04.CH4.wav,8598.12,8598.5199375,foreground
S01_U04.CH4.wav,8598.36,8599.2399375,background
S01_U04.CH4.wav,8599.08,8599.2799375,foreground
S01_U04.CH4.wav,8599.12,8599.4799375,background
S01_U04.CH4.wav,8599.32,8599.5599375,foreground
S01_U04.CH4.wav,8599.4,8599.7599375,background
S01_U04.CH4.wav,8599.6,8599.7999375,foreground
S01_U04.CH4.wav,8599.64,8599.8399375,background
S01_U04.CH4.wav,8599.68,8599.8799375,foreground
S01_U04.CH4.wav,8599.72,8600.3599375,background
S01_U04.CH4.wav,8600.2,8600.3999375,foreground
S01_U04.CH4.wav,8600.24,8600.4399375,background
S01_U04.CH4.wav,8600.28,8600.4799375,foreground
S01_U04.CH4.wav,8600.32,8600.8399375,background
S01_U04.CH4.wav,8600.68,8601.6799375,foreground
S01_U04.CH4.wav,8601.52,8602.5999375,background
S01_U04.CH4.wav,8602.44,8602.7599375,foreground
S01_U04.CH4.wav,8602.6,8603.8799375,background
S01_U04.CH4.wav,8603.72,8603.9199375,foreground
S01_U04.CH4.wav,8603.76,8605.3999375,background
S01_U04.CH4.wav,8605.24,8605.5999375,foreground
S01_U04.CH4.wav,8605.44,8605.6399375,background
S01_U04.CH4.wav,8605.48,8606.2399375,foreground
S01_U04.CH4.wav,8606.08,8606.8799375,background
S01_U04.CH4.wav,8606.72,8607.1199375,foreground
S01_U04.CH4.wav,8606.96,8608.7199375,background
S01_U04.CH4.wav,8608.56,8609.0799375,foreground
S01_U04.CH4.wav,8608.92,8611.7599375,background
S01_U04.CH4.wav,8611.6,8611.9199375,foreground
S01_U04.CH4.wav,8611.76,8611.9599375,background
S01_U04.CH4.wav,8611.8,8612.3199375,foreground
S01_U04.CH4.wav,8612.16,8612.6399375,background
S01_U04.CH4.wav,8612.48,8612.6799375,foreground
S01_U04.CH4.wav,8612.52,8612.9199375,background
S01_U04.CH4.wav,8612.76,8613.1199375,foreground
S01_U04.CH4.wav,8612.96,8613.2399375,background
S01_U04.CH4.wav,8613.08,8613.2799375,foreground
S01_U04.CH4.wav,8613.12,8613.5599375,background
S01_U04.CH4.wav,8613.4,8613.6799375,foreground
S01_U04.CH4.wav,8613.52,8613.9599375,background
S01_U04.CH4.wav,8613.8,8613.9999375,foreground
S01_U04.CH4.wav,8613.84,8614.0399375,background
S01_U04.CH4.wav,8613.88,8614.1199375,foreground
S01_U04.CH4.wav,8613.96,8614.4799375,background
S01_U04.CH4.wav,8614.32,8614.5599375,foreground
S01_U04.CH4.wav,8614.4,8614.9999375,background
S01_U04.CH4.wav,8614.84,8615.1599375,foreground
S01_U04.CH4.wav,8615,8617.5199375,background
S01_U04.CH4.wav,8617.36,8617.7999375,foreground
S01_U04.CH4.wav,8617.64,8617.9199375,background
S01_U04.CH4.wav,8617.76,8618.1199375,foreground
S01_U04.CH4.wav,8617.96,8618.3599375,background
S01_U04.CH4.wav,8618.2,8618.3999375,foreground
S01_U04.CH4.wav,8618.24,8618.4799375,background
S01_U04.CH4.wav,8618.32,8618.5199375,foreground
S01_U04.CH4.wav,8618.36,8618.5599375,background
S01_U04.CH4.wav,8618.4,8618.5999375,foreground
S01_U04.CH4.wav,8618.44,8619.1599375,background
S01_U04.CH4.wav,8619,8619.3599375,foreground
S01_U04.CH4.wav,8619.2,8619.4799375,background
S01_U04.CH4.wav,8619.32,8619.5999375,foreground
S01_U04.CH4.wav,8619.44,8620.1199375,background
S01_U04.CH4.wav,8619.96,8620.1999375,foreground
S01_U04.CH4.wav,8620.04,8620.3999375,background
S01_U04.CH4.wav,8620.24,8620.6399375,foreground
S01_U04.CH4.wav,8620.48,8620.6799375,background
S01_U04.CH4.wav,8620.52,8621.1199375,foreground
S01_U04.CH4.wav,8620.96,8621.3199375,background
S01_U04.CH4.wav,8621.16,8621.3599375,foreground
S01_U04.CH4.wav,8621.2,8621.4799375,background
S01_U04.CH4.wav,8621.32,8621.5199375,foreground
S01_U04.CH4.wav,8621.36,8621.7999375,background
S01_U04.CH4.wav,8621.64,8621.8799375,foreground
S01_U04.CH4.wav,8621.72,8622.1599375,background
S01_U04.CH4.wav,8622,8622.4799375,foreground
S01_U04.CH4.wav,8622.32,8622.5599375,background
S01_U04.CH4.wav,8622.4,8622.8399375,foreground
S01_U04.CH4.wav,8622.68,8623.1999375,background
S01_U04.CH4.wav,8623.04,8623.6399375,foreground
S01_U04.CH4.wav,8623.48,8628.1199375,background
S01_U04.CH4.wav,8627.96,8628.2799375,foreground
S01_U04.CH4.wav,8628.12,8629.9599375,background
S01_U04.CH4.wav,8629.8,8630.3199375,foreground
S01_U04.CH4.wav,8630.16,8630.3599375,background
S01_U04.CH4.wav,8630.2,8630.5999375,foreground
S01_U04.CH4.wav,8630.44,8631.5199375,background
S01_U04.CH4.wav,8631.36,8631.5999375,foreground
S01_U04.CH4.wav,8631.44,8631.7999375,background
S01_U04.CH4.wav,8631.64,8631.8399375,foreground
S01_U04.CH4.wav,8631.68,8632.1999375,background
S01_U04.CH4.wav,8632.04,8632.3999375,foreground
S01_U04.CH4.wav,8632.24,8632.4399375,background
S01_U04.CH4.wav,8632.28,8632.5199375,foreground
S01_U04.CH4.wav,8632.36,8632.7199375,background
S01_U04.CH4.wav,8632.56,8632.7599375,foreground
S01_U04.CH4.wav,8632.6,8632.8399375,background
S01_U04.CH4.wav,8632.68,8633.1199375,foreground
S01_U04.CH4.wav,8632.96,8633.2399375,background
S01_U04.CH4.wav,8633.08,8633.2799375,foreground
S01_U04.CH4.wav,8633.12,8633.3599375,background
S01_U04.CH4.wav,8633.2,8633.3999375,foreground
S01_U04.CH4.wav,8633.24,8633.6399375,background
S01_U04.CH4.wav,8633.48,8634.7199375,foreground
S01_U04.CH4.wav,8634.56,8634.9199375,background
S01_U04.CH4.wav,8634.76,8634.9599375,foreground
S01_U04.CH4.wav,8634.8,8634.9999375,background
S01_U04.CH4.wav,8634.84,8635.1199375,foreground
S01_U04.CH4.wav,8634.96,8635.3199375,background
S01_U04.CH4.wav,8635.16,8635.6399375,foreground
S01_U04.CH4.wav,8635.48,8635.9199375,background
S01_U04.CH4.wav,8635.76,8636.0399375,foreground
S01_U04.CH4.wav,8635.88,8636.5999375,background
S01_U04.CH4.wav,8636.44,8636.7599375,foreground
S01_U04.CH4.wav,8636.6,8636.9199375,background
S01_U04.CH4.wav,8636.76,8636.9599375,foreground
S01_U04.CH4.wav,8636.8,8637.6399375,background
S01_U04.CH4.wav,8637.48,8637.7199375,foreground
S01_U04.CH4.wav,8637.56,8637.8399375,background
S01_U04.CH4.wav,8637.68,8637.8799375,foreground
S01_U04.CH4.wav,8637.72,8637.9599375,background
S01_U04.CH4.wav,8637.8,8637.9999375,foreground
S01_U04.CH4.wav,8637.84,8639.2799375,background
S01_U04.CH4.wav,8639.12,8639.3199375,foreground
S01_U04.CH4.wav,8639.16,8639.4399375,background
S01_U04.CH4.wav,8639.28,8639.5199375,foreground
S01_U04.CH4.wav,8639.36,8640.9199375,background
S01_U04.CH4.wav,8640.76,8641.8799375,foreground
S01_U04.CH4.wav,8641.72,8642.2799375,background
S01_U04.CH4.wav,8642.12,8642.3599375,foreground
S01_U04.CH4.wav,8642.2,8642.9199375,background
S01_U04.CH4.wav,8642.76,8642.9599375,foreground
S01_U04.CH4.wav,8642.8,8643.2799375,background
S01_U04.CH4.wav,8643.12,8643.3199375,foreground
S01_U04.CH4.wav,8643.16,8643.3599375,background
S01_U04.CH4.wav,8643.2,8643.3999375,foreground
S01_U04.CH4.wav,8643.24,8644.4399375,background
S01_U04.CH4.wav,8644.28,8644.5599375,foreground
S01_U04.CH4.wav,8644.4,8645.4399375,background
S01_U04.CH4.wav,8645.28,8645.5199375,foreground
S01_U04.CH4.wav,8645.36,8646.1199375,background
S01_U04.CH4.wav,8645.96,8646.2799375,foreground
S01_U04.CH4.wav,8646.12,8646.4399375,background
S01_U04.CH4.wav,8646.28,8646.5599375,foreground
S01_U04.CH4.wav,8646.4,8646.9199375,background
S01_U04.CH4.wav,8646.76,8647.1999375,foreground
S01_U04.CH4.wav,8647.04,8647.5999375,background
S01_U04.CH4.wav,8647.44,8647.6399375,foreground
S01_U04.CH4.wav,8647.48,8648.6399375,background
S01_U04.CH4.wav,8648.48,8648.7599375,foreground
S01_U04.CH4.wav,8648.6,8649.1599375,background
S01_U04.CH4.wav,8649,8649.1999375,foreground
S01_U04.CH4.wav,8649.04,8650.3599375,background
S01_U04.CH4.wav,8650.2,8650.3999375,foreground
S01_U04.CH4.wav,8650.24,8650.4399375,background
S01_U04.CH4.wav,8650.28,8650.5199375,foreground
S01_U04.CH4.wav,8650.36,8653.8399375,background
S01_U04.CH4.wav,8653.68,8653.9199375,foreground
S01_U04.CH4.wav,8653.76,8654.4799375,background
S01_U04.CH4.wav,8654.32,8654.5199375,foreground
S01_U04.CH4.wav,8654.36,8654.7599375,background
S01_U04.CH4.wav,8654.6,8654.8799375,foreground
S01_U04.CH4.wav,8654.72,8654.9199375,background
S01_U04.CH4.wav,8654.76,8654.9599375,foreground
S01_U04.CH4.wav,8654.8,8655.9999375,background
S01_U04.CH4.wav,8655.84,8656.0399375,foreground
S01_U04.CH4.wav,8655.88,8656.3599375,background
S01_U04.CH4.wav,8656.2,8656.3999375,foreground
S01_U04.CH4.wav,8656.24,8656.4399375,background
S01_U04.CH4.wav,8656.28,8656.5199375,foreground
S01_U04.CH4.wav,8656.36,8656.8799375,background
S01_U04.CH4.wav,8656.72,8657.0399375,foreground
S01_U04.CH4.wav,8656.88,8657.1599375,background
S01_U04.CH4.wav,8657,8657.2399375,foreground
S01_U04.CH4.wav,8657.08,8657.6399375,background
S01_U04.CH4.wav,8657.48,8657.7199375,foreground
S01_U04.CH4.wav,8657.56,8658.5599375,background
S01_U04.CH4.wav,8658.4,8659.0799375,foreground
S01_U04.CH4.wav,8658.92,8659.1999375,background
S01_U04.CH4.wav,8659.04,8659.3199375,foreground
S01_U04.CH4.wav,8659.16,8659.3599375,background
S01_U04.CH4.wav,8659.2,8659.4399375,foreground
S01_U04.CH4.wav,8659.28,8660.0799375,background
S01_U04.CH4.wav,8659.92,8660.1599375,foreground
S01_U04.CH4.wav,8660,8660.3599375,background
S01_U04.CH4.wav,8660.2,8660.5199375,foreground
S01_U04.CH4.wav,8660.36,8660.5599375,background
S01_U04.CH4.wav,8660.4,8660.5999375,foreground
S01_U04.CH4.wav,8660.44,8660.7999375,background
S01_U04.CH4.wav,8660.64,8660.9199375,foreground
S01_U04.CH4.wav,8660.76,8662.2399375,background
S01_U04.CH4.wav,8662.08,8662.3199375,foreground
S01_U04.CH4.wav,8662.16,8662.7999375,background
S01_U04.CH4.wav,8662.64,8662.8399375,foreground
S01_U04.CH4.wav,8662.68,8662.8799375,background
S01_U04.CH4.wav,8662.72,8662.9199375,foreground
S01_U04.CH4.wav,8662.76,8662.9999375,background
S01_U04.CH4.wav,8662.84,8663.3199375,foreground
S01_U04.CH4.wav,8663.16,8663.5599375,background
S01_U04.CH4.wav,8663.4,8663.6799375,foreground
S01_U04.CH4.wav,8663.52,8663.9199375,background
S01_U04.CH4.wav,8663.76,8663.9599375,foreground
S01_U04.CH4.wav,8663.8,8663.9999375,background
S01_U04.CH4.wav,8663.84,8664.0799375,foreground
S01_U04.CH4.wav,8663.92,8664.5599375,background
S01_U04.CH4.wav,8664.4,8664.6799375,foreground
S01_U04.CH4.wav,8664.52,8666.2399375,background
S01_U04.CH4.wav,8666.08,8666.5199375,foreground
S01_U04.CH4.wav,8666.36,8666.7199375,background
S01_U04.CH4.wav,8666.56,8666.8799375,foreground
S01_U04.CH4.wav,8666.72,8666.9599375,background
S01_U04.CH4.wav,8666.8,8667.0399375,foreground
S01_U04.CH4.wav,8666.88,8667.7599375,background
S01_U04.CH4.wav,8667.6,8667.7999375,foreground
S01_U04.CH4.wav,8667.64,8667.9999375,background
S01_U04.CH4.wav,8667.84,8668.1199375,foreground
S01_U04.CH4.wav,8667.96,8668.2399375,background
S01_U04.CH4.wav,8668.08,8668.2799375,foreground
S01_U04.CH4.wav,8668.12,8669.1999375,background
S01_U04.CH4.wav,8669.04,8669.3599375,foreground
S01_U04.CH4.wav,8669.2,8669.4399375,background
S01_U04.CH4.wav,8669.28,8669.5199375,foreground
S01_U04.CH4.wav,8669.36,8669.5599375,background
S01_U04.CH4.wav,8669.4,8669.5999375,foreground
S01_U04.CH4.wav,8669.44,8670.1999375,background
S01_U04.CH4.wav,8670.04,8670.3199375,foreground
S01_U04.CH4.wav,8670.16,8670.3599375,background
S01_U04.CH4.wav,8670.2,8670.6799375,foreground
S01_U04.CH4.wav,8670.52,8671.1599375,background
S01_U04.CH4.wav,8671,8672.4399375,foreground
S01_U04.CH4.wav,8672.28,8673.4399375,background
S01_U04.CH4.wav,8673.28,8674.0399375,foreground
S01_U04.CH4.wav,8673.88,8674.6799375,background
S01_U04.CH4.wav,8674.52,8674.7199375,foreground
S01_U04.CH4.wav,8674.56,8674.8399375,background
S01_U04.CH4.wav,8674.68,8675.1999375,foreground
S01_U04.CH4.wav,8675.04,8675.3599375,background
S01_U04.CH4.wav,8675.2,8675.5599375,foreground
S01_U04.CH4.wav,8675.4,8675.5999375,background
S01_U04.CH4.wav,8675.44,8675.6399375,foreground
S01_U04.CH4.wav,8675.48,8676.9599375,background
S01_U04.CH4.wav,8676.8,8677.2799375,foreground
S01_U04.CH4.wav,8677.12,8677.5599375,background
S01_U04.CH4.wav,8677.4,8677.5999375,foreground
S01_U04.CH4.wav,8677.44,8677.6399375,background
S01_U04.CH4.wav,8677.48,8677.9599375,foreground
S01_U04.CH4.wav,8677.8,8678.0799375,background
S01_U04.CH4.wav,8677.92,8678.3199375,foreground
S01_U04.CH4.wav,8678.16,8678.4799375,background
S01_U04.CH4.wav,8678.32,8678.7199375,foreground
S01_U04.CH4.wav,8678.56,8678.9999375,background
S01_U04.CH4.wav,8678.84,8679.6799375,foreground
S01_U04.CH4.wav,8679.52,8679.9199375,background
S01_U04.CH4.wav,8679.76,8680.7999375,foreground
S01_U04.CH4.wav,8680.64,8680.8799375,background
S01_U04.CH4.wav,8680.72,8681.1999375,foreground
S01_U04.CH4.wav,8681.04,8681.3199375,background
S01_U04.CH4.wav,8681.16,8681.3999375,foreground
S01_U04.CH4.wav,8681.24,8681.5999375,background
S01_U04.CH4.wav,8681.44,8681.6399375,foreground
S01_U04.CH4.wav,8681.48,8681.9199375,background
S01_U04.CH4.wav,8681.76,8681.9599375,foreground
S01_U04.CH4.wav,8681.8,8682.3999375,background
S01_U04.CH4.wav,8682.24,8682.6399375,foreground
S01_U04.CH4.wav,8682.48,8683.3599375,background
S01_U04.CH4.wav,8683.2,8683.4399375,foreground
S01_U04.CH4.wav,8683.28,8683.8399375,background
S01_U04.CH4.wav,8683.68,8683.9999375,foreground
S01_U04.CH4.wav,8683.84,8684.8399375,background
S01_U04.CH4.wav,8684.68,8684.9199375,foreground
S01_U04.CH4.wav,8684.76,8689.9199375,background
S01_U04.CH4.wav,8689.76,8690.1599375,foreground
S01_U04.CH4.wav,8690,8690.7999375,background
S01_U04.CH4.wav,8690.64,8691.1999375,foreground
S01_U04.CH4.wav,8691.04,8691.7999375,background
S01_U04.CH4.wav,8691.64,8692.0399375,foreground
S01_U04.CH4.wav,8691.88,8693.9199375,background
S01_U04.CH4.wav,8693.76,8694.0399375,foreground
S01_U04.CH4.wav,8693.88,8694.9999375,background
S01_U04.CH4.wav,8694.84,8695.3599375,foreground
S01_U04.CH4.wav,8695.2,8696.3999375,background
S01_U04.CH4.wav,8696.24,8696.7599375,foreground
S01_U04.CH4.wav,8696.6,8697.1199375,background
S01_U04.CH4.wav,8696.96,8697.2399375,foreground
S01_U04.CH4.wav,8697.08,8697.3599375,background
S01_U04.CH4.wav,8697.2,8697.4399375,foreground
S01_U04.CH4.wav,8697.28,8697.5199375,background
S01_U04.CH4.wav,8697.36,8698.1999375,foreground
S01_U04.CH4.wav,8698.04,8698.2399375,background
S01_U04.CH4.wav,8698.08,8698.4399375,foreground
S01_U04.CH4.wav,8698.28,8701.2799375,background
S01_U04.CH4.wav,8701.12,8701.4799375,foreground
S01_U04.CH4.wav,8701.32,8701.5199375,background
S01_U04.CH4.wav,8701.36,8701.7199375,foreground
S01_U04.CH4.wav,8701.56,8703.7999375,background
S01_U04.CH4.wav,8703.64,8704.0799375,foreground
S01_U04.CH4.wav,8703.92,8705.0799375,background
S01_U04.CH4.wav,8704.92,8705.1199375,foreground
S01_U04.CH4.wav,8704.96,8705.3599375,background
S01_U04.CH4.wav,8705.2,8705.3999375,foreground
S01_U04.CH4.wav,8705.24,8705.4399375,background
S01_U04.CH4.wav,8705.28,8705.7199375,foreground
S01_U04.CH4.wav,8705.56,8706.1199375,background
S01_U04.CH4.wav,8705.96,8706.9599375,foreground
S01_U04.CH4.wav,8706.8,8707.0799375,background
S01_U04.CH4.wav,8706.92,8707.1599375,foreground
S01_U04.CH4.wav,8707,8708.5599375,background
S01_U04.CH4.wav,8708.4,8708.6399375,foreground
S01_U04.CH4.wav,8708.48,8708.7199375,background
S01_U04.CH4.wav,8708.56,8708.7599375,foreground
S01_U04.CH4.wav,8708.6,8711.2399375,background
S01_U04.CH4.wav,8711.08,8711.6799375,foreground
S01_U04.CH4.wav,8711.52,8711.9199375,background
S01_U04.CH4.wav,8711.76,8712.2399375,foreground
S01_U04.CH4.wav,8712.08,8712.2799375,background
S01_U04.CH4.wav,8712.12,8712.3999375,foreground
S01_U04.CH4.wav,8712.24,8712.6399375,background
S01_U04.CH4.wav,8712.48,8712.7199375,foreground
S01_U04.CH4.wav,8712.56,8715.5599375,background
S01_U04.CH4.wav,8715.4,8715.8799375,foreground
S01_U04.CH4.wav,8715.72,8716.0399375,background
S01_U04.CH4.wav,8715.88,8716.0799375,foreground
S01_U04.CH4.wav,8715.92,8716.1199375,background
S01_U04.CH4.wav,8715.96,8716.2799375,foreground
S01_U04.CH4.wav,8716.12,8718.0799375,background
S01_U04.CH4.wav,8717.92,8718.1599375,foreground
S01_U04.CH4.wav,8718,8718.1999375,background
S01_U04.CH4.wav,8718.04,8718.2799375,foreground
S01_U04.CH4.wav,8718.12,8718.5599375,background
S01_U04.CH4.wav,8718.4,8719.0399375,foreground
S01_U04.CH4.wav,8718.88,8719.0799375,background
S01_U04.CH4.wav,8718.92,8719.1599375,foreground
S01_U04.CH4.wav,8719,8719.1999375,background
S01_U04.CH4.wav,8719.04,8719.3599375,foreground
S01_U04.CH4.wav,8719.2,8719.4399375,background
S01_U04.CH4.wav,8719.28,8719.5999375,foreground
S01_U04.CH4.wav,8719.44,8719.8799375,background
S01_U04.CH4.wav,8719.72,8719.9599375,foreground
S01_U04.CH4.wav,8719.8,8719.9999375,background
S01_U04.CH4.wav,8719.84,8720.0399375,foreground
S01_U04.CH4.wav,8719.88,8720.3599375,background
S01_U04.CH4.wav,8720.2,8720.4399375,foreground
S01_U04.CH4.wav,8720.28,8721.3599375,background
S01_U04.CH4.wav,8721.2,8721.5199375,foreground
S01_U04.CH4.wav,8721.36,8722.7199375,background
S01_U04.CH4.wav,8722.56,8722.7999375,foreground
S01_U04.CH4.wav,8722.64,8722.8399375,background
S01_U04.CH4.wav,8722.68,8723.0399375,foreground
S01_U04.CH4.wav,8722.88,8723.1599375,background
S01_U04.CH4.wav,8723,8723.2799375,foreground
S01_U04.CH4.wav,8723.12,8723.4399375,background
S01_U04.CH4.wav,8723.28,8724.3999375,foreground
S01_U04.CH4.wav,8724.24,8724.6399375,background
S01_U04.CH4.wav,8724.48,8724.7599375,foreground
S01_U04.CH4.wav,8724.6,8724.9999375,background
S01_U04.CH4.wav,8724.84,8725.2399375,foreground
S01_U04.CH4.wav,8725.08,8725.3999375,background
S01_U04.CH4.wav,8725.24,8725.5599375,foreground
S01_U04.CH4.wav,8725.4,8728.1999375,background
S01_U04.CH4.wav,8728.04,8728.2799375,foreground
S01_U04.CH4.wav,8728.12,8728.3199375,background
S01_U04.CH4.wav,8728.16,8728.4799375,foreground
S01_U04.CH4.wav,8728.32,8728.5199375,background
S01_U04.CH4.wav,8728.36,8728.5599375,foreground
S01_U04.CH4.wav,8728.4,8728.5999375,background
S01_U04.CH4.wav,8728.44,8728.6799375,foreground
S01_U04.CH4.wav,8728.52,8729.1999375,background
S01_U04.CH4.wav,8729.04,8729.2399375,foreground
S01_U04.CH4.wav,8729.08,8729.2799375,background
S01_U04.CH4.wav,8729.12,8729.3199375,foreground
S01_U04.CH4.wav,8729.16,8731.8399375,background
S01_U04.CH4.wav,8731.68,8731.9199375,foreground
S01_U04.CH4.wav,8731.76,8732.5199375,background
S01_U04.CH4.wav,8732.36,8732.5599375,foreground
S01_U04.CH4.wav,8732.4,8740.5199375,background
S01_U04.CH4.wav,8740.36,8740.5999375,foreground
S01_U04.CH4.wav,8740.44,8740.6799375,background
S01_U04.CH4.wav,8740.52,8740.7199375,foreground
S01_U04.CH4.wav,8740.56,8740.7599375,background
S01_U04.CH4.wav,8740.6,8740.7999375,foreground
S01_U04.CH4.wav,8740.64,8743.8799375,background
S01_U04.CH4.wav,8743.72,8743.9199375,foreground
S01_U04.CH4.wav,8743.76,8745.3199375,background
S01_U04.CH4.wav,8745.16,8745.3599375,foreground
S01_U04.CH4.wav,8745.2,8745.7999375,background
S01_U04.CH4.wav,8745.64,8745.8399375,foreground
S01_U04.CH4.wav,8745.68,8746.3999375,background
S01_U04.CH4.wav,8746.24,8747.2799375,foreground
S01_U04.CH4.wav,8747.12,8747.5599375,background
S01_U04.CH4.wav,8747.4,8747.5999375,foreground
S01_U04.CH4.wav,8747.44,8748.0399375,background
S01_U04.CH4.wav,8747.88,8748.3599375,foreground
S01_U04.CH4.wav,8748.2,8748.7599375,background
S01_U04.CH4.wav,8748.6,8749.0399375,foreground
S01_U04.CH4.wav,8748.88,8749.1599375,background
S01_U04.CH4.wav,8749,8749.3199375,foreground
S01_U04.CH4.wav,8749.16,8749.7599375,background
S01_U04.CH4.wav,8749.6,8750.2799375,foreground
S01_U04.CH4.wav,8750.12,8751.8399375,background
S01_U04.CH4.wav,8751.68,8752.0799375,foreground
S01_U04.CH4.wav,8751.92,8752.1999375,background
S01_U04.CH4.wav,8752.04,8752.5599375,foreground
S01_U04.CH4.wav,8752.4,8752.7199375,background
S01_U04.CH4.wav,8752.56,8752.9999375,foreground
S01_U04.CH4.wav,8752.84,8753.5599375,background
S01_U04.CH4.wav,8753.4,8753.6399375,foreground
S01_U04.CH4.wav,8753.48,8753.7999375,background
S01_U04.CH4.wav,8753.64,8753.8399375,foreground
S01_U04.CH4.wav,8753.68,8753.8799375,background
S01_U04.CH4.wav,8753.72,8753.9199375,foreground
S01_U04.CH4.wav,8753.76,8755.0799375,background
S01_U04.CH4.wav,8754.92,8755.1599375,foreground
S01_U04.CH4.wav,8755,8755.1999375,background
S01_U04.CH4.wav,8755.04,8755.3999375,foreground
S01_U04.CH4.wav,8755.24,8758.2799375,background
S01_U04.CH4.wav,8758.12,8758.3199375,foreground
S01_U04.CH4.wav,8758.16,8758.5599375,background
S01_U04.CH4.wav,8758.4,8758.7999375,foreground
S01_U04.CH4.wav,8758.64,8759.8799375,background
S01_U04.CH4.wav,8759.72,8760.3599375,foreground
S01_U04.CH4.wav,8760.2,8761.2799375,background
S01_U04.CH4.wav,8761.12,8761.5199375,foreground
S01_U04.CH4.wav,8761.36,8761.5599375,background
S01_U04.CH4.wav,8761.4,8761.7599375,foreground
S01_U04.CH4.wav,8761.6,8761.9199375,background
S01_U04.CH4.wav,8761.76,8761.9999375,foreground
S01_U04.CH4.wav,8761.84,8762.3199375,background
S01_U04.CH4.wav,8762.16,8762.4399375,foreground
S01_U04.CH4.wav,8762.28,8764.6799375,background
S01_U04.CH4.wav,8764.52,8764.7199375,foreground
S01_U04.CH4.wav,8764.56,8764.7599375,background
S01_U04.CH4.wav,8764.6,8764.9199375,foreground
S01_U04.CH4.wav,8764.76,8764.9999375,background
S01_U04.CH4.wav,8764.84,8765.1599375,foreground
S01_U04.CH4.wav,8765,8767.3599375,background
S01_U04.CH4.wav,8767.2,8767.5999375,foreground
S01_U04.CH4.wav,8767.44,8767.6799375,background
S01_U04.CH4.wav,8767.52,8767.7199375,foreground
S01_U04.CH4.wav,8767.56,8768.1199375,background
S01_U04.CH4.wav,8767.96,8768.1599375,foreground
S01_U04.CH4.wav,8768,8768.3599375,background
S01_U04.CH4.wav,8768.2,8768.4399375,foreground
S01_U04.CH4.wav,8768.28,8768.4799375,background
S01_U04.CH4.wav,8768.32,8768.5599375,foreground
S01_U04.CH4.wav,8768.4,8770.5599375,background
S01_U04.CH4.wav,8770.4,8770.5999375,foreground
S01_U04.CH4.wav,8770.44,8770.6399375,background
S01_U04.CH4.wav,8770.48,8770.6799375,foreground
S01_U04.CH4.wav,8770.52,8770.7599375,background
S01_U04.CH4.wav,8770.6,8770.9199375,foreground
S01_U04.CH4.wav,8770.76,8773.5199375,background
S01_U04.CH4.wav,8773.36,8773.8399375,foreground
S01_U04.CH4.wav,8773.68,8773.9199375,background
S01_U04.CH4.wav,8773.76,8774.2399375,foreground
S01_U04.CH4.wav,8774.08,8774.4799375,background
S01_U04.CH4.wav,8774.32,8774.6399375,foreground
S01_U04.CH4.wav,8774.48,8774.7999375,background
S01_U04.CH4.wav,8774.64,8774.8399375,foreground
S01_U04.CH4.wav,8774.68,8778.7199375,background
S01_U04.CH4.wav,8778.56,8778.9199375,foreground
S01_U04.CH4.wav,8778.76,8779.7199375,background
S01_U04.CH4.wav,8779.56,8779.9199375,foreground
S01_U04.CH4.wav,8779.76,8782.5199375,background
S01_U04.CH4.wav,8782.36,8783.0799375,foreground
S01_U04.CH4.wav,8782.92,8783.1599375,background
S01_U04.CH4.wav,8783,8783.2399375,foreground
S01_U04.CH4.wav,8783.08,8783.3999375,background
S01_U04.CH4.wav,8783.24,8783.5199375,foreground
S01_U04.CH4.wav,8783.36,8783.7599375,background
S01_U04.CH4.wav,8783.6,8783.8399375,foreground
S01_U04.CH4.wav,8783.68,8784.3199375,background
S01_U04.CH4.wav,8784.16,8784.3999375,foreground
S01_U04.CH4.wav,8784.24,8784.4399375,background
S01_U04.CH4.wav,8784.28,8785.0399375,foreground
S01_U04.CH4.wav,8784.88,8785.3999375,background
S01_U04.CH4.wav,8785.24,8785.8799375,foreground
S01_U04.CH4.wav,8785.72,8786.3599375,background
S01_U04.CH4.wav,8786.2,8786.6399375,foreground
S01_U04.CH4.wav,8786.48,8786.6799375,background
S01_U04.CH4.wav,8786.52,8786.8799375,foreground
S01_U04.CH4.wav,8786.72,8788.0399375,background
S01_U04.CH4.wav,8787.88,8788.3199375,foreground
S01_U04.CH4.wav,8788.16,8789.3199375,background
S01_U04.CH4.wav,8789.16,8789.3999375,foreground
S01_U04.CH4.wav,8789.24,8790.3199375,background
S01_U04.CH4.wav,8790.16,8790.3599375,foreground
S01_U04.CH4.wav,8790.2,8791.2399375,background
S01_U04.CH4.wav,8791.08,8791.4799375,foreground
S01_U04.CH4.wav,8791.32,8791.6799375,background
S01_U04.CH4.wav,8791.52,8791.7199375,foreground
S01_U04.CH4.wav,8791.56,8792.4399375,background
S01_U04.CH4.wav,8792.28,8792.6399375,foreground
S01_U04.CH4.wav,8792.48,8793.6399375,background
S01_U04.CH4.wav,8793.48,8793.9999375,foreground
S01_U04.CH4.wav,8793.84,8794.3599375,background
S01_U04.CH4.wav,8794.2,8794.4399375,foreground
S01_U04.CH4.wav,8794.28,8794.5999375,background
S01_U04.CH4.wav,8794.44,8794.6399375,foreground
S01_U04.CH4.wav,8794.48,8794.6799375,background
S01_U04.CH4.wav,8794.52,8794.8799375,foreground
S01_U04.CH4.wav,8794.72,8794.9199375,background
S01_U04.CH4.wav,8794.76,8795.1199375,foreground
S01_U04.CH4.wav,8794.96,8795.3599375,background
S01_U04.CH4.wav,8795.2,8795.6799375,foreground
S01_U04.CH4.wav,8795.52,8796.0399375,background
S01_U04.CH4.wav,8795.88,8796.4399375,foreground
S01_U04.CH4.wav,8796.28,8796.5999375,background
S01_U04.CH4.wav,8796.44,8796.7199375,foreground
S01_U04.CH4.wav,8796.56,8797.2799375,background
S01_U04.CH4.wav,8797.12,8797.5599375,foreground
S01_U04.CH4.wav,8797.4,8797.7199375,background
S01_U04.CH4.wav,8797.56,8797.9199375,foreground
S01_U04.CH4.wav,8797.76,8798.1599375,background
S01_U04.CH4.wav,8798,8798.1999375,foreground
S01_U04.CH4.wav,8798.04,8798.3599375,background
S01_U04.CH4.wav,8798.2,8798.7999375,foreground
S01_U04.CH4.wav,8798.64,8799.1199375,background
S01_U04.CH4.wav,8798.96,8799.2399375,foreground
S01_U04.CH4.wav,8799.08,8799.8399375,background
S01_U04.CH4.wav,8799.68,8799.8799375,foreground
S01_U04.CH4.wav,8799.72,8800.0399375,background
S01_U04.CH4.wav,8799.88,8800.0799375,foreground
S01_U04.CH4.wav,8799.92,8801.7599375,background
S01_U04.CH4.wav,8801.6,8802.0799375,foreground
S01_U04.CH4.wav,8801.92,8802.2799375,background
S01_U04.CH4.wav,8802.12,8802.8399375,foreground
S01_U04.CH4.wav,8802.68,8803.9599375,background
S01_U04.CH4.wav,8803.8,8804.1199375,foreground
S01_U04.CH4.wav,8803.96,8804.7999375,background
S01_U04.CH4.wav,8804.64,8805.8799375,foreground
S01_U04.CH4.wav,8805.72,8805.9199375,background
S01_U04.CH4.wav,8805.76,8805.9599375,foreground
S01_U04.CH4.wav,8805.8,8805.9999375,background
S01_U04.CH4.wav,8805.84,8806.5199375,foreground
S01_U04.CH4.wav,8806.36,8806.6799375,background
S01_U04.CH4.wav,8806.52,8806.7999375,foreground
S01_U04.CH4.wav,8806.64,8806.8399375,background
S01_U04.CH4.wav,8806.68,8806.9999375,foreground
S01_U04.CH4.wav,8806.84,8807.0799375,background
S01_U04.CH4.wav,8806.92,8807.4399375,foreground
S01_U04.CH4.wav,8807.28,8807.8399375,background
S01_U04.CH4.wav,8807.68,8807.8799375,foreground
S01_U04.CH4.wav,8807.72,8808.0799375,background
S01_U04.CH4.wav,8807.92,8808.3199375,foreground
S01_U04.CH4.wav,8808.16,8808.4399375,background
S01_U04.CH4.wav,8808.28,8808.5599375,foreground
S01_U04.CH4.wav,8808.4,8808.5999375,background
S01_U04.CH4.wav,8808.44,8808.7199375,foreground
S01_U04.CH4.wav,8808.56,8808.7599375,background
S01_U04.CH4.wav,8808.6,8808.8399375,foreground
S01_U04.CH4.wav,8808.68,8809.9999375,background
S01_U04.CH4.wav,8809.84,8810.1199375,foreground
S01_U04.CH4.wav,8809.96,8811.1999375,background
S01_U04.CH4.wav,8811.04,8811.3199375,foreground
S01_U04.CH4.wav,8811.16,8811.6799375,background
S01_U04.CH4.wav,8811.52,8811.8799375,foreground
S01_U04.CH4.wav,8811.72,8811.9999375,background
S01_U04.CH4.wav,8811.84,8812.1599375,foreground
S01_U04.CH4.wav,8812,8812.2399375,background
S01_U04.CH4.wav,8812.08,8812.3599375,foreground
S01_U04.CH4.wav,8812.2,8812.4399375,background
S01_U04.CH4.wav,8812.28,8812.4799375,foreground
S01_U04.CH4.wav,8812.32,8812.9999375,background
S01_U04.CH4.wav,8812.84,8814.0399375,foreground
S01_U04.CH4.wav,8813.88,8814.6399375,background
S01_U04.CH4.wav,8814.48,8814.7199375,foreground
S01_U04.CH4.wav,8814.56,8814.9599375,background
S01_U04.CH4.wav,8814.8,8815.2399375,foreground
S01_U04.CH4.wav,8815.08,8815.3199375,background
S01_U04.CH4.wav,8815.16,8815.5999375,foreground
S01_U04.CH4.wav,8815.44,8815.9199375,background
S01_U04.CH4.wav,8815.76,8816.3599375,foreground
S01_U04.CH4.wav,8816.2,8816.6399375,background
S01_U04.CH4.wav,8816.48,8816.7599375,foreground
S01_U04.CH4.wav,8816.6,8816.7999375,background
S01_U04.CH4.wav,8816.64,8816.9199375,foreground
S01_U04.CH4.wav,8816.76,8816.9599375,background
S01_U04.CH4.wav,8816.8,8817.0399375,foreground
S01_U04.CH4.wav,8816.88,8817.0799375,background
S01_U04.CH4.wav,8816.92,8817.1999375,foreground
S01_U04.CH4.wav,8817.04,8817.2399375,background
S01_U04.CH4.wav,8817.08,8817.5199375,foreground
S01_U04.CH4.wav,8817.36,8817.5599375,background
S01_U04.CH4.wav,8817.4,8817.7599375,foreground
S01_U04.CH4.wav,8817.6,8817.8799375,background
S01_U04.CH4.wav,8817.72,8818.0399375,foreground
S01_U04.CH4.wav,8817.88,8818.3599375,background
S01_U04.CH4.wav,8818.2,8818.4399375,foreground
S01_U04.CH4.wav,8818.28,8818.9199375,background
S01_U04.CH4.wav,8818.76,8819.1199375,foreground
S01_U04.CH4.wav,8818.96,8819.1599375,background
S01_U04.CH4.wav,8819,8819.2399375,foreground
S01_U04.CH4.wav,8819.08,8819.3199375,background
S01_U04.CH4.wav,8819.16,8819.8799375,foreground
S01_U04.CH4.wav,8819.72,8821.4399375,background
S01_U04.CH4.wav,8821.28,8821.7599375,foreground
S01_U04.CH4.wav,8821.6,8821.7999375,background
S01_U04.CH4.wav,8821.64,8821.9999375,foreground
S01_U04.CH4.wav,8821.84,8822.0799375,background
S01_U04.CH4.wav,8821.92,8822.4399375,foreground
S01_U04.CH4.wav,8822.28,8822.7999375,background
S01_U04.CH4.wav,8822.64,8823.3999375,foreground
S01_U04.CH4.wav,8823.24,8823.4399375,background
S01_U04.CH4.wav,8823.28,8824.0799375,foreground
S01_U04.CH4.wav,8823.92,8824.1999375,background
S01_U04.CH4.wav,8824.04,8824.2799375,foreground
S01_U04.CH4.wav,8824.12,8824.3999375,background
S01_U04.CH4.wav,8824.24,8824.7999375,foreground
S01_U04.CH4.wav,8824.64,8825.0399375,background
S01_U04.CH4.wav,8824.88,8825.8799375,foreground
S01_U04.CH4.wav,8825.72,8826.0399375,background
S01_U04.CH4.wav,8825.88,8826.0799375,foreground
S01_U04.CH4.wav,8825.92,8826.1999375,background
S01_U04.CH4.wav,8826.04,8826.4799375,foreground
S01_U04.CH4.wav,8826.32,8826.5599375,background
S01_U04.CH4.wav,8826.4,8826.6799375,foreground
S01_U04.CH4.wav,8826.52,8827.9199375,background
S01_U04.CH4.wav,8827.76,8828.1199375,foreground
S01_U04.CH4.wav,8827.96,8828.1999375,background
S01_U04.CH4.wav,8828.04,8828.3599375,foreground
S01_U04.CH4.wav,8828.2,8828.7999375,background
S01_U04.CH4.wav,8828.64,8828.9199375,foreground
S01_U04.CH4.wav,8828.76,8829.4399375,background
S01_U04.CH4.wav,8829.28,8829.5599375,foreground
S01_U04.CH4.wav,8829.4,8830.0799375,background
S01_U04.CH4.wav,8829.92,8830.1599375,foreground
S01_U04.CH4.wav,8830,8830.1999375,background
S01_U04.CH4.wav,8830.04,8830.3999375,foreground
S01_U04.CH4.wav,8830.24,8831.1599375,background
S01_U04.CH4.wav,8831,8831.2399375,foreground
S01_U04.CH4.wav,8831.08,8831.2799375,background
S01_U04.CH4.wav,8831.12,8831.3199375,foreground
S01_U04.CH4.wav,8831.16,8831.3599375,background
S01_U04.CH4.wav,8831.2,8831.5599375,foreground
S01_U04.CH4.wav,8831.4,8832.2799375,background
S01_U04.CH4.wav,8832.12,8832.5599375,foreground
S01_U04.CH4.wav,8832.4,8833.3199375,background
S01_U04.CH4.wav,8833.16,8833.5199375,foreground
S01_U04.CH4.wav,8833.36,8834.3599375,background
S01_U04.CH4.wav,8834.2,8834.5599375,foreground
S01_U04.CH4.wav,8834.4,8835.1199375,background
S01_U04.CH4.wav,8834.96,8835.2399375,foreground
S01_U04.CH4.wav,8835.08,8836.3599375,background
S01_U04.CH4.wav,8836.2,8836.7999375,foreground
S01_U04.CH4.wav,8836.64,8837.8399375,background
S01_U04.CH4.wav,8837.68,8838.1199375,foreground
S01_U04.CH4.wav,8837.96,8840.5999375,background
S01_U04.CH4.wav,8840.44,8840.8399375,foreground
S01_U04.CH4.wav,8840.68,8841.5599375,background
S01_U04.CH4.wav,8841.4,8841.6399375,foreground
S01_U04.CH4.wav,8841.48,8842.3999375,background
S01_U04.CH4.wav,8842.24,8842.7999375,foreground
S01_U04.CH4.wav,8842.64,8843.0399375,background
S01_U04.CH4.wav,8842.88,8843.1199375,foreground
S01_U04.CH4.wav,8842.96,8845.3599375,background
S01_U04.CH4.wav,8845.2,8845.3999375,foreground
S01_U04.CH4.wav,8845.24,8848.7999375,background
S01_U04.CH4.wav,8848.64,8848.8799375,foreground
S01_U04.CH4.wav,8848.72,8849.2399375,background
S01_U04.CH4.wav,8849.08,8849.3999375,foreground
S01_U04.CH4.wav,8849.24,8851.8399375,background
S01_U04.CH4.wav,8851.68,8851.8799375,foreground
S01_U04.CH4.wav,8851.72,8853.9999375,background
S01_U04.CH4.wav,8853.84,8854.0399375,foreground
S01_U04.CH4.wav,8853.88,8854.1999375,background
S01_U04.CH4.wav,8854.04,8854.3199375,foreground
S01_U04.CH4.wav,8854.16,8855.0399375,background
S01_U04.CH4.wav,8854.88,8855.0799375,foreground
S01_U04.CH4.wav,8854.92,8855.3599375,background
S01_U04.CH4.wav,8855.2,8855.3999375,foreground
S01_U04.CH4.wav,8855.24,8856.1599375,background
S01_U04.CH4.wav,8856,8856.1999375,foreground
S01_U04.CH4.wav,8856.04,8856.3199375,background
S01_U04.CH4.wav,8856.16,8856.3599375,foreground
S01_U04.CH4.wav,8856.2,8857.6799375,background
S01_U04.CH4.wav,8857.52,8857.7199375,foreground
S01_U04.CH4.wav,8857.56,8858.0799375,background
S01_U04.CH4.wav,8857.92,8858.1999375,foreground
S01_U04.CH4.wav,8858.04,8858.9999375,background
S01_U04.CH4.wav,8858.84,8859.1999375,foreground
S01_U04.CH4.wav,8859.04,8859.3199375,background
S01_U04.CH4.wav,8859.16,8859.3599375,foreground
S01_U04.CH4.wav,8859.2,8861.2799375,background
S01_U04.CH4.wav,8861.12,8861.3599375,foreground
S01_U04.CH4.wav,8861.2,8861.9999375,background
S01_U04.CH4.wav,8861.84,8862.0399375,foreground
S01_U04.CH4.wav,8861.88,8862.1599375,background
S01_U04.CH4.wav,8862,8862.2399375,foreground
S01_U04.CH4.wav,8862.08,8862.3599375,background
S01_U04.CH4.wav,8862.2,8862.3999375,foreground
S01_U04.CH4.wav,8862.24,8862.7999375,background
S01_U04.CH4.wav,8862.64,8863.1199375,foreground
S01_U04.CH4.wav,8862.96,8865.3599375,background
S01_U04.CH4.wav,8865.2,8865.7599375,foreground
S01_U04.CH4.wav,8865.6,8866.8799375,background
S01_U04.CH4.wav,8866.72,8867.3199375,foreground
S01_U04.CH4.wav,8867.16,8867.4799375,background
S01_U04.CH4.wav,8867.32,8867.5999375,foreground
S01_U04.CH4.wav,8867.44,8867.6799375,background
S01_U04.CH4.wav,8867.52,8867.7199375,foreground
S01_U04.CH4.wav,8867.56,8869.2399375,background
S01_U04.CH4.wav,8869.08,8869.2799375,foreground
S01_U04.CH4.wav,8869.12,8869.6799375,background
S01_U04.CH4.wav,8869.52,8869.8399375,foreground
S01_U04.CH4.wav,8869.68,8869.9999375,background
S01_U04.CH4.wav,8869.84,8870.0399375,foreground
S01_U04.CH4.wav,8869.88,8870.4799375,background
S01_U04.CH4.wav,8870.32,8870.5199375,foreground
S01_U04.CH4.wav,8870.36,8870.8399375,background
S01_U04.CH4.wav,8870.68,8870.9199375,foreground
S01_U04.CH4.wav,8870.76,8870.9599375,background
S01_U04.CH4.wav,8870.8,8871.0399375,foreground
S01_U04.CH4.wav,8870.88,8871.1999375,background
S01_U04.CH4.wav,8871.04,8871.3199375,foreground
S01_U04.CH4.wav,8871.16,8871.4799375,background
S01_U04.CH4.wav,8871.32,8871.5999375,foreground
S01_U04.CH4.wav,8871.44,8872.1599375,background
S01_U04.CH4.wav,8872,8872.2799375,foreground
S01_U04.CH4.wav,8872.12,8872.3999375,background
S01_U04.CH4.wav,8872.24,8872.4399375,foreground
S01_U04.CH4.wav,8872.28,8872.6799375,background
S01_U04.CH4.wav,8872.52,8872.7599375,foreground
S01_U04.CH4.wav,8872.6,8873.4799375,background
S01_U04.CH4.wav,8873.32,8873.5599375,foreground
S01_U04.CH4.wav,8873.4,8874.3599375,background
S01_U04.CH4.wav,8874.2,8874.5199375,foreground
S01_U04.CH4.wav,8874.36,8875.5199375,background
S01_U04.CH4.wav,8875.36,8875.7999375,foreground
S01_U04.CH4.wav,8875.64,8875.9999375,background
S01_U04.CH4.wav,8875.84,8876.0399375,foreground
S01_U04.CH4.wav,8875.88,8876.1199375,background
S01_U04.CH4.wav,8875.96,8876.1599375,foreground
S01_U04.CH4.wav,8876,8876.5199375,background
S01_U04.CH4.wav,8876.36,8876.5999375,foreground
S01_U04.CH4.wav,8876.44,8877.0799375,background
S01_U04.CH4.wav,8876.92,8877.1199375,foreground
S01_U04.CH4.wav,8876.96,8877.4799375,background
S01_U04.CH4.wav,8877.32,8877.7999375,foreground
S01_U04.CH4.wav,8877.64,8878.0399375,background
S01_U04.CH4.wav,8877.88,8878.3999375,foreground
S01_U04.CH4.wav,8878.24,8878.5199375,background
S01_U04.CH4.wav,8878.36,8878.8799375,foreground
S01_U04.CH4.wav,8878.72,8879.1199375,background
S01_U04.CH4.wav,8878.96,8879.2399375,foreground
S01_U04.CH4.wav,8879.08,8879.3999375,background
S01_U04.CH4.wav,8879.24,8879.9199375,foreground
S01_U04.CH4.wav,8879.76,8880.0799375,background
S01_U04.CH4.wav,8879.92,8880.3199375,foreground
S01_U04.CH4.wav,8880.16,8880.5599375,background
S01_U04.CH4.wav,8880.4,8880.8399375,foreground
S01_U04.CH4.wav,8880.68,8881.0399375,background
S01_U04.CH4.wav,8880.88,8881.2799375,foreground
S01_U04.CH4.wav,8881.12,8881.4399375,background
S01_U04.CH4.wav,8881.28,8881.6399375,foreground
S01_U04.CH4.wav,8881.48,8881.6799375,background
S01_U04.CH4.wav,8881.52,8881.9199375,foreground
S01_U04.CH4.wav,8881.76,8882.1199375,background
S01_U04.CH4.wav,8881.96,8882.3599375,foreground
S01_U04.CH4.wav,8882.2,8882.7199375,background
S01_U04.CH4.wav,8882.56,8882.7599375,foreground
S01_U04.CH4.wav,8882.6,8882.7999375,background
S01_U04.CH4.wav,8882.64,8882.8799375,foreground
S01_U04.CH4.wav,8882.72,8883.5599375,background
S01_U04.CH4.wav,8883.4,8883.5999375,foreground
S01_U04.CH4.wav,8883.44,8883.6799375,background
S01_U04.CH4.wav,8883.52,8883.7199375,foreground
S01_U04.CH4.wav,8883.56,8883.8399375,background
S01_U04.CH4.wav,8883.68,8883.9199375,foreground
S01_U04.CH4.wav,8883.76,8883.9599375,background
S01_U04.CH4.wav,8883.8,8883.9999375,foreground
S01_U04.CH4.wav,8883.84,8884.0799375,background
S01_U04.CH4.wav,8883.92,8884.1599375,foreground
S01_U04.CH4.wav,8884,8884.1999375,background
S01_U04.CH4.wav,8884.04,8884.3999375,foreground
S01_U04.CH4.wav,8884.24,8884.4399375,background
S01_U04.CH4.wav,8884.28,8884.9599375,foreground
S01_U04.CH4.wav,8884.8,8885.0799375,background
S01_U04.CH4.wav,8884.92,8885.9199375,foreground
S01_U04.CH4.wav,8885.76,8885.9599375,background
S01_U04.CH4.wav,8885.8,8886.1199375,foreground
S01_U04.CH4.wav,8885.96,8886.1599375,background
S01_U04.CH4.wav,8886,8886.5199375,foreground
S01_U04.CH4.wav,8886.36,8887.0399375,background
S01_U04.CH4.wav,8886.88,8887.1599375,foreground
S01_U04.CH4.wav,8887,8887.3999375,background
S01_U04.CH4.wav,8887.24,8887.4399375,foreground
S01_U04.CH4.wav,8887.28,8887.6399375,background
S01_U04.CH4.wav,8887.48,8887.8799375,foreground
S01_U04.CH4.wav,8887.72,8888.2799375,background
S01_U04.CH4.wav,8888.12,8888.5199375,foreground
S01_U04.CH4.wav,8888.36,8888.6799375,background
S01_U04.CH4.wav,8888.52,8888.9599375,foreground
S01_U04.CH4.wav,8888.8,8889.4399375,background
S01_U04.CH4.wav,8889.28,8889.5199375,foreground
S01_U04.CH4.wav,8889.36,8889.9999375,background
S01_U04.CH4.wav,8889.84,8890.1999375,foreground
S01_U04.CH4.wav,8890.04,8890.5599375,background
S01_U04.CH4.wav,8890.4,8890.6399375,foreground
S01_U04.CH4.wav,8890.48,8890.8399375,background
S01_U04.CH4.wav,8890.68,8890.8799375,foreground
S01_U04.CH4.wav,8890.72,8893.1599375,background
S01_U04.CH4.wav,8893,8893.2399375,foreground
S01_U04.CH4.wav,8893.08,8893.7999375,background
S01_U04.CH4.wav,8893.64,8893.9599375,foreground
S01_U04.CH4.wav,8893.8,8893.9999375,background
S01_U04.CH4.wav,8893.84,8894.0399375,foreground
S01_U04.CH4.wav,8893.88,8895.5999375,background
S01_U04.CH4.wav,8895.44,8895.7199375,foreground
S01_U04.CH4.wav,8895.56,8895.7599375,background
S01_U04.CH4.wav,8895.6,8895.8399375,foreground
S01_U04.CH4.wav,8895.68,8895.9199375,background
S01_U04.CH4.wav,8895.76,8895.9599375,foreground
S01_U04.CH4.wav,8895.8,8896.4399375,background
S01_U04.CH4.wav,8896.28,8896.7599375,foreground
S01_U04.CH4.wav,8896.6,8896.7999375,background
S01_U04.CH4.wav,8896.64,8896.8799375,foreground
S01_U04.CH4.wav,8896.72,8898.2399375,background
S01_U04.CH4.wav,8898.08,8898.3599375,foreground
S01_U04.CH4.wav,8898.2,8898.4799375,background
S01_U04.CH4.wav,8898.32,8899.0799375,foreground
S01_U04.CH4.wav,8898.92,8899.1199375,background
S01_U04.CH4.wav,8898.96,8899.3599375,foreground
S01_U04.CH4.wav,8899.2,8899.3999375,background
S01_U04.CH4.wav,8899.24,8899.7599375,foreground
S01_U04.CH4.wav,8899.6,8899.9599375,background
S01_U04.CH4.wav,8899.8,8899.9999375,foreground
S01_U04.CH4.wav,8899.84,8900.0399375,background
S01_U04.CH4.wav,8899.88,8900.7199375,foreground
S01_U04.CH4.wav,8900.56,8900.9199375,background
S01_U04.CH4.wav,8900.76,8900.9999375,foreground
S01_U04.CH4.wav,8900.84,8901.0799375,background
S01_U04.CH4.wav,8900.92,8901.2399375,foreground
S01_U04.CH4.wav,8901.08,8901.5199375,background
S01_U04.CH4.wav,8901.36,8901.8399375,foreground
S01_U04.CH4.wav,8901.68,8901.9599375,background
S01_U04.CH4.wav,8901.8,8902.0799375,foreground
S01_U04.CH4.wav,8901.92,8902.3199375,background
S01_U04.CH4.wav,8902.16,8902.3599375,foreground
S01_U04.CH4.wav,8902.2,8902.4399375,background
S01_U04.CH4.wav,8902.28,8902.6399375,foreground
S01_U04.CH4.wav,8902.48,8902.6799375,background
S01_U04.CH4.wav,8902.52,8902.7199375,foreground
S01_U04.CH4.wav,8902.56,8903.1999375,background
S01_U04.CH4.wav,8903.04,8903.6799375,foreground
S01_U04.CH4.wav,8903.52,8904.7199375,background
S01_U04.CH4.wav,8904.56,8904.8799375,foreground
S01_U04.CH4.wav,8904.72,8904.9999375,background
S01_U04.CH4.wav,8904.84,8905.2799375,foreground
S01_U04.CH4.wav,8905.12,8905.3599375,background
S01_U04.CH4.wav,8905.2,8905.7599375,foreground
S01_U04.CH4.wav,8905.6,8906.3599375,background
S01_U04.CH4.wav,8906.2,8906.4799375,foreground
S01_U04.CH4.wav,8906.32,8906.7199375,background
S01_U04.CH4.wav,8906.56,8906.9199375,foreground
S01_U04.CH4.wav,8906.76,8907.7599375,background
S01_U04.CH4.wav,8907.6,8907.7999375,foreground
S01_U04.CH4.wav,8907.64,8907.8799375,background
S01_U04.CH4.wav,8907.72,8908.3999375,foreground
S01_U04.CH4.wav,8908.24,8908.6799375,background
S01_U04.CH4.wav,8908.52,8909.1999375,foreground
S01_U04.CH4.wav,8909.04,8909.5599375,background
S01_U04.CH4.wav,8909.4,8910.0799375,foreground
S01_U04.CH4.wav,8909.92,8910.4799375,background
S01_U04.CH4.wav,8910.32,8910.6799375,foreground
S01_U04.CH4.wav,8910.52,8910.8799375,background
S01_U04.CH4.wav,8910.72,8911.3599375,foreground
S01_U04.CH4.wav,8911.2,8911.6799375,background
S01_U04.CH4.wav,8911.52,8911.7199375,foreground
S01_U04.CH4.wav,8911.56,8911.7599375,background
S01_U04.CH4.wav,8911.6,8911.9599375,foreground
S01_U04.CH4.wav,8911.8,8912.5199375,background
S01_U04.CH4.wav,8912.36,8912.6799375,foreground
S01_U04.CH4.wav,8912.52,8912.8399375,background
S01_U04.CH4.wav,8912.68,8912.9199375,foreground
S01_U04.CH4.wav,8912.76,8913.0799375,background
S01_U04.CH4.wav,8912.92,8913.2399375,foreground
S01_U04.CH4.wav,8913.08,8913.3599375,background
S01_U04.CH4.wav,8913.2,8913.5999375,foreground
S01_U04.CH4.wav,8913.44,8913.6799375,background
S01_U04.CH4.wav,8913.52,8913.7199375,foreground
S01_U04.CH4.wav,8913.56,8913.8399375,background
S01_U04.CH4.wav,8913.68,8914.1199375,foreground
S01_U04.CH4.wav,8913.96,8914.7999375,background
S01_U04.CH4.wav,8914.64,8914.9199375,foreground
S01_U04.CH4.wav,8914.76,8915.5599375,background
S01_U04.CH4.wav,8915.4,8915.8799375,foreground
S01_U04.CH4.wav,8915.72,8915.9599375,background
S01_U04.CH4.wav,8915.8,8916.0799375,foreground
S01_U04.CH4.wav,8915.92,8916.4799375,background
S01_U04.CH4.wav,8916.32,8916.5999375,foreground
S01_U04.CH4.wav,8916.44,8916.6399375,background
S01_U04.CH4.wav,8916.48,8917.1199375,foreground
S01_U04.CH4.wav,8916.96,8917.2399375,background
S01_U04.CH4.wav,8917.08,8917.7199375,foreground
S01_U04.CH4.wav,8917.56,8917.7999375,background
S01_U04.CH4.wav,8917.64,8917.9999375,foreground
S01_U04.CH4.wav,8917.84,8918.2799375,background
S01_U04.CH4.wav,8918.12,8918.3199375,foreground
S01_U04.CH4.wav,8918.16,8918.3999375,background
S01_U04.CH4.wav,8918.24,8918.7199375,foreground
S01_U04.CH4.wav,8918.56,8918.9599375,background
S01_U04.CH4.wav,8918.8,8919.0399375,foreground
S01_U04.CH4.wav,8918.88,8919.0799375,background
S01_U04.CH4.wav,8918.92,8919.9599375,foreground
S01_U04.CH4.wav,8919.8,8919.9999375,background
S01_U04.CH4.wav,8919.84,8920.0799375,foreground
S01_U04.CH4.wav,8919.92,8920.1599375,background
S01_U04.CH4.wav,8920,8920.2799375,foreground
S01_U04.CH4.wav,8920.12,8920.5999375,background
S01_U04.CH4.wav,8920.44,8920.7999375,foreground
S01_U04.CH4.wav,8920.64,8921.0799375,background
S01_U04.CH4.wav,8920.92,8921.1199375,foreground
S01_U04.CH4.wav,8920.96,8921.2399375,background
S01_U04.CH4.wav,8921.08,8922.0399375,foreground
S01_U04.CH4.wav,8921.88,8922.0799375,background
S01_U04.CH4.wav,8921.92,8922.1199375,foreground
S01_U04.CH4.wav,8921.96,8922.2399375,background
S01_U04.CH4.wav,8922.08,8922.3999375,foreground
S01_U04.CH4.wav,8922.24,8922.7199375,background
S01_U04.CH4.wav,8922.56,8923.0799375,foreground
S01_U04.CH4.wav,8922.92,8923.4399375,background
S01_U04.CH4.wav,8923.28,8923.4799375,foreground
S01_U04.CH4.wav,8923.32,8923.5199375,background
S01_U04.CH4.wav,8923.36,8924.0399375,foreground
S01_U04.CH4.wav,8923.88,8924.0799375,background
S01_U04.CH4.wav,8923.92,8924.1999375,foreground
S01_U04.CH4.wav,8924.04,8925.6799375,background
S01_U04.CH4.wav,8925.52,8926.1599375,foreground
S01_U04.CH4.wav,8926,8927.1999375,background
S01_U04.CH4.wav,8927.04,8927.3599375,foreground
S01_U04.CH4.wav,8927.2,8928.1599375,background
S01_U04.CH4.wav,8928,8928.1999375,foreground
S01_U04.CH4.wav,8928.04,8928.6399375,background
S01_U04.CH4.wav,8928.48,8928.7599375,foreground
S01_U04.CH4.wav,8928.6,8928.7999375,background
S01_U04.CH4.wav,8928.64,8929.2399375,foreground
S01_U04.CH4.wav,8929.08,8929.9999375,background
S01_U04.CH4.wav,8929.84,8930.0399375,foreground
S01_U04.CH4.wav,8929.88,8930.4399375,background
S01_U04.CH4.wav,8930.28,8930.4799375,foreground
S01_U04.CH4.wav,8930.32,8931.5599375,background
S01_U04.CH4.wav,8931.4,8931.6799375,foreground
S01_U04.CH4.wav,8931.52,8933.1999375,background
S01_U04.CH4.wav,8933.04,8933.7999375,foreground
S01_U04.CH4.wav,8933.64,8933.9999375,background
S01_U04.CH4.wav,8933.84,8934.0399375,foreground
S01_U04.CH4.wav,8933.88,8934.1599375,background
S01_U04.CH4.wav,8934,8934.3199375,foreground
S01_U04.CH4.wav,8934.16,8934.4799375,background
S01_U04.CH4.wav,8934.32,8934.7199375,foreground
S01_U04.CH4.wav,8934.56,8935.7599375,background
S01_U04.CH4.wav,8935.6,8935.7999375,foreground
S01_U04.CH4.wav,8935.64,8935.8399375,background
S01_U04.CH4.wav,8935.68,8935.8799375,foreground
S01_U04.CH4.wav,8935.72,8936.3599375,background
S01_U04.CH4.wav,8936.2,8936.3999375,foreground
S01_U04.CH4.wav,8936.24,8937.1199375,background
S01_U04.CH4.wav,8936.96,8937.1599375,foreground
S01_U04.CH4.wav,8937,8937.6399375,background
S01_U04.CH4.wav,8937.48,8937.6799375,foreground
S01_U04.CH4.wav,8937.52,8939.4799375,background
S01_U04.CH4.wav,8939.32,8939.6799375,foreground
S01_U04.CH4.wav,8939.52,8939.7199375,background
S01_U04.CH4.wav,8939.56,8940.0399375,foreground
S01_U04.CH4.wav,8939.88,8940.0799375,background
S01_U04.CH4.wav,8939.92,8940.1599375,foreground
S01_U04.CH4.wav,8940,8940.3199375,background
S01_U04.CH4.wav,8940.16,8940.4399375,foreground
S01_U04.CH4.wav,8940.28,8941.1599375,background
S01_U04.CH4.wav,8941,8941.2399375,foreground
S01_U04.CH4.wav,8941.08,8942.1199375,background
S01_U04.CH4.wav,8941.96,8942.1599375,foreground
S01_U04.CH4.wav,8942,8942.1999375,background
S01_U04.CH4.wav,8942.04,8942.2399375,foreground
S01_U04.CH4.wav,8942.08,8942.2799375,background
S01_U04.CH4.wav,8942.12,8942.3199375,foreground
S01_U04.CH4.wav,8942.16,8943.6799375,background
S01_U04.CH4.wav,8943.52,8943.8799375,foreground
S01_U04.CH4.wav,8943.72,8944.0399375,background
S01_U04.CH4.wav,8943.88,8944.1599375,foreground
S01_U04.CH4.wav,8944,8944.3199375,background
S01_U04.CH4.wav,8944.16,8944.6799375,foreground
S01_U04.CH4.wav,8944.52,8944.9999375,background
S01_U04.CH4.wav,8944.84,8945.0799375,foreground
S01_U04.CH4.wav,8944.92,8945.1599375,background
S01_U04.CH4.wav,8945,8945.1999375,foreground
S01_U04.CH4.wav,8945.04,8945.3599375,background
S01_U04.CH4.wav,8945.2,8945.4399375,foreground
S01_U04.CH4.wav,8945.28,8945.7199375,background
S01_U04.CH4.wav,8945.56,8945.7999375,foreground
S01_U04.CH4.wav,8945.64,8945.8399375,background
S01_U04.CH4.wav,8945.68,8945.9199375,foreground
S01_U04.CH4.wav,8945.76,8948.0399375,background
S01_U04.CH4.wav,8947.88,8948.0799375,foreground
S01_U04.CH4.wav,8947.92,8949.5599375,background
S01_U04.CH4.wav,8949.4,8949.9599375,foreground
S01_U04.CH4.wav,8949.8,8950.3999375,background
S01_U04.CH4.wav,8950.24,8950.5999375,foreground
S01_U04.CH4.wav,8950.44,8951.0399375,background
S01_U04.CH4.wav,8950.88,8951.0799375,foreground
S01_U04.CH4.wav,8950.92,8951.6399375,background
S01_U04.CH4.wav,8951.48,8951.7999375,foreground
S01_U04.CH4.wav,8951.64,8951.8799375,background
S01_U04.CH4.wav,8951.72,8951.9599375,foreground
S01_U04.CH4.wav,8951.8,8951.9999375,background
S01_U04.CH4.wav,8951.84,8952.0399375,foreground
S01_U04.CH4.wav,8951.88,8952.3599375,background
S01_U04.CH4.wav,8952.2,8952.4399375,foreground
S01_U04.CH4.wav,8952.28,8954.5999375,background
S01_U04.CH4.wav,8954.44,8954.7599375,foreground
S01_U04.CH4.wav,8954.6,8955.1999375,background
S01_U04.CH4.wav,8955.04,8955.2399375,foreground
S01_U04.CH4.wav,8955.08,8956.1599375,background
S01_U04.CH4.wav,8956,8956.3599375,foreground
S01_U04.CH4.wav,8956.2,8956.4399375,background
S01_U04.CH4.wav,8956.28,8956.4799375,foreground
S01_U04.CH4.wav,8956.32,8956.5199375,background
S01_U04.CH4.wav,8956.36,8956.7599375,foreground
S01_U04.CH4.wav,8956.6,8957.1599375,background
S01_U04.CH4.wav,8957,8957.3599375,foreground
S01_U04.CH4.wav,8957.2,8957.6799375,background
S01_U04.CH4.wav,8957.52,8958.4399375,foreground
S01_U04.CH4.wav,8958.28,8958.5999375,background
S01_U04.CH4.wav,8958.44,8958.8399375,foreground
S01_U04.CH4.wav,8958.68,8958.8799375,background
S01_U04.CH4.wav,8958.72,8959.3599375,foreground
S01_U04.CH4.wav,8959.2,8959.5999375,background
S01_U04.CH4.wav,8959.44,8959.6799375,foreground
S01_U04.CH4.wav,8959.52,8961.7999375,background
S01_U04.CH4.wav,8961.64,8961.8799375,foreground
S01_U04.CH4.wav,8961.72,8962.4399375,background
S01_U04.CH4.wav,8962.28,8962.4799375,foreground
S01_U04.CH4.wav,8962.32,8964.1599375,background
S01_U04.CH4.wav,8964,8964.9199375,foreground
S01_U04.CH4.wav,8964.76,8964.9999375,background
S01_U04.CH4.wav,8964.84,8965.0799375,foreground
S01_U04.CH4.wav,8964.92,8965.4399375,background
S01_U04.CH4.wav,8965.28,8965.5199375,foreground
S01_U04.CH4.wav,8965.36,8965.5599375,background
S01_U04.CH4.wav,8965.4,8965.9199375,foreground
S01_U04.CH4.wav,8965.76,8967.0799375,background
S01_U04.CH4.wav,8966.92,8967.1199375,foreground
S01_U04.CH4.wav,8966.96,8967.8799375,background
S01_U04.CH4.wav,8967.72,8968.5599375,foreground
S01_U04.CH4.wav,8968.4,8969.4399375,background
S01_U04.CH4.wav,8969.28,8969.5999375,foreground
S01_U04.CH4.wav,8969.44,8969.7999375,background
S01_U04.CH4.wav,8969.64,8969.8799375,foreground
S01_U04.CH4.wav,8969.72,8969.9999375,background
S01_U04.CH4.wav,8969.84,8970.0399375,foreground
S01_U04.CH4.wav,8969.88,8970.1999375,background
S01_U04.CH4.wav,8970.04,8970.2399375,foreground
S01_U04.CH4.wav,8970.08,8970.8399375,background
S01_U04.CH4.wav,8970.68,8971.2399375,foreground
S01_U04.CH4.wav,8971.08,8971.4799375,background
S01_U04.CH4.wav,8971.32,8971.5599375,foreground
S01_U04.CH4.wav,8971.4,8971.7999375,background
S01_U04.CH4.wav,8971.64,8971.9999375,foreground
S01_U04.CH4.wav,8971.84,8976.3999375,background
S01_U04.CH4.wav,8976.24,8976.6399375,foreground
S01_U04.CH4.wav,8976.48,8976.9599375,background
S01_U04.CH4.wav,8976.8,8976.9999375,foreground
S01_U04.CH4.wav,8976.84,8977.0399375,background
S01_U04.CH4.wav,8976.88,8977.1999375,foreground
S01_U04.CH4.wav,8977.04,8978.0799375,background
S01_U04.CH4.wav,8977.92,8978.1199375,foreground
S01_U04.CH4.wav,8977.96,8978.8799375,background
S01_U04.CH4.wav,8978.72,8979.0799375,foreground
S01_U04.CH4.wav,8978.92,8981.1599375,background
S01_U04.CH4.wav,8981,8981.1999375,foreground
S01_U04.CH4.wav,8981.04,8981.5599375,background
S01_U04.CH4.wav,8981.4,8981.7999375,foreground
S01_U04.CH4.wav,8981.64,8981.8799375,background
S01_U04.CH4.wav,8981.72,8981.9599375,foreground
S01_U04.CH4.wav,8981.8,8983.8399375,background
S01_U04.CH4.wav,8983.68,8984.0799375,foreground
S01_U04.CH4.wav,8983.92,8984.3199375,background
S01_U04.CH4.wav,8984.16,8984.5199375,foreground
S01_U04.CH4.wav,8984.36,8984.5999375,background
S01_U04.CH4.wav,8984.44,8984.6799375,foreground
S01_U04.CH4.wav,8984.52,8984.7599375,background
S01_U04.CH4.wav,8984.6,8985.1999375,foreground
S01_U04.CH4.wav,8985.04,8986.4399375,background
S01_U04.CH4.wav,8986.28,8986.4799375,foreground
S01_U04.CH4.wav,8986.32,8986.6799375,background
S01_U04.CH4.wav,8986.52,8987.1599375,foreground
S01_U04.CH4.wav,8987,8988.0799375,background
S01_U04.CH4.wav,8987.92,8988.1199375,foreground
S01_U04.CH4.wav,8987.96,8988.1599375,background
S01_U04.CH4.wav,8988,8988.1999375,foreground
S01_U04.CH4.wav,8988.04,8988.2399375,background
S01_U04.CH4.wav,8988.08,8988.7599375,foreground
S01_U04.CH4.wav,8988.6,8988.7999375,background
S01_U04.CH4.wav,8988.64,8989.0799375,foreground
S01_U04.CH4.wav,8988.92,8989.1599375,background
S01_U04.CH4.wav,8989,8989.5599375,foreground
S01_U04.CH4.wav,8989.4,8990.1599375,background
S01_U04.CH4.wav,8990,8990.3599375,foreground
S01_U04.CH4.wav,8990.2,8990.7199375,background
S01_U04.CH4.wav,8990.56,8990.7599375,foreground
S01_U04.CH4.wav,8990.6,8991.3199375,background
S01_U04.CH4.wav,8991.16,8991.7199375,foreground
S01_U04.CH4.wav,8991.56,8991.7599375,background
S01_U04.CH4.wav,8991.6,8992.3199375,foreground
S01_U04.CH4.wav,8992.16,8993.9999375,background
S01_U04.CH4.wav,8993.84,8994.3999375,foreground
S01_U04.CH4.wav,8994.24,8994.5599375,background
S01_U04.CH4.wav,8994.4,8994.5999375,foreground
S01_U04.CH4.wav,8994.44,8994.7199375,background
S01_U04.CH4.wav,8994.56,8994.8399375,foreground
S01_U04.CH4.wav,8994.68,8995.0799375,background
S01_U04.CH4.wav,8994.92,8995.1199375,foreground
S01_U04.CH4.wav,8994.96,8997.1599375,background
S01_U04.CH4.wav,8997,8997.4399375,foreground
S01_U04.CH4.wav,8997.28,8998.0799375,background
S01_U04.CH4.wav,8997.92,8998.2799375,foreground
S01_U04.CH4.wav,8998.12,8998.5999375,background
S01_U04.CH4.wav,8998.44,8998.6399375,foreground
S01_U04.CH4.wav,8998.48,9000.1199375,background
S01_U04.CH4.wav,8999.96,9000.1599375,foreground
S01_U04.CH4.wav,9000,9000.9599375,background
S01_U04.CH4.wav,9000.8,9001.1599375,foreground
S01_U04.CH4.wav,9001,9002.6399375,background
S01_U04.CH4.wav,9002.48,9002.6799375,foreground
S01_U04.CH4.wav,9002.52,9003.1599375,background
S01_U04.CH4.wav,9003,9003.4799375,foreground
S01_U04.CH4.wav,9003.32,9004.0399375,background
S01_U04.CH4.wav,9003.88,9004.1999375,foreground
S01_U04.CH4.wav,9004.04,9004.5599375,background
S01_U04.CH4.wav,9004.4,9004.8399375,foreground
S01_U04.CH4.wav,9004.68,9005.1199375,background
S01_U04.CH4.wav,9004.96,9005.1599375,foreground
S01_U04.CH4.wav,9005,9005.1999375,background
S01_U04.CH4.wav,9005.04,9005.2399375,foreground
S01_U04.CH4.wav,9005.08,9005.5199375,background
S01_U04.CH4.wav,9005.36,9005.6799375,foreground
S01_U04.CH4.wav,9005.52,9005.7599375,background
S01_U04.CH4.wav,9005.6,9005.7999375,foreground
S01_U04.CH4.wav,9005.64,9005.8399375,background
S01_U04.CH4.wav,9005.68,9006.2799375,foreground
S01_U04.CH4.wav,9006.12,9006.3999375,background
S01_U04.CH4.wav,9006.24,9006.5999375,foreground
S01_U04.CH4.wav,9006.44,9006.9599375,background
S01_U04.CH4.wav,9006.8,9006.9999375,foreground
S01_U04.CH4.wav,9006.84,9008.0799375,background
S01_U04.CH4.wav,9007.92,9008.1199375,foreground
S01_U04.CH4.wav,9007.96,9008.1599375,background
S01_U04.CH4.wav,9008,9008.3599375,foreground
S01_U04.CH4.wav,9008.2,9009.1599375,background
S01_U04.CH4.wav,9009,9009.5199375,foreground
S01_U04.CH4.wav,9009.36,9009.7999375,background
S01_U04.CH4.wav,9009.64,9009.8399375,foreground
S01_U04.CH4.wav,9009.68,9010.1199375,background
S01_U04.CH4.wav,9009.96,9010.7199375,foreground
S01_U04.CH4.wav,9010.56,9011.3199375,background
S01_U04.CH4.wav,9011.16,9011.4799375,foreground
S01_U04.CH4.wav,9011.32,9013.8399375,background
S01_U04.CH4.wav,9013.68,9013.9199375,foreground
S01_U04.CH4.wav,9013.76,9014.2799375,background
S01_U04.CH4.wav,9014.12,9014.5199375,foreground
S01_U04.CH4.wav,9014.36,9015.4799375,background
S01_U04.CH4.wav,9015.32,9015.5199375,foreground
S01_U04.CH4.wav,9015.36,9015.5599375,background
S01_U04.CH4.wav,9015.4,9015.5999375,foreground
S01_U04.CH4.wav,9015.44,9017.2799375,background
S01_U04.CH4.wav,9017.12,9017.4399375,foreground
S01_U04.CH4.wav,9017.28,9018.3599375,background
S01_U04.CH4.wav,9018.2,9018.4399375,foreground
S01_U04.CH4.wav,9018.28,9019.3999375,background
S01_U04.CH4.wav,9019.24,9019.4399375,foreground
S01_U04.CH4.wav,9019.28,9019.4799375,background
S01_U04.CH4.wav,9019.32,9019.5199375,foreground
S01_U04.CH4.wav,9019.36,9020.1199375,background
S01_U04.CH4.wav,9019.96,9020.3599375,foreground
S01_U04.CH4.wav,9020.2,9020.3999375,background
S01_U04.CH4.wav,9020.24,9020.4399375,foreground
S01_U04.CH4.wav,9020.28,9020.4799375,background
S01_U04.CH4.wav,9020.32,9020.5599375,foreground
S01_U04.CH4.wav,9020.4,9020.9999375,background
S01_U04.CH4.wav,9020.84,9021.0399375,foreground
S01_U04.CH4.wav,9020.88,9021.2799375,background
S01_U04.CH4.wav,9021.12,9021.3199375,foreground
S01_U04.CH4.wav,9021.16,9021.6799375,background
S01_U04.CH4.wav,9021.52,9021.7999375,foreground
S01_U04.CH4.wav,9021.64,9022.3199375,background
S01_U04.CH4.wav,9022.16,9022.3599375,foreground
S01_U04.CH4.wav,9022.2,9022.7599375,background
S01_U04.CH4.wav,9022.6,9022.7999375,foreground
S01_U04.CH4.wav,9022.64,9023.6799375,background
S01_U04.CH4.wav,9023.52,9023.7199375,foreground
S01_U04.CH4.wav,9023.56,9024.1599375,background
S01_U04.CH4.wav,9024,9024.3199375,foreground
S01_U04.CH4.wav,9024.16,9024.9599375,background
S01_U04.CH4.wav,9024.8,9024.9999375,foreground
S01_U04.CH4.wav,9024.84,9026.4799375,background
S01_U04.CH4.wav,9026.32,9026.5199375,foreground
S01_U04.CH4.wav,9026.36,9026.5999375,background
S01_U04.CH4.wav,9026.44,9026.7199375,foreground
S01_U04.CH4.wav,9026.56,9026.7999375,background
S01_U04.CH4.wav,9026.64,9026.8799375,foreground
S01_U04.CH4.wav,9026.72,9028.4799375,background
S01_U04.CH4.wav,9028.32,9028.5999375,foreground
S01_U04.CH4.wav,9028.44,9031.3599375,background
S01_U04.CH4.wav,9031.2,9031.4799375,foreground
S01_U04.CH4.wav,9031.32,9033.3999375,background
S01_U04.CH4.wav,9033.24,9033.4399375,foreground
S01_U04.CH4.wav,9033.28,9034.0399375,background
S01_U04.CH4.wav,9033.88,9034.0799375,foreground
S01_U04.CH4.wav,9033.92,9034.1199375,background
S01_U04.CH4.wav,9033.96,9034.3599375,foreground
S01_U04.CH4.wav,9034.2,9035.1999375,background
S01_U04.CH4.wav,9035.04,9035.5599375,foreground
S01_U04.CH4.wav,9035.4,9035.9999375,background
S01_U04.CH4.wav,9035.84,9036.0799375,foreground
S01_U04.CH4.wav,9035.92,9036.6399375,background
S01_U04.CH4.wav,9036.48,9036.6799375,foreground
S01_U04.CH4.wav,9036.52,9037.3599375,background
S01_U04.CH4.wav,9037.2,9037.3999375,foreground
S01_U04.CH4.wav,9037.24,9039.1999375,background
S01_U04.CH4.wav,9039.04,9039.3999375,foreground
S01_U04.CH4.wav,9039.24,9039.8399375,background
S01_U04.CH4.wav,9039.68,9039.8799375,foreground
S01_U04.CH4.wav,9039.72,9040.0399375,background
S01_U04.CH4.wav,9039.88,9040.1999375,foreground
S01_U04.CH4.wav,9040.04,9040.2799375,background
S01_U04.CH4.wav,9040.12,9040.4399375,foreground
S01_U04.CH4.wav,9040.28,9040.9599375,background
S01_U04.CH4.wav,9040.8,9041.1599375,foreground
S01_U04.CH4.wav,9041,9041.1999375,background
S01_U04.CH4.wav,9041.04,9041.2399375,foreground
S01_U04.CH4.wav,9041.08,9041.3999375,background
S01_U04.CH4.wav,9041.24,9041.4399375,foreground
S01_U04.CH4.wav,9041.28,9041.5199375,background
S01_U04.CH4.wav,9041.36,9041.5999375,foreground
S01_U04.CH4.wav,9041.44,9041.7199375,background
S01_U04.CH4.wav,9041.56,9041.8799375,foreground
S01_U04.CH4.wav,9041.72,9043.4399375,background
S01_U04.CH4.wav,9043.28,9043.6799375,foreground
S01_U04.CH4.wav,9043.52,9043.9999375,background
S01_U04.CH4.wav,9043.84,9044.0799375,foreground
S01_U04.CH4.wav,9043.92,9044.1199375,background
S01_U04.CH4.wav,9043.96,9044.1599375,foreground
S01_U04.CH4.wav,9044,9044.9199375,background
S01_U04.CH4.wav,9044.76,9045.0399375,foreground
S01_U04.CH4.wav,9044.88,9045.0799375,background
S01_U04.CH4.wav,9044.92,9045.1199375,foreground
S01_U04.CH4.wav,9044.96,9045.1599375,background
S01_U04.CH4.wav,9045,9045.2799375,foreground
S01_U04.CH4.wav,9045.12,9045.3599375,background
S01_U04.CH4.wav,9045.2,9045.3999375,foreground
S01_U04.CH4.wav,9045.24,9045.7199375,background
S01_U04.CH4.wav,9045.56,9045.7599375,foreground
S01_U04.CH4.wav,9045.6,9045.7999375,background
S01_U04.CH4.wav,9045.64,9046.3999375,foreground
S01_U04.CH4.wav,9046.24,9047.0799375,background
S01_U04.CH4.wav,9046.92,9047.3999375,foreground
S01_U04.CH4.wav,9047.24,9047.7999375,background
S01_U04.CH4.wav,9047.64,9047.8799375,foreground
S01_U04.CH4.wav,9047.72,9047.9199375,background
S01_U04.CH4.wav,9047.76,9047.9599375,foreground
S01_U04.CH4.wav,9047.8,9048.6799375,background
S01_U04.CH4.wav,9048.52,9048.7999375,foreground
S01_U04.CH4.wav,9048.64,9049.7599375,background
S01_U04.CH4.wav,9049.6,9049.7999375,foreground
S01_U04.CH4.wav,9049.64,9049.8799375,background
S01_U04.CH4.wav,9049.72,9049.9599375,foreground
S01_U04.CH4.wav,9049.8,9051.7199375,background
S01_U04.CH4.wav,9051.56,9051.7599375,foreground
S01_U04.CH4.wav,9051.6,9051.8399375,background
S01_U04.CH4.wav,9051.68,9052.1199375,foreground
S01_U04.CH4.wav,9051.96,9052.4799375,background
S01_U04.CH4.wav,9052.32,9052.6399375,foreground
S01_U04.CH4.wav,9052.48,9053.9599375,background
S01_U04.CH4.wav,9053.8,9054.1999375,foreground
S01_U04.CH4.wav,9054.04,9056.5999375,background
S01_U04.CH4.wav,9056.44,9056.6399375,foreground
S01_U04.CH4.wav,9056.48,9057.8799375,background
S01_U04.CH4.wav,9057.72,9058.1199375,foreground
S01_U04.CH4.wav,9057.96,9058.3199375,background
S01_U04.CH4.wav,9058.16,9058.3599375,foreground
S01_U04.CH4.wav,9058.2,9058.4399375,background
S01_U04.CH4.wav,9058.28,9058.5999375,foreground
S01_U04.CH4.wav,9058.44,9058.7999375,background
S01_U04.CH4.wav,9058.64,9058.8799375,foreground
S01_U04.CH4.wav,9058.72,9059.1999375,background
S01_U04.CH4.wav,9059.04,9059.2399375,foreground
S01_U04.CH4.wav,9059.08,9059.3599375,background
S01_U04.CH4.wav,9059.2,9059.3999375,foreground
S01_U04.CH4.wav,9059.24,9059.8799375,background
S01_U04.CH4.wav,9059.72,9060.0399375,foreground
S01_U04.CH4.wav,9059.88,9060.1999375,background
S01_U04.CH4.wav,9060.04,9060.3199375,foreground
S01_U04.CH4.wav,9060.16,9060.6399375,background
S01_U04.CH4.wav,9060.48,9060.9199375,foreground
S01_U04.CH4.wav,9060.76,9060.9599375,background
S01_U04.CH4.wav,9060.8,9061.0399375,foreground
S01_U04.CH4.wav,9060.88,9061.6799375,background
S01_U04.CH4.wav,9061.52,9061.7599375,foreground
S01_U04.CH4.wav,9061.6,9061.9199375,background
S01_U04.CH4.wav,9061.76,9062.1599375,foreground
S01_U04.CH4.wav,9062,9062.6399375,background
S01_U04.CH4.wav,9062.48,9062.7199375,foreground
S01_U04.CH4.wav,9062.56,9063.5599375,background
S01_U04.CH4.wav,9063.4,9063.5999375,foreground
S01_U04.CH4.wav,9063.44,9063.6399375,background
S01_U04.CH4.wav,9063.48,9063.7599375,foreground
S01_U04.CH4.wav,9063.6,9063.7999375,background
S01_U04.CH4.wav,9063.64,9063.8399375,foreground
S01_U04.CH4.wav,9063.68,9064.6399375,background
S01_U04.CH4.wav,9064.48,9064.7999375,foreground
S01_U04.CH4.wav,9064.64,9065.7199375,background
S01_U04.CH4.wav,9065.56,9065.7599375,foreground
S01_U04.CH4.wav,9065.6,9066.5999375,background
S01_U04.CH4.wav,9066.44,9066.6399375,foreground
S01_U04.CH4.wav,9066.48,9067.0399375,background
S01_U04.CH4.wav,9066.88,9067.7999375,foreground
S01_U04.CH4.wav,9067.64,9068.3199375,background
S01_U04.CH4.wav,9068.16,9068.4399375,foreground
S01_U04.CH4.wav,9068.28,9068.9999375,background
S01_U04.CH4.wav,9068.84,9069.3999375,foreground
S01_U04.CH4.wav,9069.24,9069.5599375,background
S01_U04.CH4.wav,9069.4,9069.8799375,foreground
S01_U04.CH4.wav,9069.72,9069.9599375,background
S01_U04.CH4.wav,9069.8,9069.9999375,foreground
S01_U04.CH4.wav,9069.84,9070.4799375,background
S01_U04.CH4.wav,9070.32,9071.6399375,foreground
S01_U04.CH4.wav,9071.48,9071.6799375,background
S01_U04.CH4.wav,9071.52,9071.9999375,foreground
S01_U04.CH4.wav,9071.84,9078.1599375,background
S01_U04.CH4.wav,9078,9078.2399375,foreground
S01_U04.CH4.wav,9078.08,9079.1199375,background
S01_U04.CH4.wav,9078.96,9079.1999375,foreground
S01_U04.CH4.wav,9079.04,9079.2799375,background
S01_U04.CH4.wav,9079.12,9079.3599375,foreground
S01_U04.CH4.wav,9079.2,9082.2399375,background
S01_U04.CH4.wav,9082.08,9082.5599375,foreground
S01_U04.CH4.wav,9082.4,9082.6799375,background
S01_U04.CH4.wav,9082.52,9083.1199375,foreground
S01_U04.CH4.wav,9082.96,9084.2399375,background
S01_U04.CH4.wav,9084.08,9084.3999375,foreground
S01_U04.CH4.wav,9084.24,9084.6399375,background
S01_U04.CH4.wav,9084.48,9084.7999375,foreground
S01_U04.CH4.wav,9084.64,9085.0799375,background
S01_U04.CH4.wav,9084.92,9085.3999375,foreground
S01_U04.CH4.wav,9085.24,9085.5199375,background
S01_U04.CH4.wav,9085.36,9085.5999375,foreground
S01_U04.CH4.wav,9085.44,9085.7199375,background
S01_U04.CH4.wav,9085.56,9085.7599375,foreground
S01_U04.CH4.wav,9085.6,9085.7999375,background
S01_U04.CH4.wav,9085.64,9085.8399375,foreground
S01_U04.CH4.wav,9085.68,9085.8799375,background
S01_U04.CH4.wav,9085.72,9086.2399375,foreground
S01_U04.CH4.wav,9086.08,9086.8399375,background
S01_U04.CH4.wav,9086.68,9086.8799375,foreground
S01_U04.CH4.wav,9086.72,9087.5599375,background
S01_U04.CH4.wav,9087.4,9087.5999375,foreground
S01_U04.CH4.wav,9087.44,9088.2399375,background
S01_U04.CH4.wav,9088.08,9088.5599375,foreground
S01_U04.CH4.wav,9088.4,9088.7199375,background
S01_U04.CH4.wav,9088.56,9088.8399375,foreground
S01_U04.CH4.wav,9088.68,9092.0399375,background
S01_U04.CH4.wav,9091.88,9092.0799375,foreground
S01_U04.CH4.wav,9091.92,9092.3999375,background
S01_U04.CH4.wav,9092.24,9092.5599375,foreground
S01_U04.CH4.wav,9092.4,9092.7599375,background
S01_U04.CH4.wav,9092.6,9092.9999375,foreground
S01_U04.CH4.wav,9092.84,9093.7999375,background
S01_U04.CH4.wav,9093.64,9094.2799375,foreground
S01_U04.CH4.wav,9094.12,9094.6399375,background
S01_U04.CH4.wav,9094.48,9094.8399375,foreground
S01_U04.CH4.wav,9094.68,9094.8799375,background
S01_U04.CH4.wav,9094.72,9095.0799375,foreground
S01_U04.CH4.wav,9094.92,9095.1199375,background
S01_U04.CH4.wav,9094.96,9095.1999375,foreground
S01_U04.CH4.wav,9095.04,9095.2799375,background
S01_U04.CH4.wav,9095.12,9095.4799375,foreground
S01_U04.CH4.wav,9095.32,9095.9199375,background
S01_U04.CH4.wav,9095.76,9095.9999375,foreground
S01_U04.CH4.wav,9095.84,9096.3999375,background
S01_U04.CH4.wav,9096.24,9096.4399375,foreground
S01_U04.CH4.wav,9096.28,9096.4799375,background
S01_U04.CH4.wav,9096.32,9096.5199375,foreground
S01_U04.CH4.wav,9096.36,9096.8399375,background
S01_U04.CH4.wav,9096.68,9097.1599375,foreground
S01_U04.CH4.wav,9097,9097.1999375,background
S01_U04.CH4.wav,9097.04,9097.3199375,foreground
S01_U04.CH4.wav,9097.16,9097.5599375,background
S01_U04.CH4.wav,9097.4,9097.5999375,foreground
S01_U04.CH4.wav,9097.44,9098.1599375,background
S01_U04.CH4.wav,9098,9098.2799375,foreground
S01_U04.CH4.wav,9098.12,9098.3599375,background
S01_U04.CH4.wav,9098.2,9098.5999375,foreground
S01_U04.CH4.wav,9098.44,9098.7199375,background
S01_U04.CH4.wav,9098.56,9098.8399375,foreground
S01_U04.CH4.wav,9098.68,9098.8799375,background
S01_U04.CH4.wav,9098.72,9098.9199375,foreground
S01_U04.CH4.wav,9098.76,9099.1599375,background
S01_U04.CH4.wav,9099,9099.3199375,foreground
S01_U04.CH4.wav,9099.16,9099.3599375,background
S01_U04.CH4.wav,9099.2,9099.4399375,foreground
S01_U04.CH4.wav,9099.28,9099.8399375,background
S01_U04.CH4.wav,9099.68,9100.5599375,foreground
S01_U04.CH4.wav,9100.4,9101.3599375,background
S01_U04.CH4.wav,9101.2,9101.4399375,foreground
S01_U04.CH4.wav,9101.28,9101.5999375,background
S01_U04.CH4.wav,9101.44,9101.7199375,foreground
S01_U04.CH4.wav,9101.56,9101.7999375,background
S01_U04.CH4.wav,9101.64,9101.9999375,foreground
S01_U04.CH4.wav,9101.84,9103.1999375,background
S01_U04.CH4.wav,9103.04,9103.3199375,foreground
S01_U04.CH4.wav,9103.16,9105.1199375,background
S01_U04.CH4.wav,9104.96,9105.2799375,foreground
S01_U04.CH4.wav,9105.12,9105.8399375,background
S01_U04.CH4.wav,9105.68,9106.3599375,foreground
S01_U04.CH4.wav,9106.2,9106.3999375,background
S01_U04.CH4.wav,9106.24,9106.7199375,foreground
S01_U04.CH4.wav,9106.56,9106.7599375,background
S01_U04.CH4.wav,9106.6,9106.7999375,foreground
S01_U04.CH4.wav,9106.64,9109.0399375,background
S01_U04.CH4.wav,9108.88,9109.1199375,foreground
S01_U04.CH4.wav,9108.96,9109.1599375,background
S01_U04.CH4.wav,9109,9109.1999375,foreground
S01_U04.CH4.wav,9109.04,9109.2399375,background
S01_U04.CH4.wav,9109.08,9109.3999375,foreground
S01_U04.CH4.wav,9109.24,9109.5199375,background
S01_U04.CH4.wav,9109.36,9109.5999375,foreground
S01_U04.CH4.wav,9109.44,9109.6799375,background
S01_U04.CH4.wav,9109.52,9109.7199375,foreground
S01_U04.CH4.wav,9109.56,9109.8799375,background
S01_U04.CH4.wav,9109.72,9110.1599375,foreground
S01_U04.CH4.wav,9110,9110.7999375,background
S01_U04.CH4.wav,9110.64,9110.8399375,foreground
S01_U04.CH4.wav,9110.68,9112.8799375,background
S01_U04.CH4.wav,9112.72,9113.0399375,foreground
S01_U04.CH4.wav,9112.88,9113.1999375,background
S01_U04.CH4.wav,9113.04,9113.3599375,foreground
S01_U04.CH4.wav,9113.2,9113.4399375,background
S01_U04.CH4.wav,9113.28,9113.4799375,foreground
S01_U04.CH4.wav,9113.32,9114.7999375,background
S01_U04.CH4.wav,9114.64,9114.8399375,foreground
S01_U04.CH4.wav,9114.68,9114.8799375,background
S01_U04.CH4.wav,9114.72,9114.9199375,foreground
S01_U04.CH4.wav,9114.76,9116.3199375,background
S01_U04.CH4.wav,9116.16,9116.3999375,foreground
S01_U04.CH4.wav,9116.24,9116.5199375,background
S01_U04.CH4.wav,9116.36,9116.5999375,foreground
S01_U04.CH4.wav,9116.44,9116.6399375,background
S01_U04.CH4.wav,9116.48,9116.7599375,foreground
S01_U04.CH4.wav,9116.6,9116.8399375,background
S01_U04.CH4.wav,9116.68,9116.8799375,foreground
S01_U04.CH4.wav,9116.72,9117.1999375,background
S01_U04.CH4.wav,9117.04,9117.3199375,foreground
S01_U04.CH4.wav,9117.16,9117.5199375,background
S01_U04.CH4.wav,9117.36,9117.5999375,foreground
S01_U04.CH4.wav,9117.44,9117.6799375,background
S01_U04.CH4.wav,9117.52,9117.9999375,foreground
S01_U04.CH4.wav,9117.84,9118.2799375,background
S01_U04.CH4.wav,9118.12,9118.6799375,foreground
S01_U04.CH4.wav,9118.52,9118.7199375,background
S01_U04.CH4.wav,9118.56,9118.7599375,foreground
S01_U04.CH4.wav,9118.6,9118.7999375,background
S01_U04.CH4.wav,9118.64,9118.8399375,foreground
S01_U04.CH4.wav,9118.68,9118.9199375,background
S01_U04.CH4.wav,9118.76,9119.0799375,foreground
S01_U04.CH4.wav,9118.92,9119.5199375,background
S01_U04.CH4.wav,9119.36,9119.9999375,foreground
S01_U04.CH4.wav,9119.84,9121.7999375,background
S01_U04.CH4.wav,9121.64,9122.0399375,foreground
S01_U04.CH4.wav,9121.88,9122.4799375,background
S01_U04.CH4.wav,9122.32,9122.5199375,foreground
S01_U04.CH4.wav,9122.36,9123.0799375,background
S01_U04.CH4.wav,9122.92,9123.2399375,foreground
S01_U04.CH4.wav,9123.08,9123.3999375,background
S01_U04.CH4.wav,9123.24,9123.5599375,foreground
S01_U04.CH4.wav,9123.4,9123.7199375,background
S01_U04.CH4.wav,9123.56,9123.9199375,foreground
S01_U04.CH4.wav,9123.76,9123.9599375,background
S01_U04.CH4.wav,9123.8,9124.0799375,foreground
S01_U04.CH4.wav,9123.92,9124.7199375,background
S01_U04.CH4.wav,9124.56,9124.7999375,foreground
S01_U04.CH4.wav,9124.64,9125.2399375,background
S01_U04.CH4.wav,9125.08,9125.3199375,foreground
S01_U04.CH4.wav,9125.16,9125.7999375,background
S01_U04.CH4.wav,9125.64,9126.1999375,foreground
S01_U04.CH4.wav,9126.04,9126.3999375,background
S01_U04.CH4.wav,9126.24,9126.5199375,foreground
S01_U04.CH4.wav,9126.36,9126.6799375,background
S01_U04.CH4.wav,9126.52,9127.5199375,foreground
S01_U04.CH4.wav,9127.36,9127.8399375,background
S01_U04.CH4.wav,9127.68,9127.9999375,foreground
S01_U04.CH4.wav,9127.84,9128.3199375,background
S01_U04.CH4.wav,9128.16,9128.6799375,foreground
S01_U04.CH4.wav,9128.52,9130.4399375,background
S01_U04.CH4.wav,9130.28,9130.4799375,foreground
S01_U04.CH4.wav,9130.32,9130.6799375,background
S01_U04.CH4.wav,9130.52,9130.8399375,foreground
S01_U04.CH4.wav,9130.68,9131.1199375,background
S01_U04.CH4.wav,9130.96,9131.1599375,foreground
S01_U04.CH4.wav,9131,9131.2399375,background
S01_U04.CH4.wav,9131.08,9131.3999375,foreground
S01_U04.CH4.wav,9131.24,9131.9599375,background
S01_U04.CH4.wav,9131.8,9132.3999375,foreground
S01_U04.CH4.wav,9132.24,9132.7199375,background
S01_U04.CH4.wav,9132.56,9132.8399375,foreground
S01_U04.CH4.wav,9132.68,9133.2799375,background
S01_U04.CH4.wav,9133.12,9133.3199375,foreground
S01_U04.CH4.wav,9133.16,9133.5199375,background
S01_U04.CH4.wav,9133.36,9134.2799375,foreground
S01_U04.CH4.wav,9134.12,9134.5599375,background
S01_U04.CH4.wav,9134.4,9134.6799375,foreground
S01_U04.CH4.wav,9134.52,9136.0399375,background
S01_U04.CH4.wav,9135.88,9136.1199375,foreground
S01_U04.CH4.wav,9135.96,9136.6399375,background
S01_U04.CH4.wav,9136.48,9136.9999375,foreground
S01_U04.CH4.wav,9136.84,9138.2799375,background
S01_U04.CH4.wav,9138.12,9138.3999375,foreground
S01_U04.CH4.wav,9138.24,9138.4399375,background
S01_U04.CH4.wav,9138.28,9138.5199375,foreground
S01_U04.CH4.wav,9138.36,9138.5599375,background
S01_U04.CH4.wav,9138.4,9138.5999375,foreground
S01_U04.CH4.wav,9138.44,9139.1599375,background
S01_U04.CH4.wav,9139,9139.1999375,foreground
S01_U04.CH4.wav,9139.04,9139.6399375,background
S01_U04.CH4.wav,9139.48,9139.7199375,foreground
S01_U04.CH4.wav,9139.56,9139.8399375,background
S01_U04.CH4.wav,9139.68,9140.1599375,foreground
S01_U04.CH4.wav,9140,9140.3599375,background
S01_U04.CH4.wav,9140.2,9140.8399375,foreground
S01_U04.CH4.wav,9140.68,9141.4399375,background
S01_U04.CH4.wav,9141.28,9141.5999375,foreground
S01_U04.CH4.wav,9141.44,9141.6799375,background
S01_U04.CH4.wav,9141.52,9141.9199375,foreground
S01_U04.CH4.wav,9141.76,9142.2799375,background
S01_U04.CH4.wav,9142.12,9142.4399375,foreground
S01_U04.CH4.wav,9142.28,9142.5599375,background
S01_U04.CH4.wav,9142.4,9142.7199375,foreground
S01_U04.CH4.wav,9142.56,9142.8399375,background
S01_U04.CH4.wav,9142.68,9143.2399375,foreground
S01_U04.CH4.wav,9143.08,9143.6399375,background
S01_U04.CH4.wav,9143.48,9143.7199375,foreground
S01_U04.CH4.wav,9143.56,9144.3999375,background
S01_U04.CH4.wav,9144.24,9144.7599375,foreground
S01_U04.CH4.wav,9144.6,9144.9199375,background
S01_U04.CH4.wav,9144.76,9145.1999375,foreground
S01_U04.CH4.wav,9145.04,9145.5599375,background
S01_U04.CH4.wav,9145.4,9146.5199375,foreground
S01_U04.CH4.wav,9146.36,9147.8799375,background
S01_U04.CH4.wav,9147.72,9148.1999375,foreground
S01_U04.CH4.wav,9148.04,9149.1999375,background
S01_U04.CH4.wav,9149.04,9149.3999375,foreground
S01_U04.CH4.wav,9149.24,9149.6799375,background
S01_U04.CH4.wav,9149.52,9149.9999375,foreground
S01_U04.CH4.wav,9149.84,9150.2399375,background
S01_U04.CH4.wav,9150.08,9150.5999375,foreground
S01_U04.CH4.wav,9150.44,9152.7999375,background
S01_U04.CH4.wav,9152.64,9153.1999375,foreground
S01_U04.CH4.wav,9153.04,9153.2799375,background
S01_U04.CH4.wav,9153.12,9153.5999375,foreground
S01_U04.CH4.wav,9153.44,9153.9599375,background
S01_U04.CH4.wav,9153.8,9154.0399375,foreground
S01_U04.CH4.wav,9153.88,9154.0799375,background
S01_U04.CH4.wav,9153.92,9154.1999375,foreground
S01_U04.CH4.wav,9154.04,9154.4799375,background
S01_U04.CH4.wav,9154.32,9154.7599375,foreground
S01_U04.CH4.wav,9154.6,9154.8399375,background
S01_U04.CH4.wav,9154.68,9154.8799375,foreground
S01_U04.CH4.wav,9154.72,9155.1199375,background
S01_U04.CH4.wav,9154.96,9155.3999375,foreground
S01_U04.CH4.wav,9155.24,9155.6799375,background
S01_U04.CH4.wav,9155.52,9156.0399375,foreground
S01_U04.CH4.wav,9155.88,9158.2399375,background
S01_U04.CH4.wav,9158.08,9158.5999375,foreground
S01_U04.CH4.wav,9158.44,9164.3999375,background
S01_U04.CH4.wav,9164.24,9164.4799375,foreground
S01_U04.CH4.wav,9164.32,9164.9999375,background
S01_U04.CH4.wav,9164.84,9165.1999375,foreground
S01_U04.CH4.wav,9165.04,9166.3199375,background
S01_U04.CH4.wav,9166.16,9166.3599375,foreground
S01_U04.CH4.wav,9166.2,9166.7599375,background
S01_U04.CH4.wav,9166.6,9167.0399375,foreground
S01_U04.CH4.wav,9166.88,9167.1199375,background
S01_U04.CH4.wav,9166.96,9167.5199375,foreground
S01_U04.CH4.wav,9167.36,9167.7599375,background
S01_U04.CH4.wav,9167.6,9167.9599375,foreground
S01_U04.CH4.wav,9167.8,9168.3599375,background
S01_U04.CH4.wav,9168.2,9168.5199375,foreground
S01_U04.CH4.wav,9168.36,9168.5599375,background
S01_U04.CH4.wav,9168.4,9168.6399375,foreground
S01_U04.CH4.wav,9168.48,9168.6799375,background
S01_U04.CH4.wav,9168.52,9168.9999375,foreground
S01_U04.CH4.wav,9168.84,9169.1199375,background
S01_U04.CH4.wav,9168.96,9169.3999375,foreground
S01_U04.CH4.wav,9169.24,9170.3999375,background
S01_U04.CH4.wav,9170.24,9170.9599375,foreground
S01_U04.CH4.wav,9170.8,9171.1199375,background
S01_U04.CH4.wav,9170.96,9172.0399375,foreground
S01_U04.CH4.wav,9171.88,9172.1999375,background
S01_U04.CH4.wav,9172.04,9172.5199375,foreground
S01_U04.CH4.wav,9172.36,9172.5999375,background
S01_U04.CH4.wav,9172.44,9173.1599375,foreground
S01_U04.CH4.wav,9173,9174.3599375,background
S01_U04.CH4.wav,9174.2,9174.6799375,foreground
S01_U04.CH4.wav,9174.52,9175.6799375,background
S01_U04.CH4.wav,9175.52,9175.7999375,foreground
S01_U04.CH4.wav,9175.64,9175.8399375,background
S01_U04.CH4.wav,9175.68,9176.2399375,foreground
S01_U04.CH4.wav,9176.08,9177.0399375,background
S01_U04.CH4.wav,9176.88,9177.0799375,foreground
S01_U04.CH4.wav,9176.92,9177.1199375,background
S01_U04.CH4.wav,9176.96,9177.1999375,foreground
S01_U04.CH4.wav,9177.04,9177.3999375,background
S01_U04.CH4.wav,9177.24,9178.0799375,foreground
S01_U04.CH4.wav,9177.92,9180.4799375,background
S01_U04.CH4.wav,9180.32,9180.7199375,foreground
S01_U04.CH4.wav,9180.56,9180.7599375,background
S01_U04.CH4.wav,9180.6,9180.7999375,foreground
S01_U04.CH4.wav,9180.64,9180.8799375,background
S01_U04.CH4.wav,9180.72,9180.9599375,foreground
S01_U04.CH4.wav,9180.8,9180.9999375,background
S01_U04.CH4.wav,9180.84,9181.0399375,foreground
S01_U04.CH4.wav,9180.88,9181.2399375,background
S01_U04.CH4.wav,9181.08,9181.3199375,foreground
S01_U04.CH4.wav,9181.16,9181.3999375,background
S01_U04.CH4.wav,9181.24,9181.4399375,foreground
S01_U04.CH4.wav,9181.28,9181.5599375,background
S01_U04.CH4.wav,9181.4,9181.5999375,foreground
S01_U04.CH4.wav,9181.44,9181.7999375,background
S01_U04.CH4.wav,9181.64,9182.0399375,foreground
S01_U04.CH4.wav,9181.88,9182.9199375,background
S01_U04.CH4.wav,9182.76,9182.9999375,foreground
S01_U04.CH4.wav,9182.84,9185.3599375,background
S01_U04.CH4.wav,9185.2,9185.5199375,foreground
S01_U04.CH4.wav,9185.36,9185.8399375,background
S01_U04.CH4.wav,9185.68,9185.9199375,foreground
S01_U04.CH4.wav,9185.76,9186.0399375,background
S01_U04.CH4.wav,9185.88,9186.4399375,foreground
S01_U04.CH4.wav,9186.28,9186.4799375,background
S01_U04.CH4.wav,9186.32,9186.5999375,foreground
S01_U04.CH4.wav,9186.44,9186.9199375,background
S01_U04.CH4.wav,9186.76,9187.0399375,foreground
S01_U04.CH4.wav,9186.88,9187.4399375,background
S01_U04.CH4.wav,9187.28,9187.7199375,foreground
S01_U04.CH4.wav,9187.56,9187.9999375,background
S01_U04.CH4.wav,9187.84,9188.0399375,foreground
S01_U04.CH4.wav,9187.88,9191.0399375,background
S01_U04.CH4.wav,9190.88,9191.1199375,foreground
S01_U04.CH4.wav,9190.96,9191.9999375,background
S01_U04.CH4.wav,9191.84,9192.3599375,foreground
S01_U04.CH4.wav,9192.2,9192.3999375,background
S01_U04.CH4.wav,9192.24,9192.4399375,foreground
S01_U04.CH4.wav,9192.28,9194.1999375,background
S01_U04.CH4.wav,9194.04,9194.7999375,foreground
S01_U04.CH4.wav,9194.64,9194.9199375,background
S01_U04.CH4.wav,9194.76,9195.5999375,foreground
S01_U04.CH4.wav,9195.44,9195.6799375,background
S01_U04.CH4.wav,9195.52,9196.1999375,foreground
S01_U04.CH4.wav,9196.04,9196.5999375,background
S01_U04.CH4.wav,9196.44,9196.7999375,foreground
S01_U04.CH4.wav,9196.64,9197.1999375,background
S01_U04.CH4.wav,9197.04,9197.3599375,foreground
S01_U04.CH4.wav,9197.2,9197.8399375,background
S01_U04.CH4.wav,9197.68,9198.0799375,foreground
S01_U04.CH4.wav,9197.92,9199.6399375,background
S01_U04.CH4.wav,9199.48,9199.9599375,foreground
S01_U04.CH4.wav,9199.8,9200.2399375,background
S01_U04.CH4.wav,9200.08,9200.3999375,foreground
S01_U04.CH4.wav,9200.24,9201.0799375,background
S01_U04.CH4.wav,9200.92,9201.1999375,foreground
S01_U04.CH4.wav,9201.04,9201.4399375,background
S01_U04.CH4.wav,9201.28,9201.5999375,foreground
S01_U04.CH4.wav,9201.44,9202.3199375,background
S01_U04.CH4.wav,9202.16,9202.7599375,foreground
S01_U04.CH4.wav,9202.6,9203.8799375,background
S01_U04.CH4.wav,9203.72,9204.7199375,foreground
S01_U04.CH4.wav,9204.56,9204.8399375,background
S01_U04.CH4.wav,9204.68,9205.4399375,foreground
S01_U04.CH4.wav,9205.28,9206.3999375,background
S01_U04.CH4.wav,9206.24,9206.5199375,foreground
S01_U04.CH4.wav,9206.36,9206.5999375,background
S01_U04.CH4.wav,9206.44,9206.7199375,foreground
S01_U04.CH4.wav,9206.56,9206.8399375,background
S01_U04.CH4.wav,9206.68,9206.8799375,foreground
S01_U04.CH4.wav,9206.72,9206.9199375,background
S01_U04.CH4.wav,9206.76,9207.1199375,foreground
S01_U04.CH4.wav,9206.96,9207.4399375,background
S01_U04.CH4.wav,9207.28,9207.5599375,foreground
S01_U04.CH4.wav,9207.4,9208.1599375,background
S01_U04.CH4.wav,9208,9208.3599375,foreground
S01_U04.CH4.wav,9208.2,9208.6799375,background
S01_U04.CH4.wav,9208.52,9208.7999375,foreground
S01_U04.CH4.wav,9208.64,9208.9999375,background
S01_U04.CH4.wav,9208.84,9209.2799375,foreground
S01_U04.CH4.wav,9209.12,9209.8399375,background
S01_U04.CH4.wav,9209.68,9210.1999375,foreground
S01_U04.CH4.wav,9210.04,9211.1599375,background
S01_U04.CH4.wav,9211,9211.2399375,foreground
S01_U04.CH4.wav,9211.08,9212.1199375,background
S01_U04.CH4.wav,9211.96,9212.4799375,foreground
S01_U04.CH4.wav,9212.32,9212.5999375,background
S01_U04.CH4.wav,9212.44,9212.6399375,foreground
S01_U04.CH4.wav,9212.48,9212.6799375,background
S01_U04.CH4.wav,9212.52,9212.9199375,foreground
S01_U04.CH4.wav,9212.76,9213.0799375,background
S01_U04.CH4.wav,9212.92,9213.9599375,foreground
S01_U04.CH4.wav,9213.8,9213.9999375,background
S01_U04.CH4.wav,9213.84,9214.1999375,foreground
S01_U04.CH4.wav,9214.04,9214.2399375,background
S01_U04.CH4.wav,9214.08,9214.3199375,foreground
S01_U04.CH4.wav,9214.16,9214.7999375,background
S01_U04.CH4.wav,9214.64,9214.9199375,foreground
S01_U04.CH4.wav,9214.76,9215.2399375,background
S01_U04.CH4.wav,9215.08,9215.7599375,foreground
S01_U04.CH4.wav,9215.6,9216.3999375,background
S01_U04.CH4.wav,9216.24,9216.6799375,foreground
S01_U04.CH4.wav,9216.52,9216.7999375,background
S01_U04.CH4.wav,9216.64,9217.1199375,foreground
S01_U04.CH4.wav,9216.96,9218.2399375,background
S01_U04.CH4.wav,9218.08,9218.2799375,foreground
S01_U04.CH4.wav,9218.12,9218.7599375,background
S01_U04.CH4.wav,9218.6,9218.9199375,foreground
S01_U04.CH4.wav,9218.76,9219.0399375,background
S01_U04.CH4.wav,9218.88,9219.5999375,foreground
S01_U04.CH4.wav,9219.44,9219.6799375,background
S01_U04.CH4.wav,9219.52,9219.8399375,foreground
S01_U04.CH4.wav,9219.68,9220.2799375,background
S01_U04.CH4.wav,9220.12,9220.3199375,foreground
S01_U04.CH4.wav,9220.16,9221.3599375,background
S01_U04.CH4.wav,9221.2,9221.4399375,foreground
S01_U04.CH4.wav,9221.28,9224.3999375,background
S01_U04.CH4.wav,9224.24,9224.5199375,foreground
S01_U04.CH4.wav,9224.36,9224.7999375,background
S01_U04.CH4.wav,9224.64,9224.8399375,foreground
S01_U04.CH4.wav,9224.68,9225.2799375,background
S01_U04.CH4.wav,9225.12,9225.3599375,foreground
S01_U04.CH4.wav,9225.2,9225.4799375,background
S01_U04.CH4.wav,9225.32,9225.6399375,foreground
S01_U04.CH4.wav,9225.48,9226.7999375,background
S01_U04.CH4.wav,9226.64,9226.9999375,foreground
S01_U04.CH4.wav,9226.84,9227.4399375,background
S01_U04.CH4.wav,9227.28,9227.6799375,foreground
S01_U04.CH4.wav,9227.52,9228.1999375,background
S01_U04.CH4.wav,9228.04,9228.2399375,foreground
S01_U04.CH4.wav,9228.08,9228.2799375,background
S01_U04.CH4.wav,9228.12,9228.3999375,foreground
S01_U04.CH4.wav,9228.24,9230.2799375,background
S01_U04.CH4.wav,9230.12,9230.4399375,foreground
S01_U04.CH4.wav,9230.28,9231.1999375,background
S01_U04.CH4.wav,9231.04,9231.4399375,foreground
S01_U04.CH4.wav,9231.28,9231.5199375,background
S01_U04.CH4.wav,9231.36,9231.6399375,foreground
S01_U04.CH4.wav,9231.48,9231.6799375,background
S01_U04.CH4.wav,9231.52,9231.7999375,foreground
S01_U04.CH4.wav,9231.64,9231.8799375,background
S01_U04.CH4.wav,9231.72,9232.4799375,foreground
S01_U04.CH4.wav,9232.32,9232.5599375,background
S01_U04.CH4.wav,9232.4,9232.5999375,foreground
S01_U04.CH4.wav,9232.44,9232.6399375,background
S01_U04.CH4.wav,9232.48,9232.7199375,foreground
S01_U04.CH4.wav,9232.56,9234.4799375,background
S01_U04.CH4.wav,9234.32,9234.7599375,foreground
S01_U04.CH4.wav,9234.6,9235.0799375,background
S01_U04.CH4.wav,9234.92,9235.1199375,foreground
S01_U04.CH4.wav,9234.96,9235.3999375,background
S01_U04.CH4.wav,9235.24,9235.4399375,foreground
S01_U04.CH4.wav,9235.28,9235.5199375,background
S01_U04.CH4.wav,9235.36,9236.1599375,foreground
S01_U04.CH4.wav,9236,9236.4399375,background
S01_U04.CH4.wav,9236.28,9236.9199375,foreground
S01_U04.CH4.wav,9236.76,9237.1199375,background
S01_U04.CH4.wav,9236.96,9238.3199375,foreground
S01_U04.CH4.wav,9238.16,9238.5599375,background
S01_U04.CH4.wav,9238.4,9238.7199375,foreground
S01_U04.CH4.wav,9238.56,9238.8799375,background
S01_U04.CH4.wav,9238.72,9239.2799375,foreground
S01_U04.CH4.wav,9239.12,9239.5999375,background
S01_U04.CH4.wav,9239.44,9239.7599375,foreground
S01_U04.CH4.wav,9239.6,9240.2799375,background
S01_U04.CH4.wav,9240.12,9240.3999375,foreground
S01_U04.CH4.wav,9240.24,9240.6799375,background
S01_U04.CH4.wav,9240.52,9240.8399375,foreground
S01_U04.CH4.wav,9240.68,9241.0799375,background
S01_U04.CH4.wav,9240.92,9241.1999375,foreground
S01_U04.CH4.wav,9241.04,9241.2399375,background
S01_U04.CH4.wav,9241.08,9241.4799375,foreground
S01_U04.CH4.wav,9241.32,9242.0399375,background
S01_U04.CH4.wav,9241.88,9242.1999375,foreground
S01_U04.CH4.wav,9242.04,9242.2399375,background
S01_U04.CH4.wav,9242.08,9242.2799375,foreground
S01_U04.CH4.wav,9242.12,9242.3199375,background
S01_U04.CH4.wav,9242.16,9242.7999375,foreground
S01_U04.CH4.wav,9242.64,9242.8399375,background
S01_U04.CH4.wav,9242.68,9242.8799375,foreground
S01_U04.CH4.wav,9242.72,9243.5599375,background
S01_U04.CH4.wav,9243.4,9243.9199375,foreground
S01_U04.CH4.wav,9243.76,9243.9599375,background
S01_U04.CH4.wav,9243.8,9244.0399375,foreground
S01_U04.CH4.wav,9243.88,9244.0799375,background
S01_U04.CH4.wav,9243.92,9244.1999375,foreground
S01_U04.CH4.wav,9244.04,9244.3599375,background
S01_U04.CH4.wav,9244.2,9245.0799375,foreground
S01_U04.CH4.wav,9244.92,9245.5599375,background
S01_U04.CH4.wav,9245.4,9245.5999375,foreground
S01_U04.CH4.wav,9245.44,9245.6399375,background
S01_U04.CH4.wav,9245.48,9245.9599375,foreground
S01_U04.CH4.wav,9245.8,9246.3199375,background
S01_U04.CH4.wav,9246.16,9246.5199375,foreground
S01_U04.CH4.wav,9246.36,9246.5999375,background
S01_U04.CH4.wav,9246.44,9246.6799375,foreground
S01_U04.CH4.wav,9246.52,9246.7599375,background
S01_U04.CH4.wav,9246.6,9246.8799375,foreground
S01_U04.CH4.wav,9246.72,9246.9199375,background
S01_U04.CH4.wav,9246.76,9247.0399375,foreground
S01_U04.CH4.wav,9246.88,9247.1599375,background
S01_U04.CH4.wav,9247,9247.5599375,foreground
S01_U04.CH4.wav,9247.4,9249.2399375,background
S01_U04.CH4.wav,9249.08,9249.4799375,foreground
S01_U04.CH4.wav,9249.32,9249.8399375,background
S01_U04.CH4.wav,9249.68,9250.1199375,foreground
S01_U04.CH4.wav,9249.96,9250.7999375,background
S01_U04.CH4.wav,9250.64,9250.8399375,foreground
S01_U04.CH4.wav,9250.68,9251.2399375,background
S01_U04.CH4.wav,9251.08,9251.3599375,foreground
S01_U04.CH4.wav,9251.2,9251.7999375,background
S01_U04.CH4.wav,9251.64,9251.8799375,foreground
S01_U04.CH4.wav,9251.72,9252.5199375,background
S01_U04.CH4.wav,9252.36,9252.5599375,foreground
S01_U04.CH4.wav,9252.4,9253.8399375,background
S01_U04.CH4.wav,9253.68,9253.9599375,foreground
S01_U04.CH4.wav,9253.8,9254.0799375,background
S01_U04.CH4.wav,9253.92,9254.3599375,foreground
S01_U04.CH4.wav,9254.2,9254.5999375,background
S01_U04.CH4.wav,9254.44,9254.7199375,foreground
S01_U04.CH4.wav,9254.56,9255.4399375,background
S01_U04.CH4.wav,9255.28,9255.6799375,foreground
S01_U04.CH4.wav,9255.52,9255.7999375,background
S01_U04.CH4.wav,9255.64,9255.9599375,foreground
S01_U04.CH4.wav,9255.8,9255.9999375,background
S01_U04.CH4.wav,9255.84,9256.1599375,foreground
S01_U04.CH4.wav,9256,9256.2399375,background
S01_U04.CH4.wav,9256.08,9256.3599375,foreground
S01_U04.CH4.wav,9256.2,9256.6399375,background
S01_U04.CH4.wav,9256.48,9256.6799375,foreground
S01_U04.CH4.wav,9256.52,9256.7199375,background
S01_U04.CH4.wav,9256.56,9256.8799375,foreground
S01_U04.CH4.wav,9256.72,9256.9599375,background
S01_U04.CH4.wav,9256.8,9257.1199375,foreground
S01_U04.CH4.wav,9256.96,9257.1999375,background
S01_U04.CH4.wav,9257.04,9257.2799375,foreground
S01_U04.CH4.wav,9257.12,9258.7599375,background
S01_U04.CH4.wav,9258.6,9259.1199375,foreground
S01_U04.CH4.wav,9258.96,9259.6399375,background
S01_U04.CH4.wav,9259.48,9259.8399375,foreground
S01_U04.CH4.wav,9259.68,9260.0799375,background
S01_U04.CH4.wav,9259.92,9260.1599375,foreground
S01_U04.CH4.wav,9260,9261.6399375,background
S01_U04.CH4.wav,9261.48,9261.7199375,foreground
S01_U04.CH4.wav,9261.56,9262.1199375,background
S01_U04.CH4.wav,9261.96,9262.1599375,foreground
S01_U04.CH4.wav,9262,9263.3999375,background
S01_U04.CH4.wav,9263.24,9263.7199375,foreground
S01_U04.CH4.wav,9263.56,9264.4799375,background
S01_U04.CH4.wav,9264.32,9264.7599375,foreground
S01_U04.CH4.wav,9264.6,9264.9599375,background
S01_U04.CH4.wav,9264.8,9265.1199375,foreground
S01_U04.CH4.wav,9264.96,9265.9199375,background
S01_U04.CH4.wav,9265.76,9266.1199375,foreground
S01_U04.CH4.wav,9265.96,9266.2399375,background
S01_U04.CH4.wav,9266.08,9266.2799375,foreground
S01_U04.CH4.wav,9266.12,9266.3599375,background
S01_U04.CH4.wav,9266.2,9266.9199375,foreground
S01_U04.CH4.wav,9266.76,9266.9599375,background
S01_U04.CH4.wav,9266.8,9267.0399375,foreground
S01_U04.CH4.wav,9266.88,9267.2799375,background
S01_U04.CH4.wav,9267.12,9267.5599375,foreground
S01_U04.CH4.wav,9267.4,9267.7199375,background
S01_U04.CH4.wav,9267.56,9267.7599375,foreground
S01_U04.CH4.wav,9267.6,9268.0799375,background
S01_U04.CH4.wav,9267.92,9268.4399375,foreground
S01_U04.CH4.wav,9268.28,9269.1199375,background
S01_U04.CH4.wav,9268.96,9269.2399375,foreground
S01_U04.CH4.wav,9269.08,9269.4799375,background
S01_U04.CH4.wav,9269.32,9269.9199375,foreground
S01_U04.CH4.wav,9269.76,9270.0799375,background
S01_U04.CH4.wav,9269.92,9270.3999375,foreground
S01_U04.CH4.wav,9270.24,9270.4399375,background
S01_U04.CH4.wav,9270.28,9270.9999375,foreground
S01_U04.CH4.wav,9270.84,9271.1999375,background
S01_U04.CH4.wav,9271.04,9271.3999375,foreground
S01_U04.CH4.wav,9271.24,9271.5999375,background
S01_U04.CH4.wav,9271.44,9271.7999375,foreground
S01_U04.CH4.wav,9271.64,9271.8799375,background
S01_U04.CH4.wav,9271.72,9272.4399375,foreground
S01_U04.CH4.wav,9272.28,9272.7999375,background
S01_U04.CH4.wav,9272.64,9273.2399375,foreground
S01_U04.CH4.wav,9273.08,9274.4399375,background
S01_U04.CH4.wav,9274.28,9274.5999375,foreground
S01_U04.CH4.wav,9274.44,9274.8399375,background
S01_U04.CH4.wav,9274.68,9274.9599375,foreground
S01_U04.CH4.wav,9274.8,9276.2399375,background
S01_U04.CH4.wav,9276.08,9276.2799375,foreground
S01_U04.CH4.wav,9276.12,9277.3199375,background
S01_U04.CH4.wav,9277.16,9277.3999375,foreground
S01_U04.CH4.wav,9277.24,9277.4399375,background
S01_U04.CH4.wav,9277.28,9277.5199375,foreground
S01_U04.CH4.wav,9277.36,9277.5599375,background
S01_U04.CH4.wav,9277.4,9277.6799375,foreground
S01_U04.CH4.wav,9277.52,9277.7199375,background
S01_U04.CH4.wav,9277.56,9278.0799375,foreground
S01_U04.CH4.wav,9277.92,9278.1199375,background
S01_U04.CH4.wav,9277.96,9278.3599375,foreground
S01_U04.CH4.wav,9278.2,9278.3999375,background
S01_U04.CH4.wav,9278.24,9278.7199375,foreground
S01_U04.CH4.wav,9278.56,9279.9599375,background
S01_U04.CH4.wav,9279.8,9279.9999375,foreground
S01_U04.CH4.wav,9279.84,9282.0399375,background
S01_U04.CH4.wav,9281.88,9282.0799375,foreground
S01_U04.CH4.wav,9281.92,9283.6799375,background
S01_U04.CH4.wav,9283.52,9283.9599375,foreground
S01_U04.CH4.wav,9283.8,9284.5999375,background
S01_U04.CH4.wav,9284.44,9284.7199375,foreground
S01_U04.CH4.wav,9284.56,9284.7599375,background
S01_U04.CH4.wav,9284.6,9284.9199375,foreground
S01_U04.CH4.wav,9284.76,9285.0799375,background
S01_U04.CH4.wav,9284.92,9285.4399375,foreground
S01_U04.CH4.wav,9285.28,9287.1199375,background
S01_U04.CH4.wav,9286.96,9287.2799375,foreground
S01_U04.CH4.wav,9287.12,9287.7199375,background
S01_U04.CH4.wav,9287.56,9287.8799375,foreground
S01_U04.CH4.wav,9287.72,9288.1599375,background
S01_U04.CH4.wav,9288,9288.1999375,foreground
S01_U04.CH4.wav,9288.04,9288.3599375,background
S01_U04.CH4.wav,9288.2,9288.3999375,foreground
S01_U04.CH4.wav,9288.24,9288.4399375,background
S01_U04.CH4.wav,9288.28,9288.5199375,foreground
S01_U04.CH4.wav,9288.36,9288.5599375,background
S01_U04.CH4.wav,9288.4,9288.6399375,foreground
S01_U04.CH4.wav,9288.48,9288.6799375,background
S01_U04.CH4.wav,9288.52,9289.2799375,foreground
S01_U04.CH4.wav,9289.12,9289.3599375,background
S01_U04.CH4.wav,9289.2,9289.7999375,foreground
S01_U04.CH4.wav,9289.64,9289.8399375,background
S01_U04.CH4.wav,9289.68,9289.8799375,foreground
S01_U04.CH4.wav,9289.72,9289.9199375,background
S01_U04.CH4.wav,9289.76,9290.0399375,foreground
S01_U04.CH4.wav,9289.88,9290.1199375,background
S01_U04.CH4.wav,9289.96,9290.2799375,foreground
S01_U04.CH4.wav,9290.12,9290.9199375,background
S01_U04.CH4.wav,9290.76,9290.9599375,foreground
S01_U04.CH4.wav,9290.8,9291.0799375,background
S01_U04.CH4.wav,9290.92,9291.5599375,foreground
S01_U04.CH4.wav,9291.4,9292.0799375,background
S01_U04.CH4.wav,9291.92,9292.2399375,foreground
S01_U04.CH4.wav,9292.08,9292.3599375,background
S01_U04.CH4.wav,9292.2,9292.5599375,foreground
S01_U04.CH4.wav,9292.4,9292.9999375,background
S01_U04.CH4.wav,9292.84,9293.5999375,foreground
S01_U04.CH4.wav,9293.44,9293.6399375,background
S01_U04.CH4.wav,9293.48,9293.8799375,foreground
S01_U04.CH4.wav,9293.72,9294.2399375,background
S01_U04.CH4.wav,9294.08,9294.2799375,foreground
S01_U04.CH4.wav,9294.12,9294.3199375,background
S01_U04.CH4.wav,9294.16,9294.6799375,foreground
S01_U04.CH4.wav,9294.52,9294.9599375,background
S01_U04.CH4.wav,9294.8,9295.3999375,foreground
S01_U04.CH4.wav,9295.24,9295.4399375,background
S01_U04.CH4.wav,9295.28,9295.5999375,foreground
S01_U04.CH4.wav,9295.44,9296.1199375,background
S01_U04.CH4.wav,9295.96,9296.4399375,foreground
S01_U04.CH4.wav,9296.28,9296.4799375,background
S01_U04.CH4.wav,9296.32,9296.5199375,foreground
S01_U04.CH4.wav,9296.36,9296.5999375,background
S01_U04.CH4.wav,9296.44,9297.1599375,foreground
S01_U04.CH4.wav,9297,9297.1999375,background
S01_U04.CH4.wav,9297.04,9297.2399375,foreground
S01_U04.CH4.wav,9297.08,9297.2799375,background
S01_U04.CH4.wav,9297.12,9298.0799375,foreground
S01_U04.CH4.wav,9297.92,9298.3999375,background
S01_U04.CH4.wav,9298.24,9298.4799375,foreground
S01_U04.CH4.wav,9298.32,9298.7599375,background
S01_U04.CH4.wav,9298.6,9298.8399375,foreground
S01_U04.CH4.wav,9298.68,9298.9199375,background
S01_U04.CH4.wav,9298.76,9299.0399375,foreground
S01_U04.CH4.wav,9298.88,9301.2399375,background
S01_U04.CH4.wav,9301.08,9301.6799375,foreground
S01_U04.CH4.wav,9301.52,9301.7199375,background
S01_U04.CH4.wav,9301.56,9301.7599375,foreground
S01_U04.CH4.wav,9301.6,9301.8399375,background
S01_U04.CH4.wav,9301.68,9301.8799375,foreground
S01_U04.CH4.wav,9301.72,9301.9599375,background
S01_U04.CH4.wav,9301.8,9302.3999375,foreground
S01_U04.CH4.wav,9302.24,9302.8399375,background
S01_U04.CH4.wav,9302.68,9303.3199375,foreground
S01_U04.CH4.wav,9303.16,9303.3599375,background
S01_U04.CH4.wav,9303.2,9303.3999375,foreground
S01_U04.CH4.wav,9303.24,9303.4799375,background
S01_U04.CH4.wav,9303.32,9304.3599375,foreground
S01_U04.CH4.wav,9304.2,9304.5199375,background
S01_U04.CH4.wav,9304.36,9304.6799375,foreground
S01_U04.CH4.wav,9304.52,9304.8399375,background
S01_U04.CH4.wav,9304.68,9305.3599375,foreground
S01_U04.CH4.wav,9305.2,9305.3999375,background
S01_U04.CH4.wav,9305.24,9305.5599375,foreground
S01_U04.CH4.wav,9305.4,9305.7199375,background
S01_U04.CH4.wav,9305.56,9305.9999375,foreground
S01_U04.CH4.wav,9305.84,9307.3599375,background
S01_U04.CH4.wav,9307.2,9307.5599375,foreground
S01_U04.CH4.wav,9307.4,9307.7999375,background
S01_U04.CH4.wav,9307.64,9308.4799375,foreground
S01_U04.CH4.wav,9308.32,9308.5599375,background
S01_U04.CH4.wav,9308.4,9308.6399375,foreground
S01_U04.CH4.wav,9308.48,9308.6799375,background
S01_U04.CH4.wav,9308.52,9308.7199375,foreground
S01_U04.CH4.wav,9308.56,9308.7599375,background
S01_U04.CH4.wav,9308.6,9308.8799375,foreground
S01_U04.CH4.wav,9308.72,9308.9199375,background
S01_U04.CH4.wav,9308.76,9309.2399375,foreground
S01_U04.CH4.wav,9309.08,9310.7199375,background
S01_U04.CH4.wav,9310.56,9310.7599375,foreground
S01_U04.CH4.wav,9310.6,9311.7599375,background
S01_U04.CH4.wav,9311.6,9311.7999375,foreground
S01_U04.CH4.wav,9311.64,9311.9999375,background
S01_U04.CH4.wav,9311.84,9312.2399375,foreground
S01_U04.CH4.wav,9312.08,9312.3599375,background
S01_U04.CH4.wav,9312.2,9312.3999375,foreground
S01_U04.CH4.wav,9312.24,9312.8399375,background
S01_U04.CH4.wav,9312.68,9313.1999375,foreground
S01_U04.CH4.wav,9313.04,9313.2399375,background
S01_U04.CH4.wav,9313.08,9313.2799375,foreground
S01_U04.CH4.wav,9313.12,9313.3599375,background
S01_U04.CH4.wav,9313.2,9313.3999375,foreground
S01_U04.CH4.wav,9313.24,9313.6399375,background
S01_U04.CH4.wav,9313.48,9313.6799375,foreground
S01_U04.CH4.wav,9313.52,9313.7999375,background
S01_U04.CH4.wav,9313.64,9314.9199375,foreground
S01_U04.CH4.wav,9314.76,9314.9599375,background
S01_U04.CH4.wav,9314.8,9315.4799375,foreground
S01_U04.CH4.wav,9315.32,9317.0399375,background
S01_U04.CH4.wav,9316.88,9318.1599375,foreground
S01_U04.CH4.wav,9318,9318.6399375,background
S01_U04.CH4.wav,9318.48,9318.6799375,foreground
S01_U04.CH4.wav,9318.52,9320.5999375,background
S01_U04.CH4.wav,9320.44,9320.8399375,foreground
S01_U04.CH4.wav,9320.68,9320.8799375,background
S01_U04.CH4.wav,9320.72,9320.9199375,foreground
S01_U04.CH4.wav,9320.76,9321.4799375,background
S01_U04.CH4.wav,9321.32,9321.6399375,foreground
S01_U04.CH4.wav,9321.48,9321.8799375,background
S01_U04.CH4.wav,9321.72,9321.9199375,foreground
S01_U04.CH4.wav,9321.76,9323.7599375,background
S01_U04.CH4.wav,9323.6,9323.9199375,foreground
S01_U04.CH4.wav,9323.76,9324.2399375,background
S01_U04.CH4.wav,9324.08,9324.2799375,foreground
S01_U04.CH4.wav,9324.12,9324.3199375,background
S01_U04.CH4.wav,9324.16,9324.3999375,foreground
S01_U04.CH4.wav,9324.24,9324.8399375,background
S01_U04.CH4.wav,9324.68,9325.0799375,foreground
S01_U04.CH4.wav,9324.92,9325.4399375,background
S01_U04.CH4.wav,9325.28,9325.4799375,foreground
S01_U04.CH4.wav,9325.32,9325.5999375,background
S01_U04.CH4.wav,9325.44,9325.7199375,foreground
S01_U04.CH4.wav,9325.56,9326.6799375,background
S01_U04.CH4.wav,9326.52,9326.9999375,foreground
S01_U04.CH4.wav,9326.84,9327.0799375,background
S01_U04.CH4.wav,9326.92,9327.2399375,foreground
S01_U04.CH4.wav,9327.08,9327.3199375,background
S01_U04.CH4.wav,9327.16,9327.3599375,foreground
S01_U04.CH4.wav,9327.2,9327.9599375,background
S01_U04.CH4.wav,9327.8,9327.9999375,foreground
S01_U04.CH4.wav,9327.84,9328.1199375,background
S01_U04.CH4.wav,9327.96,9328.1999375,foreground
S01_U04.CH4.wav,9328.04,9329.1999375,background
S01_U04.CH4.wav,9329.04,9329.4799375,foreground
S01_U04.CH4.wav,9329.32,9329.5599375,background
S01_U04.CH4.wav,9329.4,9329.7599375,foreground
S01_U04.CH4.wav,9329.6,9330.1999375,background
S01_U04.CH4.wav,9330.04,9330.3999375,foreground
S01_U04.CH4.wav,9330.24,9330.4399375,background
S01_U04.CH4.wav,9330.28,9330.5199375,foreground
S01_U04.CH4.wav,9330.36,9330.5999375,background
S01_U04.CH4.wav,9330.44,9330.7999375,foreground
S01_U04.CH4.wav,9330.64,9331.1599375,background
S01_U04.CH4.wav,9331,9331.1999375,foreground
S01_U04.CH4.wav,9331.04,9331.3599375,background
S01_U04.CH4.wav,9331.2,9331.3999375,foreground
S01_U04.CH4.wav,9331.24,9331.4799375,background
S01_U04.CH4.wav,9331.32,9331.7199375,foreground
S01_U04.CH4.wav,9331.56,9331.9999375,background
S01_U04.CH4.wav,9331.84,9332.2399375,foreground
S01_U04.CH4.wav,9332.08,9333.4399375,background
S01_U04.CH4.wav,9333.28,9333.6799375,foreground
S01_U04.CH4.wav,9333.52,9334.0399375,background
S01_U04.CH4.wav,9333.88,9334.1199375,foreground
S01_U04.CH4.wav,9333.96,9334.1599375,background
S01_U04.CH4.wav,9334,9334.3199375,foreground
S01_U04.CH4.wav,9334.16,9334.3599375,background
S01_U04.CH4.wav,9334.2,9334.3999375,foreground
S01_U04.CH4.wav,9334.24,9334.5999375,background
S01_U04.CH4.wav,9334.44,9334.6799375,foreground
S01_U04.CH4.wav,9334.52,9334.7599375,background
S01_U04.CH4.wav,9334.6,9334.8399375,foreground
S01_U04.CH4.wav,9334.68,9334.8799375,background
S01_U04.CH4.wav,9334.72,9335.3199375,foreground
S01_U04.CH4.wav,9335.16,9335.7199375,background
S01_U04.CH4.wav,9335.56,9335.7999375,foreground
S01_U04.CH4.wav,9335.64,9336.1199375,background
S01_U04.CH4.wav,9335.96,9336.2399375,foreground
S01_U04.CH4.wav,9336.08,9336.4799375,background
S01_U04.CH4.wav,9336.32,9336.5999375,foreground
S01_U04.CH4.wav,9336.44,9338.8399375,background
S01_U04.CH4.wav,9338.68,9338.9199375,foreground
S01_U04.CH4.wav,9338.76,9340.9999375,background
S01_U04.CH4.wav,9340.84,9341.2399375,foreground
S01_U04.CH4.wav,9341.08,9341.5199375,background
S01_U04.CH4.wav,9341.36,9341.5599375,foreground
S01_U04.CH4.wav,9341.4,9342.1599375,background
S01_U04.CH4.wav,9342,9342.1999375,foreground
S01_U04.CH4.wav,9342.04,9342.2399375,background
S01_U04.CH4.wav,9342.08,9342.6399375,foreground
S01_U04.CH4.wav,9342.48,9344.3199375,background
S01_U04.CH4.wav,9344.16,9344.4399375,foreground
S01_U04.CH4.wav,9344.28,9344.4799375,background
S01_U04.CH4.wav,9344.32,9344.5599375,foreground
S01_U04.CH4.wav,9344.4,9344.7199375,background
S01_U04.CH4.wav,9344.56,9344.8399375,foreground
S01_U04.CH4.wav,9344.68,9345.4399375,background
S01_U04.CH4.wav,9345.28,9345.4799375,foreground
S01_U04.CH4.wav,9345.32,9346.3999375,background
S01_U04.CH4.wav,9346.24,9346.5599375,foreground
S01_U04.CH4.wav,9346.4,9347.0799375,background
S01_U04.CH4.wav,9346.92,9347.1599375,foreground
S01_U04.CH4.wav,9347,9349.1199375,background
S01_U04.CH4.wav,9348.96,9349.6399375,foreground
S01_U04.CH4.wav,9349.48,9350.1599375,background
S01_U04.CH4.wav,9350,9350.8399375,foreground
S01_U04.CH4.wav,9350.68,9351.5199375,background
S01_U04.CH4.wav,9351.36,9351.5999375,foreground
S01_U04.CH4.wav,9351.44,9351.8399375,background
S01_U04.CH4.wav,9351.68,9352.0799375,foreground
S01_U04.CH4.wav,9351.92,9352.3999375,background
S01_U04.CH4.wav,9352.24,9352.6399375,foreground
S01_U04.CH4.wav,9352.48,9353.3999375,background
S01_U04.CH4.wav,9353.24,9353.5599375,foreground
S01_U04.CH4.wav,9353.4,9353.5999375,background
S01_U04.CH4.wav,9353.44,9353.6399375,foreground
S01_U04.CH4.wav,9353.48,9353.9199375,background
S01_U04.CH4.wav,9353.76,9354.0799375,foreground
S01_U04.CH4.wav,9353.92,9354.1199375,background
S01_U04.CH4.wav,9353.96,9354.3599375,foreground
S01_U04.CH4.wav,9354.2,9354.5199375,background
S01_U04.CH4.wav,9354.36,9354.7199375,foreground
S01_U04.CH4.wav,9354.56,9357.9599375,background
S01_U04.CH4.wav,9357.8,9357.9999375,foreground
S01_U04.CH4.wav,9357.84,9358.9599375,background
S01_U04.CH4.wav,9358.8,9359.0399375,foreground
S01_U04.CH4.wav,9358.88,9360.9599375,background
S01_U04.CH4.wav,9360.8,9360.9999375,foreground
S01_U04.CH4.wav,9360.84,9361.5599375,background
S01_U04.CH4.wav,9361.4,9361.8399375,foreground
S01_U04.CH4.wav,9361.68,9362.7199375,background
S01_U04.CH4.wav,9362.56,9362.8799375,foreground
S01_U04.CH4.wav,9362.72,9363.0799375,background
S01_U04.CH4.wav,9362.92,9363.2799375,foreground
S01_U04.CH4.wav,9363.12,9363.3199375,background
S01_U04.CH4.wav,9363.16,9363.3599375,foreground
S01_U04.CH4.wav,9363.2,9363.3999375,background
S01_U04.CH4.wav,9363.24,9363.4799375,foreground
S01_U04.CH4.wav,9363.32,9363.5999375,background
S01_U04.CH4.wav,9363.44,9364.0399375,foreground
S01_U04.CH4.wav,9363.88,9364.5199375,background
S01_U04.CH4.wav,9364.36,9364.5999375,foreground
S01_U04.CH4.wav,9364.44,9364.6399375,background
S01_U04.CH4.wav,9364.48,9364.7999375,foreground
S01_U04.CH4.wav,9364.64,9365.2399375,background
S01_U04.CH4.wav,9365.08,9365.3999375,foreground
S01_U04.CH4.wav,9365.24,9365.5599375,background
S01_U04.CH4.wav,9365.4,9365.8399375,foreground
S01_U04.CH4.wav,9365.68,9366.3999375,background
S01_U04.CH4.wav,9366.24,9366.5199375,foreground
S01_U04.CH4.wav,9366.36,9367.2399375,background
S01_U04.CH4.wav,9367.08,9367.2799375,foreground
S01_U04.CH4.wav,9367.12,9367.5199375,background
S01_U04.CH4.wav,9367.36,9367.8399375,foreground
S01_U04.CH4.wav,9367.68,9368.4399375,background
S01_U04.CH4.wav,9368.28,9368.5199375,foreground
S01_U04.CH4.wav,9368.36,9368.8399375,background
S01_U04.CH4.wav,9368.68,9368.8799375,foreground
S01_U04.CH4.wav,9368.72,9369.6799375,background
S01_U04.CH4.wav,9369.52,9370.3599375,foreground
S01_U04.CH4.wav,9370.2,9370.3999375,background
S01_U04.CH4.wav,9370.24,9370.8399375,foreground
S01_U04.CH4.wav,9370.68,9370.9999375,background
S01_U04.CH4.wav,9370.84,9371.0399375,foreground
S01_U04.CH4.wav,9370.88,9371.5199375,background
S01_U04.CH4.wav,9371.36,9371.8399375,foreground
S01_U04.CH4.wav,9371.68,9371.8799375,background
S01_U04.CH4.wav,9371.72,9371.9199375,foreground
S01_U04.CH4.wav,9371.76,9371.9599375,background
S01_U04.CH4.wav,9371.8,9372.0399375,foreground
S01_U04.CH4.wav,9371.88,9372.7199375,background
S01_U04.CH4.wav,9372.56,9372.7999375,foreground
S01_U04.CH4.wav,9372.64,9372.9199375,background
S01_U04.CH4.wav,9372.76,9373.0399375,foreground
S01_U04.CH4.wav,9372.88,9373.0799375,background
S01_U04.CH4.wav,9372.92,9373.1599375,foreground
S01_U04.CH4.wav,9373,9373.4399375,background
S01_U04.CH4.wav,9373.28,9373.7199375,foreground
S01_U04.CH4.wav,9373.56,9373.7599375,background
S01_U04.CH4.wav,9373.6,9373.8399375,foreground
S01_U04.CH4.wav,9373.68,9373.9599375,background
S01_U04.CH4.wav,9373.8,9374.0799375,foreground
S01_U04.CH4.wav,9373.92,9374.2399375,background
S01_U04.CH4.wav,9374.08,9374.2799375,foreground
S01_U04.CH4.wav,9374.12,9374.9599375,background
S01_U04.CH4.wav,9374.8,9375.1199375,foreground
S01_U04.CH4.wav,9374.96,9376.1999375,background
S01_U04.CH4.wav,9376.04,9376.5599375,foreground
S01_U04.CH4.wav,9376.4,9376.6399375,background
S01_U04.CH4.wav,9376.48,9376.8399375,foreground
S01_U04.CH4.wav,9376.68,9377.4799375,background
S01_U04.CH4.wav,9377.32,9377.7199375,foreground
S01_U04.CH4.wav,9377.56,9378.2399375,background
S01_U04.CH4.wav,9378.08,9378.2799375,foreground
S01_U04.CH4.wav,9378.12,9378.5199375,background
S01_U04.CH4.wav,9378.36,9378.5599375,foreground
S01_U04.CH4.wav,9378.4,9378.7999375,background
S01_U04.CH4.wav,9378.64,9378.9199375,foreground
S01_U04.CH4.wav,9378.76,9379.2399375,background
S01_U04.CH4.wav,9379.08,9379.5199375,foreground
S01_U04.CH4.wav,9379.36,9379.9999375,background
S01_U04.CH4.wav,9379.84,9380.1999375,foreground
S01_U04.CH4.wav,9380.04,9380.3599375,background
S01_U04.CH4.wav,9380.2,9380.4799375,foreground
S01_U04.CH4.wav,9380.32,9381.9199375,background
S01_U04.CH4.wav,9381.76,9381.9999375,foreground
S01_U04.CH4.wav,9381.84,9382.0799375,background
S01_U04.CH4.wav,9381.92,9382.1599375,foreground
S01_U04.CH4.wav,9382,9382.4799375,background
S01_U04.CH4.wav,9382.32,9382.5599375,foreground
S01_U04.CH4.wav,9382.4,9382.5999375,background
S01_U04.CH4.wav,9382.44,9382.6399375,foreground
S01_U04.CH4.wav,9382.48,9383.5999375,background
S01_U04.CH4.wav,9383.44,9383.7199375,foreground
S01_U04.CH4.wav,9383.56,9384.3999375,background
S01_U04.CH4.wav,9384.24,9384.5999375,foreground
S01_U04.CH4.wav,9384.44,9384.6399375,background
S01_U04.CH4.wav,9384.48,9384.6799375,foreground
S01_U04.CH4.wav,9384.52,9385.1599375,background
S01_U04.CH4.wav,9385,9385.2399375,foreground
S01_U04.CH4.wav,9385.08,9385.5199375,background
S01_U04.CH4.wav,9385.36,9385.5999375,foreground
S01_U04.CH4.wav,9385.44,9386.4399375,background
S01_U04.CH4.wav,9386.28,9387.4799375,foreground
S01_U04.CH4.wav,9387.32,9387.6799375,background
S01_U04.CH4.wav,9387.52,9387.9199375,foreground
S01_U04.CH4.wav,9387.76,9388.0399375,background
S01_U04.CH4.wav,9387.88,9388.3199375,foreground
S01_U04.CH4.wav,9388.16,9388.3599375,background
S01_U04.CH4.wav,9388.2,9388.4799375,foreground
S01_U04.CH4.wav,9388.32,9391.0399375,background
S01_U04.CH4.wav,9390.88,9391.5199375,foreground
S01_U04.CH4.wav,9391.36,9391.5999375,background
S01_U04.CH4.wav,9391.44,9391.9199375,foreground
S01_U04.CH4.wav,9391.76,9392.4399375,background
S01_U04.CH4.wav,9392.28,9392.6399375,foreground
S01_U04.CH4.wav,9392.48,9392.6799375,background
S01_U04.CH4.wav,9392.52,9393.0399375,foreground
S01_U04.CH4.wav,9392.88,9393.1199375,background
S01_U04.CH4.wav,9392.96,9393.6399375,foreground
S01_U04.CH4.wav,9393.48,9394.8399375,background
S01_U04.CH4.wav,9394.68,9395.0399375,foreground
S01_U04.CH4.wav,9394.88,9395.1599375,background
S01_U04.CH4.wav,9395,9395.3199375,foreground
S01_U04.CH4.wav,9395.16,9395.5999375,background
S01_U04.CH4.wav,9395.44,9395.8399375,foreground
S01_U04.CH4.wav,9395.68,9395.9199375,background
S01_U04.CH4.wav,9395.76,9395.9999375,foreground
S01_U04.CH4.wav,9395.84,9396.4799375,background
S01_U04.CH4.wav,9396.32,9396.5599375,foreground
S01_U04.CH4.wav,9396.4,9396.7999375,background
S01_U04.CH4.wav,9396.64,9396.8399375,foreground
S01_U04.CH4.wav,9396.68,9396.9599375,background
S01_U04.CH4.wav,9396.8,9396.9999375,foreground
S01_U04.CH4.wav,9396.84,9397.5599375,background
S01_U04.CH4.wav,9397.4,9397.5999375,foreground
S01_U04.CH4.wav,9397.44,9397.8399375,background
S01_U04.CH4.wav,9397.68,9397.8799375,foreground
S01_U04.CH4.wav,9397.72,9397.9599375,background
S01_U04.CH4.wav,9397.8,9398.0399375,foreground
S01_U04.CH4.wav,9397.88,9398.0799375,background
S01_U04.CH4.wav,9397.92,9398.1199375,foreground
S01_U04.CH4.wav,9397.96,9399.5599375,background
S01_U04.CH4.wav,9399.4,9399.8399375,foreground
S01_U04.CH4.wav,9399.68,9400.2799375,background
S01_U04.CH4.wav,9400.12,9400.3999375,foreground
S01_U04.CH4.wav,9400.24,9400.9199375,background
S01_U04.CH4.wav,9400.76,9400.9599375,foreground
S01_U04.CH4.wav,9400.8,9401.1199375,background
S01_U04.CH4.wav,9400.96,9401.1999375,foreground
S01_U04.CH4.wav,9401.04,9401.7199375,background
S01_U04.CH4.wav,9401.56,9401.8799375,foreground
S01_U04.CH4.wav,9401.72,9401.9199375,background
S01_U04.CH4.wav,9401.76,9402.2399375,foreground
S01_U04.CH4.wav,9402.08,9403.1599375,background
S01_U04.CH4.wav,9403,9403.3599375,foreground
S01_U04.CH4.wav,9403.2,9403.9199375,background
S01_U04.CH4.wav,9403.76,9404.0399375,foreground
S01_U04.CH4.wav,9403.88,9404.0799375,background
S01_U04.CH4.wav,9403.92,9404.1199375,foreground
S01_U04.CH4.wav,9403.96,9405.0799375,background
S01_U04.CH4.wav,9404.92,9405.1599375,foreground
S01_U04.CH4.wav,9405,9408.6399375,background
S01_U04.CH4.wav,9408.48,9408.7199375,foreground
S01_U04.CH4.wav,9408.56,9408.7599375,background
S01_U04.CH4.wav,9408.6,9408.9599375,foreground
S01_U04.CH4.wav,9408.8,9408.9999375,background
S01_U04.CH4.wav,9408.84,9409.0799375,foreground
S01_U04.CH4.wav,9408.92,9409.3199375,background
S01_U04.CH4.wav,9409.16,9409.5199375,foreground
S01_U04.CH4.wav,9409.36,9409.5599375,background
S01_U04.CH4.wav,9409.4,9409.5999375,foreground
S01_U04.CH4.wav,9409.44,9409.7199375,background
S01_U04.CH4.wav,9409.56,9410.2799375,foreground
S01_U04.CH4.wav,9410.12,9410.3599375,background
S01_U04.CH4.wav,9410.2,9410.5599375,foreground
S01_U04.CH4.wav,9410.4,9410.8799375,background
S01_U04.CH4.wav,9410.72,9411.1999375,foreground
S01_U04.CH4.wav,9411.04,9412.0799375,background
S01_U04.CH4.wav,9411.92,9412.1199375,foreground
S01_U04.CH4.wav,9411.96,9414.7199375,background
S01_U04.CH4.wav,9414.56,9414.8799375,foreground
S01_U04.CH4.wav,9414.72,9417.2399375,background
S01_U04.CH4.wav,9417.08,9417.3199375,foreground
S01_U04.CH4.wav,9417.16,9417.4399375,background
S01_U04.CH4.wav,9417.28,9417.5999375,foreground
S01_U04.CH4.wav,9417.44,9417.6399375,background
S01_U04.CH4.wav,9417.48,9417.7999375,foreground
S01_U04.CH4.wav,9417.64,9417.9199375,background
S01_U04.CH4.wav,9417.76,9417.9599375,foreground
S01_U04.CH4.wav,9417.8,9417.9999375,background
S01_U04.CH4.wav,9417.84,9418.1599375,foreground
S01_U04.CH4.wav,9418,9418.4799375,background
S01_U04.CH4.wav,9418.32,9418.5599375,foreground
S01_U04.CH4.wav,9418.4,9419.6799375,background
S01_U04.CH4.wav,9419.52,9419.7999375,foreground
S01_U04.CH4.wav,9419.64,9420.4799375,background
S01_U04.CH4.wav,9420.32,9420.6399375,foreground
S01_U04.CH4.wav,9420.48,9420.7999375,background
S01_U04.CH4.wav,9420.64,9420.8799375,foreground
S01_U04.CH4.wav,9420.72,9420.9999375,background
S01_U04.CH4.wav,9420.84,9421.0799375,foreground
S01_U04.CH4.wav,9420.92,9421.1199375,background
S01_U04.CH4.wav,9420.96,9421.1999375,foreground
S01_U04.CH4.wav,9421.04,9422.9999375,background
S01_U04.CH4.wav,9422.84,9423.0399375,foreground
S01_U04.CH4.wav,9422.88,9423.0799375,background
S01_U04.CH4.wav,9422.92,9423.1599375,foreground
S01_U04.CH4.wav,9423,9425.3599375,background
S01_U04.CH4.wav,9425.2,9425.3999375,foreground
S01_U04.CH4.wav,9425.24,9425.7999375,background
S01_U04.CH4.wav,9425.64,9425.8799375,foreground
S01_U04.CH4.wav,9425.72,9426.0399375,background
S01_U04.CH4.wav,9425.88,9426.0799375,foreground
S01_U04.CH4.wav,9425.92,9426.5999375,background
S01_U04.CH4.wav,9426.44,9426.6399375,foreground
S01_U04.CH4.wav,9426.48,9430.1199375,background
S01_U04.CH4.wav,9429.96,9430.3999375,foreground
S01_U04.CH4.wav,9430.24,9430.9999375,background
S01_U04.CH4.wav,9430.84,9431.0399375,foreground
S01_U04.CH4.wav,9430.88,9432.2799375,background
S01_U04.CH4.wav,9432.12,9432.3199375,foreground
S01_U04.CH4.wav,9432.16,9432.4399375,background
S01_U04.CH4.wav,9432.28,9432.4799375,foreground
S01_U04.CH4.wav,9432.32,9432.9999375,background
S01_U04.CH4.wav,9432.84,9433.1999375,foreground
S01_U04.CH4.wav,9433.04,9437.3199375,background
S01_U04.CH4.wav,9437.16,9437.5599375,foreground
S01_U04.CH4.wav,9437.4,9437.6399375,background
S01_U04.CH4.wav,9437.48,9438.1199375,foreground
S01_U04.CH4.wav,9437.96,9438.6399375,background
S01_U04.CH4.wav,9438.48,9438.7599375,foreground
S01_U04.CH4.wav,9438.6,9438.7999375,background
S01_U04.CH4.wav,9438.64,9438.8799375,foreground
S01_U04.CH4.wav,9438.72,9440.3599375,background
S01_U04.CH4.wav,9440.2,9440.7599375,foreground
S01_U04.CH4.wav,9440.6,9440.7999375,background
S01_U04.CH4.wav,9440.64,9440.8399375,foreground
S01_U04.CH4.wav,9440.68,9440.9199375,background
S01_U04.CH4.wav,9440.76,9441.1599375,foreground
S01_U04.CH4.wav,9441,9441.6399375,background
S01_U04.CH4.wav,9441.48,9441.8799375,foreground
S01_U04.CH4.wav,9441.72,9442.0799375,background
S01_U04.CH4.wav,9441.92,9442.1599375,foreground
S01_U04.CH4.wav,9442,9442.3199375,background
S01_U04.CH4.wav,9442.16,9442.4799375,foreground
S01_U04.CH4.wav,9442.32,9442.5199375,background
S01_U04.CH4.wav,9442.36,9442.5599375,foreground
S01_U04.CH4.wav,9442.4,9442.9199375,background
S01_U04.CH4.wav,9442.76,9443.3599375,foreground
S01_U04.CH4.wav,9443.2,9443.3999375,background
S01_U04.CH4.wav,9443.24,9444.8399375,foreground
S01_U04.CH4.wav,9444.68,9444.8799375,background
S01_U04.CH4.wav,9444.72,9445.2399375,foreground
S01_U04.CH4.wav,9445.08,9445.5199375,background
S01_U04.CH4.wav,9445.36,9445.7199375,foreground
S01_U04.CH4.wav,9445.56,9445.8399375,background
S01_U04.CH4.wav,9445.68,9446.5599375,foreground
S01_U04.CH4.wav,9446.4,9446.6399375,background
S01_U04.CH4.wav,9446.48,9447.2399375,foreground
S01_U04.CH4.wav,9447.08,9447.6799375,background
S01_U04.CH4.wav,9447.52,9447.8799375,foreground
S01_U04.CH4.wav,9447.72,9451.1199375,background
S01_U04.CH4.wav,9450.96,9451.2799375,foreground
S01_U04.CH4.wav,9451.12,9451.3199375,background
S01_U04.CH4.wav,9451.16,9451.3599375,foreground
S01_U04.CH4.wav,9451.2,9452.1199375,background
S01_U04.CH4.wav,9451.96,9452.3199375,foreground
S01_U04.CH4.wav,9452.16,9454.2799375,background
S01_U04.CH4.wav,9454.12,9454.3599375,foreground
S01_U04.CH4.wav,9454.2,9454.4799375,background
S01_U04.CH4.wav,9454.32,9454.5599375,foreground
S01_U04.CH4.wav,9454.4,9455.9999375,background
S01_U04.CH4.wav,9455.84,9456.1599375,foreground
S01_U04.CH4.wav,9456,9456.3999375,background
S01_U04.CH4.wav,9456.24,9456.9599375,foreground
S01_U04.CH4.wav,9456.8,9457.1199375,background
S01_U04.CH4.wav,9456.96,9457.4799375,foreground
S01_U04.CH4.wav,9457.32,9457.5599375,background
S01_U04.CH4.wav,9457.4,9457.9199375,foreground
S01_U04.CH4.wav,9457.76,9460.0799375,background
S01_U04.CH4.wav,9459.92,9460.1599375,foreground
S01_U04.CH4.wav,9460,9460.1999375,background
S01_U04.CH4.wav,9460.04,9460.2399375,foreground
S01_U04.CH4.wav,9460.08,9460.8399375,background
S01_U04.CH4.wav,9460.68,9460.9599375,foreground
S01_U04.CH4.wav,9460.8,9461.3599375,background
S01_U04.CH4.wav,9461.2,9461.9199375,foreground
S01_U04.CH4.wav,9461.76,9462.7999375,background
S01_U04.CH4.wav,9462.64,9462.9599375,foreground
S01_U04.CH4.wav,9462.8,9464.7199375,background
S01_U04.CH4.wav,9464.56,9464.9199375,foreground
S01_U04.CH4.wav,9464.76,9465.1999375,background
S01_U04.CH4.wav,9465.04,9465.2799375,foreground
S01_U04.CH4.wav,9465.12,9465.4399375,background
S01_U04.CH4.wav,9465.28,9465.5199375,foreground
S01_U04.CH4.wav,9465.36,9467.8399375,background
S01_U04.CH4.wav,9467.68,9467.8799375,foreground
S01_U04.CH4.wav,9467.72,9469.9199375,background
S01_U04.CH4.wav,9469.76,9470.4399375,foreground
S01_U04.CH4.wav,9470.28,9471.9599375,background
S01_U04.CH4.wav,9471.8,9471.9999375,foreground
S01_U04.CH4.wav,9471.84,9473.3599375,background
S01_U04.CH4.wav,9473.2,9473.3999375,foreground
S01_U04.CH4.wav,9473.24,9473.6799375,background
S01_U04.CH4.wav,9473.52,9473.7599375,foreground
S01_U04.CH4.wav,9473.6,9474.0399375,background
S01_U04.CH4.wav,9473.88,9474.1599375,foreground
S01_U04.CH4.wav,9474,9474.4799375,background
S01_U04.CH4.wav,9474.32,9474.5999375,foreground
S01_U04.CH4.wav,9474.44,9474.7599375,background
S01_U04.CH4.wav,9474.6,9474.8799375,foreground
S01_U04.CH4.wav,9474.72,9475.0399375,background
S01_U04.CH4.wav,9474.88,9475.1999375,foreground
S01_U04.CH4.wav,9475.04,9475.2399375,background
S01_U04.CH4.wav,9475.08,9475.2799375,foreground
S01_U04.CH4.wav,9475.12,9475.4399375,background
S01_U04.CH4.wav,9475.28,9475.5999375,foreground
S01_U04.CH4.wav,9475.44,9475.6399375,background
S01_U04.CH4.wav,9475.48,9475.8399375,foreground
S01_U04.CH4.wav,9475.68,9476.1599375,background
S01_U04.CH4.wav,9476,9476.3599375,foreground
S01_U04.CH4.wav,9476.2,9476.9199375,background
S01_U04.CH4.wav,9476.76,9476.9999375,foreground
S01_U04.CH4.wav,9476.84,9477.7599375,background
S01_U04.CH4.wav,9477.6,9478.2399375,foreground
S01_U04.CH4.wav,9478.08,9478.4399375,background
S01_U04.CH4.wav,9478.28,9478.9199375,foreground
S01_U04.CH4.wav,9478.76,9479.3199375,background
S01_U04.CH4.wav,9479.16,9479.5599375,foreground
S01_U04.CH4.wav,9479.4,9481.8799375,background
S01_U04.CH4.wav,9481.72,9482.9199375,foreground
S01_U04.CH4.wav,9482.76,9482.9999375,background
S01_U04.CH4.wav,9482.84,9483.0399375,foreground
S01_U04.CH4.wav,9482.88,9487.3599375,background
S01_U04.CH4.wav,9487.2,9487.4399375,foreground
S01_U04.CH4.wav,9487.28,9487.5599375,background
S01_U04.CH4.wav,9487.4,9487.7199375,foreground
S01_U04.CH4.wav,9487.56,9488.0399375,background
S01_U04.CH4.wav,9487.88,9488.2399375,foreground
S01_U04.CH4.wav,9488.08,9488.3999375,background
S01_U04.CH4.wav,9488.24,9488.6399375,foreground
S01_U04.CH4.wav,9488.48,9489.3999375,background
S01_U04.CH4.wav,9489.24,9490.2399375,foreground
S01_U04.CH4.wav,9490.08,9491.3999375,background
S01_U04.CH4.wav,9491.24,9491.7999375,foreground
S01_U04.CH4.wav,9491.64,9491.9199375,background
S01_U04.CH4.wav,9491.76,9491.9999375,foreground
S01_U04.CH4.wav,9491.84,9492.1999375,background
S01_U04.CH4.wav,9492.04,9492.3599375,foreground
S01_U04.CH4.wav,9492.2,9494.7199375,background
S01_U04.CH4.wav,9494.56,9494.7999375,foreground
S01_U04.CH4.wav,9494.64,9494.8399375,background
S01_U04.CH4.wav,9494.68,9494.9599375,foreground
S01_U04.CH4.wav,9494.8,9494.9999375,background
S01_U04.CH4.wav,9494.84,9495.0399375,foreground
S01_U04.CH4.wav,9494.88,9495.0799375,background
S01_U04.CH4.wav,9494.92,9495.1199375,foreground
S01_U04.CH4.wav,9494.96,9495.1999375,background
S01_U04.CH4.wav,9495.04,9495.3199375,foreground
S01_U04.CH4.wav,9495.16,9495.4399375,background
S01_U04.CH4.wav,9495.28,9495.7199375,foreground
S01_U04.CH4.wav,9495.56,9495.8399375,background
S01_U04.CH4.wav,9495.68,9495.9199375,foreground
S01_U04.CH4.wav,9495.76,9496.4799375,background
S01_U04.CH4.wav,9496.32,9496.5199375,foreground
S01_U04.CH4.wav,9496.36,9496.6799375,background
S01_U04.CH4.wav,9496.52,9496.7599375,foreground
S01_U04.CH4.wav,9496.6,9496.8799375,background
S01_U04.CH4.wav,9496.72,9496.9199375,foreground
S01_U04.CH4.wav,9496.76,9497.0399375,background
S01_U04.CH4.wav,9496.88,9497.0799375,foreground
S01_U04.CH4.wav,9496.92,9497.1599375,background
S01_U04.CH4.wav,9497,9497.6399375,foreground
S01_U04.CH4.wav,9497.48,9497.7199375,background
S01_U04.CH4.wav,9497.56,9498.2399375,foreground
S01_U04.CH4.wav,9498.08,9499.5999375,background
S01_U04.CH4.wav,9499.44,9499.7199375,foreground
S01_U04.CH4.wav,9499.56,9499.8799375,background
S01_U04.CH4.wav,9499.72,9499.9599375,foreground
S01_U04.CH4.wav,9499.8,9500.2399375,background
S01_U04.CH4.wav,9500.08,9500.4799375,foreground
S01_U04.CH4.wav,9500.32,9500.6399375,background
S01_U04.CH4.wav,9500.48,9500.7999375,foreground
S01_U04.CH4.wav,9500.64,9500.9999375,background
S01_U04.CH4.wav,9500.84,9501.0399375,foreground
S01_U04.CH4.wav,9500.88,9501.1199375,background
S01_U04.CH4.wav,9500.96,9501.1599375,foreground
S01_U04.CH4.wav,9501,9501.1999375,background
S01_U04.CH4.wav,9501.04,9501.3199375,foreground
S01_U04.CH4.wav,9501.16,9504.0399375,background
S01_U04.CH4.wav,9503.88,9504.0799375,foreground
S01_U04.CH4.wav,9503.92,9504.4799375,background
S01_U04.CH4.wav,9504.32,9504.5599375,foreground
S01_U04.CH4.wav,9504.4,9504.6399375,background
S01_U04.CH4.wav,9504.48,9504.7199375,foreground
S01_U04.CH4.wav,9504.56,9504.9199375,background
S01_U04.CH4.wav,9504.76,9504.9599375,foreground
S01_U04.CH4.wav,9504.8,9505.2399375,background
S01_U04.CH4.wav,9505.08,9505.2799375,foreground
S01_U04.CH4.wav,9505.12,9505.3599375,background
S01_U04.CH4.wav,9505.2,9505.3999375,foreground
S01_U04.CH4.wav,9505.24,9505.4799375,background
S01_U04.CH4.wav,9505.32,9505.5999375,foreground
S01_U04.CH4.wav,9505.44,9506.1599375,background
S01_U04.CH4.wav,9506,9506.3199375,foreground
S01_U04.CH4.wav,9506.16,9506.4799375,background
S01_U04.CH4.wav,9506.32,9506.5599375,foreground
S01_U04.CH4.wav,9506.4,9506.6399375,background
S01_U04.CH4.wav,9506.48,9506.8799375,foreground
S01_U04.CH4.wav,9506.72,9507.0399375,background
S01_U04.CH4.wav,9506.88,9507.1599375,foreground
S01_U04.CH4.wav,9507,9507.3599375,background
S01_U04.CH4.wav,9507.2,9507.3999375,foreground
S01_U04.CH4.wav,9507.24,9508.1199375,background
S01_U04.CH4.wav,9507.96,9508.3999375,foreground
S01_U04.CH4.wav,9508.24,9510.1199375,background
S01_U04.CH4.wav,9509.96,9510.1999375,foreground
S01_U04.CH4.wav,9510.04,9510.3199375,background
S01_U04.CH4.wav,9510.16,9510.6799375,foreground
S01_U04.CH4.wav,9510.52,9510.9599375,background
S01_U04.CH4.wav,9510.8,9511.3199375,foreground
S01_U04.CH4.wav,9511.16,9511.3599375,background
S01_U04.CH4.wav,9511.2,9511.5599375,foreground
S01_U04.CH4.wav,9511.4,9511.6399375,background
S01_U04.CH4.wav,9511.48,9511.9599375,foreground
S01_U04.CH4.wav,9511.8,9515.0399375,background
S01_U04.CH4.wav,9514.88,9515.2799375,foreground
S01_U04.CH4.wav,9515.12,9515.6399375,background
S01_U04.CH4.wav,9515.48,9516.0399375,foreground
S01_U04.CH4.wav,9515.88,9516.4799375,background
S01_U04.CH4.wav,9516.32,9516.6799375,foreground
S01_U04.CH4.wav,9516.52,9516.9999375,background
S01_U04.CH4.wav,9516.84,9517.5999375,foreground
S01_U04.CH4.wav,9517.44,9518.1999375,background
S01_U04.CH4.wav,9518.04,9518.5599375,foreground
S01_U04.CH4.wav,9518.4,9518.5999375,background
S01_U04.CH4.wav,9518.44,9518.6399375,foreground
S01_U04.CH4.wav,9518.48,9518.9599375,background
S01_U04.CH4.wav,9518.8,9518.9999375,foreground
S01_U04.CH4.wav,9518.84,9519.2799375,background
S01_U04.CH4.wav,9519.12,9519.5599375,foreground
S01_U04.CH4.wav,9519.4,9519.5999375,background
S01_U04.CH4.wav,9519.44,9519.9199375,foreground
S01_U04.CH4.wav,9519.76,9520.2399375,background
S01_U04.CH4.wav,9520.08,9520.3199375,foreground
S01_U04.CH4.wav,9520.16,9521.9999375,background
S01_U04.CH4.wav,9521.84,9522.4799375,foreground
S01_U04.CH4.wav,9522.32,9522.8399375,background
S01_U04.CH4.wav,9522.68,9522.9599375,foreground
S01_U04.CH4.wav,9522.8,9522.9999375,background
S01_U04.CH4.wav,9522.84,9523.2399375,foreground
S01_U04.CH4.wav,9523.08,9523.5199375,background
S01_U04.CH4.wav,9523.36,9523.6399375,foreground
S01_U04.CH4.wav,9523.48,9523.7199375,background
S01_U04.CH4.wav,9523.56,9523.7599375,foreground
S01_U04.CH4.wav,9523.6,9523.9999375,background
S01_U04.CH4.wav,9523.84,9524.0399375,foreground
S01_U04.CH4.wav,9523.88,9524.1999375,background
S01_U04.CH4.wav,9524.04,9524.7199375,foreground
S01_U04.CH4.wav,9524.56,9524.8399375,background
S01_U04.CH4.wav,9524.68,9525.2799375,foreground
S01_U04.CH4.wav,9525.12,9525.3599375,background
S01_U04.CH4.wav,9525.2,9525.3999375,foreground
S01_U04.CH4.wav,9525.24,9525.5599375,background
S01_U04.CH4.wav,9525.4,9525.9199375,foreground
S01_U04.CH4.wav,9525.76,9526.0399375,background
S01_U04.CH4.wav,9525.88,9526.1599375,foreground
S01_U04.CH4.wav,9526,9526.3199375,background
S01_U04.CH4.wav,9526.16,9526.4399375,foreground
S01_U04.CH4.wav,9526.28,9526.6399375,background
S01_U04.CH4.wav,9526.48,9526.6799375,foreground
S01_U04.CH4.wav,9526.52,9526.7199375,background
S01_U04.CH4.wav,9526.56,9526.8399375,foreground
S01_U04.CH4.wav,9526.68,9526.9199375,background
S01_U04.CH4.wav,9526.76,9527.4799375,foreground
S01_U04.CH4.wav,9527.32,9528.7599375,background
S01_U04.CH4.wav,9528.6,9529.0399375,foreground
S01_U04.CH4.wav,9528.88,9529.7599375,background
S01_U04.CH4.wav,9529.6,9529.7999375,foreground
S01_U04.CH4.wav,9529.64,9529.8799375,background
S01_U04.CH4.wav,9529.72,9530.3199375,foreground
S01_U04.CH4.wav,9530.16,9530.7999375,background
S01_U04.CH4.wav,9530.64,9531.3599375,foreground
S01_U04.CH4.wav,9531.2,9531.4799375,background
S01_U04.CH4.wav,9531.32,9531.7999375,foreground
S01_U04.CH4.wav,9531.64,9533.3199375,background
S01_U04.CH4.wav,9533.16,9533.7599375,foreground
S01_U04.CH4.wav,9533.6,9533.9599375,background
S01_U04.CH4.wav,9533.8,9534.4399375,foreground
S01_U04.CH4.wav,9534.28,9534.6799375,background
S01_U04.CH4.wav,9534.52,9534.7599375,foreground
S01_U04.CH4.wav,9534.6,9535.5999375,background
S01_U04.CH4.wav,9535.44,9535.6799375,foreground
S01_U04.CH4.wav,9535.52,9535.9599375,background
S01_U04.CH4.wav,9535.8,9536.1199375,foreground
S01_U04.CH4.wav,9535.96,9537.7199375,background
S01_U04.CH4.wav,9537.56,9537.7599375,foreground
S01_U04.CH4.wav,9537.6,9537.9199375,background
S01_U04.CH4.wav,9537.76,9538.0399375,foreground
S01_U04.CH4.wav,9537.88,9538.2399375,background
S01_U04.CH4.wav,9538.08,9538.2799375,foreground
S01_U04.CH4.wav,9538.12,9539.1999375,background
S01_U04.CH4.wav,9539.04,9539.2799375,foreground
S01_U04.CH4.wav,9539.12,9539.3599375,background
S01_U04.CH4.wav,9539.2,9539.3999375,foreground
S01_U04.CH4.wav,9539.24,9539.7599375,background
S01_U04.CH4.wav,9539.6,9539.8799375,foreground
S01_U04.CH4.wav,9539.72,9540.5599375,background
S01_U04.CH4.wav,9540.4,9540.7999375,foreground
S01_U04.CH4.wav,9540.64,9541.3999375,background
S01_U04.CH4.wav,9541.24,9541.5999375,foreground
S01_U04.CH4.wav,9541.44,9542.0399375,background
S01_U04.CH4.wav,9541.88,9542.0799375,foreground
S01_U04.CH4.wav,9541.92,9542.2399375,background
S01_U04.CH4.wav,9542.08,9542.2799375,foreground
S01_U04.CH4.wav,9542.12,9542.3599375,background
S01_U04.CH4.wav,9542.2,9542.4799375,foreground
S01_U04.CH4.wav,9542.32,9542.5199375,background
S01_U04.CH4.wav,9542.36,9542.5599375,foreground
S01_U04.CH4.wav,9542.4,9544.1199375,background
