Audiofile,start,end,class
S01_U04.CH4.wav,0,4.3199375,background
S01_U04.CH4.wav,4.16,4.3599375,foreground
S01_U04.CH4.wav,4.2,6.9599375,background
S01_U04.CH4.wav,6.8,7.0399375,foreground
S01_U04.CH4.wav,6.88,10.7999375,background
S01_U04.CH4.wav,10.64,10.8399375,foreground
S01_U04.CH4.wav,10.68,12.0399375,background
S01_U04.CH4.wav,11.88,12.1199375,foreground
S01_U04.CH4.wav,11.96,15.3199375,background
S01_U04.CH4.wav,15.16,15.3999375,foreground
S01_U04.CH4.wav,15.24,15.4399375,background
S01_U04.CH4.wav,15.28,15.5199375,foreground
S01_U04.CH4.wav,15.36,15.5999375,background
S01_U04.CH4.wav,15.44,15.9199375,foreground
S01_U04.CH4.wav,15.76,19.1999375,background
S01_U04.CH4.wav,19.04,19.2799375,foreground
S01_U04.CH4.wav,19.12,42.6399375,background
S01_U04.CH4.wav,42.48,42.6799375,foreground
S01_U04.CH4.wav,42.52,48.7599375,background
S01_U04.CH4.wav,48.6,48.7999375,foreground
S01_U04.CH4.wav,48.64,51.1599375,background
S01_U04.CH4.wav,51,51.2799375,foreground
S01_U04.CH4.wav,51.12,57.0399375,background
S01_U04.CH4.wav,56.88,57.1199375,foreground
S01_U04.CH4.wav,56.96,65.9199375,background
S01_U04.CH4.wav,65.76,66.1199375,foreground
S01_U04.CH4.wav,65.96,79.1999375,background
S01_U04.CH4.wav,79.04,79.2799375,foreground
S01_U04.CH4.wav,79.12,81.1199375,background
S01_U04.CH4.wav,80.96,81.1999375,foreground
S01_U04.CH4.wav,81.04,82.5199375,background
S01_U04.CH4.wav,82.36,82.5599375,foreground
S01_U04.CH4.wav,82.4,82.6399375,background
S01_U04.CH4.wav,82.48,82.7999375,foreground
S01_U04.CH4.wav,82.64,93.6799375,background
S01_U04.CH4.wav,93.52,93.7199375,foreground
S01_U04.CH4.wav,93.56,117.1999375,background
S01_U04.CH4.wav,117.04,117.2799375,foreground
S01_U04.CH4.wav,117.12,127.7999375,background
S01_U04.CH4.wav,127.64,127.8399375,foreground
S01_U04.CH4.wav,127.68,142.1599375,background
S01_U04.CH4.wav,142,142.3599375,foreground
S01_U04.CH4.wav,142.2,142.7999375,background
S01_U04.CH4.wav,142.64,142.8399375,foreground
S01_U04.CH4.wav,142.68,148.0799375,background
S01_U04.CH4.wav,147.92,148.2399375,foreground
S01_U04.CH4.wav,148.08,221.9199375,background
S01_U04.CH4.wav,221.76,221.9999375,foreground
S01_U04.CH4.wav,221.84,230.2399375,background
S01_U04.CH4.wav,230.08,230.3599375,foreground
S01_U04.CH4.wav,230.2,252.6399375,background
S01_U04.CH4.wav,252.48,252.8399375,foreground
S01_U04.CH4.wav,252.68,253.1199375,background
S01_U04.CH4.wav,252.96,253.1999375,foreground
S01_U04.CH4.wav,253.04,254.7599375,background
S01_U04.CH4.wav,254.6,254.8399375,foreground
S01_U04.CH4.wav,254.68,264.3199375,background
S01_U04.CH4.wav,264.16,264.3999375,foreground
S01_U04.CH4.wav,264.24,264.4399375,background
S01_U04.CH4.wav,264.28,264.4799375,foreground
S01_U04.CH4.wav,264.32,268.1199375,background
S01_U04.CH4.wav,267.96,268.2799375,foreground
S01_U04.CH4.wav,268.12,271.2399375,background
S01_U04.CH4.wav,271.08,271.3599375,foreground
S01_U04.CH4.wav,271.2,276.5999375,background
S01_U04.CH4.wav,276.44,276.6399375,foreground
S01_U04.CH4.wav,276.48,284.3999375,background
S01_U04.CH4.wav,284.24,284.6799375,foreground
S01_U04.CH4.wav,284.52,284.9199375,background
S01_U04.CH4.wav,284.76,284.9599375,foreground
S01_U04.CH4.wav,284.8,288.1999375,background
S01_U04.CH4.wav,288.04,288.5599375,foreground
S01_U04.CH4.wav,288.4,289.9599375,background
S01_U04.CH4.wav,289.8,290.0399375,foreground
S01_U04.CH4.wav,289.88,291.5599375,background
S01_U04.CH4.wav,291.4,291.7599375,foreground
S01_U04.CH4.wav,291.6,297.2399375,background
S01_U04.CH4.wav,297.08,297.2799375,foreground
S01_U04.CH4.wav,297.12,297.9599375,background
S01_U04.CH4.wav,297.8,298.0399375,foreground
S01_U04.CH4.wav,297.88,320.0799375,background
S01_U04.CH4.wav,319.92,320.2799375,foreground
S01_U04.CH4.wav,320.12,349.0399375,background
S01_U04.CH4.wav,348.88,349.1599375,foreground
S01_U04.CH4.wav,349,351.9599375,background
S01_U04.CH4.wav,351.8,351.9999375,foreground
S01_U04.CH4.wav,351.84,357.9599375,background
S01_U04.CH4.wav,357.8,357.9999375,foreground
S01_U04.CH4.wav,357.84,372.4799375,background
S01_U04.CH4.wav,372.32,372.5199375,foreground
S01_U04.CH4.wav,372.36,378.9199375,background
S01_U04.CH4.wav,378.76,378.9999375,foreground
S01_U04.CH4.wav,378.84,379.9199375,background
S01_U04.CH4.wav,379.76,380.1599375,foreground
S01_U04.CH4.wav,380,381.0799375,background
S01_U04.CH4.wav,380.92,381.2399375,foreground
S01_U04.CH4.wav,381.08,387.5599375,background
S01_U04.CH4.wav,387.4,387.8399375,foreground
S01_U04.CH4.wav,387.68,389.8399375,background
S01_U04.CH4.wav,389.68,390.2399375,foreground
S01_U04.CH4.wav,390.08,391.0799375,background
S01_U04.CH4.wav,390.92,391.3199375,foreground
S01_U04.CH4.wav,391.16,395.2399375,background
S01_U04.CH4.wav,395.08,395.4799375,foreground
S01_U04.CH4.wav,395.32,396.1599375,background
S01_U04.CH4.wav,396,396.2799375,foreground
S01_U04.CH4.wav,396.12,396.5599375,background
S01_U04.CH4.wav,396.4,396.7199375,foreground
S01_U04.CH4.wav,396.56,399.9199375,background
S01_U04.CH4.wav,399.76,399.9599375,foreground
S01_U04.CH4.wav,399.8,403.4399375,background
S01_U04.CH4.wav,403.28,403.5999375,foreground
S01_U04.CH4.wav,403.44,404.5199375,background
S01_U04.CH4.wav,404.36,404.6399375,foreground
S01_U04.CH4.wav,404.48,410.5599375,background
S01_U04.CH4.wav,410.4,410.7999375,foreground
S01_U04.CH4.wav,410.64,411.9999375,background
S01_U04.CH4.wav,411.84,412.0399375,foreground
S01_U04.CH4.wav,411.88,415.8399375,background
S01_U04.CH4.wav,415.68,415.9599375,foreground
S01_U04.CH4.wav,415.8,430.7999375,background
S01_U04.CH4.wav,430.64,430.9199375,foreground
S01_U04.CH4.wav,430.76,432.5599375,background
S01_U04.CH4.wav,432.4,432.6799375,foreground
S01_U04.CH4.wav,432.52,435.7199375,background
S01_U04.CH4.wav,435.56,435.7599375,foreground
S01_U04.CH4.wav,435.6,436.7599375,background
S01_U04.CH4.wav,436.6,436.8399375,foreground
S01_U04.CH4.wav,436.68,441.2399375,background
S01_U04.CH4.wav,441.08,441.3199375,foreground
S01_U04.CH4.wav,441.16,450.5599375,background
S01_U04.CH4.wav,450.4,450.6399375,foreground
S01_U04.CH4.wav,450.48,451.7199375,background
S01_U04.CH4.wav,451.56,451.8799375,foreground
S01_U04.CH4.wav,451.72,454.1199375,background
S01_U04.CH4.wav,453.96,454.3199375,foreground
S01_U04.CH4.wav,454.16,454.5999375,background
S01_U04.CH4.wav,454.44,454.9199375,foreground
S01_U04.CH4.wav,454.76,461.3999375,background
S01_U04.CH4.wav,461.24,461.5199375,foreground
S01_U04.CH4.wav,461.36,464.7599375,background
S01_U04.CH4.wav,464.6,465.0799375,foreground
S01_U04.CH4.wav,464.92,465.5999375,background
S01_U04.CH4.wav,465.44,465.7199375,foreground
S01_U04.CH4.wav,465.56,498.5199375,background
S01_U04.CH4.wav,498.36,498.5599375,foreground
S01_U04.CH4.wav,498.4,542.4799375,background
S01_U04.CH4.wav,542.32,542.5199375,foreground
S01_U04.CH4.wav,542.36,556.8399375,background
S01_U04.CH4.wav,556.68,556.9199375,foreground
S01_U04.CH4.wav,556.76,580.8399375,background
S01_U04.CH4.wav,580.68,580.8799375,foreground
S01_U04.CH4.wav,580.72,595.2399375,background
S01_U04.CH4.wav,595.08,595.2799375,foreground
S01_U04.CH4.wav,595.12,602.3999375,background
S01_U04.CH4.wav,602.24,602.5599375,foreground
S01_U04.CH4.wav,602.4,602.7199375,background
S01_U04.CH4.wav,602.56,602.7599375,foreground
S01_U04.CH4.wav,602.6,606.4399375,background
S01_U04.CH4.wav,606.28,606.5599375,foreground
S01_U04.CH4.wav,606.4,612.5199375,background
S01_U04.CH4.wav,612.36,612.5999375,foreground
S01_U04.CH4.wav,612.44,613.9999375,background
S01_U04.CH4.wav,613.84,614.1999375,foreground
S01_U04.CH4.wav,614.04,614.3999375,background
S01_U04.CH4.wav,614.24,614.4399375,foreground
S01_U04.CH4.wav,614.28,614.6799375,background
S01_U04.CH4.wav,614.52,614.7199375,foreground
S01_U04.CH4.wav,614.56,616.7199375,background
S01_U04.CH4.wav,616.56,616.8399375,foreground
S01_U04.CH4.wav,616.68,621.3999375,background
S01_U04.CH4.wav,621.24,621.7999375,foreground
S01_U04.CH4.wav,621.64,622.0399375,background
S01_U04.CH4.wav,621.88,622.2799375,foreground
S01_U04.CH4.wav,622.12,642.9999375,background
S01_U04.CH4.wav,642.84,643.1599375,foreground
S01_U04.CH4.wav,643,644.4799375,background
S01_U04.CH4.wav,644.32,644.5199375,foreground
S01_U04.CH4.wav,644.36,654.2399375,background
S01_U04.CH4.wav,654.08,654.2799375,foreground
S01_U04.CH4.wav,654.12,658.2399375,background
S01_U04.CH4.wav,658.08,658.3599375,foreground
S01_U04.CH4.wav,658.2,660.1599375,background
S01_U04.CH4.wav,660,660.2399375,foreground
S01_U04.CH4.wav,660.08,705.1199375,background
S01_U04.CH4.wav,704.96,705.2399375,foreground
S01_U04.CH4.wav,705.08,712.2399375,background
S01_U04.CH4.wav,712.08,712.3199375,foreground
S01_U04.CH4.wav,712.16,728.1599375,background
S01_U04.CH4.wav,728,728.2399375,foreground
S01_U04.CH4.wav,728.08,744.7199375,background
S01_U04.CH4.wav,744.56,744.9199375,foreground
S01_U04.CH4.wav,744.76,745.1199375,background
S01_U04.CH4.wav,744.96,745.1599375,foreground
S01_U04.CH4.wav,745,745.8399375,background
S01_U04.CH4.wav,745.68,745.9999375,foreground
S01_U04.CH4.wav,745.84,755.9199375,background
S01_U04.CH4.wav,755.76,755.9599375,foreground
S01_U04.CH4.wav,755.8,758.8799375,background
S01_U04.CH4.wav,758.72,759.2799375,foreground
S01_U04.CH4.wav,759.12,764.1599375,background
S01_U04.CH4.wav,764,764.1999375,foreground
S01_U04.CH4.wav,764.04,769.0399375,background
S01_U04.CH4.wav,768.88,769.1199375,foreground
S01_U04.CH4.wav,768.96,769.9199375,background
S01_U04.CH4.wav,769.76,769.9999375,foreground
S01_U04.CH4.wav,769.84,770.9999375,background
S01_U04.CH4.wav,770.84,771.0399375,foreground
S01_U04.CH4.wav,770.88,772.0799375,background
S01_U04.CH4.wav,771.92,772.1599375,foreground
S01_U04.CH4.wav,772,772.5199375,background
S01_U04.CH4.wav,772.36,773.2799375,foreground
S01_U04.CH4.wav,773.12,773.7199375,background
S01_U04.CH4.wav,773.56,773.8799375,foreground
S01_U04.CH4.wav,773.72,774.6399375,background
S01_U04.CH4.wav,774.48,774.7999375,foreground
S01_U04.CH4.wav,774.64,776.0799375,background
S01_U04.CH4.wav,775.92,776.2399375,foreground
S01_U04.CH4.wav,776.08,777.4799375,background
S01_U04.CH4.wav,777.32,777.5999375,foreground
S01_U04.CH4.wav,777.44,777.6799375,background
S01_U04.CH4.wav,777.52,777.7199375,foreground
S01_U04.CH4.wav,777.56,780.7199375,background
S01_U04.CH4.wav,780.56,780.7999375,foreground
S01_U04.CH4.wav,780.64,781.7199375,background
S01_U04.CH4.wav,781.56,781.9199375,foreground
S01_U04.CH4.wav,781.76,785.5599375,background
S01_U04.CH4.wav,785.4,785.6399375,foreground
S01_U04.CH4.wav,785.48,794.2399375,background
S01_U04.CH4.wav,794.08,794.3199375,foreground
S01_U04.CH4.wav,794.16,818.1999375,background
S01_U04.CH4.wav,818.04,818.3999375,foreground
S01_U04.CH4.wav,818.24,822.2399375,background
S01_U04.CH4.wav,822.08,822.3199375,foreground
S01_U04.CH4.wav,822.16,828.3199375,background
S01_U04.CH4.wav,828.16,828.3599375,foreground
S01_U04.CH4.wav,828.2,831.9199375,background
S01_U04.CH4.wav,831.76,832.0399375,foreground
S01_U04.CH4.wav,831.88,835.2799375,background
S01_U04.CH4.wav,835.12,835.3999375,foreground
S01_U04.CH4.wav,835.24,835.4799375,background
S01_U04.CH4.wav,835.32,835.7199375,foreground
S01_U04.CH4.wav,835.56,845.7599375,background
S01_U04.CH4.wav,845.6,846.1199375,foreground
S01_U04.CH4.wav,845.96,857.3999375,background
S01_U04.CH4.wav,857.24,857.4799375,foreground
S01_U04.CH4.wav,857.32,879.7999375,background
S01_U04.CH4.wav,879.64,879.9599375,foreground
S01_U04.CH4.wav,879.8,881.3999375,background
S01_U04.CH4.wav,881.24,881.4799375,foreground
S01_U04.CH4.wav,881.32,885.6799375,background
S01_U04.CH4.wav,885.52,885.8799375,foreground
S01_U04.CH4.wav,885.72,891.4799375,background
S01_U04.CH4.wav,891.32,891.5199375,foreground
S01_U04.CH4.wav,891.36,896.4799375,background
S01_U04.CH4.wav,896.32,896.7599375,foreground
S01_U04.CH4.wav,896.6,897.4799375,background
S01_U04.CH4.wav,897.32,897.5999375,foreground
S01_U04.CH4.wav,897.44,901.9999375,background
S01_U04.CH4.wav,901.84,902.0799375,foreground
S01_U04.CH4.wav,901.92,926.7199375,background
S01_U04.CH4.wav,926.56,926.7999375,foreground
S01_U04.CH4.wav,926.64,927.0399375,background
S01_U04.CH4.wav,926.88,927.1199375,foreground
S01_U04.CH4.wav,926.96,943.2399375,background
S01_U04.CH4.wav,943.08,943.3999375,foreground
S01_U04.CH4.wav,943.24,946.6399375,background
S01_U04.CH4.wav,946.48,946.6799375,foreground
S01_U04.CH4.wav,946.52,947.6399375,background
S01_U04.CH4.wav,947.48,947.6799375,foreground
S01_U04.CH4.wav,947.52,955.3999375,background
S01_U04.CH4.wav,955.24,955.4399375,foreground
S01_U04.CH4.wav,955.28,961.1599375,background
S01_U04.CH4.wav,961,961.2399375,foreground
S01_U04.CH4.wav,961.08,997.3599375,background
S01_U04.CH4.wav,997.2,997.3999375,foreground
S01_U04.CH4.wav,997.24,997.4399375,background
S01_U04.CH4.wav,997.28,997.4799375,foreground
S01_U04.CH4.wav,997.32,1011.9199375,background
S01_U04.CH4.wav,1011.76,1011.9599375,foreground
S01_U04.CH4.wav,1011.8,1012.9599375,background
S01_U04.CH4.wav,1012.8,1013.1199375,foreground
S01_U04.CH4.wav,1012.96,1016.2399375,background
S01_U04.CH4.wav,1016.08,1016.3599375,foreground
S01_U04.CH4.wav,1016.2,1031.8799375,background
S01_U04.CH4.wav,1031.72,1031.9199375,foreground
S01_U04.CH4.wav,1031.76,1032.1599375,background
S01_U04.CH4.wav,1032,1032.3599375,foreground
S01_U04.CH4.wav,1032.2,1033.9199375,background
S01_U04.CH4.wav,1033.76,1033.9999375,foreground
S01_U04.CH4.wav,1033.84,1034.9599375,background
S01_U04.CH4.wav,1034.8,1034.9999375,foreground
S01_U04.CH4.wav,1034.84,1035.1199375,background
S01_U04.CH4.wav,1034.96,1035.3199375,foreground
S01_U04.CH4.wav,1035.16,1035.5999375,background
S01_U04.CH4.wav,1035.44,1035.7599375,foreground
S01_U04.CH4.wav,1035.6,1075.2399375,background
S01_U04.CH4.wav,1075.08,1075.3199375,foreground
S01_U04.CH4.wav,1075.16,1081.8399375,background
S01_U04.CH4.wav,1081.68,1081.9199375,foreground
S01_U04.CH4.wav,1081.76,1082.1199375,background
S01_U04.CH4.wav,1081.96,1082.2399375,foreground
S01_U04.CH4.wav,1082.08,1084.0799375,background
S01_U04.CH4.wav,1083.92,1084.1999375,foreground
S01_U04.CH4.wav,1084.04,1101.9999375,background
S01_U04.CH4.wav,1101.84,1102.1999375,foreground
S01_U04.CH4.wav,1102.04,1107.6799375,background
S01_U04.CH4.wav,1107.52,1107.9599375,foreground
S01_U04.CH4.wav,1107.8,1112.8399375,background
S01_U04.CH4.wav,1112.68,1112.9199375,foreground
S01_U04.CH4.wav,1112.76,1119.7599375,background
S01_U04.CH4.wav,1119.6,1119.9599375,foreground
S01_U04.CH4.wav,1119.8,1127.6399375,background
S01_U04.CH4.wav,1127.48,1127.7599375,foreground
S01_U04.CH4.wav,1127.6,1128.3599375,background
S01_U04.CH4.wav,1128.2,1128.5199375,foreground
S01_U04.CH4.wav,1128.36,1130.0399375,background
S01_U04.CH4.wav,1129.88,1130.1999375,foreground
S01_U04.CH4.wav,1130.04,1145.5199375,background
S01_U04.CH4.wav,1145.36,1145.5599375,foreground
S01_U04.CH4.wav,1145.4,1154.6399375,background
S01_U04.CH4.wav,1154.48,1154.8399375,foreground
S01_U04.CH4.wav,1154.68,1156.3199375,background
S01_U04.CH4.wav,1156.16,1156.4399375,foreground
S01_U04.CH4.wav,1156.28,1166.3599375,background
S01_U04.CH4.wav,1166.2,1167.0399375,foreground
S01_U04.CH4.wav,1166.88,1167.3999375,background
S01_U04.CH4.wav,1167.24,1167.4799375,foreground
S01_U04.CH4.wav,1167.32,1172.0799375,background
S01_U04.CH4.wav,1171.92,1172.1599375,foreground
S01_U04.CH4.wav,1172,1173.2399375,background
S01_U04.CH4.wav,1173.08,1173.3199375,foreground
S01_U04.CH4.wav,1173.16,1174.0399375,background
S01_U04.CH4.wav,1173.88,1174.1199375,foreground
S01_U04.CH4.wav,1173.96,1180.3199375,background
S01_U04.CH4.wav,1180.16,1180.4799375,foreground
S01_U04.CH4.wav,1180.32,1200.6799375,background
S01_U04.CH4.wav,1200.52,1200.7599375,foreground
S01_U04.CH4.wav,1200.6,1207.8399375,background
S01_U04.CH4.wav,1207.68,1207.9599375,foreground
S01_U04.CH4.wav,1207.8,1208.5599375,background
S01_U04.CH4.wav,1208.4,1208.9599375,foreground
S01_U04.CH4.wav,1208.8,1227.9199375,background
S01_U04.CH4.wav,1227.76,1228.1599375,foreground
S01_U04.CH4.wav,1228,1237.0799375,background
S01_U04.CH4.wav,1236.92,1237.1599375,foreground
S01_U04.CH4.wav,1237,1240.2799375,background
S01_U04.CH4.wav,1240.12,1240.4799375,foreground
S01_U04.CH4.wav,1240.32,1242.7599375,background
S01_U04.CH4.wav,1242.6,1243.0399375,foreground
S01_U04.CH4.wav,1242.88,1243.6399375,background
S01_U04.CH4.wav,1243.48,1243.7999375,foreground
S01_U04.CH4.wav,1243.64,1245.3199375,background
S01_U04.CH4.wav,1245.16,1245.3999375,foreground
S01_U04.CH4.wav,1245.24,1259.1599375,background
S01_U04.CH4.wav,1259,1259.2399375,foreground
S01_U04.CH4.wav,1259.08,1263.9599375,background
S01_U04.CH4.wav,1263.8,1264.1199375,foreground
S01_U04.CH4.wav,1263.96,1283.5199375,background
S01_U04.CH4.wav,1283.36,1283.5599375,foreground
S01_U04.CH4.wav,1283.4,1287.8799375,background
S01_U04.CH4.wav,1287.72,1288.0399375,foreground
S01_U04.CH4.wav,1287.88,1293.1999375,background
S01_U04.CH4.wav,1293.04,1293.2399375,foreground
S01_U04.CH4.wav,1293.08,1311.9599375,background
S01_U04.CH4.wav,1311.8,1312.0799375,foreground
S01_U04.CH4.wav,1311.92,1318.2399375,background
S01_U04.CH4.wav,1318.08,1318.2799375,foreground
S01_U04.CH4.wav,1318.12,1326.7199375,background
S01_U04.CH4.wav,1326.56,1326.8399375,foreground
S01_U04.CH4.wav,1326.68,1327.6399375,background
S01_U04.CH4.wav,1327.48,1327.9199375,foreground
S01_U04.CH4.wav,1327.76,1333.0799375,background
S01_U04.CH4.wav,1332.92,1333.1599375,foreground
S01_U04.CH4.wav,1333,1335.7599375,background
S01_U04.CH4.wav,1335.6,1335.8799375,foreground
S01_U04.CH4.wav,1335.72,1351.9599375,background
S01_U04.CH4.wav,1351.8,1351.9999375,foreground
S01_U04.CH4.wav,1351.84,1354.7199375,background
S01_U04.CH4.wav,1354.56,1354.7999375,foreground
S01_U04.CH4.wav,1354.64,1354.9999375,background
S01_U04.CH4.wav,1354.84,1355.3599375,foreground
S01_U04.CH4.wav,1355.2,1360.7999375,background
S01_U04.CH4.wav,1360.64,1361.1599375,foreground
S01_U04.CH4.wav,1361,1362.8799375,background
S01_U04.CH4.wav,1362.72,1362.9199375,foreground
S01_U04.CH4.wav,1362.76,1363.2799375,background
S01_U04.CH4.wav,1363.12,1363.3599375,foreground
S01_U04.CH4.wav,1363.2,1379.0799375,background
S01_U04.CH4.wav,1378.92,1379.2399375,foreground
S01_U04.CH4.wav,1379.08,1379.5999375,background
S01_U04.CH4.wav,1379.44,1379.6799375,foreground
S01_U04.CH4.wav,1379.52,1379.7199375,background
S01_U04.CH4.wav,1379.56,1380.0799375,foreground
S01_U04.CH4.wav,1379.92,1380.7999375,background
S01_U04.CH4.wav,1380.64,1380.9999375,foreground
S01_U04.CH4.wav,1380.84,1384.0799375,background
S01_U04.CH4.wav,1383.92,1384.1599375,foreground
S01_U04.CH4.wav,1384,1385.9999375,background
S01_U04.CH4.wav,1385.84,1386.0399375,foreground
S01_U04.CH4.wav,1385.88,1388.5999375,background
S01_U04.CH4.wav,1388.44,1388.7599375,foreground
S01_U04.CH4.wav,1388.6,1388.9199375,background
S01_U04.CH4.wav,1388.76,1389.0399375,foreground
S01_U04.CH4.wav,1388.88,1389.8799375,background
S01_U04.CH4.wav,1389.72,1389.9599375,foreground
S01_U04.CH4.wav,1389.8,1392.5599375,background
S01_U04.CH4.wav,1392.4,1392.5999375,foreground
S01_U04.CH4.wav,1392.44,1392.9599375,background
S01_U04.CH4.wav,1392.8,1392.9999375,foreground
S01_U04.CH4.wav,1392.84,1399.5199375,background
S01_U04.CH4.wav,1399.36,1399.7199375,foreground
S01_U04.CH4.wav,1399.56,1400.7999375,background
S01_U04.CH4.wav,1400.64,1400.9999375,foreground
S01_U04.CH4.wav,1400.84,1408.6399375,background
S01_U04.CH4.wav,1408.48,1408.7199375,foreground
S01_U04.CH4.wav,1408.56,1418.1999375,background
S01_U04.CH4.wav,1418.04,1418.2799375,foreground
S01_U04.CH4.wav,1418.12,1418.7999375,background
S01_U04.CH4.wav,1418.64,1419.0799375,foreground
S01_U04.CH4.wav,1418.92,1419.3199375,background
S01_U04.CH4.wav,1419.16,1419.5599375,foreground
S01_U04.CH4.wav,1419.4,1431.6799375,background
S01_U04.CH4.wav,1431.52,1431.7999375,foreground
S01_U04.CH4.wav,1431.64,1437.1999375,background
S01_U04.CH4.wav,1437.04,1437.5199375,foreground
S01_U04.CH4.wav,1437.36,1439.3999375,background
S01_U04.CH4.wav,1439.24,1439.4399375,foreground
S01_U04.CH4.wav,1439.28,1443.1599375,background
S01_U04.CH4.wav,1443,1443.1999375,foreground
S01_U04.CH4.wav,1443.04,1451.6799375,background
S01_U04.CH4.wav,1451.52,1452.0799375,foreground
S01_U04.CH4.wav,1451.92,1453.1999375,background
S01_U04.CH4.wav,1453.04,1453.2799375,foreground
S01_U04.CH4.wav,1453.12,1462.1599375,background
S01_U04.CH4.wav,1462,1462.2799375,foreground
S01_U04.CH4.wav,1462.12,1493.9999375,background
S01_U04.CH4.wav,1493.84,1494.0799375,foreground
S01_U04.CH4.wav,1493.92,1496.6399375,background
S01_U04.CH4.wav,1496.48,1496.8399375,foreground
S01_U04.CH4.wav,1496.68,1497.8799375,background
S01_U04.CH4.wav,1497.72,1497.9999375,foreground
S01_U04.CH4.wav,1497.84,1498.6799375,background
S01_U04.CH4.wav,1498.52,1498.7199375,foreground
S01_U04.CH4.wav,1498.56,1501.7199375,background
S01_U04.CH4.wav,1501.56,1501.8399375,foreground
S01_U04.CH4.wav,1501.68,1505.5599375,background
S01_U04.CH4.wav,1505.4,1505.6799375,foreground
S01_U04.CH4.wav,1505.52,1508.4799375,background
S01_U04.CH4.wav,1508.32,1508.6399375,foreground
S01_U04.CH4.wav,1508.48,1509.1199375,background
S01_U04.CH4.wav,1508.96,1509.3199375,foreground
S01_U04.CH4.wav,1509.16,1515.5999375,background
S01_U04.CH4.wav,1515.44,1515.6799375,foreground
S01_U04.CH4.wav,1515.52,1520.4799375,background
S01_U04.CH4.wav,1520.32,1520.5599375,foreground
S01_U04.CH4.wav,1520.4,1520.5999375,background
S01_U04.CH4.wav,1520.44,1520.7599375,foreground
S01_U04.CH4.wav,1520.6,1523.6799375,background
S01_U04.CH4.wav,1523.52,1523.8799375,foreground
S01_U04.CH4.wav,1523.72,1525.7199375,background
S01_U04.CH4.wav,1525.56,1525.9199375,foreground
S01_U04.CH4.wav,1525.76,1525.9599375,background
S01_U04.CH4.wav,1525.8,1526.0399375,foreground
S01_U04.CH4.wav,1525.88,1531.4799375,background
S01_U04.CH4.wav,1531.32,1531.5199375,foreground
S01_U04.CH4.wav,1531.36,1535.6399375,background
S01_U04.CH4.wav,1535.48,1535.7999375,foreground
S01_U04.CH4.wav,1535.64,1539.6799375,background
S01_U04.CH4.wav,1539.52,1539.7599375,foreground
S01_U04.CH4.wav,1539.6,1541.5999375,background
S01_U04.CH4.wav,1541.44,1541.7599375,foreground
S01_U04.CH4.wav,1541.6,1542.6799375,background
S01_U04.CH4.wav,1542.52,1542.7999375,foreground
S01_U04.CH4.wav,1542.64,1543.9199375,background
S01_U04.CH4.wav,1543.76,1544.1599375,foreground
S01_U04.CH4.wav,1544,1548.7599375,background
S01_U04.CH4.wav,1548.6,1548.7999375,foreground
S01_U04.CH4.wav,1548.64,1556.7599375,background
S01_U04.CH4.wav,1556.6,1556.8799375,foreground
S01_U04.CH4.wav,1556.72,1557.5199375,background
S01_U04.CH4.wav,1557.36,1557.8799375,foreground
S01_U04.CH4.wav,1557.72,1558.1599375,background
S01_U04.CH4.wav,1558,1558.5999375,foreground
S01_U04.CH4.wav,1558.44,1565.8399375,background
S01_U04.CH4.wav,1565.68,1565.9599375,foreground
S01_U04.CH4.wav,1565.8,1568.9999375,background
S01_U04.CH4.wav,1568.84,1569.1999375,foreground
S01_U04.CH4.wav,1569.04,1570.9199375,background
S01_U04.CH4.wav,1570.76,1571.1599375,foreground
S01_U04.CH4.wav,1571,1571.1999375,background
S01_U04.CH4.wav,1571.04,1571.3599375,foreground
S01_U04.CH4.wav,1571.2,1572.7199375,background
S01_U04.CH4.wav,1572.56,1572.7999375,foreground
S01_U04.CH4.wav,1572.64,1578.1999375,background
S01_U04.CH4.wav,1578.04,1578.2799375,foreground
S01_U04.CH4.wav,1578.12,1578.9599375,background
S01_U04.CH4.wav,1578.8,1578.9999375,foreground
S01_U04.CH4.wav,1578.84,1579.0399375,background
S01_U04.CH4.wav,1578.88,1579.0799375,foreground
S01_U04.CH4.wav,1578.92,1579.1999375,background
S01_U04.CH4.wav,1579.04,1579.5999375,foreground
S01_U04.CH4.wav,1579.44,1584.8399375,background
S01_U04.CH4.wav,1584.68,1585.5599375,foreground
S01_U04.CH4.wav,1585.4,1586.2799375,background
S01_U04.CH4.wav,1586.12,1586.3199375,foreground
S01_U04.CH4.wav,1586.16,1587.1599375,background
S01_U04.CH4.wav,1587,1587.1999375,foreground
S01_U04.CH4.wav,1587.04,1587.3599375,background
S01_U04.CH4.wav,1587.2,1587.5199375,foreground
S01_U04.CH4.wav,1587.36,1589.5199375,background
S01_U04.CH4.wav,1589.36,1589.5599375,foreground
S01_U04.CH4.wav,1589.4,1592.5599375,background
S01_U04.CH4.wav,1592.4,1592.6399375,foreground
S01_U04.CH4.wav,1592.48,1594.4399375,background
S01_U04.CH4.wav,1594.28,1594.5599375,foreground
S01_U04.CH4.wav,1594.4,1616.8799375,background
S01_U04.CH4.wav,1616.72,1616.9199375,foreground
S01_U04.CH4.wav,1616.76,1619.0799375,background
S01_U04.CH4.wav,1618.92,1619.1199375,foreground
S01_U04.CH4.wav,1618.96,1624.3999375,background
S01_U04.CH4.wav,1624.24,1624.5599375,foreground
S01_U04.CH4.wav,1624.4,1626.2799375,background
S01_U04.CH4.wav,1626.12,1626.7199375,foreground
S01_U04.CH4.wav,1626.56,1632.7999375,background
S01_U04.CH4.wav,1632.64,1632.8399375,foreground
S01_U04.CH4.wav,1632.68,1637.7999375,background
S01_U04.CH4.wav,1637.64,1638.2799375,foreground
S01_U04.CH4.wav,1638.12,1642.0799375,background
S01_U04.CH4.wav,1641.92,1642.3599375,foreground
S01_U04.CH4.wav,1642.2,1646.1599375,background
S01_U04.CH4.wav,1646,1646.2799375,foreground
S01_U04.CH4.wav,1646.12,1648.1999375,background
S01_U04.CH4.wav,1648.04,1648.2399375,foreground
S01_U04.CH4.wav,1648.08,1650.9199375,background
S01_U04.CH4.wav,1650.76,1651.1199375,foreground
S01_U04.CH4.wav,1650.96,1654.3999375,background
S01_U04.CH4.wav,1654.24,1654.7599375,foreground
S01_U04.CH4.wav,1654.6,1655.1999375,background
S01_U04.CH4.wav,1655.04,1655.3999375,foreground
S01_U04.CH4.wav,1655.24,1658.1199375,background
S01_U04.CH4.wav,1657.96,1658.2799375,foreground
S01_U04.CH4.wav,1658.12,1659.7999375,background
S01_U04.CH4.wav,1659.64,1659.9599375,foreground
S01_U04.CH4.wav,1659.8,1660.0799375,background
S01_U04.CH4.wav,1659.92,1660.2399375,foreground
S01_U04.CH4.wav,1660.08,1661.3599375,background
S01_U04.CH4.wav,1661.2,1661.3999375,foreground
S01_U04.CH4.wav,1661.24,1663.5199375,background
S01_U04.CH4.wav,1663.36,1663.5999375,foreground
S01_U04.CH4.wav,1663.44,1664.0799375,background
S01_U04.CH4.wav,1663.92,1664.5999375,foreground
S01_U04.CH4.wav,1664.44,1668.4799375,background
S01_U04.CH4.wav,1668.32,1668.5199375,foreground
S01_U04.CH4.wav,1668.36,1668.5599375,background
S01_U04.CH4.wav,1668.4,1668.5999375,foreground
S01_U04.CH4.wav,1668.44,1669.9199375,background
S01_U04.CH4.wav,1669.76,1670.0399375,foreground
S01_U04.CH4.wav,1669.88,1670.3199375,background
S01_U04.CH4.wav,1670.16,1670.3999375,foreground
S01_U04.CH4.wav,1670.24,1679.5599375,background
S01_U04.CH4.wav,1679.4,1679.7999375,foreground
S01_U04.CH4.wav,1679.64,1680.3199375,background
S01_U04.CH4.wav,1680.16,1680.3599375,foreground
S01_U04.CH4.wav,1680.2,1681.8799375,background
S01_U04.CH4.wav,1681.72,1681.9199375,foreground
S01_U04.CH4.wav,1681.76,1683.4399375,background
S01_U04.CH4.wav,1683.28,1683.5999375,foreground
S01_U04.CH4.wav,1683.44,1692.6399375,background
S01_U04.CH4.wav,1692.48,1692.7199375,foreground
S01_U04.CH4.wav,1692.56,1693.0399375,background
S01_U04.CH4.wav,1692.88,1693.2399375,foreground
S01_U04.CH4.wav,1693.08,1694.1999375,background
S01_U04.CH4.wav,1694.04,1694.3599375,foreground
S01_U04.CH4.wav,1694.2,1698.1599375,background
S01_U04.CH4.wav,1698,1698.3599375,foreground
S01_U04.CH4.wav,1698.2,1698.7599375,background
S01_U04.CH4.wav,1698.6,1698.9599375,foreground
S01_U04.CH4.wav,1698.8,1698.9999375,background
S01_U04.CH4.wav,1698.84,1699.1199375,foreground
S01_U04.CH4.wav,1698.96,1704.6399375,background
S01_U04.CH4.wav,1704.48,1704.7199375,foreground
S01_U04.CH4.wav,1704.56,1705.9999375,background
S01_U04.CH4.wav,1705.84,1706.2399375,foreground
S01_U04.CH4.wav,1706.08,1707.1199375,background
S01_U04.CH4.wav,1706.96,1707.4399375,foreground
S01_U04.CH4.wav,1707.28,1719.8399375,background
S01_U04.CH4.wav,1719.68,1719.9999375,foreground
S01_U04.CH4.wav,1719.84,1725.4399375,background
S01_U04.CH4.wav,1725.28,1725.6799375,foreground
S01_U04.CH4.wav,1725.52,1728.0399375,background
S01_U04.CH4.wav,1727.88,1728.4399375,foreground
S01_U04.CH4.wav,1728.28,1734.8399375,background
S01_U04.CH4.wav,1734.68,1734.9199375,foreground
S01_U04.CH4.wav,1734.76,1740.9199375,background
S01_U04.CH4.wav,1740.76,1740.9599375,foreground
S01_U04.CH4.wav,1740.8,1744.9199375,background
S01_U04.CH4.wav,1744.76,1745.0799375,foreground
S01_U04.CH4.wav,1744.92,1746.1599375,background
S01_U04.CH4.wav,1746,1746.2799375,foreground
S01_U04.CH4.wav,1746.12,1751.5999375,background
S01_U04.CH4.wav,1751.44,1751.7199375,foreground
S01_U04.CH4.wav,1751.56,1754.0799375,background
S01_U04.CH4.wav,1753.92,1754.1999375,foreground
S01_U04.CH4.wav,1754.04,1754.4799375,background
S01_U04.CH4.wav,1754.32,1754.5199375,foreground
S01_U04.CH4.wav,1754.36,1764.2799375,background
S01_U04.CH4.wav,1764.12,1764.3199375,foreground
S01_U04.CH4.wav,1764.16,1777.5199375,background
S01_U04.CH4.wav,1777.36,1777.7199375,foreground
S01_U04.CH4.wav,1777.56,1786.8799375,background
S01_U04.CH4.wav,1786.72,1786.9599375,foreground
S01_U04.CH4.wav,1786.8,1793.7999375,background
S01_U04.CH4.wav,1793.64,1793.8799375,foreground
S01_U04.CH4.wav,1793.72,1794.9999375,background
S01_U04.CH4.wav,1794.84,1795.3599375,foreground
S01_U04.CH4.wav,1795.2,1800.7999375,background
S01_U04.CH4.wav,1800.64,1800.8799375,foreground
S01_U04.CH4.wav,1800.72,1805.9199375,background
S01_U04.CH4.wav,1805.76,1805.9599375,foreground
S01_U04.CH4.wav,1805.8,1810.0399375,background
S01_U04.CH4.wav,1809.88,1810.1199375,foreground
S01_U04.CH4.wav,1809.96,1818.7199375,background
S01_U04.CH4.wav,1818.56,1819.0399375,foreground
S01_U04.CH4.wav,1818.88,1821.5199375,background
S01_U04.CH4.wav,1821.36,1821.7199375,foreground
S01_U04.CH4.wav,1821.56,1831.1199375,background
S01_U04.CH4.wav,1830.96,1831.2799375,foreground
S01_U04.CH4.wav,1831.12,1831.6399375,background
S01_U04.CH4.wav,1831.48,1831.6799375,foreground
S01_U04.CH4.wav,1831.52,1835.4799375,background
S01_U04.CH4.wav,1835.32,1835.6799375,foreground
S01_U04.CH4.wav,1835.52,1839.4799375,background
S01_U04.CH4.wav,1839.32,1839.5999375,foreground
S01_U04.CH4.wav,1839.44,1844.2399375,background
S01_U04.CH4.wav,1844.08,1844.3599375,foreground
S01_U04.CH4.wav,1844.2,1846.0799375,background
S01_U04.CH4.wav,1845.92,1846.1199375,foreground
S01_U04.CH4.wav,1845.96,1848.0799375,background
S01_U04.CH4.wav,1847.92,1849.4399375,foreground
S01_U04.CH4.wav,1849.28,1850.0399375,background
S01_U04.CH4.wav,1849.88,1850.9999375,foreground
S01_U04.CH4.wav,1850.84,1854.7199375,background
S01_U04.CH4.wav,1854.56,1854.7999375,foreground
S01_U04.CH4.wav,1854.64,1855.4399375,background
S01_U04.CH4.wav,1855.28,1855.6799375,foreground
S01_U04.CH4.wav,1855.52,1858.9999375,background
S01_U04.CH4.wav,1858.84,1859.2799375,foreground
S01_U04.CH4.wav,1859.12,1859.9999375,background
S01_U04.CH4.wav,1859.84,1860.1999375,foreground
S01_U04.CH4.wav,1860.04,1861.4799375,background
S01_U04.CH4.wav,1861.32,1861.6399375,foreground
S01_U04.CH4.wav,1861.48,1869.2399375,background
S01_U04.CH4.wav,1869.08,1869.3599375,foreground
S01_U04.CH4.wav,1869.2,1869.4399375,background
S01_U04.CH4.wav,1869.28,1869.5199375,foreground
S01_U04.CH4.wav,1869.36,1869.7199375,background
S01_U04.CH4.wav,1869.56,1869.9199375,foreground
S01_U04.CH4.wav,1869.76,1878.3199375,background
S01_U04.CH4.wav,1878.16,1878.3999375,foreground
S01_U04.CH4.wav,1878.24,1879.3599375,background
S01_U04.CH4.wav,1879.2,1879.5599375,foreground
S01_U04.CH4.wav,1879.4,1880.7999375,background
S01_U04.CH4.wav,1880.64,1880.9999375,foreground
S01_U04.CH4.wav,1880.84,1882.6399375,background
S01_U04.CH4.wav,1882.48,1882.7599375,foreground
S01_U04.CH4.wav,1882.6,1890.6799375,background
S01_U04.CH4.wav,1890.52,1890.7999375,foreground
S01_U04.CH4.wav,1890.64,1891.0799375,background
S01_U04.CH4.wav,1890.92,1891.1199375,foreground
S01_U04.CH4.wav,1890.96,1891.3199375,background
S01_U04.CH4.wav,1891.16,1891.3599375,foreground
S01_U04.CH4.wav,1891.2,1891.6799375,background
S01_U04.CH4.wav,1891.52,1891.8799375,foreground
S01_U04.CH4.wav,1891.72,1892.3599375,background
S01_U04.CH4.wav,1892.2,1892.5599375,foreground
S01_U04.CH4.wav,1892.4,1894.9599375,background
S01_U04.CH4.wav,1894.8,1895.1599375,foreground
S01_U04.CH4.wav,1895,1895.1999375,background
S01_U04.CH4.wav,1895.04,1895.3199375,foreground
S01_U04.CH4.wav,1895.16,1899.5999375,background
S01_U04.CH4.wav,1899.44,1900.0399375,foreground
S01_U04.CH4.wav,1899.88,1901.1999375,background
S01_U04.CH4.wav,1901.04,1901.2799375,foreground
S01_U04.CH4.wav,1901.12,1901.4799375,background
S01_U04.CH4.wav,1901.32,1901.5599375,foreground
S01_U04.CH4.wav,1901.4,1901.9199375,background
S01_U04.CH4.wav,1901.76,1902.1199375,foreground
S01_U04.CH4.wav,1901.96,1902.5999375,background
S01_U04.CH4.wav,1902.44,1902.6799375,foreground
S01_U04.CH4.wav,1902.52,1904.7199375,background
S01_U04.CH4.wav,1904.56,1904.7999375,foreground
S01_U04.CH4.wav,1904.64,1909.9999375,background
S01_U04.CH4.wav,1909.84,1910.1199375,foreground
S01_U04.CH4.wav,1909.96,1911.7999375,background
S01_U04.CH4.wav,1911.64,1911.8399375,foreground
S01_U04.CH4.wav,1911.68,1915.1999375,background
S01_U04.CH4.wav,1915.04,1915.3999375,foreground
S01_U04.CH4.wav,1915.24,1915.5999375,background
S01_U04.CH4.wav,1915.44,1915.7599375,foreground
S01_U04.CH4.wav,1915.6,1916.6399375,background
S01_U04.CH4.wav,1916.48,1916.7999375,foreground
S01_U04.CH4.wav,1916.64,1916.9999375,background
S01_U04.CH4.wav,1916.84,1917.1199375,foreground
S01_U04.CH4.wav,1916.96,1917.3199375,background
S01_U04.CH4.wav,1917.16,1917.8399375,foreground
S01_U04.CH4.wav,1917.68,1917.9199375,background
S01_U04.CH4.wav,1917.76,1918.0799375,foreground
S01_U04.CH4.wav,1917.92,1918.7199375,background
S01_U04.CH4.wav,1918.56,1918.7599375,foreground
S01_U04.CH4.wav,1918.6,1920.1199375,background
S01_U04.CH4.wav,1919.96,1920.2399375,foreground
S01_U04.CH4.wav,1920.08,1922.3599375,background
S01_U04.CH4.wav,1922.2,1922.4399375,foreground
S01_U04.CH4.wav,1922.28,1922.7999375,background
S01_U04.CH4.wav,1922.64,1922.9599375,foreground
S01_U04.CH4.wav,1922.8,1923.3199375,background
S01_U04.CH4.wav,1923.16,1923.3599375,foreground
S01_U04.CH4.wav,1923.2,1924.6399375,background
S01_U04.CH4.wav,1924.48,1924.6799375,foreground
S01_U04.CH4.wav,1924.52,1928.0399375,background
S01_U04.CH4.wav,1927.88,1928.4399375,foreground
S01_U04.CH4.wav,1928.28,1929.7199375,background
S01_U04.CH4.wav,1929.56,1929.9199375,foreground
S01_U04.CH4.wav,1929.76,1930.9999375,background
S01_U04.CH4.wav,1930.84,1931.4399375,foreground
S01_U04.CH4.wav,1931.28,1931.7999375,background
S01_U04.CH4.wav,1931.64,1931.9199375,foreground
S01_U04.CH4.wav,1931.76,1932.2399375,background
S01_U04.CH4.wav,1932.08,1932.6799375,foreground
S01_U04.CH4.wav,1932.52,1935.0399375,background
S01_U04.CH4.wav,1934.88,1935.1199375,foreground
S01_U04.CH4.wav,1934.96,1936.5999375,background
S01_U04.CH4.wav,1936.44,1936.6799375,foreground
S01_U04.CH4.wav,1936.52,1936.7199375,background
S01_U04.CH4.wav,1936.56,1937.1199375,foreground
S01_U04.CH4.wav,1936.96,1937.9599375,background
S01_U04.CH4.wav,1937.8,1938.3599375,foreground
S01_U04.CH4.wav,1938.2,1941.1199375,background
S01_U04.CH4.wav,1940.96,1941.2399375,foreground
S01_U04.CH4.wav,1941.08,1946.7199375,background
S01_U04.CH4.wav,1946.56,1946.8799375,foreground
S01_U04.CH4.wav,1946.72,1946.9199375,background
S01_U04.CH4.wav,1946.76,1946.9599375,foreground
S01_U04.CH4.wav,1946.8,1947.0399375,background
S01_U04.CH4.wav,1946.88,1947.1199375,foreground
S01_U04.CH4.wav,1946.96,1947.1599375,background
S01_U04.CH4.wav,1947,1947.3999375,foreground
S01_U04.CH4.wav,1947.24,1953.4799375,background
S01_U04.CH4.wav,1953.32,1953.5199375,foreground
S01_U04.CH4.wav,1953.36,1955.4399375,background
S01_U04.CH4.wav,1955.28,1955.6799375,foreground
S01_U04.CH4.wav,1955.52,1959.3999375,background
S01_U04.CH4.wav,1959.24,1959.6399375,foreground
S01_U04.CH4.wav,1959.48,1959.6799375,background
S01_U04.CH4.wav,1959.52,1959.8399375,foreground
S01_U04.CH4.wav,1959.68,1960.3999375,background
S01_U04.CH4.wav,1960.24,1960.8399375,foreground
S01_U04.CH4.wav,1960.68,1961.5999375,background
S01_U04.CH4.wav,1961.44,1961.7999375,foreground
S01_U04.CH4.wav,1961.64,1962.1999375,background
S01_U04.CH4.wav,1962.04,1962.2799375,foreground
S01_U04.CH4.wav,1962.12,1962.5599375,background
S01_U04.CH4.wav,1962.4,1962.6399375,foreground
S01_U04.CH4.wav,1962.48,1971.5999375,background
S01_U04.CH4.wav,1971.44,1971.9599375,foreground
S01_U04.CH4.wav,1971.8,1975.0799375,background
S01_U04.CH4.wav,1974.92,1975.1999375,foreground
S01_U04.CH4.wav,1975.04,1975.3199375,background
S01_U04.CH4.wav,1975.16,1975.3599375,foreground
S01_U04.CH4.wav,1975.2,1978.7199375,background
S01_U04.CH4.wav,1978.56,1978.8799375,foreground
S01_U04.CH4.wav,1978.72,1981.0399375,background
S01_U04.CH4.wav,1980.88,1981.1999375,foreground
S01_U04.CH4.wav,1981.04,1981.2399375,background
S01_U04.CH4.wav,1981.08,1981.3599375,foreground
S01_U04.CH4.wav,1981.2,1982.5199375,background
S01_U04.CH4.wav,1982.36,1982.7999375,foreground
S01_U04.CH4.wav,1982.64,1982.8799375,background
S01_U04.CH4.wav,1982.72,1983.1599375,foreground
S01_U04.CH4.wav,1983,1984.1199375,background
S01_U04.CH4.wav,1983.96,1984.5599375,foreground
S01_U04.CH4.wav,1984.4,1984.6799375,background
S01_U04.CH4.wav,1984.52,1984.9599375,foreground
S01_U04.CH4.wav,1984.8,1985.9999375,background
S01_U04.CH4.wav,1985.84,1986.0399375,foreground
S01_U04.CH4.wav,1985.88,1988.6399375,background
S01_U04.CH4.wav,1988.48,1988.7999375,foreground
S01_U04.CH4.wav,1988.64,1989.6399375,background
S01_U04.CH4.wav,1989.48,1989.9599375,foreground
S01_U04.CH4.wav,1989.8,1990.0799375,background
S01_U04.CH4.wav,1989.92,1990.4399375,foreground
S01_U04.CH4.wav,1990.28,1996.1999375,background
S01_U04.CH4.wav,1996.04,1996.3599375,foreground
S01_U04.CH4.wav,1996.2,1997.9999375,background
S01_U04.CH4.wav,1997.84,1998.1199375,foreground
S01_U04.CH4.wav,1997.96,2002.8799375,background
S01_U04.CH4.wav,2002.72,2002.9199375,foreground
S01_U04.CH4.wav,2002.76,2003.9199375,background
S01_U04.CH4.wav,2003.76,2003.9599375,foreground
S01_U04.CH4.wav,2003.8,2004.1599375,background
S01_U04.CH4.wav,2004,2004.5199375,foreground
S01_U04.CH4.wav,2004.36,2004.7599375,background
S01_U04.CH4.wav,2004.6,2004.8399375,foreground
S01_U04.CH4.wav,2004.68,2004.9599375,background
S01_U04.CH4.wav,2004.8,2004.9999375,foreground
S01_U04.CH4.wav,2004.84,2005.1599375,background
S01_U04.CH4.wav,2005,2005.4799375,foreground
S01_U04.CH4.wav,2005.32,2005.9199375,background
S01_U04.CH4.wav,2005.76,2006.0799375,foreground
S01_U04.CH4.wav,2005.92,2006.3599375,background
S01_U04.CH4.wav,2006.2,2006.5199375,foreground
S01_U04.CH4.wav,2006.36,2012.4399375,background
S01_U04.CH4.wav,2012.28,2012.7999375,foreground
S01_U04.CH4.wav,2012.64,2013.0399375,background
S01_U04.CH4.wav,2012.88,2013.3199375,foreground
S01_U04.CH4.wav,2013.16,2014.1199375,background
S01_U04.CH4.wav,2013.96,2014.4399375,foreground
S01_U04.CH4.wav,2014.28,2014.5599375,background
S01_U04.CH4.wav,2014.4,2014.7199375,foreground
S01_U04.CH4.wav,2014.56,2014.9599375,background
S01_U04.CH4.wav,2014.8,2015.7599375,foreground
S01_U04.CH4.wav,2015.6,2015.9199375,background
S01_U04.CH4.wav,2015.76,2016.3999375,foreground
S01_U04.CH4.wav,2016.24,2016.8799375,background
S01_U04.CH4.wav,2016.72,2017.1999375,foreground
S01_U04.CH4.wav,2017.04,2019.4399375,background
S01_U04.CH4.wav,2019.28,2019.5599375,foreground
S01_U04.CH4.wav,2019.4,2021.3599375,background
S01_U04.CH4.wav,2021.2,2021.4399375,foreground
S01_U04.CH4.wav,2021.28,2021.5999375,background
S01_U04.CH4.wav,2021.44,2021.7199375,foreground
S01_U04.CH4.wav,2021.56,2024.7199375,background
S01_U04.CH4.wav,2024.56,2024.8399375,foreground
S01_U04.CH4.wav,2024.68,2024.9999375,background
S01_U04.CH4.wav,2024.84,2025.2799375,foreground
S01_U04.CH4.wav,2025.12,2037.4399375,background
S01_U04.CH4.wav,2037.28,2037.4799375,foreground
S01_U04.CH4.wav,2037.32,2037.8399375,background
S01_U04.CH4.wav,2037.68,2038.1199375,foreground
S01_U04.CH4.wav,2037.96,2048.1599375,background
S01_U04.CH4.wav,2048,2048.2399375,foreground
S01_U04.CH4.wav,2048.08,2048.3599375,background
S01_U04.CH4.wav,2048.2,2048.5599375,foreground
S01_U04.CH4.wav,2048.4,2054.5199375,background
S01_U04.CH4.wav,2054.36,2054.5599375,foreground
S01_U04.CH4.wav,2054.4,2055.9199375,background
S01_U04.CH4.wav,2055.76,2056.3599375,foreground
S01_U04.CH4.wav,2056.2,2056.9999375,background
S01_U04.CH4.wav,2056.84,2057.0799375,foreground
S01_U04.CH4.wav,2056.92,2057.1599375,background
S01_U04.CH4.wav,2057,2057.2399375,foreground
S01_U04.CH4.wav,2057.08,2057.8399375,background
S01_U04.CH4.wav,2057.68,2057.8799375,foreground
S01_U04.CH4.wav,2057.72,2060.7199375,background
S01_U04.CH4.wav,2060.56,2060.9999375,foreground
S01_U04.CH4.wav,2060.84,2061.1199375,background
S01_U04.CH4.wav,2060.96,2061.1999375,foreground
S01_U04.CH4.wav,2061.04,2061.3199375,background
S01_U04.CH4.wav,2061.16,2061.4799375,foreground
S01_U04.CH4.wav,2061.32,2061.7999375,background
S01_U04.CH4.wav,2061.64,2061.9999375,foreground
S01_U04.CH4.wav,2061.84,2064.7999375,background
S01_U04.CH4.wav,2064.64,2064.8799375,foreground
S01_U04.CH4.wav,2064.72,2065.1999375,background
S01_U04.CH4.wav,2065.04,2065.5999375,foreground
S01_U04.CH4.wav,2065.44,2066.8799375,background
S01_U04.CH4.wav,2066.72,2066.9199375,foreground
S01_U04.CH4.wav,2066.76,2068.1999375,background
S01_U04.CH4.wav,2068.04,2068.3199375,foreground
S01_U04.CH4.wav,2068.16,2068.4799375,background
S01_U04.CH4.wav,2068.32,2068.5999375,foreground
S01_U04.CH4.wav,2068.44,2068.7599375,background
S01_U04.CH4.wav,2068.6,2068.8799375,foreground
S01_U04.CH4.wav,2068.72,2069.8799375,background
S01_U04.CH4.wav,2069.72,2069.9599375,foreground
S01_U04.CH4.wav,2069.8,2071.7999375,background
S01_U04.CH4.wav,2071.64,2071.8399375,foreground
S01_U04.CH4.wav,2071.68,2071.9199375,background
S01_U04.CH4.wav,2071.76,2071.9599375,foreground
S01_U04.CH4.wav,2071.8,2074.4399375,background
S01_U04.CH4.wav,2074.28,2074.5199375,foreground
S01_U04.CH4.wav,2074.36,2074.9199375,background
S01_U04.CH4.wav,2074.76,2075.0399375,foreground
S01_U04.CH4.wav,2074.88,2076.3999375,background
S01_U04.CH4.wav,2076.24,2076.4799375,foreground
S01_U04.CH4.wav,2076.32,2078.9199375,background
S01_U04.CH4.wav,2078.76,2079.1199375,foreground
S01_U04.CH4.wav,2078.96,2079.6799375,background
S01_U04.CH4.wav,2079.52,2080.0399375,foreground
S01_U04.CH4.wav,2079.88,2080.3199375,background
S01_U04.CH4.wav,2080.16,2080.8399375,foreground
S01_U04.CH4.wav,2080.68,2081.3999375,background
S01_U04.CH4.wav,2081.24,2081.6799375,foreground
S01_U04.CH4.wav,2081.52,2081.8399375,background
S01_U04.CH4.wav,2081.68,2082.1999375,foreground
S01_U04.CH4.wav,2082.04,2082.9599375,background
S01_U04.CH4.wav,2082.8,2083.0799375,foreground
S01_U04.CH4.wav,2082.92,2093.6399375,background
S01_U04.CH4.wav,2093.48,2093.7599375,foreground
S01_U04.CH4.wav,2093.6,2096.3199375,background
S01_U04.CH4.wav,2096.16,2096.3599375,foreground
S01_U04.CH4.wav,2096.2,2102.1999375,background
S01_U04.CH4.wav,2102.04,2102.5199375,foreground
S01_U04.CH4.wav,2102.36,2103.5999375,background
S01_U04.CH4.wav,2103.44,2103.6799375,foreground
S01_U04.CH4.wav,2103.52,2104.7999375,background
S01_U04.CH4.wav,2104.64,2104.9599375,foreground
S01_U04.CH4.wav,2104.8,2110.8399375,background
S01_U04.CH4.wav,2110.68,2110.8799375,foreground
S01_U04.CH4.wav,2110.72,2118.5199375,background
S01_U04.CH4.wav,2118.36,2118.8799375,foreground
S01_U04.CH4.wav,2118.72,2124.8399375,background
S01_U04.CH4.wav,2124.68,2124.9199375,foreground
S01_U04.CH4.wav,2124.76,2125.1999375,background
S01_U04.CH4.wav,2125.04,2125.3199375,foreground
S01_U04.CH4.wav,2125.16,2127.1599375,background
S01_U04.CH4.wav,2127,2127.2799375,foreground
S01_U04.CH4.wav,2127.12,2129.8399375,background
S01_U04.CH4.wav,2129.68,2129.9999375,foreground
S01_U04.CH4.wav,2129.84,2130.9999375,background
S01_U04.CH4.wav,2130.84,2131.1999375,foreground
S01_U04.CH4.wav,2131.04,2133.2399375,background
S01_U04.CH4.wav,2133.08,2133.3199375,foreground
S01_U04.CH4.wav,2133.16,2135.7999375,background
S01_U04.CH4.wav,2135.64,2135.9599375,foreground
S01_U04.CH4.wav,2135.8,2136.5999375,background
S01_U04.CH4.wav,2136.44,2136.9199375,foreground
S01_U04.CH4.wav,2136.76,2137.5999375,background
S01_U04.CH4.wav,2137.44,2137.8799375,foreground
S01_U04.CH4.wav,2137.72,2139.6799375,background
S01_U04.CH4.wav,2139.52,2139.7199375,foreground
S01_U04.CH4.wav,2139.56,2142.5199375,background
S01_U04.CH4.wav,2142.36,2142.5599375,foreground
S01_U04.CH4.wav,2142.4,2142.6399375,background
S01_U04.CH4.wav,2142.48,2142.7599375,foreground
S01_U04.CH4.wav,2142.6,2142.9199375,background
S01_U04.CH4.wav,2142.76,2143.1599375,foreground
S01_U04.CH4.wav,2143,2143.2799375,background
S01_U04.CH4.wav,2143.12,2143.3599375,foreground
S01_U04.CH4.wav,2143.2,2144.5199375,background
S01_U04.CH4.wav,2144.36,2144.6799375,foreground
S01_U04.CH4.wav,2144.52,2145.7199375,background
S01_U04.CH4.wav,2145.56,2145.8799375,foreground
S01_U04.CH4.wav,2145.72,2146.0799375,background
S01_U04.CH4.wav,2145.92,2146.1599375,foreground
S01_U04.CH4.wav,2146,2146.2799375,background
S01_U04.CH4.wav,2146.12,2146.3999375,foreground
S01_U04.CH4.wav,2146.24,2147.0399375,background
S01_U04.CH4.wav,2146.88,2147.2399375,foreground
S01_U04.CH4.wav,2147.08,2147.8399375,background
S01_U04.CH4.wav,2147.68,2147.9999375,foreground
S01_U04.CH4.wav,2147.84,2148.7999375,background
S01_U04.CH4.wav,2148.64,2148.9199375,foreground
S01_U04.CH4.wav,2148.76,2150.7199375,background
S01_U04.CH4.wav,2150.56,2150.7599375,foreground
S01_U04.CH4.wav,2150.6,2150.8399375,background
S01_U04.CH4.wav,2150.68,2151.0799375,foreground
S01_U04.CH4.wav,2150.92,2153.0799375,background
S01_U04.CH4.wav,2152.92,2153.3199375,foreground
S01_U04.CH4.wav,2153.16,2153.5999375,background
S01_U04.CH4.wav,2153.44,2153.6799375,foreground
S01_U04.CH4.wav,2153.52,2157.5599375,background
S01_U04.CH4.wav,2157.4,2157.5999375,foreground
S01_U04.CH4.wav,2157.44,2158.6399375,background
S01_U04.CH4.wav,2158.48,2158.7199375,foreground
S01_U04.CH4.wav,2158.56,2163.3199375,background
S01_U04.CH4.wav,2163.16,2163.5199375,foreground
S01_U04.CH4.wav,2163.36,2165.7999375,background
S01_U04.CH4.wav,2165.64,2166.1999375,foreground
S01_U04.CH4.wav,2166.04,2167.9999375,background
S01_U04.CH4.wav,2167.84,2168.0799375,foreground
S01_U04.CH4.wav,2167.92,2173.7199375,background
S01_U04.CH4.wav,2173.56,2173.9199375,foreground
S01_U04.CH4.wav,2173.76,2176.4399375,background
S01_U04.CH4.wav,2176.28,2176.6399375,foreground
S01_U04.CH4.wav,2176.48,2178.2799375,background
S01_U04.CH4.wav,2178.12,2178.4399375,foreground
S01_U04.CH4.wav,2178.28,2178.5999375,background
S01_U04.CH4.wav,2178.44,2178.8399375,foreground
S01_U04.CH4.wav,2178.68,2178.8799375,background
S01_U04.CH4.wav,2178.72,2178.9199375,foreground
S01_U04.CH4.wav,2178.76,2182.1999375,background
S01_U04.CH4.wav,2182.04,2182.3199375,foreground
S01_U04.CH4.wav,2182.16,2186.4799375,background
S01_U04.CH4.wav,2186.32,2186.7999375,foreground
S01_U04.CH4.wav,2186.64,2204.7999375,background
S01_U04.CH4.wav,2204.64,2205.5599375,foreground
S01_U04.CH4.wav,2205.4,2211.0799375,background
S01_U04.CH4.wav,2210.92,2211.2799375,foreground
S01_U04.CH4.wav,2211.12,2211.3199375,background
S01_U04.CH4.wav,2211.16,2211.4399375,foreground
S01_U04.CH4.wav,2211.28,2213.4799375,background
S01_U04.CH4.wav,2213.32,2213.5199375,foreground
S01_U04.CH4.wav,2213.36,2218.5199375,background
S01_U04.CH4.wav,2218.36,2218.7999375,foreground
S01_U04.CH4.wav,2218.64,2218.8399375,background
S01_U04.CH4.wav,2218.68,2218.9199375,foreground
S01_U04.CH4.wav,2218.76,2224.1999375,background
S01_U04.CH4.wav,2224.04,2224.3199375,foreground
S01_U04.CH4.wav,2224.16,2228.3599375,background
S01_U04.CH4.wav,2228.2,2228.4799375,foreground
S01_U04.CH4.wav,2228.32,2229.3199375,background
S01_U04.CH4.wav,2229.16,2229.4799375,foreground
S01_U04.CH4.wav,2229.32,2231.6799375,background
S01_U04.CH4.wav,2231.52,2231.7599375,foreground
S01_U04.CH4.wav,2231.6,2235.3599375,background
S01_U04.CH4.wav,2235.2,2235.5199375,foreground
S01_U04.CH4.wav,2235.36,2235.5999375,background
S01_U04.CH4.wav,2235.44,2235.6399375,foreground
S01_U04.CH4.wav,2235.48,2235.6799375,background
S01_U04.CH4.wav,2235.52,2235.7199375,foreground
S01_U04.CH4.wav,2235.56,2235.9999375,background
S01_U04.CH4.wav,2235.84,2236.1199375,foreground
S01_U04.CH4.wav,2235.96,2237.3999375,background
S01_U04.CH4.wav,2237.24,2237.4399375,foreground
S01_U04.CH4.wav,2237.28,2240.7999375,background
S01_U04.CH4.wav,2240.64,2240.8399375,foreground
S01_U04.CH4.wav,2240.68,2243.6799375,background
S01_U04.CH4.wav,2243.52,2243.7599375,foreground
S01_U04.CH4.wav,2243.6,2247.0799375,background
S01_U04.CH4.wav,2246.92,2247.1599375,foreground
S01_U04.CH4.wav,2247,2250.2399375,background
S01_U04.CH4.wav,2250.08,2250.3199375,foreground
S01_U04.CH4.wav,2250.16,2252.8799375,background
S01_U04.CH4.wav,2252.72,2252.9599375,foreground
S01_U04.CH4.wav,2252.8,2258.4399375,background
S01_U04.CH4.wav,2258.28,2258.4799375,foreground
S01_U04.CH4.wav,2258.32,2258.8799375,background
S01_U04.CH4.wav,2258.72,2259.1999375,foreground
S01_U04.CH4.wav,2259.04,2259.9999375,background
S01_U04.CH4.wav,2259.84,2260.0399375,foreground
S01_U04.CH4.wav,2259.88,2264.1599375,background
S01_U04.CH4.wav,2264,2264.1999375,foreground
S01_U04.CH4.wav,2264.04,2264.2799375,background
S01_U04.CH4.wav,2264.12,2264.5599375,foreground
S01_U04.CH4.wav,2264.4,2266.8399375,background
S01_U04.CH4.wav,2266.68,2266.9599375,foreground
S01_U04.CH4.wav,2266.8,2272.7199375,background
S01_U04.CH4.wav,2272.56,2272.7999375,foreground
S01_U04.CH4.wav,2272.64,2274.2799375,background
S01_U04.CH4.wav,2274.12,2274.4799375,foreground
S01_U04.CH4.wav,2274.32,2277.1199375,background
S01_U04.CH4.wav,2276.96,2277.2399375,foreground
S01_U04.CH4.wav,2277.08,2277.8399375,background
S01_U04.CH4.wav,2277.68,2278.1199375,foreground
S01_U04.CH4.wav,2277.96,2280.5599375,background
S01_U04.CH4.wav,2280.4,2280.9999375,foreground
S01_U04.CH4.wav,2280.84,2284.0799375,background
S01_U04.CH4.wav,2283.92,2284.1999375,foreground
S01_U04.CH4.wav,2284.04,2285.9999375,background
S01_U04.CH4.wav,2285.84,2286.0799375,foreground
S01_U04.CH4.wav,2285.92,2286.4799375,background
S01_U04.CH4.wav,2286.32,2286.6399375,foreground
S01_U04.CH4.wav,2286.48,2287.1999375,background
S01_U04.CH4.wav,2287.04,2287.2399375,foreground
S01_U04.CH4.wav,2287.08,2288.2399375,background
S01_U04.CH4.wav,2288.08,2288.3199375,foreground
S01_U04.CH4.wav,2288.16,2293.3999375,background
S01_U04.CH4.wav,2293.24,2293.7199375,foreground
S01_U04.CH4.wav,2293.56,2294.3999375,background
S01_U04.CH4.wav,2294.24,2294.5599375,foreground
S01_U04.CH4.wav,2294.4,2303.7999375,background
S01_U04.CH4.wav,2303.64,2304.0799375,foreground
S01_U04.CH4.wav,2303.92,2307.4799375,background
S01_U04.CH4.wav,2307.32,2307.5599375,foreground
S01_U04.CH4.wav,2307.4,2307.8799375,background
S01_U04.CH4.wav,2307.72,2307.9199375,foreground
S01_U04.CH4.wav,2307.76,2307.9599375,background
S01_U04.CH4.wav,2307.8,2307.9999375,foreground
S01_U04.CH4.wav,2307.84,2311.6399375,background
S01_U04.CH4.wav,2311.48,2311.8799375,foreground
S01_U04.CH4.wav,2311.72,2314.7999375,background
S01_U04.CH4.wav,2314.64,2314.8799375,foreground
S01_U04.CH4.wav,2314.72,2316.9599375,background
S01_U04.CH4.wav,2316.8,2317.0799375,foreground
S01_U04.CH4.wav,2316.92,2318.7599375,background
S01_U04.CH4.wav,2318.6,2319.0399375,foreground
S01_U04.CH4.wav,2318.88,2329.0799375,background
S01_U04.CH4.wav,2328.92,2329.1599375,foreground
S01_U04.CH4.wav,2329,2330.6399375,background
S01_U04.CH4.wav,2330.48,2330.6799375,foreground
S01_U04.CH4.wav,2330.52,2334.3199375,background
S01_U04.CH4.wav,2334.16,2334.3599375,foreground
S01_U04.CH4.wav,2334.2,2337.7199375,background
S01_U04.CH4.wav,2337.56,2337.7999375,foreground
S01_U04.CH4.wav,2337.64,2339.2799375,background
S01_U04.CH4.wav,2339.12,2339.4399375,foreground
S01_U04.CH4.wav,2339.28,2340.2399375,background
S01_U04.CH4.wav,2340.08,2340.3199375,foreground
S01_U04.CH4.wav,2340.16,2347.8799375,background
S01_U04.CH4.wav,2347.72,2347.9599375,foreground
S01_U04.CH4.wav,2347.8,2348.7599375,background
S01_U04.CH4.wav,2348.6,2348.9999375,foreground
S01_U04.CH4.wav,2348.84,2352.5199375,background
S01_U04.CH4.wav,2352.36,2352.6799375,foreground
S01_U04.CH4.wav,2352.52,2360.9199375,background
S01_U04.CH4.wav,2360.76,2360.9599375,foreground
S01_U04.CH4.wav,2360.8,2365.2399375,background
S01_U04.CH4.wav,2365.08,2365.5199375,foreground
S01_U04.CH4.wav,2365.36,2370.3199375,background
S01_U04.CH4.wav,2370.16,2370.3599375,foreground
S01_U04.CH4.wav,2370.2,2370.7199375,background
S01_U04.CH4.wav,2370.56,2370.8399375,foreground
S01_U04.CH4.wav,2370.68,2371.5999375,background
S01_U04.CH4.wav,2371.44,2371.7999375,foreground
S01_U04.CH4.wav,2371.64,2373.5999375,background
S01_U04.CH4.wav,2373.44,2373.7599375,foreground
S01_U04.CH4.wav,2373.6,2374.3599375,background
S01_U04.CH4.wav,2374.2,2374.5199375,foreground
S01_U04.CH4.wav,2374.36,2375.2399375,background
S01_U04.CH4.wav,2375.08,2375.4399375,foreground
S01_U04.CH4.wav,2375.28,2376.0399375,background
S01_U04.CH4.wav,2375.88,2376.0799375,foreground
S01_U04.CH4.wav,2375.92,2376.1199375,background
S01_U04.CH4.wav,2375.96,2376.1999375,foreground
S01_U04.CH4.wav,2376.04,2378.5599375,background
S01_U04.CH4.wav,2378.4,2378.7999375,foreground
S01_U04.CH4.wav,2378.64,2388.0799375,background
S01_U04.CH4.wav,2387.92,2388.2799375,foreground
S01_U04.CH4.wav,2388.12,2391.3599375,background
S01_U04.CH4.wav,2391.2,2391.6799375,foreground
S01_U04.CH4.wav,2391.52,2393.2799375,background
S01_U04.CH4.wav,2393.12,2393.3599375,foreground
S01_U04.CH4.wav,2393.2,2397.7599375,background
S01_U04.CH4.wav,2397.6,2397.8399375,foreground
S01_U04.CH4.wav,2397.68,2402.6399375,background
S01_U04.CH4.wav,2402.48,2402.7599375,foreground
S01_U04.CH4.wav,2402.6,2406.8799375,background
S01_U04.CH4.wav,2406.72,2406.9999375,foreground
S01_U04.CH4.wav,2406.84,2410.0399375,background
S01_U04.CH4.wav,2409.88,2410.2799375,foreground
S01_U04.CH4.wav,2410.12,2410.8399375,background
S01_U04.CH4.wav,2410.68,2411.1599375,foreground
S01_U04.CH4.wav,2411,2417.4799375,background
S01_U04.CH4.wav,2417.32,2417.7199375,foreground
S01_U04.CH4.wav,2417.56,2421.8799375,background
S01_U04.CH4.wav,2421.72,2421.9199375,foreground
S01_U04.CH4.wav,2421.76,2431.6399375,background
S01_U04.CH4.wav,2431.48,2432.0799375,foreground
S01_U04.CH4.wav,2431.92,2432.3599375,background
S01_U04.CH4.wav,2432.2,2432.4399375,foreground
S01_U04.CH4.wav,2432.28,2434.0399375,background
S01_U04.CH4.wav,2433.88,2434.2399375,foreground
S01_U04.CH4.wav,2434.08,2436.1999375,background
S01_U04.CH4.wav,2436.04,2436.5199375,foreground
S01_U04.CH4.wav,2436.36,2442.0399375,background
S01_U04.CH4.wav,2441.88,2442.1199375,foreground
S01_U04.CH4.wav,2441.96,2442.4399375,background
S01_U04.CH4.wav,2442.28,2442.4799375,foreground
S01_U04.CH4.wav,2442.32,2443.8399375,background
S01_U04.CH4.wav,2443.68,2444.1199375,foreground
S01_U04.CH4.wav,2443.96,2445.1599375,background
S01_U04.CH4.wav,2445,2445.1999375,foreground
S01_U04.CH4.wav,2445.04,2448.3199375,background
S01_U04.CH4.wav,2448.16,2448.5999375,foreground
S01_U04.CH4.wav,2448.44,2449.4799375,background
S01_U04.CH4.wav,2449.32,2449.5199375,foreground
S01_U04.CH4.wav,2449.36,2453.3999375,background
S01_U04.CH4.wav,2453.24,2453.5599375,foreground
S01_U04.CH4.wav,2453.4,2453.7199375,background
S01_U04.CH4.wav,2453.56,2453.9999375,foreground
S01_U04.CH4.wav,2453.84,2454.9599375,background
S01_U04.CH4.wav,2454.8,2455.2399375,foreground
S01_U04.CH4.wav,2455.08,2455.9199375,background
S01_U04.CH4.wav,2455.76,2456.1999375,foreground
S01_U04.CH4.wav,2456.04,2456.9999375,background
S01_U04.CH4.wav,2456.84,2457.2399375,foreground
S01_U04.CH4.wav,2457.08,2459.9999375,background
S01_U04.CH4.wav,2459.84,2460.0799375,foreground
S01_U04.CH4.wav,2459.92,2463.3599375,background
S01_U04.CH4.wav,2463.2,2463.5999375,foreground
S01_U04.CH4.wav,2463.44,2465.1999375,background
S01_U04.CH4.wav,2465.04,2465.3199375,foreground
S01_U04.CH4.wav,2465.16,2465.4399375,background
S01_U04.CH4.wav,2465.28,2465.4799375,foreground
S01_U04.CH4.wav,2465.32,2466.7999375,background
S01_U04.CH4.wav,2466.64,2466.8799375,foreground
S01_U04.CH4.wav,2466.72,2468.3599375,background
S01_U04.CH4.wav,2468.2,2468.4399375,foreground
S01_U04.CH4.wav,2468.28,2468.7599375,background
S01_U04.CH4.wav,2468.6,2468.7999375,foreground
S01_U04.CH4.wav,2468.64,2476.4799375,background
S01_U04.CH4.wav,2476.32,2476.6799375,foreground
S01_U04.CH4.wav,2476.52,2477.2799375,background
S01_U04.CH4.wav,2477.12,2477.7199375,foreground
S01_U04.CH4.wav,2477.56,2478.7199375,background
S01_U04.CH4.wav,2478.56,2478.8399375,foreground
S01_U04.CH4.wav,2478.68,2480.4399375,background
S01_U04.CH4.wav,2480.28,2480.5999375,foreground
S01_U04.CH4.wav,2480.44,2481.7199375,background
S01_U04.CH4.wav,2481.56,2481.7999375,foreground
S01_U04.CH4.wav,2481.64,2482.2399375,background
S01_U04.CH4.wav,2482.08,2482.7199375,foreground
S01_U04.CH4.wav,2482.56,2486.0799375,background
S01_U04.CH4.wav,2485.92,2486.2399375,foreground
S01_U04.CH4.wav,2486.08,2486.7599375,background
S01_U04.CH4.wav,2486.6,2487.0799375,foreground
S01_U04.CH4.wav,2486.92,2489.5599375,background
S01_U04.CH4.wav,2489.4,2489.5999375,foreground
S01_U04.CH4.wav,2489.44,2490.5999375,background
S01_U04.CH4.wav,2490.44,2490.7599375,foreground
S01_U04.CH4.wav,2490.6,2491.0399375,background
S01_U04.CH4.wav,2490.88,2491.1999375,foreground
S01_U04.CH4.wav,2491.04,2491.2799375,background
S01_U04.CH4.wav,2491.12,2491.6399375,foreground
S01_U04.CH4.wav,2491.48,2491.6799375,background
S01_U04.CH4.wav,2491.52,2491.7599375,foreground
S01_U04.CH4.wav,2491.6,2491.9999375,background
S01_U04.CH4.wav,2491.84,2492.3199375,foreground
S01_U04.CH4.wav,2492.16,2493.1199375,background
S01_U04.CH4.wav,2492.96,2493.1999375,foreground
S01_U04.CH4.wav,2493.04,2495.4799375,background
S01_U04.CH4.wav,2495.32,2495.5599375,foreground
S01_U04.CH4.wav,2495.4,2495.6799375,background
S01_U04.CH4.wav,2495.52,2495.9199375,foreground
S01_U04.CH4.wav,2495.76,2497.1999375,background
S01_U04.CH4.wav,2497.04,2497.2799375,foreground
S01_U04.CH4.wav,2497.12,2498.6399375,background
S01_U04.CH4.wav,2498.48,2498.6799375,foreground
S01_U04.CH4.wav,2498.52,2498.9999375,background
S01_U04.CH4.wav,2498.84,2499.0399375,foreground
S01_U04.CH4.wav,2498.88,2505.9199375,background
S01_U04.CH4.wav,2505.76,2505.9599375,foreground
S01_U04.CH4.wav,2505.8,2507.0399375,background
S01_U04.CH4.wav,2506.88,2507.1599375,foreground
S01_U04.CH4.wav,2507,2507.3199375,background
S01_U04.CH4.wav,2507.16,2507.4399375,foreground
S01_U04.CH4.wav,2507.28,2509.6399375,background
S01_U04.CH4.wav,2509.48,2509.7199375,foreground
S01_U04.CH4.wav,2509.56,2511.0399375,background
S01_U04.CH4.wav,2510.88,2511.1999375,foreground
S01_U04.CH4.wav,2511.04,2511.5199375,background
S01_U04.CH4.wav,2511.36,2511.5599375,foreground
S01_U04.CH4.wav,2511.4,2512.9199375,background
S01_U04.CH4.wav,2512.76,2513.1199375,foreground
S01_U04.CH4.wav,2512.96,2513.3999375,background
S01_U04.CH4.wav,2513.24,2513.9199375,foreground
S01_U04.CH4.wav,2513.76,2518.2799375,background
S01_U04.CH4.wav,2518.12,2518.4399375,foreground
S01_U04.CH4.wav,2518.28,2519.0399375,background
S01_U04.CH4.wav,2518.88,2519.0799375,foreground
S01_U04.CH4.wav,2518.92,2521.6399375,background
S01_U04.CH4.wav,2521.48,2521.7199375,foreground
S01_U04.CH4.wav,2521.56,2521.8399375,background
S01_U04.CH4.wav,2521.68,2522.0399375,foreground
S01_U04.CH4.wav,2521.88,2526.7999375,background
S01_U04.CH4.wav,2526.64,2526.8799375,foreground
S01_U04.CH4.wav,2526.72,2530.5999375,background
S01_U04.CH4.wav,2530.44,2530.6799375,foreground
S01_U04.CH4.wav,2530.52,2532.3199375,background
S01_U04.CH4.wav,2532.16,2533.4799375,foreground
S01_U04.CH4.wav,2533.32,2534.6799375,background
S01_U04.CH4.wav,2534.52,2534.7999375,foreground
S01_U04.CH4.wav,2534.64,2536.2799375,background
S01_U04.CH4.wav,2536.12,2536.4399375,foreground
S01_U04.CH4.wav,2536.28,2537.1999375,background
S01_U04.CH4.wav,2537.04,2537.3599375,foreground
S01_U04.CH4.wav,2537.2,2537.7199375,background
S01_U04.CH4.wav,2537.56,2537.9599375,foreground
S01_U04.CH4.wav,2537.8,2538.7199375,background
S01_U04.CH4.wav,2538.56,2538.8399375,foreground
S01_U04.CH4.wav,2538.68,2541.4399375,background
S01_U04.CH4.wav,2541.28,2541.5199375,foreground
S01_U04.CH4.wav,2541.36,2546.2399375,background
S01_U04.CH4.wav,2546.08,2546.2799375,foreground
S01_U04.CH4.wav,2546.12,2546.9199375,background
S01_U04.CH4.wav,2546.76,2546.9999375,foreground
S01_U04.CH4.wav,2546.84,2548.8799375,background
S01_U04.CH4.wav,2548.72,2548.9199375,foreground
S01_U04.CH4.wav,2548.76,2555.6799375,background
S01_U04.CH4.wav,2555.52,2555.7599375,foreground
S01_U04.CH4.wav,2555.6,2556.9199375,background
S01_U04.CH4.wav,2556.76,2557.1199375,foreground
S01_U04.CH4.wav,2556.96,2558.0799375,background
S01_U04.CH4.wav,2557.92,2558.2399375,foreground
S01_U04.CH4.wav,2558.08,2560.0799375,background
S01_U04.CH4.wav,2559.92,2560.3599375,foreground
S01_U04.CH4.wav,2560.2,2561.2399375,background
S01_U04.CH4.wav,2561.08,2561.3599375,foreground
S01_U04.CH4.wav,2561.2,2561.9999375,background
S01_U04.CH4.wav,2561.84,2562.3599375,foreground
S01_U04.CH4.wav,2562.2,2571.7199375,background
S01_U04.CH4.wav,2571.56,2571.7999375,foreground
S01_U04.CH4.wav,2571.64,2572.2799375,background
S01_U04.CH4.wav,2572.12,2572.3199375,foreground
S01_U04.CH4.wav,2572.16,2575.9599375,background
S01_U04.CH4.wav,2575.8,2575.9999375,foreground
S01_U04.CH4.wav,2575.84,2576.7599375,background
S01_U04.CH4.wav,2576.6,2577.0399375,foreground
S01_U04.CH4.wav,2576.88,2577.9199375,background
S01_U04.CH4.wav,2577.76,2578.1599375,foreground
S01_U04.CH4.wav,2578,2581.3199375,background
S01_U04.CH4.wav,2581.16,2581.3599375,foreground
S01_U04.CH4.wav,2581.2,2581.5599375,background
S01_U04.CH4.wav,2581.4,2581.6799375,foreground
S01_U04.CH4.wav,2581.52,2584.3999375,background
S01_U04.CH4.wav,2584.24,2584.4399375,foreground
S01_U04.CH4.wav,2584.28,2584.5199375,background
S01_U04.CH4.wav,2584.36,2584.9199375,foreground
S01_U04.CH4.wav,2584.76,2592.9199375,background
S01_U04.CH4.wav,2592.76,2593.1999375,foreground
S01_U04.CH4.wav,2593.04,2594.0799375,background
S01_U04.CH4.wav,2593.92,2594.1599375,foreground
S01_U04.CH4.wav,2594,2594.5999375,background
S01_U04.CH4.wav,2594.44,2594.9599375,foreground
S01_U04.CH4.wav,2594.8,2595.4799375,background
S01_U04.CH4.wav,2595.32,2595.7199375,foreground
S01_U04.CH4.wav,2595.56,2595.7599375,background
S01_U04.CH4.wav,2595.6,2595.7999375,foreground
S01_U04.CH4.wav,2595.64,2596.1199375,background
S01_U04.CH4.wav,2595.96,2596.1999375,foreground
S01_U04.CH4.wav,2596.04,2596.2399375,background
S01_U04.CH4.wav,2596.08,2596.3199375,foreground
S01_U04.CH4.wav,2596.16,2598.1599375,background
S01_U04.CH4.wav,2598,2598.2799375,foreground
S01_U04.CH4.wav,2598.12,2599.1199375,background
S01_U04.CH4.wav,2598.96,2599.1599375,foreground
S01_U04.CH4.wav,2599,2611.4799375,background
S01_U04.CH4.wav,2611.32,2611.5999375,foreground
S01_U04.CH4.wav,2611.44,2614.8799375,background
S01_U04.CH4.wav,2614.72,2614.9599375,foreground
S01_U04.CH4.wav,2614.8,2618.4399375,background
S01_U04.CH4.wav,2618.28,2618.5199375,foreground
S01_U04.CH4.wav,2618.36,2620.7599375,background
S01_U04.CH4.wav,2620.6,2620.8799375,foreground
S01_U04.CH4.wav,2620.72,2622.3599375,background
S01_U04.CH4.wav,2622.2,2622.5599375,foreground
S01_U04.CH4.wav,2622.4,2622.6799375,background
S01_U04.CH4.wav,2622.52,2622.7199375,foreground
S01_U04.CH4.wav,2622.56,2638.5199375,background
S01_U04.CH4.wav,2638.36,2638.6399375,foreground
S01_U04.CH4.wav,2638.48,2639.6799375,background
S01_U04.CH4.wav,2639.52,2639.7599375,foreground
S01_U04.CH4.wav,2639.6,2640.2399375,background
S01_U04.CH4.wav,2640.08,2640.3199375,foreground
S01_U04.CH4.wav,2640.16,2640.8799375,background
S01_U04.CH4.wav,2640.72,2641.0399375,foreground
S01_U04.CH4.wav,2640.88,2647.1599375,background
S01_U04.CH4.wav,2647,2647.3999375,foreground
S01_U04.CH4.wav,2647.24,2653.0799375,background
S01_U04.CH4.wav,2652.92,2653.1999375,foreground
S01_U04.CH4.wav,2653.04,2653.8799375,background
S01_U04.CH4.wav,2653.72,2653.9999375,foreground
S01_U04.CH4.wav,2653.84,2658.9199375,background
S01_U04.CH4.wav,2658.76,2659.1199375,foreground
S01_U04.CH4.wav,2658.96,2659.6399375,background
S01_U04.CH4.wav,2659.48,2659.7599375,foreground
S01_U04.CH4.wav,2659.6,2661.7199375,background
S01_U04.CH4.wav,2661.56,2661.7599375,foreground
S01_U04.CH4.wav,2661.6,2661.9999375,background
S01_U04.CH4.wav,2661.84,2662.1199375,foreground
S01_U04.CH4.wav,2661.96,2662.4399375,background
S01_U04.CH4.wav,2662.28,2662.5999375,foreground
S01_U04.CH4.wav,2662.44,2664.0799375,background
S01_U04.CH4.wav,2663.92,2664.2399375,foreground
S01_U04.CH4.wav,2664.08,2665.4399375,background
S01_U04.CH4.wav,2665.28,2665.5599375,foreground
S01_U04.CH4.wav,2665.4,2666.5599375,background
S01_U04.CH4.wav,2666.4,2667.1599375,foreground
S01_U04.CH4.wav,2667,2667.1999375,background
S01_U04.CH4.wav,2667.04,2667.2799375,foreground
S01_U04.CH4.wav,2667.12,2667.3599375,background
S01_U04.CH4.wav,2667.2,2667.4399375,foreground
S01_U04.CH4.wav,2667.28,2668.3199375,background
S01_U04.CH4.wav,2668.16,2668.5999375,foreground
S01_U04.CH4.wav,2668.44,2669.4799375,background
S01_U04.CH4.wav,2669.32,2669.9999375,foreground
S01_U04.CH4.wav,2669.84,2670.6399375,background
S01_U04.CH4.wav,2670.48,2670.8799375,foreground
S01_U04.CH4.wav,2670.72,2675.6799375,background
S01_U04.CH4.wav,2675.52,2675.7199375,foreground
S01_U04.CH4.wav,2675.56,2675.7599375,background
S01_U04.CH4.wav,2675.6,2675.8399375,foreground
S01_U04.CH4.wav,2675.68,2677.1599375,background
S01_U04.CH4.wav,2677,2677.2399375,foreground
S01_U04.CH4.wav,2677.08,2678.5599375,background
S01_U04.CH4.wav,2678.4,2678.5999375,foreground
S01_U04.CH4.wav,2678.44,2678.7199375,background
S01_U04.CH4.wav,2678.56,2678.7999375,foreground
S01_U04.CH4.wav,2678.64,2678.8799375,background
S01_U04.CH4.wav,2678.72,2679.3599375,foreground
S01_U04.CH4.wav,2679.2,2679.4399375,background
S01_U04.CH4.wav,2679.28,2679.9599375,foreground
S01_U04.CH4.wav,2679.8,2680.4799375,background
S01_U04.CH4.wav,2680.32,2680.5199375,foreground
S01_U04.CH4.wav,2680.36,2682.0799375,background
S01_U04.CH4.wav,2681.92,2682.1199375,foreground
S01_U04.CH4.wav,2681.96,2682.8399375,background
S01_U04.CH4.wav,2682.68,2683.0399375,foreground
S01_U04.CH4.wav,2682.88,2683.1999375,background
S01_U04.CH4.wav,2683.04,2683.3599375,foreground
S01_U04.CH4.wav,2683.2,2684.5199375,background
S01_U04.CH4.wav,2684.36,2684.6799375,foreground
S01_U04.CH4.wav,2684.52,2686.3599375,background
S01_U04.CH4.wav,2686.2,2686.5599375,foreground
S01_U04.CH4.wav,2686.4,2688.1999375,background
S01_U04.CH4.wav,2688.04,2688.3199375,foreground
S01_U04.CH4.wav,2688.16,2692.4399375,background
S01_U04.CH4.wav,2692.28,2692.5999375,foreground
S01_U04.CH4.wav,2692.44,2693.5199375,background
S01_U04.CH4.wav,2693.36,2693.5999375,foreground
S01_U04.CH4.wav,2693.44,2694.2399375,background
S01_U04.CH4.wav,2694.08,2694.3999375,foreground
S01_U04.CH4.wav,2694.24,2695.1199375,background
S01_U04.CH4.wav,2694.96,2695.2799375,foreground
S01_U04.CH4.wav,2695.12,2696.1199375,background
S01_U04.CH4.wav,2695.96,2696.2799375,foreground
S01_U04.CH4.wav,2696.12,2696.5599375,background
S01_U04.CH4.wav,2696.4,2696.6399375,foreground
S01_U04.CH4.wav,2696.48,2697.2399375,background
S01_U04.CH4.wav,2697.08,2697.3199375,foreground
S01_U04.CH4.wav,2697.16,2697.6399375,background
S01_U04.CH4.wav,2697.48,2697.6799375,foreground
S01_U04.CH4.wav,2697.52,2697.9999375,background
S01_U04.CH4.wav,2697.84,2698.0399375,foreground
S01_U04.CH4.wav,2697.88,2698.3599375,background
S01_U04.CH4.wav,2698.2,2698.3999375,foreground
S01_U04.CH4.wav,2698.24,2700.5599375,background
S01_U04.CH4.wav,2700.4,2700.6399375,foreground
S01_U04.CH4.wav,2700.48,2703.4399375,background
S01_U04.CH4.wav,2703.28,2703.4799375,foreground
S01_U04.CH4.wav,2703.32,2705.1999375,background
S01_U04.CH4.wav,2705.04,2705.3999375,foreground
S01_U04.CH4.wav,2705.24,2707.5599375,background
S01_U04.CH4.wav,2707.4,2707.6399375,foreground
S01_U04.CH4.wav,2707.48,2711.2799375,background
S01_U04.CH4.wav,2711.12,2711.5999375,foreground
S01_U04.CH4.wav,2711.44,2713.2399375,background
S01_U04.CH4.wav,2713.08,2713.4799375,foreground
S01_U04.CH4.wav,2713.32,2714.5999375,background
S01_U04.CH4.wav,2714.44,2714.9199375,foreground
S01_U04.CH4.wav,2714.76,2715.8799375,background
S01_U04.CH4.wav,2715.72,2716.1999375,foreground
S01_U04.CH4.wav,2716.04,2718.6799375,background
S01_U04.CH4.wav,2718.52,2718.9999375,foreground
S01_U04.CH4.wav,2718.84,2737.8399375,background
S01_U04.CH4.wav,2737.68,2737.8799375,foreground
S01_U04.CH4.wav,2737.72,2739.5199375,background
S01_U04.CH4.wav,2739.36,2739.5599375,foreground
S01_U04.CH4.wav,2739.4,2739.7599375,background
S01_U04.CH4.wav,2739.6,2739.7999375,foreground
S01_U04.CH4.wav,2739.64,2740.4799375,background
S01_U04.CH4.wav,2740.32,2740.5199375,foreground
S01_U04.CH4.wav,2740.36,2743.8799375,background
S01_U04.CH4.wav,2743.72,2743.9599375,foreground
S01_U04.CH4.wav,2743.8,2747.8399375,background
S01_U04.CH4.wav,2747.68,2747.8799375,foreground
S01_U04.CH4.wav,2747.72,2751.1199375,background
S01_U04.CH4.wav,2750.96,2751.3599375,foreground
S01_U04.CH4.wav,2751.2,2752.3999375,background
S01_U04.CH4.wav,2752.24,2752.4799375,foreground
S01_U04.CH4.wav,2752.32,2755.1999375,background
S01_U04.CH4.wav,2755.04,2755.3599375,foreground
S01_U04.CH4.wav,2755.2,2769.6399375,background
S01_U04.CH4.wav,2769.48,2769.7999375,foreground
S01_U04.CH4.wav,2769.64,2777.0399375,background
S01_U04.CH4.wav,2776.88,2777.5999375,foreground
S01_U04.CH4.wav,2777.44,2785.9999375,background
S01_U04.CH4.wav,2785.84,2786.1999375,foreground
S01_U04.CH4.wav,2786.04,2802.0399375,background
S01_U04.CH4.wav,2801.88,2802.1599375,foreground
S01_U04.CH4.wav,2802,2803.0799375,background
S01_U04.CH4.wav,2802.92,2803.1199375,foreground
S01_U04.CH4.wav,2802.96,2810.3199375,background
S01_U04.CH4.wav,2810.16,2810.3599375,foreground
S01_U04.CH4.wav,2810.2,2813.8799375,background
S01_U04.CH4.wav,2813.72,2814.0399375,foreground
S01_U04.CH4.wav,2813.88,2814.4799375,background
S01_U04.CH4.wav,2814.32,2814.7199375,foreground
S01_U04.CH4.wav,2814.56,2816.1599375,background
S01_U04.CH4.wav,2816,2816.2399375,foreground
S01_U04.CH4.wav,2816.08,2819.6799375,background
S01_U04.CH4.wav,2819.52,2819.7999375,foreground
S01_U04.CH4.wav,2819.64,2820.3599375,background
S01_U04.CH4.wav,2820.2,2820.3999375,foreground
S01_U04.CH4.wav,2820.24,2820.4399375,background
S01_U04.CH4.wav,2820.28,2820.7199375,foreground
S01_U04.CH4.wav,2820.56,2821.2799375,background
S01_U04.CH4.wav,2821.12,2821.7199375,foreground
S01_U04.CH4.wav,2821.56,2822.5999375,background
S01_U04.CH4.wav,2822.44,2822.7999375,foreground
S01_U04.CH4.wav,2822.64,2823.3599375,background
S01_U04.CH4.wav,2823.2,2823.5199375,foreground
S01_U04.CH4.wav,2823.36,2824.3199375,background
S01_U04.CH4.wav,2824.16,2824.5199375,foreground
S01_U04.CH4.wav,2824.36,2825.0399375,background
S01_U04.CH4.wav,2824.88,2825.1599375,foreground
S01_U04.CH4.wav,2825,2827.7199375,background
S01_U04.CH4.wav,2827.56,2827.9599375,foreground
S01_U04.CH4.wav,2827.8,2828.4399375,background
S01_U04.CH4.wav,2828.28,2828.5599375,foreground
S01_U04.CH4.wav,2828.4,2829.9199375,background
S01_U04.CH4.wav,2829.76,2830.0799375,foreground
S01_U04.CH4.wav,2829.92,2830.6399375,background
S01_U04.CH4.wav,2830.48,2830.6799375,foreground
S01_U04.CH4.wav,2830.52,2831.0399375,background
S01_U04.CH4.wav,2830.88,2831.1599375,foreground
S01_U04.CH4.wav,2831,2834.1199375,background
S01_U04.CH4.wav,2833.96,2834.3599375,foreground
S01_U04.CH4.wav,2834.2,2836.8799375,background
S01_U04.CH4.wav,2836.72,2836.9199375,foreground
S01_U04.CH4.wav,2836.76,2838.7999375,background
S01_U04.CH4.wav,2838.64,2839.0399375,foreground
S01_U04.CH4.wav,2838.88,2839.6799375,background
S01_U04.CH4.wav,2839.52,2839.7599375,foreground
S01_U04.CH4.wav,2839.6,2839.9999375,background
S01_U04.CH4.wav,2839.84,2840.1199375,foreground
S01_U04.CH4.wav,2839.96,2842.4399375,background
S01_U04.CH4.wav,2842.28,2842.4799375,foreground
S01_U04.CH4.wav,2842.32,2846.8799375,background
S01_U04.CH4.wav,2846.72,2847.1999375,foreground
S01_U04.CH4.wav,2847.04,2848.4799375,background
S01_U04.CH4.wav,2848.32,2848.5599375,foreground
S01_U04.CH4.wav,2848.4,2851.0799375,background
S01_U04.CH4.wav,2850.92,2851.1599375,foreground
S01_U04.CH4.wav,2851,2851.2799375,background
S01_U04.CH4.wav,2851.12,2851.4799375,foreground
S01_U04.CH4.wav,2851.32,2852.4399375,background
S01_U04.CH4.wav,2852.28,2852.5599375,foreground
S01_U04.CH4.wav,2852.4,2853.1599375,background
S01_U04.CH4.wav,2853,2853.3199375,foreground
S01_U04.CH4.wav,2853.16,2857.0799375,background
S01_U04.CH4.wav,2856.92,2857.2399375,foreground
S01_U04.CH4.wav,2857.08,2860.5999375,background
S01_U04.CH4.wav,2860.44,2860.8399375,foreground
S01_U04.CH4.wav,2860.68,2869.7199375,background
S01_U04.CH4.wav,2869.56,2869.9999375,foreground
S01_U04.CH4.wav,2869.84,2870.3999375,background
S01_U04.CH4.wav,2870.24,2870.4799375,foreground
S01_U04.CH4.wav,2870.32,2875.1199375,background
S01_U04.CH4.wav,2874.96,2875.3999375,foreground
S01_U04.CH4.wav,2875.24,2875.5199375,background
S01_U04.CH4.wav,2875.36,2875.5999375,foreground
S01_U04.CH4.wav,2875.44,2876.5999375,background
S01_U04.CH4.wav,2876.44,2876.6799375,foreground
S01_U04.CH4.wav,2876.52,2879.4399375,background
S01_U04.CH4.wav,2879.28,2879.4799375,foreground
S01_U04.CH4.wav,2879.32,2881.6799375,background
S01_U04.CH4.wav,2881.52,2882.2399375,foreground
S01_U04.CH4.wav,2882.08,2883.7599375,background
S01_U04.CH4.wav,2883.6,2884.2399375,foreground
S01_U04.CH4.wav,2884.08,2890.7199375,background
S01_U04.CH4.wav,2890.56,2891.0799375,foreground
S01_U04.CH4.wav,2890.92,2896.3599375,background
S01_U04.CH4.wav,2896.2,2896.5199375,foreground
S01_U04.CH4.wav,2896.36,2896.9199375,background
S01_U04.CH4.wav,2896.76,2897.0399375,foreground
S01_U04.CH4.wav,2896.88,2897.4399375,background
S01_U04.CH4.wav,2897.28,2897.6399375,foreground
S01_U04.CH4.wav,2897.48,2898.3999375,background
S01_U04.CH4.wav,2898.24,2898.4799375,foreground
S01_U04.CH4.wav,2898.32,2900.3199375,background
S01_U04.CH4.wav,2900.16,2900.3999375,foreground
S01_U04.CH4.wav,2900.24,2906.5999375,background
S01_U04.CH4.wav,2906.44,2906.9599375,foreground
S01_U04.CH4.wav,2906.8,2908.7599375,background
S01_U04.CH4.wav,2908.6,2908.7999375,foreground
S01_U04.CH4.wav,2908.64,2909.6799375,background
S01_U04.CH4.wav,2909.52,2909.7999375,foreground
S01_U04.CH4.wav,2909.64,2912.4799375,background
S01_U04.CH4.wav,2912.32,2912.5999375,foreground
S01_U04.CH4.wav,2912.44,2913.0399375,background
S01_U04.CH4.wav,2912.88,2913.1199375,foreground
S01_U04.CH4.wav,2912.96,2913.1599375,background
S01_U04.CH4.wav,2913,2913.3599375,foreground
S01_U04.CH4.wav,2913.2,2915.7999375,background
S01_U04.CH4.wav,2915.64,2915.9599375,foreground
S01_U04.CH4.wav,2915.8,2918.6399375,background
S01_U04.CH4.wav,2918.48,2918.6799375,foreground
S01_U04.CH4.wav,2918.52,2923.3199375,background
S01_U04.CH4.wav,2923.16,2923.3599375,foreground
S01_U04.CH4.wav,2923.2,2924.7599375,background
S01_U04.CH4.wav,2924.6,2924.9599375,foreground
S01_U04.CH4.wav,2924.8,2925.1199375,background
S01_U04.CH4.wav,2924.96,2925.3199375,foreground
S01_U04.CH4.wav,2925.16,2927.7999375,background
S01_U04.CH4.wav,2927.64,2927.9599375,foreground
S01_U04.CH4.wav,2927.8,2933.3999375,background
S01_U04.CH4.wav,2933.24,2933.5599375,foreground
S01_U04.CH4.wav,2933.4,2934.3999375,background
S01_U04.CH4.wav,2934.24,2934.7199375,foreground
S01_U04.CH4.wav,2934.56,2935.1599375,background
S01_U04.CH4.wav,2935,2935.1999375,foreground
S01_U04.CH4.wav,2935.04,2937.3999375,background
S01_U04.CH4.wav,2937.24,2937.5999375,foreground
S01_U04.CH4.wav,2937.44,2938.1599375,background
S01_U04.CH4.wav,2938,2938.1999375,foreground
S01_U04.CH4.wav,2938.04,2938.3999375,background
S01_U04.CH4.wav,2938.24,2938.6799375,foreground
S01_U04.CH4.wav,2938.52,2938.7199375,background
S01_U04.CH4.wav,2938.56,2938.7999375,foreground
S01_U04.CH4.wav,2938.64,2939.0399375,background
S01_U04.CH4.wav,2938.88,2939.2799375,foreground
S01_U04.CH4.wav,2939.12,2944.4399375,background
S01_U04.CH4.wav,2944.28,2944.6799375,foreground
S01_U04.CH4.wav,2944.52,2946.7599375,background
S01_U04.CH4.wav,2946.6,2946.7999375,foreground
S01_U04.CH4.wav,2946.64,2947.7599375,background
S01_U04.CH4.wav,2947.6,2947.9599375,foreground
S01_U04.CH4.wav,2947.8,2948.2399375,background
S01_U04.CH4.wav,2948.08,2948.3999375,foreground
S01_U04.CH4.wav,2948.24,2948.5199375,background
S01_U04.CH4.wav,2948.36,2948.8399375,foreground
S01_U04.CH4.wav,2948.68,2949.9199375,background
S01_U04.CH4.wav,2949.76,2949.9999375,foreground
S01_U04.CH4.wav,2949.84,2950.4399375,background
S01_U04.CH4.wav,2950.28,2950.5599375,foreground
S01_U04.CH4.wav,2950.4,2950.7599375,background
S01_U04.CH4.wav,2950.6,2950.8399375,foreground
S01_U04.CH4.wav,2950.68,2952.1999375,background
S01_U04.CH4.wav,2952.04,2952.5999375,foreground
S01_U04.CH4.wav,2952.44,2953.1199375,background
S01_U04.CH4.wav,2952.96,2953.2799375,foreground
S01_U04.CH4.wav,2953.12,2957.5999375,background
S01_U04.CH4.wav,2957.44,2957.7999375,foreground
S01_U04.CH4.wav,2957.64,2967.0399375,background
S01_U04.CH4.wav,2966.88,2967.2399375,foreground
S01_U04.CH4.wav,2967.08,2969.3599375,background
S01_U04.CH4.wav,2969.2,2969.4399375,foreground
S01_U04.CH4.wav,2969.28,2978.5199375,background
S01_U04.CH4.wav,2978.36,2978.6399375,foreground
S01_U04.CH4.wav,2978.48,2980.2399375,background
S01_U04.CH4.wav,2980.08,2980.2799375,foreground
S01_U04.CH4.wav,2980.12,2980.5599375,background
S01_U04.CH4.wav,2980.4,2980.5999375,foreground
S01_U04.CH4.wav,2980.44,2982.0799375,background
S01_U04.CH4.wav,2981.92,2982.1199375,foreground
S01_U04.CH4.wav,2981.96,2982.2399375,background
S01_U04.CH4.wav,2982.08,2982.3199375,foreground
S01_U04.CH4.wav,2982.16,2983.3199375,background
S01_U04.CH4.wav,2983.16,2983.4799375,foreground
S01_U04.CH4.wav,2983.32,2983.9199375,background
S01_U04.CH4.wav,2983.76,2983.9599375,foreground
S01_U04.CH4.wav,2983.8,2984.1599375,background
S01_U04.CH4.wav,2984,2984.6799375,foreground
S01_U04.CH4.wav,2984.52,2984.9999375,background
S01_U04.CH4.wav,2984.84,2985.0799375,foreground
S01_U04.CH4.wav,2984.92,2986.3199375,background
S01_U04.CH4.wav,2986.16,2986.6799375,foreground
S01_U04.CH4.wav,2986.52,2987.0399375,background
S01_U04.CH4.wav,2986.88,2987.0799375,foreground
S01_U04.CH4.wav,2986.92,2987.4799375,background
S01_U04.CH4.wav,2987.32,2987.8799375,foreground
S01_U04.CH4.wav,2987.72,2988.0399375,background
S01_U04.CH4.wav,2987.88,2988.3199375,foreground
S01_U04.CH4.wav,2988.16,2988.9599375,background
S01_U04.CH4.wav,2988.8,2989.0399375,foreground
S01_U04.CH4.wav,2988.88,2989.7999375,background
S01_U04.CH4.wav,2989.64,2989.9599375,foreground
S01_U04.CH4.wav,2989.8,2990.3199375,background
S01_U04.CH4.wav,2990.16,2990.4399375,foreground
S01_U04.CH4.wav,2990.28,2990.7599375,background
S01_U04.CH4.wav,2990.6,2990.9599375,foreground
S01_U04.CH4.wav,2990.8,2992.2399375,background
S01_U04.CH4.wav,2992.08,2992.3199375,foreground
S01_U04.CH4.wav,2992.16,2994.5599375,background
S01_U04.CH4.wav,2994.4,2994.8799375,foreground
S01_U04.CH4.wav,2994.72,2995.7599375,background
S01_U04.CH4.wav,2995.6,2995.8799375,foreground
S01_U04.CH4.wav,2995.72,2999.9999375,background
S01_U04.CH4.wav,2999.84,3000.2399375,foreground
S01_U04.CH4.wav,3000.08,3000.8799375,background
S01_U04.CH4.wav,3000.72,3000.9599375,foreground
S01_U04.CH4.wav,3000.8,3001.3199375,background
S01_U04.CH4.wav,3001.16,3001.4799375,foreground
S01_U04.CH4.wav,3001.32,3003.3199375,background
S01_U04.CH4.wav,3003.16,3003.4399375,foreground
S01_U04.CH4.wav,3003.28,3003.5199375,background
S01_U04.CH4.wav,3003.36,3003.5599375,foreground
S01_U04.CH4.wav,3003.4,3007.5599375,background
S01_U04.CH4.wav,3007.4,3007.5999375,foreground
S01_U04.CH4.wav,3007.44,3010.4799375,background
S01_U04.CH4.wav,3010.32,3010.7199375,foreground
S01_U04.CH4.wav,3010.56,3011.0399375,background
S01_U04.CH4.wav,3010.88,3011.2799375,foreground
S01_U04.CH4.wav,3011.12,3011.3999375,background
S01_U04.CH4.wav,3011.24,3011.7199375,foreground
S01_U04.CH4.wav,3011.56,3015.2399375,background
S01_U04.CH4.wav,3015.08,3015.5999375,foreground
S01_U04.CH4.wav,3015.44,3019.0799375,background
S01_U04.CH4.wav,3018.92,3019.1599375,foreground
S01_U04.CH4.wav,3019,3019.7199375,background
S01_U04.CH4.wav,3019.56,3019.7999375,foreground
S01_U04.CH4.wav,3019.64,3022.3199375,background
S01_U04.CH4.wav,3022.16,3022.3599375,foreground
S01_U04.CH4.wav,3022.2,3023.2399375,background
S01_U04.CH4.wav,3023.08,3023.3199375,foreground
S01_U04.CH4.wav,3023.16,3024.4399375,background
S01_U04.CH4.wav,3024.28,3024.4799375,foreground
S01_U04.CH4.wav,3024.32,3027.1999375,background
S01_U04.CH4.wav,3027.04,3027.3599375,foreground
S01_U04.CH4.wav,3027.2,3029.9599375,background
S01_U04.CH4.wav,3029.8,3030.2799375,foreground
S01_U04.CH4.wav,3030.12,3030.3199375,background
S01_U04.CH4.wav,3030.16,3030.3599375,foreground
S01_U04.CH4.wav,3030.2,3031.5999375,background
S01_U04.CH4.wav,3031.44,3032.1599375,foreground
S01_U04.CH4.wav,3032,3032.1999375,background
S01_U04.CH4.wav,3032.04,3032.3199375,foreground
S01_U04.CH4.wav,3032.16,3039.9599375,background
S01_U04.CH4.wav,3039.8,3039.9999375,foreground
S01_U04.CH4.wav,3039.84,3041.1599375,background
S01_U04.CH4.wav,3041,3041.1999375,foreground
S01_U04.CH4.wav,3041.04,3042.1199375,background
S01_U04.CH4.wav,3041.96,3042.7199375,foreground
S01_U04.CH4.wav,3042.56,3043.0399375,background
S01_U04.CH4.wav,3042.88,3043.0799375,foreground
S01_U04.CH4.wav,3042.92,3043.5599375,background
S01_U04.CH4.wav,3043.4,3043.6799375,foreground
S01_U04.CH4.wav,3043.52,3044.1999375,background
S01_U04.CH4.wav,3044.04,3044.4799375,foreground
S01_U04.CH4.wav,3044.32,3045.2399375,background
S01_U04.CH4.wav,3045.08,3045.3199375,foreground
S01_U04.CH4.wav,3045.16,3046.1199375,background
S01_U04.CH4.wav,3045.96,3046.3999375,foreground
S01_U04.CH4.wav,3046.24,3050.6799375,background
S01_U04.CH4.wav,3050.52,3050.9599375,foreground
S01_U04.CH4.wav,3050.8,3052.9199375,background
S01_U04.CH4.wav,3052.76,3053.1199375,foreground
S01_U04.CH4.wav,3052.96,3053.1599375,background
S01_U04.CH4.wav,3053,3053.2799375,foreground
S01_U04.CH4.wav,3053.12,3054.1599375,background
S01_U04.CH4.wav,3054,3054.2799375,foreground
S01_U04.CH4.wav,3054.12,3054.3199375,background
S01_U04.CH4.wav,3054.16,3054.3599375,foreground
S01_U04.CH4.wav,3054.2,3071.5199375,background
S01_U04.CH4.wav,3071.36,3071.6399375,foreground
S01_U04.CH4.wav,3071.48,3071.6799375,background
S01_U04.CH4.wav,3071.52,3071.7599375,foreground
S01_U04.CH4.wav,3071.6,3079.0799375,background
S01_U04.CH4.wav,3078.92,3079.2399375,foreground
S01_U04.CH4.wav,3079.08,3082.6799375,background
S01_U04.CH4.wav,3082.52,3082.7599375,foreground
S01_U04.CH4.wav,3082.6,3089.8399375,background
S01_U04.CH4.wav,3089.68,3089.9599375,foreground
S01_U04.CH4.wav,3089.8,3098.3999375,background
S01_U04.CH4.wav,3098.24,3098.4399375,foreground
S01_U04.CH4.wav,3098.28,3100.6399375,background
S01_U04.CH4.wav,3100.48,3100.6799375,foreground
S01_U04.CH4.wav,3100.52,3115.9999375,background
S01_U04.CH4.wav,3115.84,3116.1599375,foreground
S01_U04.CH4.wav,3116,3127.0399375,background
S01_U04.CH4.wav,3126.88,3127.1999375,foreground
S01_U04.CH4.wav,3127.04,3138.7999375,background
S01_U04.CH4.wav,3138.64,3138.8799375,foreground
S01_U04.CH4.wav,3138.72,3145.4799375,background
S01_U04.CH4.wav,3145.32,3145.5599375,foreground
S01_U04.CH4.wav,3145.4,3150.2399375,background
S01_U04.CH4.wav,3150.08,3150.3199375,foreground
S01_U04.CH4.wav,3150.16,3152.0399375,background
S01_U04.CH4.wav,3151.88,3152.1999375,foreground
S01_U04.CH4.wav,3152.04,3161.5599375,background
S01_U04.CH4.wav,3161.4,3161.7599375,foreground
S01_U04.CH4.wav,3161.6,3162.2799375,background
S01_U04.CH4.wav,3162.12,3162.3199375,foreground
S01_U04.CH4.wav,3162.16,3163.8799375,background
S01_U04.CH4.wav,3163.72,3163.9599375,foreground
S01_U04.CH4.wav,3163.8,3164.1199375,background
S01_U04.CH4.wav,3163.96,3164.2399375,foreground
S01_U04.CH4.wav,3164.08,3166.6399375,background
S01_U04.CH4.wav,3166.48,3166.7999375,foreground
S01_U04.CH4.wav,3166.64,3176.0799375,background
S01_U04.CH4.wav,3175.92,3176.1199375,foreground
S01_U04.CH4.wav,3175.96,3176.1999375,background
S01_U04.CH4.wav,3176.04,3176.2799375,foreground
S01_U04.CH4.wav,3176.12,3176.9199375,background
S01_U04.CH4.wav,3176.76,3177.1599375,foreground
S01_U04.CH4.wav,3177,3188.1999375,background
S01_U04.CH4.wav,3188.04,3188.3199375,foreground
S01_U04.CH4.wav,3188.16,3189.5599375,background
S01_U04.CH4.wav,3189.4,3189.6799375,foreground
S01_U04.CH4.wav,3189.52,3196.5999375,background
S01_U04.CH4.wav,3196.44,3196.7199375,foreground
S01_U04.CH4.wav,3196.56,3197.2399375,background
S01_U04.CH4.wav,3197.08,3197.2799375,foreground
S01_U04.CH4.wav,3197.12,3202.3599375,background
S01_U04.CH4.wav,3202.2,3202.4799375,foreground
S01_U04.CH4.wav,3202.32,3202.6799375,background
S01_U04.CH4.wav,3202.52,3203.0799375,foreground
S01_U04.CH4.wav,3202.92,3204.1999375,background
S01_U04.CH4.wav,3204.04,3204.3199375,foreground
S01_U04.CH4.wav,3204.16,3205.2799375,background
S01_U04.CH4.wav,3205.12,3205.5599375,foreground
S01_U04.CH4.wav,3205.4,3207.9999375,background
S01_U04.CH4.wav,3207.84,3208.1999375,foreground
S01_U04.CH4.wav,3208.04,3209.0799375,background
S01_U04.CH4.wav,3208.92,3209.3999375,foreground
S01_U04.CH4.wav,3209.24,3209.9999375,background
S01_U04.CH4.wav,3209.84,3210.1999375,foreground
S01_U04.CH4.wav,3210.04,3211.9599375,background
S01_U04.CH4.wav,3211.8,3212.2799375,foreground
S01_U04.CH4.wav,3212.12,3212.9599375,background
S01_U04.CH4.wav,3212.8,3213.1599375,foreground
S01_U04.CH4.wav,3213,3216.1999375,background
S01_U04.CH4.wav,3216.04,3216.3199375,foreground
S01_U04.CH4.wav,3216.16,3222.9199375,background
S01_U04.CH4.wav,3222.76,3223.1999375,foreground
S01_U04.CH4.wav,3223.04,3223.9999375,background
S01_U04.CH4.wav,3223.84,3224.1599375,foreground
S01_U04.CH4.wav,3224,3224.7199375,background
S01_U04.CH4.wav,3224.56,3224.7999375,foreground
S01_U04.CH4.wav,3224.64,3226.0399375,background
S01_U04.CH4.wav,3225.88,3226.1199375,foreground
S01_U04.CH4.wav,3225.96,3230.1199375,background
S01_U04.CH4.wav,3229.96,3230.1999375,foreground
S01_U04.CH4.wav,3230.04,3243.5999375,background
S01_U04.CH4.wav,3243.44,3243.6799375,foreground
S01_U04.CH4.wav,3243.52,3243.7599375,background
S01_U04.CH4.wav,3243.6,3243.7999375,foreground
S01_U04.CH4.wav,3243.64,3249.6399375,background
S01_U04.CH4.wav,3249.48,3249.7199375,foreground
S01_U04.CH4.wav,3249.56,3249.7599375,background
S01_U04.CH4.wav,3249.6,3249.8399375,foreground
S01_U04.CH4.wav,3249.68,3251.6399375,background
S01_U04.CH4.wav,3251.48,3251.7999375,foreground
S01_U04.CH4.wav,3251.64,3276.7599375,background
S01_U04.CH4.wav,3276.6,3276.7999375,foreground
S01_U04.CH4.wav,3276.64,3278.2799375,background
S01_U04.CH4.wav,3278.12,3278.5999375,foreground
S01_U04.CH4.wav,3278.44,3279.6799375,background
S01_U04.CH4.wav,3279.52,3279.7999375,foreground
S01_U04.CH4.wav,3279.64,3280.2799375,background
S01_U04.CH4.wav,3280.12,3280.3599375,foreground
S01_U04.CH4.wav,3280.2,3281.3599375,background
S01_U04.CH4.wav,3281.2,3281.4399375,foreground
S01_U04.CH4.wav,3281.28,3282.3199375,background
S01_U04.CH4.wav,3282.16,3282.5199375,foreground
S01_U04.CH4.wav,3282.36,3282.8399375,background
S01_U04.CH4.wav,3282.68,3283.1599375,foreground
S01_U04.CH4.wav,3283,3283.3599375,background
S01_U04.CH4.wav,3283.2,3283.3999375,foreground
S01_U04.CH4.wav,3283.24,3290.4399375,background
S01_U04.CH4.wav,3290.28,3290.5599375,foreground
S01_U04.CH4.wav,3290.4,3295.8799375,background
S01_U04.CH4.wav,3295.72,3295.9599375,foreground
S01_U04.CH4.wav,3295.8,3305.0799375,background
S01_U04.CH4.wav,3304.92,3305.3199375,foreground
S01_U04.CH4.wav,3305.16,3308.1199375,background
S01_U04.CH4.wav,3307.96,3308.3199375,foreground
S01_U04.CH4.wav,3308.16,3309.1999375,background
S01_U04.CH4.wav,3309.04,3309.4399375,foreground
S01_U04.CH4.wav,3309.28,3309.5199375,background
S01_U04.CH4.wav,3309.36,3309.5999375,foreground
S01_U04.CH4.wav,3309.44,3310.7599375,background
S01_U04.CH4.wav,3310.6,3311.1199375,foreground
S01_U04.CH4.wav,3310.96,3312.8399375,background
S01_U04.CH4.wav,3312.68,3312.8799375,foreground
S01_U04.CH4.wav,3312.72,3315.5999375,background
S01_U04.CH4.wav,3315.44,3315.7199375,foreground
S01_U04.CH4.wav,3315.56,3317.4399375,background
S01_U04.CH4.wav,3317.28,3317.5199375,foreground
S01_U04.CH4.wav,3317.36,3320.1999375,background
S01_U04.CH4.wav,3320.04,3320.2799375,foreground
S01_U04.CH4.wav,3320.12,3320.3199375,background
S01_U04.CH4.wav,3320.16,3320.4799375,foreground
S01_U04.CH4.wav,3320.32,3329.7599375,background
S01_U04.CH4.wav,3329.6,3329.9199375,foreground
S01_U04.CH4.wav,3329.76,3330.5199375,background
S01_U04.CH4.wav,3330.36,3331.0399375,foreground
S01_U04.CH4.wav,3330.88,3334.0799375,background
S01_U04.CH4.wav,3333.92,3334.1999375,foreground
S01_U04.CH4.wav,3334.04,3334.7599375,background
S01_U04.CH4.wav,3334.6,3334.9199375,foreground
S01_U04.CH4.wav,3334.76,3335.3599375,background
S01_U04.CH4.wav,3335.2,3335.3999375,foreground
S01_U04.CH4.wav,3335.24,3343.3199375,background
S01_U04.CH4.wav,3343.16,3343.3999375,foreground
S01_U04.CH4.wav,3343.24,3344.6399375,background
S01_U04.CH4.wav,3344.48,3344.7599375,foreground
S01_U04.CH4.wav,3344.6,3352.0399375,background
S01_U04.CH4.wav,3351.88,3352.3199375,foreground
S01_U04.CH4.wav,3352.16,3353.1599375,background
S01_U04.CH4.wav,3353,3353.1999375,foreground
S01_U04.CH4.wav,3353.04,3353.3999375,background
S01_U04.CH4.wav,3353.24,3353.6399375,foreground
S01_U04.CH4.wav,3353.48,3355.8399375,background
S01_U04.CH4.wav,3355.68,3355.9599375,foreground
S01_U04.CH4.wav,3355.8,3356.2799375,background
S01_U04.CH4.wav,3356.12,3356.3599375,foreground
S01_U04.CH4.wav,3356.2,3356.5599375,background
S01_U04.CH4.wav,3356.4,3357.0799375,foreground
S01_U04.CH4.wav,3356.92,3357.5599375,background
S01_U04.CH4.wav,3357.4,3357.8399375,foreground
S01_U04.CH4.wav,3357.68,3358.0799375,background
S01_U04.CH4.wav,3357.92,3358.1599375,foreground
S01_U04.CH4.wav,3358,3358.5199375,background
S01_U04.CH4.wav,3358.36,3358.8399375,foreground
S01_U04.CH4.wav,3358.68,3361.5199375,background
S01_U04.CH4.wav,3361.36,3361.7599375,foreground
S01_U04.CH4.wav,3361.6,3361.7999375,background
S01_U04.CH4.wav,3361.64,3361.8799375,foreground
S01_U04.CH4.wav,3361.72,3363.3599375,background
S01_U04.CH4.wav,3363.2,3363.4399375,foreground
S01_U04.CH4.wav,3363.28,3366.7999375,background
S01_U04.CH4.wav,3366.64,3367.5999375,foreground
S01_U04.CH4.wav,3367.44,3368.4399375,background
S01_U04.CH4.wav,3368.28,3368.5999375,foreground
S01_U04.CH4.wav,3368.44,3368.6399375,background
S01_U04.CH4.wav,3368.48,3368.8799375,foreground
S01_U04.CH4.wav,3368.72,3369.7199375,background
S01_U04.CH4.wav,3369.56,3369.7999375,foreground
S01_U04.CH4.wav,3369.64,3371.4799375,background
S01_U04.CH4.wav,3371.32,3371.6399375,foreground
S01_U04.CH4.wav,3371.48,3372.3199375,background
S01_U04.CH4.wav,3372.16,3372.4799375,foreground
S01_U04.CH4.wav,3372.32,3373.8399375,background
S01_U04.CH4.wav,3373.68,3374.0399375,foreground
S01_U04.CH4.wav,3373.88,3374.1199375,background
S01_U04.CH4.wav,3373.96,3375.0799375,foreground
S01_U04.CH4.wav,3374.92,3375.7599375,background
S01_U04.CH4.wav,3375.6,3375.9199375,foreground
S01_U04.CH4.wav,3375.76,3376.0399375,background
S01_U04.CH4.wav,3375.88,3376.0799375,foreground
S01_U04.CH4.wav,3375.92,3376.5999375,background
S01_U04.CH4.wav,3376.44,3376.9599375,foreground
S01_U04.CH4.wav,3376.8,3377.5599375,background
S01_U04.CH4.wav,3377.4,3377.6799375,foreground
S01_U04.CH4.wav,3377.52,3378.0799375,background
S01_U04.CH4.wav,3377.92,3378.1199375,foreground
S01_U04.CH4.wav,3377.96,3383.6399375,background
S01_U04.CH4.wav,3383.48,3383.6799375,foreground
S01_U04.CH4.wav,3383.52,3384.8799375,background
S01_U04.CH4.wav,3384.72,3384.9599375,foreground
S01_U04.CH4.wav,3384.8,3387.0399375,background
S01_U04.CH4.wav,3386.88,3387.2399375,foreground
S01_U04.CH4.wav,3387.08,3387.4399375,background
S01_U04.CH4.wav,3387.28,3387.5999375,foreground
S01_U04.CH4.wav,3387.44,3388.1599375,background
S01_U04.CH4.wav,3388,3388.3999375,foreground
S01_U04.CH4.wav,3388.24,3389.0399375,background
S01_U04.CH4.wav,3388.88,3389.1999375,foreground
S01_U04.CH4.wav,3389.04,3389.7999375,background
S01_U04.CH4.wav,3389.64,3389.8799375,foreground
S01_U04.CH4.wav,3389.72,3390.1599375,background
S01_U04.CH4.wav,3390,3390.1999375,foreground
S01_U04.CH4.wav,3390.04,3390.8399375,background
S01_U04.CH4.wav,3390.68,3390.9999375,foreground
S01_U04.CH4.wav,3390.84,3391.2799375,background
S01_U04.CH4.wav,3391.12,3391.5999375,foreground
S01_U04.CH4.wav,3391.44,3391.9199375,background
S01_U04.CH4.wav,3391.76,3391.9599375,foreground
S01_U04.CH4.wav,3391.8,3393.1599375,background
S01_U04.CH4.wav,3393,3393.7999375,foreground
S01_U04.CH4.wav,3393.64,3394.8399375,background
S01_U04.CH4.wav,3394.68,3394.9199375,foreground
S01_U04.CH4.wav,3394.76,3395.3599375,background
S01_U04.CH4.wav,3395.2,3395.4799375,foreground
S01_U04.CH4.wav,3395.32,3396.1599375,background
S01_U04.CH4.wav,3396,3396.1999375,foreground
S01_U04.CH4.wav,3396.04,3396.6399375,background
S01_U04.CH4.wav,3396.48,3396.7599375,foreground
S01_U04.CH4.wav,3396.6,3396.9599375,background
S01_U04.CH4.wav,3396.8,3397.1999375,foreground
S01_U04.CH4.wav,3397.04,3404.0399375,background
S01_U04.CH4.wav,3403.88,3404.0799375,foreground
S01_U04.CH4.wav,3403.92,3405.4799375,background
S01_U04.CH4.wav,3405.32,3405.6799375,foreground
S01_U04.CH4.wav,3405.52,3406.5599375,background
S01_U04.CH4.wav,3406.4,3406.6799375,foreground
S01_U04.CH4.wav,3406.52,3407.4799375,background
S01_U04.CH4.wav,3407.32,3407.7199375,foreground
S01_U04.CH4.wav,3407.56,3409.0799375,background
S01_U04.CH4.wav,3408.92,3409.1199375,foreground
S01_U04.CH4.wav,3408.96,3409.7199375,background
S01_U04.CH4.wav,3409.56,3409.9199375,foreground
S01_U04.CH4.wav,3409.76,3411.9599375,background
S01_U04.CH4.wav,3411.8,3412.0399375,foreground
S01_U04.CH4.wav,3411.88,3412.3999375,background
S01_U04.CH4.wav,3412.24,3412.5199375,foreground
S01_U04.CH4.wav,3412.36,3412.8399375,background
S01_U04.CH4.wav,3412.68,3412.9199375,foreground
S01_U04.CH4.wav,3412.76,3413.1199375,background
S01_U04.CH4.wav,3412.96,3413.2799375,foreground
S01_U04.CH4.wav,3413.12,3414.0399375,background
S01_U04.CH4.wav,3413.88,3414.1599375,foreground
S01_U04.CH4.wav,3414,3414.3199375,background
S01_U04.CH4.wav,3414.16,3414.7599375,foreground
S01_U04.CH4.wav,3414.6,3415.7199375,background
S01_U04.CH4.wav,3415.56,3415.8799375,foreground
S01_U04.CH4.wav,3415.72,3416.4799375,background
S01_U04.CH4.wav,3416.32,3416.5999375,foreground
S01_U04.CH4.wav,3416.44,3420.7199375,background
S01_U04.CH4.wav,3420.56,3420.7599375,foreground
S01_U04.CH4.wav,3420.6,3420.8399375,background
S01_U04.CH4.wav,3420.68,3420.8799375,foreground
S01_U04.CH4.wav,3420.72,3421.0399375,background
S01_U04.CH4.wav,3420.88,3421.2799375,foreground
S01_U04.CH4.wav,3421.12,3421.3599375,background
S01_U04.CH4.wav,3421.2,3421.5599375,foreground
S01_U04.CH4.wav,3421.4,3423.1199375,background
S01_U04.CH4.wav,3422.96,3423.3199375,foreground
S01_U04.CH4.wav,3423.16,3423.3999375,background
S01_U04.CH4.wav,3423.24,3423.9199375,foreground
S01_U04.CH4.wav,3423.76,3425.0399375,background
S01_U04.CH4.wav,3424.88,3425.2799375,foreground
S01_U04.CH4.wav,3425.12,3426.0399375,background
S01_U04.CH4.wav,3425.88,3426.3599375,foreground
S01_U04.CH4.wav,3426.2,3432.9599375,background
S01_U04.CH4.wav,3432.8,3433.1599375,foreground
S01_U04.CH4.wav,3433,3434.1199375,background
S01_U04.CH4.wav,3433.96,3434.5599375,foreground
S01_U04.CH4.wav,3434.4,3436.9199375,background
S01_U04.CH4.wav,3436.76,3436.9999375,foreground
S01_U04.CH4.wav,3436.84,3444.1999375,background
S01_U04.CH4.wav,3444.04,3444.2799375,foreground
S01_U04.CH4.wav,3444.12,3447.0799375,background
S01_U04.CH4.wav,3446.92,3447.1999375,foreground
S01_U04.CH4.wav,3447.04,3449.1599375,background
S01_U04.CH4.wav,3449,3449.2399375,foreground
S01_U04.CH4.wav,3449.08,3451.0399375,background
S01_U04.CH4.wav,3450.88,3451.0799375,foreground
S01_U04.CH4.wav,3450.92,3453.9999375,background
S01_U04.CH4.wav,3453.84,3454.0799375,foreground
S01_U04.CH4.wav,3453.92,3456.5599375,background
S01_U04.CH4.wav,3456.4,3456.6399375,foreground
S01_U04.CH4.wav,3456.48,3457.1999375,background
S01_U04.CH4.wav,3457.04,3457.5199375,foreground
S01_U04.CH4.wav,3457.36,3457.8799375,background
S01_U04.CH4.wav,3457.72,3457.9599375,foreground
S01_U04.CH4.wav,3457.8,3468.9599375,background
S01_U04.CH4.wav,3468.8,3469.0799375,foreground
S01_U04.CH4.wav,3468.92,3478.3999375,background
S01_U04.CH4.wav,3478.24,3478.4399375,foreground
S01_U04.CH4.wav,3478.28,3478.6399375,background
S01_U04.CH4.wav,3478.48,3478.9199375,foreground
S01_U04.CH4.wav,3478.76,3484.1999375,background
S01_U04.CH4.wav,3484.04,3484.3599375,foreground
S01_U04.CH4.wav,3484.2,3485.3599375,background
S01_U04.CH4.wav,3485.2,3485.5599375,foreground
S01_U04.CH4.wav,3485.4,3485.9999375,background
S01_U04.CH4.wav,3485.84,3486.0399375,foreground
S01_U04.CH4.wav,3485.88,3486.2799375,background
S01_U04.CH4.wav,3486.12,3486.3599375,foreground
S01_U04.CH4.wav,3486.2,3486.4799375,background
S01_U04.CH4.wav,3486.32,3486.5199375,foreground
S01_U04.CH4.wav,3486.36,3486.7999375,background
S01_U04.CH4.wav,3486.64,3487.0399375,foreground
S01_U04.CH4.wav,3486.88,3490.7199375,background
S01_U04.CH4.wav,3490.56,3490.7599375,foreground
S01_U04.CH4.wav,3490.6,3490.9599375,background
S01_U04.CH4.wav,3490.8,3491.0799375,foreground
S01_U04.CH4.wav,3490.92,3492.4799375,background
S01_U04.CH4.wav,3492.32,3492.5199375,foreground
S01_U04.CH4.wav,3492.36,3494.1599375,background
S01_U04.CH4.wav,3494,3494.3599375,foreground
S01_U04.CH4.wav,3494.2,3494.5999375,background
S01_U04.CH4.wav,3494.44,3494.7199375,foreground
S01_U04.CH4.wav,3494.56,3496.0799375,background
S01_U04.CH4.wav,3495.92,3496.1199375,foreground
S01_U04.CH4.wav,3495.96,3500.0799375,background
S01_U04.CH4.wav,3499.92,3500.3599375,foreground
S01_U04.CH4.wav,3500.2,3502.0799375,background
S01_U04.CH4.wav,3501.92,3502.1199375,foreground
S01_U04.CH4.wav,3501.96,3508.5199375,background
S01_U04.CH4.wav,3508.36,3508.6799375,foreground
S01_U04.CH4.wav,3508.52,3514.9199375,background
S01_U04.CH4.wav,3514.76,3514.9599375,foreground
S01_U04.CH4.wav,3514.8,3515.7199375,background
S01_U04.CH4.wav,3515.56,3515.9599375,foreground
S01_U04.CH4.wav,3515.8,3519.6799375,background
S01_U04.CH4.wav,3519.52,3519.8399375,foreground
S01_U04.CH4.wav,3519.68,3520.2399375,background
S01_U04.CH4.wav,3520.08,3520.5199375,foreground
S01_U04.CH4.wav,3520.36,3522.2799375,background
S01_U04.CH4.wav,3522.12,3522.3199375,foreground
S01_U04.CH4.wav,3522.16,3524.5999375,background
S01_U04.CH4.wav,3524.44,3524.6799375,foreground
S01_U04.CH4.wav,3524.52,3526.6799375,background
S01_U04.CH4.wav,3526.52,3526.7199375,foreground
S01_U04.CH4.wav,3526.56,3527.7999375,background
S01_U04.CH4.wav,3527.64,3527.8799375,foreground
S01_U04.CH4.wav,3527.72,3529.3199375,background
S01_U04.CH4.wav,3529.16,3529.5999375,foreground
S01_U04.CH4.wav,3529.44,3530.9599375,background
S01_U04.CH4.wav,3530.8,3531.0799375,foreground
S01_U04.CH4.wav,3530.92,3531.8799375,background
S01_U04.CH4.wav,3531.72,3532.1199375,foreground
S01_U04.CH4.wav,3531.96,3532.3599375,background
S01_U04.CH4.wav,3532.2,3532.3999375,foreground
S01_U04.CH4.wav,3532.24,3533.7599375,background
S01_U04.CH4.wav,3533.6,3533.9599375,foreground
S01_U04.CH4.wav,3533.8,3534.0799375,background
S01_U04.CH4.wav,3533.92,3534.2399375,foreground
S01_U04.CH4.wav,3534.08,3534.3599375,background
S01_U04.CH4.wav,3534.2,3534.5999375,foreground
S01_U04.CH4.wav,3534.44,3534.9199375,background
S01_U04.CH4.wav,3534.76,3535.1599375,foreground
S01_U04.CH4.wav,3535,3538.4799375,background
S01_U04.CH4.wav,3538.32,3538.5599375,foreground
S01_U04.CH4.wav,3538.4,3543.9199375,background
S01_U04.CH4.wav,3543.76,3543.9599375,foreground
S01_U04.CH4.wav,3543.8,3546.5199375,background
S01_U04.CH4.wav,3546.36,3546.7199375,foreground
S01_U04.CH4.wav,3546.56,3554.8799375,background
S01_U04.CH4.wav,3554.72,3554.9599375,foreground
S01_U04.CH4.wav,3554.8,3560.1199375,background
S01_U04.CH4.wav,3559.96,3560.1999375,foreground
S01_U04.CH4.wav,3560.04,3564.5599375,background
S01_U04.CH4.wav,3564.4,3564.5999375,foreground
S01_U04.CH4.wav,3564.44,3564.8799375,background
S01_U04.CH4.wav,3564.72,3564.9599375,foreground
S01_U04.CH4.wav,3564.8,3569.5199375,background
S01_U04.CH4.wav,3569.36,3569.7199375,foreground
S01_U04.CH4.wav,3569.56,3571.3599375,background
S01_U04.CH4.wav,3571.2,3571.4799375,foreground
S01_U04.CH4.wav,3571.32,3577.7999375,background
S01_U04.CH4.wav,3577.64,3577.8799375,foreground
S01_U04.CH4.wav,3577.72,3578.7999375,background
S01_U04.CH4.wav,3578.64,3578.8799375,foreground
S01_U04.CH4.wav,3578.72,3579.2799375,background
S01_U04.CH4.wav,3579.12,3579.3599375,foreground
S01_U04.CH4.wav,3579.2,3579.5599375,background
S01_U04.CH4.wav,3579.4,3579.5999375,foreground
S01_U04.CH4.wav,3579.44,3579.9599375,background
S01_U04.CH4.wav,3579.8,3580.1599375,foreground
S01_U04.CH4.wav,3580,3584.5199375,background
S01_U04.CH4.wav,3584.36,3584.5999375,foreground
S01_U04.CH4.wav,3584.44,3591.9599375,background
S01_U04.CH4.wav,3591.8,3592.3999375,foreground
S01_U04.CH4.wav,3592.24,3595.1999375,background
S01_U04.CH4.wav,3595.04,3595.3599375,foreground
S01_U04.CH4.wav,3595.2,3595.7599375,background
S01_U04.CH4.wav,3595.6,3595.8799375,foreground
S01_U04.CH4.wav,3595.72,3595.9199375,background
S01_U04.CH4.wav,3595.76,3595.9999375,foreground
S01_U04.CH4.wav,3595.84,3596.3599375,background
S01_U04.CH4.wav,3596.2,3596.5999375,foreground
S01_U04.CH4.wav,3596.44,3598.5999375,background
S01_U04.CH4.wav,3598.44,3598.6799375,foreground
S01_U04.CH4.wav,3598.52,3603.1599375,background
S01_U04.CH4.wav,3603,3603.3199375,foreground
S01_U04.CH4.wav,3603.16,3612.5999375,background
S01_U04.CH4.wav,3612.44,3612.8799375,foreground
S01_U04.CH4.wav,3612.72,3614.7599375,background
S01_U04.CH4.wav,3614.6,3614.7999375,foreground
S01_U04.CH4.wav,3614.64,3615.2399375,background
S01_U04.CH4.wav,3615.08,3615.3599375,foreground
S01_U04.CH4.wav,3615.2,3616.5199375,background
S01_U04.CH4.wav,3616.36,3616.5599375,foreground
S01_U04.CH4.wav,3616.4,3617.1199375,background
S01_U04.CH4.wav,3616.96,3617.2399375,foreground
S01_U04.CH4.wav,3617.08,3620.3199375,background
S01_U04.CH4.wav,3620.16,3620.3599375,foreground
S01_U04.CH4.wav,3620.2,3621.6399375,background
S01_U04.CH4.wav,3621.48,3621.9199375,foreground
S01_U04.CH4.wav,3621.76,3622.3999375,background
S01_U04.CH4.wav,3622.24,3622.7599375,foreground
S01_U04.CH4.wav,3622.6,3626.8399375,background
S01_U04.CH4.wav,3626.68,3627.1599375,foreground
S01_U04.CH4.wav,3627,3629.2399375,background
S01_U04.CH4.wav,3629.08,3629.4399375,foreground
S01_U04.CH4.wav,3629.28,3631.3999375,background
S01_U04.CH4.wav,3631.24,3631.4799375,foreground
S01_U04.CH4.wav,3631.32,3631.6399375,background
S01_U04.CH4.wav,3631.48,3631.9599375,foreground
S01_U04.CH4.wav,3631.8,3635.5999375,background
S01_U04.CH4.wav,3635.44,3635.9999375,foreground
S01_U04.CH4.wav,3635.84,3649.0399375,background
S01_U04.CH4.wav,3648.88,3649.4399375,foreground
S01_U04.CH4.wav,3649.28,3650.8399375,background
S01_U04.CH4.wav,3650.68,3650.8799375,foreground
S01_U04.CH4.wav,3650.72,3651.2799375,background
S01_U04.CH4.wav,3651.12,3651.3599375,foreground
S01_U04.CH4.wav,3651.2,3651.5599375,background
S01_U04.CH4.wav,3651.4,3651.7999375,foreground
S01_U04.CH4.wav,3651.64,3652.3199375,background
S01_U04.CH4.wav,3652.16,3652.4399375,foreground
S01_U04.CH4.wav,3652.28,3653.0799375,background
S01_U04.CH4.wav,3652.92,3653.2799375,foreground
S01_U04.CH4.wav,3653.12,3655.8399375,background
S01_U04.CH4.wav,3655.68,3655.9199375,foreground
S01_U04.CH4.wav,3655.76,3655.9599375,background
S01_U04.CH4.wav,3655.8,3655.9999375,foreground
S01_U04.CH4.wav,3655.84,3656.1199375,background
S01_U04.CH4.wav,3655.96,3656.1599375,foreground
S01_U04.CH4.wav,3656,3660.7599375,background
S01_U04.CH4.wav,3660.6,3660.9199375,foreground
S01_U04.CH4.wav,3660.76,3664.7999375,background
S01_U04.CH4.wav,3664.64,3664.9199375,foreground
S01_U04.CH4.wav,3664.76,3664.9599375,background
S01_U04.CH4.wav,3664.8,3665.1599375,foreground
S01_U04.CH4.wav,3665,3666.9999375,background
S01_U04.CH4.wav,3666.84,3667.1599375,foreground
S01_U04.CH4.wav,3667,3668.1199375,background
S01_U04.CH4.wav,3667.96,3668.1999375,foreground
S01_U04.CH4.wav,3668.04,3668.5599375,background
S01_U04.CH4.wav,3668.4,3668.5999375,foreground
S01_U04.CH4.wav,3668.44,3669.6399375,background
S01_U04.CH4.wav,3669.48,3669.7199375,foreground
S01_U04.CH4.wav,3669.56,3671.7599375,background
S01_U04.CH4.wav,3671.6,3671.8799375,foreground
S01_U04.CH4.wav,3671.72,3676.0399375,background
S01_U04.CH4.wav,3675.88,3676.0799375,foreground
S01_U04.CH4.wav,3675.92,3676.9599375,background
S01_U04.CH4.wav,3676.8,3677.0399375,foreground
S01_U04.CH4.wav,3676.88,3677.4399375,background
S01_U04.CH4.wav,3677.28,3677.6799375,foreground
S01_U04.CH4.wav,3677.52,3678.9999375,background
S01_U04.CH4.wav,3678.84,3679.0399375,foreground
S01_U04.CH4.wav,3678.88,3680.2799375,background
S01_U04.CH4.wav,3680.12,3680.3199375,foreground
S01_U04.CH4.wav,3680.16,3680.5999375,background
S01_U04.CH4.wav,3680.44,3680.7199375,foreground
S01_U04.CH4.wav,3680.56,3682.5999375,background
S01_U04.CH4.wav,3682.44,3682.7999375,foreground
S01_U04.CH4.wav,3682.64,3685.3199375,background
S01_U04.CH4.wav,3685.16,3685.3599375,foreground
S01_U04.CH4.wav,3685.2,3687.3599375,background
S01_U04.CH4.wav,3687.2,3687.4399375,foreground
S01_U04.CH4.wav,3687.28,3693.0799375,background
S01_U04.CH4.wav,3692.92,3693.2399375,foreground
S01_U04.CH4.wav,3693.08,3693.4399375,background
S01_U04.CH4.wav,3693.28,3693.6399375,foreground
S01_U04.CH4.wav,3693.48,3697.7599375,background
S01_U04.CH4.wav,3697.6,3697.8799375,foreground
S01_U04.CH4.wav,3697.72,3700.5199375,background
S01_U04.CH4.wav,3700.36,3700.5999375,foreground
S01_U04.CH4.wav,3700.44,3701.1199375,background
S01_U04.CH4.wav,3700.96,3701.1999375,foreground
S01_U04.CH4.wav,3701.04,3710.3599375,background
S01_U04.CH4.wav,3710.2,3710.5199375,foreground
S01_U04.CH4.wav,3710.36,3713.3999375,background
S01_U04.CH4.wav,3713.24,3713.5999375,foreground
S01_U04.CH4.wav,3713.44,3717.3599375,background
S01_U04.CH4.wav,3717.2,3717.4799375,foreground
S01_U04.CH4.wav,3717.32,3720.8399375,background
S01_U04.CH4.wav,3720.68,3720.8799375,foreground
S01_U04.CH4.wav,3720.72,3722.3599375,background
S01_U04.CH4.wav,3722.2,3722.6399375,foreground
S01_U04.CH4.wav,3722.48,3724.2799375,background
S01_U04.CH4.wav,3724.12,3724.3599375,foreground
S01_U04.CH4.wav,3724.2,3728.7599375,background
S01_U04.CH4.wav,3728.6,3728.9599375,foreground
S01_U04.CH4.wav,3728.8,3729.7599375,background
S01_U04.CH4.wav,3729.6,3729.8399375,foreground
S01_U04.CH4.wav,3729.68,3733.3199375,background
S01_U04.CH4.wav,3733.16,3733.3599375,foreground
S01_U04.CH4.wav,3733.2,3737.5999375,background
S01_U04.CH4.wav,3737.44,3737.9199375,foreground
S01_U04.CH4.wav,3737.76,3738.5999375,background
S01_U04.CH4.wav,3738.44,3739.3199375,foreground
S01_U04.CH4.wav,3739.16,3742.3599375,background
S01_U04.CH4.wav,3742.2,3742.5999375,foreground
S01_U04.CH4.wav,3742.44,3742.9199375,background
S01_U04.CH4.wav,3742.76,3743.1999375,foreground
S01_U04.CH4.wav,3743.04,3751.3999375,background
S01_U04.CH4.wav,3751.24,3751.7199375,foreground
S01_U04.CH4.wav,3751.56,3768.4399375,background
S01_U04.CH4.wav,3768.28,3768.5599375,foreground
S01_U04.CH4.wav,3768.4,3770.9599375,background
S01_U04.CH4.wav,3770.8,3771.3199375,foreground
S01_U04.CH4.wav,3771.16,3788.1999375,background
S01_U04.CH4.wav,3788.04,3788.2399375,foreground
S01_U04.CH4.wav,3788.08,3793.1999375,background
S01_U04.CH4.wav,3793.04,3793.3599375,foreground
S01_U04.CH4.wav,3793.2,3794.3999375,background
S01_U04.CH4.wav,3794.24,3794.5199375,foreground
S01_U04.CH4.wav,3794.36,3795.8399375,background
S01_U04.CH4.wav,3795.68,3795.9599375,foreground
S01_U04.CH4.wav,3795.8,3804.2399375,background
S01_U04.CH4.wav,3804.08,3804.3599375,foreground
S01_U04.CH4.wav,3804.2,3806.0399375,background
S01_U04.CH4.wav,3805.88,3806.1199375,foreground
S01_U04.CH4.wav,3805.96,3807.8799375,background
S01_U04.CH4.wav,3807.72,3807.9999375,foreground
S01_U04.CH4.wav,3807.84,3808.0399375,background
S01_U04.CH4.wav,3807.88,3808.1199375,foreground
S01_U04.CH4.wav,3807.96,3809.1599375,background
S01_U04.CH4.wav,3809,3809.2399375,foreground
S01_U04.CH4.wav,3809.08,3811.1599375,background
S01_U04.CH4.wav,3811,3811.2799375,foreground
S01_U04.CH4.wav,3811.12,3811.9999375,background
S01_U04.CH4.wav,3811.84,3812.0799375,foreground
S01_U04.CH4.wav,3811.92,3816.0399375,background
S01_U04.CH4.wav,3815.88,3816.5599375,foreground
S01_U04.CH4.wav,3816.4,3817.8399375,background
S01_U04.CH4.wav,3817.68,3817.8799375,foreground
S01_U04.CH4.wav,3817.72,3827.3999375,background
S01_U04.CH4.wav,3827.24,3827.4399375,foreground
S01_U04.CH4.wav,3827.28,3829.1599375,background
S01_U04.CH4.wav,3829,3829.2799375,foreground
S01_U04.CH4.wav,3829.12,3829.7199375,background
S01_U04.CH4.wav,3829.56,3829.7599375,foreground
S01_U04.CH4.wav,3829.6,3832.8799375,background
S01_U04.CH4.wav,3832.72,3832.9199375,foreground
S01_U04.CH4.wav,3832.76,3833.9199375,background
S01_U04.CH4.wav,3833.76,3833.9599375,foreground
S01_U04.CH4.wav,3833.8,3834.6799375,background
S01_U04.CH4.wav,3834.52,3834.7199375,foreground
S01_U04.CH4.wav,3834.56,3834.7999375,background
S01_U04.CH4.wav,3834.64,3834.8799375,foreground
S01_U04.CH4.wav,3834.72,3835.9199375,background
S01_U04.CH4.wav,3835.76,3835.9999375,foreground
S01_U04.CH4.wav,3835.84,3836.4399375,background
S01_U04.CH4.wav,3836.28,3836.6799375,foreground
S01_U04.CH4.wav,3836.52,3839.1199375,background
S01_U04.CH4.wav,3838.96,3839.1599375,foreground
S01_U04.CH4.wav,3839,3839.5199375,background
S01_U04.CH4.wav,3839.36,3839.7599375,foreground
S01_U04.CH4.wav,3839.6,3845.6799375,background
S01_U04.CH4.wav,3845.52,3845.9599375,foreground
S01_U04.CH4.wav,3845.8,3846.2799375,background
S01_U04.CH4.wav,3846.12,3846.6399375,foreground
S01_U04.CH4.wav,3846.48,3846.9599375,background
S01_U04.CH4.wav,3846.8,3847.0799375,foreground
S01_U04.CH4.wav,3846.92,3849.7599375,background
S01_U04.CH4.wav,3849.6,3849.8799375,foreground
S01_U04.CH4.wav,3849.72,3858.9999375,background
S01_U04.CH4.wav,3858.84,3859.2799375,foreground
S01_U04.CH4.wav,3859.12,3859.3999375,background
S01_U04.CH4.wav,3859.24,3859.5599375,foreground
S01_U04.CH4.wav,3859.4,3860.5199375,background
S01_U04.CH4.wav,3860.36,3860.6399375,foreground
S01_U04.CH4.wav,3860.48,3865.4799375,background
S01_U04.CH4.wav,3865.32,3865.7999375,foreground
S01_U04.CH4.wav,3865.64,3866.9199375,background
S01_U04.CH4.wav,3866.76,3867.0399375,foreground
S01_U04.CH4.wav,3866.88,3872.0399375,background
S01_U04.CH4.wav,3871.88,3872.4399375,foreground
S01_U04.CH4.wav,3872.28,3876.2799375,background
S01_U04.CH4.wav,3876.12,3876.3599375,foreground
S01_U04.CH4.wav,3876.2,3876.6799375,background
S01_U04.CH4.wav,3876.52,3876.7199375,foreground
S01_U04.CH4.wav,3876.56,3879.6799375,background
S01_U04.CH4.wav,3879.52,3879.7199375,foreground
S01_U04.CH4.wav,3879.56,3879.9599375,background
S01_U04.CH4.wav,3879.8,3880.0399375,foreground
S01_U04.CH4.wav,3879.88,3885.7999375,background
S01_U04.CH4.wav,3885.64,3885.8799375,foreground
S01_U04.CH4.wav,3885.72,3886.5999375,background
S01_U04.CH4.wav,3886.44,3886.7199375,foreground
S01_U04.CH4.wav,3886.56,3890.3599375,background
S01_U04.CH4.wav,3890.2,3890.7599375,foreground
S01_U04.CH4.wav,3890.6,3892.0399375,background
S01_U04.CH4.wav,3891.88,3892.1599375,foreground
S01_U04.CH4.wav,3892,3893.7999375,background
S01_U04.CH4.wav,3893.64,3893.9199375,foreground
S01_U04.CH4.wav,3893.76,3895.7999375,background
S01_U04.CH4.wav,3895.64,3895.8799375,foreground
S01_U04.CH4.wav,3895.72,3897.3999375,background
S01_U04.CH4.wav,3897.24,3897.4799375,foreground
S01_U04.CH4.wav,3897.32,3901.7999375,background
S01_U04.CH4.wav,3901.64,3901.9199375,foreground
S01_U04.CH4.wav,3901.76,3902.4799375,background
S01_U04.CH4.wav,3902.32,3902.6399375,foreground
S01_U04.CH4.wav,3902.48,3902.9599375,background
S01_U04.CH4.wav,3902.8,3903.3999375,foreground
S01_U04.CH4.wav,3903.24,3905.9599375,background
S01_U04.CH4.wav,3905.8,3906.0399375,foreground
S01_U04.CH4.wav,3905.88,3906.1599375,background
S01_U04.CH4.wav,3906,3906.2399375,foreground
S01_U04.CH4.wav,3906.08,3907.4399375,background
S01_U04.CH4.wav,3907.28,3907.4799375,foreground
S01_U04.CH4.wav,3907.32,3909.6399375,background
S01_U04.CH4.wav,3909.48,3909.7999375,foreground
S01_U04.CH4.wav,3909.64,3920.4399375,background
S01_U04.CH4.wav,3920.28,3920.4799375,foreground
S01_U04.CH4.wav,3920.32,3921.9999375,background
S01_U04.CH4.wav,3921.84,3922.0799375,foreground
S01_U04.CH4.wav,3921.92,3922.9199375,background
S01_U04.CH4.wav,3922.76,3922.9599375,foreground
S01_U04.CH4.wav,3922.8,3925.6399375,background
S01_U04.CH4.wav,3925.48,3925.7199375,foreground
S01_U04.CH4.wav,3925.56,3931.9999375,background
S01_U04.CH4.wav,3931.84,3932.0799375,foreground
S01_U04.CH4.wav,3931.92,3937.9999375,background
S01_U04.CH4.wav,3937.84,3938.1599375,foreground
S01_U04.CH4.wav,3938,3943.8799375,background
S01_U04.CH4.wav,3943.72,3944.0799375,foreground
S01_U04.CH4.wav,3943.92,3944.6799375,background
S01_U04.CH4.wav,3944.52,3944.7599375,foreground
S01_U04.CH4.wav,3944.6,3944.9999375,background
S01_U04.CH4.wav,3944.84,3945.1999375,foreground
S01_U04.CH4.wav,3945.04,3948.0799375,background
S01_U04.CH4.wav,3947.92,3948.1599375,foreground
S01_U04.CH4.wav,3948,3952.8799375,background
S01_U04.CH4.wav,3952.72,3953.1199375,foreground
S01_U04.CH4.wav,3952.96,3956.7199375,background
S01_U04.CH4.wav,3956.56,3956.7999375,foreground
S01_U04.CH4.wav,3956.64,3958.2799375,background
S01_U04.CH4.wav,3958.12,3958.7199375,foreground
S01_U04.CH4.wav,3958.56,3959.9599375,background
S01_U04.CH4.wav,3959.8,3960.0399375,foreground
S01_U04.CH4.wav,3959.88,3960.0799375,background
S01_U04.CH4.wav,3959.92,3960.2399375,foreground
S01_U04.CH4.wav,3960.08,3962.5199375,background
S01_U04.CH4.wav,3962.36,3962.6399375,foreground
S01_U04.CH4.wav,3962.48,3963.3599375,background
S01_U04.CH4.wav,3963.2,3963.5599375,foreground
S01_U04.CH4.wav,3963.4,3964.5999375,background
S01_U04.CH4.wav,3964.44,3964.9999375,foreground
S01_U04.CH4.wav,3964.84,3965.2399375,background
S01_U04.CH4.wav,3965.08,3965.3599375,foreground
S01_U04.CH4.wav,3965.2,3967.0799375,background
S01_U04.CH4.wav,3966.92,3967.5999375,foreground
S01_U04.CH4.wav,3967.44,3967.7999375,background
S01_U04.CH4.wav,3967.64,3967.9999375,foreground
S01_U04.CH4.wav,3967.84,3968.3999375,background
S01_U04.CH4.wav,3968.24,3968.4399375,foreground
S01_U04.CH4.wav,3968.28,3968.9999375,background
S01_U04.CH4.wav,3968.84,3969.1599375,foreground
S01_U04.CH4.wav,3969,3970.9199375,background
S01_U04.CH4.wav,3970.76,3971.0799375,foreground
S01_U04.CH4.wav,3970.92,3971.5199375,background
S01_U04.CH4.wav,3971.36,3971.5599375,foreground
S01_U04.CH4.wav,3971.4,3972.7599375,background
S01_U04.CH4.wav,3972.6,3972.9599375,foreground
S01_U04.CH4.wav,3972.8,3973.4399375,background
S01_U04.CH4.wav,3973.28,3973.7599375,foreground
S01_U04.CH4.wav,3973.6,3976.1999375,background
S01_U04.CH4.wav,3976.04,3976.3599375,foreground
S01_U04.CH4.wav,3976.2,3977.9199375,background
S01_U04.CH4.wav,3977.76,3978.1199375,foreground
S01_U04.CH4.wav,3977.96,3978.6799375,background
S01_U04.CH4.wav,3978.52,3978.9199375,foreground
S01_U04.CH4.wav,3978.76,3979.6799375,background
S01_U04.CH4.wav,3979.52,3979.8399375,foreground
S01_U04.CH4.wav,3979.68,3980.1599375,background
S01_U04.CH4.wav,3980,3980.1999375,foreground
S01_U04.CH4.wav,3980.04,3982.3999375,background
S01_U04.CH4.wav,3982.24,3982.5599375,foreground
S01_U04.CH4.wav,3982.4,3983.3599375,background
S01_U04.CH4.wav,3983.2,3983.3999375,foreground
S01_U04.CH4.wav,3983.24,3984.3999375,background
S01_U04.CH4.wav,3984.24,3984.5599375,foreground
S01_U04.CH4.wav,3984.4,3985.7199375,background
S01_U04.CH4.wav,3985.56,3985.9199375,foreground
S01_U04.CH4.wav,3985.76,3986.3199375,background
S01_U04.CH4.wav,3986.16,3986.3999375,foreground
S01_U04.CH4.wav,3986.24,3988.7599375,background
S01_U04.CH4.wav,3988.6,3988.7999375,foreground
S01_U04.CH4.wav,3988.64,3989.7599375,background
S01_U04.CH4.wav,3989.6,3989.8799375,foreground
S01_U04.CH4.wav,3989.72,3990.1999375,background
S01_U04.CH4.wav,3990.04,3990.4399375,foreground
S01_U04.CH4.wav,3990.28,3991.4799375,background
S01_U04.CH4.wav,3991.32,3991.5999375,foreground
S01_U04.CH4.wav,3991.44,3991.8799375,background
S01_U04.CH4.wav,3991.72,3992.0399375,foreground
S01_U04.CH4.wav,3991.88,3995.1999375,background
S01_U04.CH4.wav,3995.04,3995.2799375,foreground
S01_U04.CH4.wav,3995.12,3996.2399375,background
S01_U04.CH4.wav,3996.08,3996.2799375,foreground
S01_U04.CH4.wav,3996.12,3997.9199375,background
S01_U04.CH4.wav,3997.76,3997.9599375,foreground
S01_U04.CH4.wav,3997.8,3998.0799375,background
S01_U04.CH4.wav,3997.92,3998.1199375,foreground
S01_U04.CH4.wav,3997.96,4004.0399375,background
S01_U04.CH4.wav,4003.88,4004.0799375,foreground
S01_U04.CH4.wav,4003.92,4005.4399375,background
S01_U04.CH4.wav,4005.28,4005.5199375,foreground
S01_U04.CH4.wav,4005.36,4009.4399375,background
S01_U04.CH4.wav,4009.28,4009.5199375,foreground
S01_U04.CH4.wav,4009.36,4009.6399375,background
S01_U04.CH4.wav,4009.48,4009.7199375,foreground
S01_U04.CH4.wav,4009.56,4013.8399375,background
S01_U04.CH4.wav,4013.68,4013.9999375,foreground
S01_U04.CH4.wav,4013.84,4017.7599375,background
S01_U04.CH4.wav,4017.6,4017.7999375,foreground
S01_U04.CH4.wav,4017.64,4025.5999375,background
S01_U04.CH4.wav,4025.44,4025.9199375,foreground
S01_U04.CH4.wav,4025.76,4028.1199375,background
S01_U04.CH4.wav,4027.96,4028.1999375,foreground
S01_U04.CH4.wav,4028.04,4028.3999375,background
S01_U04.CH4.wav,4028.24,4028.5199375,foreground
S01_U04.CH4.wav,4028.36,4032.1599375,background
S01_U04.CH4.wav,4032,4032.2399375,foreground
S01_U04.CH4.wav,4032.08,4035.6399375,background
S01_U04.CH4.wav,4035.48,4035.8799375,foreground
S01_U04.CH4.wav,4035.72,4045.9599375,background
S01_U04.CH4.wav,4045.8,4045.9999375,foreground
S01_U04.CH4.wav,4045.84,4049.3999375,background
S01_U04.CH4.wav,4049.24,4049.4799375,foreground
S01_U04.CH4.wav,4049.32,4049.5999375,background
S01_U04.CH4.wav,4049.44,4049.7599375,foreground
S01_U04.CH4.wav,4049.6,4050.6399375,background
S01_U04.CH4.wav,4050.48,4050.7199375,foreground
S01_U04.CH4.wav,4050.56,4051.5999375,background
S01_U04.CH4.wav,4051.44,4051.7999375,foreground
S01_U04.CH4.wav,4051.64,4052.1599375,background
S01_U04.CH4.wav,4052,4052.4799375,foreground
S01_U04.CH4.wav,4052.32,4054.4399375,background
S01_U04.CH4.wav,4054.28,4054.5599375,foreground
S01_U04.CH4.wav,4054.4,4059.2799375,background
S01_U04.CH4.wav,4059.12,4059.4399375,foreground
S01_U04.CH4.wav,4059.28,4061.7199375,background
S01_U04.CH4.wav,4061.56,4061.7599375,foreground
S01_U04.CH4.wav,4061.6,4062.5199375,background
S01_U04.CH4.wav,4062.36,4062.8799375,foreground
S01_U04.CH4.wav,4062.72,4062.9999375,background
S01_U04.CH4.wav,4062.84,4063.0799375,foreground
S01_U04.CH4.wav,4062.92,4063.7999375,background
S01_U04.CH4.wav,4063.64,4063.9599375,foreground
S01_U04.CH4.wav,4063.8,4065.4399375,background
S01_U04.CH4.wav,4065.28,4065.5599375,foreground
S01_U04.CH4.wav,4065.4,4067.6399375,background
S01_U04.CH4.wav,4067.48,4067.8399375,foreground
S01_U04.CH4.wav,4067.68,4070.0799375,background
S01_U04.CH4.wav,4069.92,4070.1999375,foreground
S01_U04.CH4.wav,4070.04,4071.6799375,background
S01_U04.CH4.wav,4071.52,4071.7999375,foreground
S01_U04.CH4.wav,4071.64,4074.4799375,background
S01_U04.CH4.wav,4074.32,4074.5999375,foreground
S01_U04.CH4.wav,4074.44,4075.7199375,background
S01_U04.CH4.wav,4075.56,4075.7599375,foreground
S01_U04.CH4.wav,4075.6,4077.5199375,background
S01_U04.CH4.wav,4077.36,4077.5599375,foreground
S01_U04.CH4.wav,4077.4,4081.1599375,background
S01_U04.CH4.wav,4081,4081.4399375,foreground
S01_U04.CH4.wav,4081.28,4083.7599375,background
S01_U04.CH4.wav,4083.6,4083.7999375,foreground
S01_U04.CH4.wav,4083.64,4085.9999375,background
S01_U04.CH4.wav,4085.84,4086.0399375,foreground
S01_U04.CH4.wav,4085.88,4086.3199375,background
S01_U04.CH4.wav,4086.16,4086.3599375,foreground
S01_U04.CH4.wav,4086.2,4088.2399375,background
S01_U04.CH4.wav,4088.08,4088.2799375,foreground
S01_U04.CH4.wav,4088.12,4097.2799375,background
S01_U04.CH4.wav,4097.12,4097.6399375,foreground
S01_U04.CH4.wav,4097.48,4098.1599375,background
S01_U04.CH4.wav,4098,4098.3599375,foreground
S01_U04.CH4.wav,4098.2,4098.5999375,background
S01_U04.CH4.wav,4098.44,4098.7199375,foreground
S01_U04.CH4.wav,4098.56,4099.3199375,background
S01_U04.CH4.wav,4099.16,4099.4799375,foreground
S01_U04.CH4.wav,4099.32,4100.3199375,background
S01_U04.CH4.wav,4100.16,4100.3999375,foreground
S01_U04.CH4.wav,4100.24,4101.9999375,background
S01_U04.CH4.wav,4101.84,4102.0399375,foreground
S01_U04.CH4.wav,4101.88,4103.4399375,background
S01_U04.CH4.wav,4103.28,4103.5199375,foreground
S01_U04.CH4.wav,4103.36,4103.7999375,background
S01_U04.CH4.wav,4103.64,4104.1999375,foreground
S01_U04.CH4.wav,4104.04,4105.5999375,background
S01_U04.CH4.wav,4105.44,4105.9199375,foreground
S01_U04.CH4.wav,4105.76,4110.3199375,background
S01_U04.CH4.wav,4110.16,4110.5199375,foreground
S01_U04.CH4.wav,4110.36,4110.6399375,background
S01_U04.CH4.wav,4110.48,4110.7599375,foreground
S01_U04.CH4.wav,4110.6,4114.3199375,background
S01_U04.CH4.wav,4114.16,4114.3599375,foreground
S01_U04.CH4.wav,4114.2,4115.0799375,background
S01_U04.CH4.wav,4114.92,4115.1599375,foreground
S01_U04.CH4.wav,4115,4116.6799375,background
S01_U04.CH4.wav,4116.52,4116.7999375,foreground
S01_U04.CH4.wav,4116.64,4119.5199375,background
S01_U04.CH4.wav,4119.36,4119.5599375,foreground
S01_U04.CH4.wav,4119.4,4123.4399375,background
S01_U04.CH4.wav,4123.28,4123.4799375,foreground
S01_U04.CH4.wav,4123.32,4124.2399375,background
S01_U04.CH4.wav,4124.08,4124.3999375,foreground
S01_U04.CH4.wav,4124.24,4124.8799375,background
S01_U04.CH4.wav,4124.72,4125.0799375,foreground
S01_U04.CH4.wav,4124.92,4127.3999375,background
S01_U04.CH4.wav,4127.24,4127.5999375,foreground
S01_U04.CH4.wav,4127.44,4133.0799375,background
S01_U04.CH4.wav,4132.92,4133.4399375,foreground
S01_U04.CH4.wav,4133.28,4135.7999375,background
S01_U04.CH4.wav,4135.64,4135.8799375,foreground
S01_U04.CH4.wav,4135.72,4138.9999375,background
S01_U04.CH4.wav,4138.84,4139.0399375,foreground
S01_U04.CH4.wav,4138.88,4143.1999375,background
S01_U04.CH4.wav,4143.04,4143.3999375,foreground
S01_U04.CH4.wav,4143.24,4144.9599375,background
S01_U04.CH4.wav,4144.8,4145.1199375,foreground
S01_U04.CH4.wav,4144.96,4145.7999375,background
S01_U04.CH4.wav,4145.64,4146.0799375,foreground
S01_U04.CH4.wav,4145.92,4146.2799375,background
S01_U04.CH4.wav,4146.12,4146.3199375,foreground
S01_U04.CH4.wav,4146.16,4149.0399375,background
S01_U04.CH4.wav,4148.88,4149.1599375,foreground
S01_U04.CH4.wav,4149,4149.3199375,background
S01_U04.CH4.wav,4149.16,4149.6799375,foreground
S01_U04.CH4.wav,4149.52,4149.7999375,background
S01_U04.CH4.wav,4149.64,4149.9999375,foreground
S01_U04.CH4.wav,4149.84,4150.4799375,background
S01_U04.CH4.wav,4150.32,4150.5199375,foreground
S01_U04.CH4.wav,4150.36,4150.6799375,background
S01_U04.CH4.wav,4150.52,4150.8799375,foreground
S01_U04.CH4.wav,4150.72,4151.8799375,background
S01_U04.CH4.wav,4151.72,4151.9599375,foreground
S01_U04.CH4.wav,4151.8,4152.1599375,background
S01_U04.CH4.wav,4152,4152.2399375,foreground
S01_U04.CH4.wav,4152.08,4152.5599375,background
S01_U04.CH4.wav,4152.4,4152.5999375,foreground
S01_U04.CH4.wav,4152.44,4157.1199375,background
S01_U04.CH4.wav,4156.96,4157.1999375,foreground
S01_U04.CH4.wav,4157.04,4159.8399375,background
S01_U04.CH4.wav,4159.68,4159.9599375,foreground
S01_U04.CH4.wav,4159.8,4161.3199375,background
S01_U04.CH4.wav,4161.16,4161.3599375,foreground
S01_U04.CH4.wav,4161.2,4161.3999375,background
S01_U04.CH4.wav,4161.24,4161.4799375,foreground
S01_U04.CH4.wav,4161.32,4163.2799375,background
S01_U04.CH4.wav,4163.12,4163.6399375,foreground
S01_U04.CH4.wav,4163.48,4163.7599375,background
S01_U04.CH4.wav,4163.6,4164.1599375,foreground
S01_U04.CH4.wav,4164,4167.7599375,background
S01_U04.CH4.wav,4167.6,4167.7999375,foreground
S01_U04.CH4.wav,4167.64,4167.8799375,background
S01_U04.CH4.wav,4167.72,4167.9999375,foreground
S01_U04.CH4.wav,4167.84,4168.6399375,background
S01_U04.CH4.wav,4168.48,4168.7599375,foreground
S01_U04.CH4.wav,4168.6,4170.8399375,background
S01_U04.CH4.wav,4170.68,4170.9999375,foreground
S01_U04.CH4.wav,4170.84,4171.9599375,background
S01_U04.CH4.wav,4171.8,4171.9999375,foreground
S01_U04.CH4.wav,4171.84,4172.8399375,background
S01_U04.CH4.wav,4172.68,4172.8799375,foreground
S01_U04.CH4.wav,4172.72,4173.2399375,background
S01_U04.CH4.wav,4173.08,4173.2799375,foreground
S01_U04.CH4.wav,4173.12,4173.7599375,background
S01_U04.CH4.wav,4173.6,4173.9999375,foreground
S01_U04.CH4.wav,4173.84,4175.1199375,background
S01_U04.CH4.wav,4174.96,4175.4799375,foreground
S01_U04.CH4.wav,4175.32,4177.2399375,background
S01_U04.CH4.wav,4177.08,4177.3199375,foreground
S01_U04.CH4.wav,4177.16,4182.3599375,background
S01_U04.CH4.wav,4182.2,4182.5199375,foreground
S01_U04.CH4.wav,4182.36,4187.0799375,background
S01_U04.CH4.wav,4186.92,4187.3199375,foreground
S01_U04.CH4.wav,4187.16,4187.6399375,background
S01_U04.CH4.wav,4187.48,4187.7999375,foreground
S01_U04.CH4.wav,4187.64,4190.6799375,background
S01_U04.CH4.wav,4190.52,4190.8799375,foreground
S01_U04.CH4.wav,4190.72,4191.1599375,background
S01_U04.CH4.wav,4191,4191.3599375,foreground
S01_U04.CH4.wav,4191.2,4193.5199375,background
S01_U04.CH4.wav,4193.36,4193.9199375,foreground
S01_U04.CH4.wav,4193.76,4194.6399375,background
S01_U04.CH4.wav,4194.48,4194.7599375,foreground
S01_U04.CH4.wav,4194.6,4198.0799375,background
S01_U04.CH4.wav,4197.92,4198.1199375,foreground
S01_U04.CH4.wav,4197.96,4198.7999375,background
S01_U04.CH4.wav,4198.64,4198.8399375,foreground
S01_U04.CH4.wav,4198.68,4201.0399375,background
S01_U04.CH4.wav,4200.88,4201.1199375,foreground
S01_U04.CH4.wav,4200.96,4202.0799375,background
S01_U04.CH4.wav,4201.92,4202.2399375,foreground
S01_U04.CH4.wav,4202.08,4204.5199375,background
S01_U04.CH4.wav,4204.36,4204.7999375,foreground
S01_U04.CH4.wav,4204.64,4206.6399375,background
S01_U04.CH4.wav,4206.48,4206.7999375,foreground
S01_U04.CH4.wav,4206.64,4207.8799375,background
S01_U04.CH4.wav,4207.72,4208.1999375,foreground
S01_U04.CH4.wav,4208.04,4211.2399375,background
S01_U04.CH4.wav,4211.08,4211.4399375,foreground
S01_U04.CH4.wav,4211.28,4212.5599375,background
S01_U04.CH4.wav,4212.4,4212.5999375,foreground
S01_U04.CH4.wav,4212.44,4223.7199375,background
S01_U04.CH4.wav,4223.56,4224.0399375,foreground
S01_U04.CH4.wav,4223.88,4224.4399375,background
S01_U04.CH4.wav,4224.28,4224.5199375,foreground
S01_U04.CH4.wav,4224.36,4224.6799375,background
S01_U04.CH4.wav,4224.52,4224.8399375,foreground
S01_U04.CH4.wav,4224.68,4227.3599375,background
S01_U04.CH4.wav,4227.2,4227.6399375,foreground
S01_U04.CH4.wav,4227.48,4229.9999375,background
S01_U04.CH4.wav,4229.84,4230.1999375,foreground
S01_U04.CH4.wav,4230.04,4230.7199375,background
S01_U04.CH4.wav,4230.56,4230.7999375,foreground
S01_U04.CH4.wav,4230.64,4230.8399375,background
S01_U04.CH4.wav,4230.68,4231.0399375,foreground
S01_U04.CH4.wav,4230.88,4231.5599375,background
S01_U04.CH4.wav,4231.4,4231.6399375,foreground
S01_U04.CH4.wav,4231.48,4233.3199375,background
S01_U04.CH4.wav,4233.16,4233.5199375,foreground
S01_U04.CH4.wav,4233.36,4234.3999375,background
S01_U04.CH4.wav,4234.24,4234.5599375,foreground
S01_U04.CH4.wav,4234.4,4235.9199375,background
S01_U04.CH4.wav,4235.76,4235.9599375,foreground
S01_U04.CH4.wav,4235.8,4237.1599375,background
S01_U04.CH4.wav,4237,4237.3199375,foreground
S01_U04.CH4.wav,4237.16,4240.0799375,background
S01_U04.CH4.wav,4239.92,4240.3599375,foreground
S01_U04.CH4.wav,4240.2,4247.2399375,background
S01_U04.CH4.wav,4247.08,4247.3599375,foreground
S01_U04.CH4.wav,4247.2,4249.7999375,background
S01_U04.CH4.wav,4249.64,4250.2399375,foreground
S01_U04.CH4.wav,4250.08,4251.1999375,background
S01_U04.CH4.wav,4251.04,4251.3999375,foreground
S01_U04.CH4.wav,4251.24,4252.2399375,background
S01_U04.CH4.wav,4252.08,4252.3199375,foreground
S01_U04.CH4.wav,4252.16,4253.7999375,background
S01_U04.CH4.wav,4253.64,4253.8399375,foreground
S01_U04.CH4.wav,4253.68,4254.0799375,background
S01_U04.CH4.wav,4253.92,4254.1999375,foreground
S01_U04.CH4.wav,4254.04,4254.2799375,background
S01_U04.CH4.wav,4254.12,4254.3199375,foreground
S01_U04.CH4.wav,4254.16,4254.9599375,background
S01_U04.CH4.wav,4254.8,4255.1599375,foreground
S01_U04.CH4.wav,4255,4256.4399375,background
S01_U04.CH4.wav,4256.28,4256.5599375,foreground
S01_U04.CH4.wav,4256.4,4259.2799375,background
S01_U04.CH4.wav,4259.12,4259.7999375,foreground
S01_U04.CH4.wav,4259.64,4261.7599375,background
S01_U04.CH4.wav,4261.6,4261.7999375,foreground
S01_U04.CH4.wav,4261.64,4261.8399375,background
S01_U04.CH4.wav,4261.68,4262.0399375,foreground
S01_U04.CH4.wav,4261.88,4262.2399375,background
S01_U04.CH4.wav,4262.08,4262.3999375,foreground
S01_U04.CH4.wav,4262.24,4264.0399375,background
S01_U04.CH4.wav,4263.88,4264.2399375,foreground
S01_U04.CH4.wav,4264.08,4265.7199375,background
S01_U04.CH4.wav,4265.56,4265.8799375,foreground
S01_U04.CH4.wav,4265.72,4266.9599375,background
S01_U04.CH4.wav,4266.8,4267.1599375,foreground
S01_U04.CH4.wav,4267,4268.0399375,background
S01_U04.CH4.wav,4267.88,4268.1199375,foreground
S01_U04.CH4.wav,4267.96,4269.3999375,background
S01_U04.CH4.wav,4269.24,4269.4399375,foreground
S01_U04.CH4.wav,4269.28,4269.6799375,background
S01_U04.CH4.wav,4269.52,4269.8399375,foreground
S01_U04.CH4.wav,4269.68,4273.0799375,background
S01_U04.CH4.wav,4272.92,4273.5199375,foreground
S01_U04.CH4.wav,4273.36,4275.7999375,background
S01_U04.CH4.wav,4275.64,4276.3199375,foreground
S01_U04.CH4.wav,4276.16,4279.1199375,background
S01_U04.CH4.wav,4278.96,4279.2399375,foreground
S01_U04.CH4.wav,4279.08,4280.9999375,background
S01_U04.CH4.wav,4280.84,4281.1199375,foreground
S01_U04.CH4.wav,4280.96,4282.0399375,background
S01_U04.CH4.wav,4281.88,4282.1999375,foreground
S01_U04.CH4.wav,4282.04,4282.3199375,background
S01_U04.CH4.wav,4282.16,4282.3599375,foreground
S01_U04.CH4.wav,4282.2,4283.1599375,background
S01_U04.CH4.wav,4283,4283.3199375,foreground
S01_U04.CH4.wav,4283.16,4284.9999375,background
S01_U04.CH4.wav,4284.84,4285.2799375,foreground
S01_U04.CH4.wav,4285.12,4286.3199375,background
S01_U04.CH4.wav,4286.16,4286.5599375,foreground
S01_U04.CH4.wav,4286.4,4286.7599375,background
S01_U04.CH4.wav,4286.6,4286.9599375,foreground
S01_U04.CH4.wav,4286.8,4295.8399375,background
S01_U04.CH4.wav,4295.68,4295.9599375,foreground
S01_U04.CH4.wav,4295.8,4298.9199375,background
S01_U04.CH4.wav,4298.76,4299.2799375,foreground
S01_U04.CH4.wav,4299.12,4299.3199375,background
S01_U04.CH4.wav,4299.16,4299.4399375,foreground
S01_U04.CH4.wav,4299.28,4300.0799375,background
S01_U04.CH4.wav,4299.92,4300.1199375,foreground
S01_U04.CH4.wav,4299.96,4301.5599375,background
S01_U04.CH4.wav,4301.4,4301.7599375,foreground
S01_U04.CH4.wav,4301.6,4302.9999375,background
S01_U04.CH4.wav,4302.84,4303.3599375,foreground
S01_U04.CH4.wav,4303.2,4303.8799375,background
S01_U04.CH4.wav,4303.72,4304.1199375,foreground
S01_U04.CH4.wav,4303.96,4305.3999375,background
S01_U04.CH4.wav,4305.24,4305.4799375,foreground
S01_U04.CH4.wav,4305.32,4306.1199375,background
S01_U04.CH4.wav,4305.96,4306.2399375,foreground
S01_U04.CH4.wav,4306.08,4309.5599375,background
S01_U04.CH4.wav,4309.4,4309.6399375,foreground
S01_U04.CH4.wav,4309.48,4310.8399375,background
S01_U04.CH4.wav,4310.68,4310.8799375,foreground
S01_U04.CH4.wav,4310.72,4311.2799375,background
S01_U04.CH4.wav,4311.12,4311.4799375,foreground
S01_U04.CH4.wav,4311.32,4312.7199375,background
S01_U04.CH4.wav,4312.56,4313.0799375,foreground
S01_U04.CH4.wav,4312.92,4316.3999375,background
S01_U04.CH4.wav,4316.24,4316.4799375,foreground
S01_U04.CH4.wav,4316.32,4317.0399375,background
S01_U04.CH4.wav,4316.88,4317.1199375,foreground
S01_U04.CH4.wav,4316.96,4321.0799375,background
S01_U04.CH4.wav,4320.92,4321.1599375,foreground
S01_U04.CH4.wav,4321,4321.4399375,background
S01_U04.CH4.wav,4321.28,4321.5599375,foreground
S01_U04.CH4.wav,4321.4,4323.7199375,background
S01_U04.CH4.wav,4323.56,4323.9999375,foreground
S01_U04.CH4.wav,4323.84,4324.3199375,background
S01_U04.CH4.wav,4324.16,4324.4399375,foreground
S01_U04.CH4.wav,4324.28,4327.7199375,background
S01_U04.CH4.wav,4327.56,4327.9199375,foreground
S01_U04.CH4.wav,4327.76,4328.3599375,background
S01_U04.CH4.wav,4328.2,4328.4799375,foreground
S01_U04.CH4.wav,4328.32,4332.4399375,background
S01_U04.CH4.wav,4332.28,4332.5599375,foreground
S01_U04.CH4.wav,4332.4,4337.3999375,background
S01_U04.CH4.wav,4337.24,4337.5199375,foreground
S01_U04.CH4.wav,4337.36,4337.8799375,background
S01_U04.CH4.wav,4337.72,4338.0399375,foreground
S01_U04.CH4.wav,4337.88,4339.1599375,background
S01_U04.CH4.wav,4339,4339.2399375,foreground
S01_U04.CH4.wav,4339.08,4339.2799375,background
S01_U04.CH4.wav,4339.12,4339.4799375,foreground
S01_U04.CH4.wav,4339.32,4350.3599375,background
S01_U04.CH4.wav,4350.2,4350.5599375,foreground
S01_U04.CH4.wav,4350.4,4352.6799375,background
S01_U04.CH4.wav,4352.52,4352.7599375,foreground
S01_U04.CH4.wav,4352.6,4355.4799375,background
S01_U04.CH4.wav,4355.32,4355.5999375,foreground
S01_U04.CH4.wav,4355.44,4355.7599375,background
S01_U04.CH4.wav,4355.6,4355.7999375,foreground
S01_U04.CH4.wav,4355.64,4357.2799375,background
S01_U04.CH4.wav,4357.12,4357.4799375,foreground
S01_U04.CH4.wav,4357.32,4359.6399375,background
S01_U04.CH4.wav,4359.48,4359.7199375,foreground
S01_U04.CH4.wav,4359.56,4360.3999375,background
S01_U04.CH4.wav,4360.24,4360.4399375,foreground
S01_U04.CH4.wav,4360.28,4360.5999375,background
S01_U04.CH4.wav,4360.44,4360.8399375,foreground
S01_U04.CH4.wav,4360.68,4361.1599375,background
S01_U04.CH4.wav,4361,4361.1999375,foreground
S01_U04.CH4.wav,4361.04,4361.5199375,background
S01_U04.CH4.wav,4361.36,4361.5599375,foreground
S01_U04.CH4.wav,4361.4,4361.5999375,background
S01_U04.CH4.wav,4361.44,4361.9599375,foreground
S01_U04.CH4.wav,4361.8,4361.9999375,background
S01_U04.CH4.wav,4361.84,4362.2799375,foreground
S01_U04.CH4.wav,4362.12,4363.9999375,background
S01_U04.CH4.wav,4363.84,4364.2399375,foreground
S01_U04.CH4.wav,4364.08,4364.5599375,background
S01_U04.CH4.wav,4364.4,4364.6399375,foreground
S01_U04.CH4.wav,4364.48,4366.2799375,background
S01_U04.CH4.wav,4366.12,4366.3599375,foreground
S01_U04.CH4.wav,4366.2,4366.5599375,background
S01_U04.CH4.wav,4366.4,4366.5999375,foreground
S01_U04.CH4.wav,4366.44,4367.1999375,background
S01_U04.CH4.wav,4367.04,4367.3599375,foreground
S01_U04.CH4.wav,4367.2,4368.2399375,background
S01_U04.CH4.wav,4368.08,4368.5999375,foreground
S01_U04.CH4.wav,4368.44,4371.3999375,background
S01_U04.CH4.wav,4371.24,4371.4399375,foreground
S01_U04.CH4.wav,4371.28,4371.8799375,background
S01_U04.CH4.wav,4371.72,4371.9999375,foreground
S01_U04.CH4.wav,4371.84,4372.9999375,background
S01_U04.CH4.wav,4372.84,4373.0399375,foreground
S01_U04.CH4.wav,4372.88,4373.3199375,background
S01_U04.CH4.wav,4373.16,4373.3999375,foreground
S01_U04.CH4.wav,4373.24,4375.5999375,background
S01_U04.CH4.wav,4375.44,4375.7599375,foreground
S01_U04.CH4.wav,4375.6,4377.3199375,background
S01_U04.CH4.wav,4377.16,4377.3599375,foreground
S01_U04.CH4.wav,4377.2,4378.1999375,background
S01_U04.CH4.wav,4378.04,4378.4399375,foreground
S01_U04.CH4.wav,4378.28,4380.6399375,background
S01_U04.CH4.wav,4380.48,4380.7199375,foreground
S01_U04.CH4.wav,4380.56,4381.7199375,background
S01_U04.CH4.wav,4381.56,4381.8399375,foreground
S01_U04.CH4.wav,4381.68,4382.5599375,background
S01_U04.CH4.wav,4382.4,4382.7999375,foreground
S01_U04.CH4.wav,4382.64,4382.9999375,background
S01_U04.CH4.wav,4382.84,4383.0799375,foreground
S01_U04.CH4.wav,4382.92,4383.8799375,background
S01_U04.CH4.wav,4383.72,4384.0799375,foreground
S01_U04.CH4.wav,4383.92,4404.8799375,background
S01_U04.CH4.wav,4404.72,4404.9199375,foreground
S01_U04.CH4.wav,4404.76,4404.9599375,background
S01_U04.CH4.wav,4404.8,4404.9999375,foreground
S01_U04.CH4.wav,4404.84,4405.1199375,background
S01_U04.CH4.wav,4404.96,4405.1999375,foreground
S01_U04.CH4.wav,4405.04,4408.9999375,background
S01_U04.CH4.wav,4408.84,4409.0799375,foreground
S01_U04.CH4.wav,4408.92,4412.7999375,background
S01_U04.CH4.wav,4412.64,4412.8799375,foreground
S01_U04.CH4.wav,4412.72,4413.1999375,background
S01_U04.CH4.wav,4413.04,4414.1599375,foreground
S01_U04.CH4.wav,4414,4419.9999375,background
S01_U04.CH4.wav,4419.84,4420.1999375,foreground
S01_U04.CH4.wav,4420.04,4422.5199375,background
S01_U04.CH4.wav,4422.36,4422.6399375,foreground
S01_U04.CH4.wav,4422.48,4425.1999375,background
S01_U04.CH4.wav,4425.04,4425.3999375,foreground
S01_U04.CH4.wav,4425.24,4426.3599375,background
S01_U04.CH4.wav,4426.2,4426.5599375,foreground
S01_U04.CH4.wav,4426.4,4427.1599375,background
S01_U04.CH4.wav,4427,4427.1999375,foreground
S01_U04.CH4.wav,4427.04,4427.4799375,background
S01_U04.CH4.wav,4427.32,4427.5599375,foreground
S01_U04.CH4.wav,4427.4,4427.7599375,background
S01_U04.CH4.wav,4427.6,4427.9199375,foreground
S01_U04.CH4.wav,4427.76,4428.5599375,background
S01_U04.CH4.wav,4428.4,4428.5999375,foreground
S01_U04.CH4.wav,4428.44,4429.2399375,background
S01_U04.CH4.wav,4429.08,4429.4399375,foreground
S01_U04.CH4.wav,4429.28,4431.0399375,background
S01_U04.CH4.wav,4430.88,4431.2799375,foreground
S01_U04.CH4.wav,4431.12,4435.1199375,background
S01_U04.CH4.wav,4434.96,4435.5599375,foreground
S01_U04.CH4.wav,4435.4,4435.8399375,background
S01_U04.CH4.wav,4435.68,4435.8799375,foreground
S01_U04.CH4.wav,4435.72,4441.1199375,background
S01_U04.CH4.wav,4440.96,4441.1999375,foreground
S01_U04.CH4.wav,4441.04,4452.7599375,background
S01_U04.CH4.wav,4452.6,4453.1599375,foreground
S01_U04.CH4.wav,4453,4453.4799375,background
S01_U04.CH4.wav,4453.32,4453.5599375,foreground
S01_U04.CH4.wav,4453.4,4454.8399375,background
S01_U04.CH4.wav,4454.68,4454.9599375,foreground
S01_U04.CH4.wav,4454.8,4457.1199375,background
S01_U04.CH4.wav,4456.96,4457.1999375,foreground
S01_U04.CH4.wav,4457.04,4465.0799375,background
S01_U04.CH4.wav,4464.92,4465.2799375,foreground
S01_U04.CH4.wav,4465.12,4465.3599375,background
S01_U04.CH4.wav,4465.2,4465.5199375,foreground
S01_U04.CH4.wav,4465.36,4470.6399375,background
S01_U04.CH4.wav,4470.48,4470.7199375,foreground
S01_U04.CH4.wav,4470.56,4475.5999375,background
S01_U04.CH4.wav,4475.44,4475.8799375,foreground
S01_U04.CH4.wav,4475.72,4475.9999375,background
S01_U04.CH4.wav,4475.84,4476.0399375,foreground
S01_U04.CH4.wav,4475.88,4476.3599375,background
S01_U04.CH4.wav,4476.2,4476.3999375,foreground
S01_U04.CH4.wav,4476.24,4478.1599375,background
S01_U04.CH4.wav,4478,4478.3999375,foreground
S01_U04.CH4.wav,4478.24,4486.2799375,background
S01_U04.CH4.wav,4486.12,4486.4399375,foreground
S01_U04.CH4.wav,4486.28,4487.5599375,background
S01_U04.CH4.wav,4487.4,4487.7999375,foreground
S01_U04.CH4.wav,4487.64,4487.9999375,background
S01_U04.CH4.wav,4487.84,4488.1199375,foreground
S01_U04.CH4.wav,4487.96,4488.8399375,background
S01_U04.CH4.wav,4488.68,4488.9199375,foreground
S01_U04.CH4.wav,4488.76,4489.5599375,background
S01_U04.CH4.wav,4489.4,4489.6799375,foreground
S01_U04.CH4.wav,4489.52,4490.3599375,background
S01_U04.CH4.wav,4490.2,4490.4399375,foreground
S01_U04.CH4.wav,4490.28,4490.6399375,background
S01_U04.CH4.wav,4490.48,4490.9999375,foreground
S01_U04.CH4.wav,4490.84,4491.0399375,background
S01_U04.CH4.wav,4490.88,4491.7599375,foreground
S01_U04.CH4.wav,4491.6,4492.7599375,background
S01_U04.CH4.wav,4492.6,4492.9199375,foreground
S01_U04.CH4.wav,4492.76,4493.5199375,background
S01_U04.CH4.wav,4493.36,4493.6799375,foreground
S01_U04.CH4.wav,4493.52,4493.9999375,background
S01_U04.CH4.wav,4493.84,4494.1999375,foreground
S01_U04.CH4.wav,4494.04,4497.5999375,background
S01_U04.CH4.wav,4497.44,4497.7599375,foreground
S01_U04.CH4.wav,4497.6,4511.5199375,background
S01_U04.CH4.wav,4511.36,4511.5999375,foreground
S01_U04.CH4.wav,4511.44,4519.2399375,background
S01_U04.CH4.wav,4519.08,4519.5999375,foreground
S01_U04.CH4.wav,4519.44,4521.7199375,background
S01_U04.CH4.wav,4521.56,4521.7999375,foreground
S01_U04.CH4.wav,4521.64,4528.4399375,background
S01_U04.CH4.wav,4528.28,4528.5599375,foreground
S01_U04.CH4.wav,4528.4,4529.1999375,background
S01_U04.CH4.wav,4529.04,4529.3999375,foreground
S01_U04.CH4.wav,4529.24,4541.4399375,background
S01_U04.CH4.wav,4541.28,4541.5199375,foreground
S01_U04.CH4.wav,4541.36,4544.6399375,background
S01_U04.CH4.wav,4544.48,4544.8399375,foreground
S01_U04.CH4.wav,4544.68,4546.2399375,background
S01_U04.CH4.wav,4546.08,4546.2799375,foreground
S01_U04.CH4.wav,4546.12,4553.1999375,background
S01_U04.CH4.wav,4553.04,4553.3199375,foreground
S01_U04.CH4.wav,4553.16,4553.5599375,background
S01_U04.CH4.wav,4553.4,4553.8399375,foreground
S01_U04.CH4.wav,4553.68,4554.6399375,background
S01_U04.CH4.wav,4554.48,4554.7999375,foreground
S01_U04.CH4.wav,4554.64,4555.0399375,background
S01_U04.CH4.wav,4554.88,4555.2799375,foreground
S01_U04.CH4.wav,4555.12,4558.4799375,background
S01_U04.CH4.wav,4558.32,4558.6399375,foreground
S01_U04.CH4.wav,4558.48,4559.7999375,background
S01_U04.CH4.wav,4559.64,4559.9999375,foreground
S01_U04.CH4.wav,4559.84,4564.4399375,background
S01_U04.CH4.wav,4564.28,4564.5999375,foreground
S01_U04.CH4.wav,4564.44,4565.3599375,background
S01_U04.CH4.wav,4565.2,4565.5199375,foreground
S01_U04.CH4.wav,4565.36,4570.8399375,background
S01_U04.CH4.wav,4570.68,4570.9599375,foreground
S01_U04.CH4.wav,4570.8,4571.7599375,background
S01_U04.CH4.wav,4571.6,4571.9599375,foreground
S01_U04.CH4.wav,4571.8,4572.1199375,background
S01_U04.CH4.wav,4571.96,4572.1599375,foreground
S01_U04.CH4.wav,4572,4573.1999375,background
S01_U04.CH4.wav,4573.04,4573.2399375,foreground
S01_U04.CH4.wav,4573.08,4576.3599375,background
S01_U04.CH4.wav,4576.2,4576.7999375,foreground
S01_U04.CH4.wav,4576.64,4577.0799375,background
S01_U04.CH4.wav,4576.92,4577.1999375,foreground
S01_U04.CH4.wav,4577.04,4579.9599375,background
S01_U04.CH4.wav,4579.8,4580.0399375,foreground
S01_U04.CH4.wav,4579.88,4585.1199375,background
S01_U04.CH4.wav,4584.96,4585.1599375,foreground
S01_U04.CH4.wav,4585,4586.2799375,background
S01_U04.CH4.wav,4586.12,4586.4799375,foreground
S01_U04.CH4.wav,4586.32,4587.3599375,background
S01_U04.CH4.wav,4587.2,4587.4399375,foreground
S01_U04.CH4.wav,4587.28,4587.6399375,background
S01_U04.CH4.wav,4587.48,4587.8799375,foreground
S01_U04.CH4.wav,4587.72,4588.1599375,background
S01_U04.CH4.wav,4588,4588.4799375,foreground
S01_U04.CH4.wav,4588.32,4589.2799375,background
S01_U04.CH4.wav,4589.12,4589.4399375,foreground
S01_U04.CH4.wav,4589.28,4591.3199375,background
S01_U04.CH4.wav,4591.16,4591.7199375,foreground
S01_U04.CH4.wav,4591.56,4592.0399375,background
S01_U04.CH4.wav,4591.88,4592.1199375,foreground
S01_U04.CH4.wav,4591.96,4594.5199375,background
S01_U04.CH4.wav,4594.36,4594.6799375,foreground
S01_U04.CH4.wav,4594.52,4595.7599375,background
S01_U04.CH4.wav,4595.6,4595.7999375,foreground
S01_U04.CH4.wav,4595.64,4597.5199375,background
S01_U04.CH4.wav,4597.36,4597.7599375,foreground
S01_U04.CH4.wav,4597.6,4602.9599375,background
S01_U04.CH4.wav,4602.8,4603.0399375,foreground
S01_U04.CH4.wav,4602.88,4603.1199375,background
S01_U04.CH4.wav,4602.96,4603.3599375,foreground
S01_U04.CH4.wav,4603.2,4603.9999375,background
S01_U04.CH4.wav,4603.84,4604.1599375,foreground
S01_U04.CH4.wav,4604,4604.8799375,background
S01_U04.CH4.wav,4604.72,4605.0399375,foreground
S01_U04.CH4.wav,4604.88,4607.9999375,background
S01_U04.CH4.wav,4607.84,4608.1199375,foreground
S01_U04.CH4.wav,4607.96,4611.3199375,background
S01_U04.CH4.wav,4611.16,4611.3599375,foreground
S01_U04.CH4.wav,4611.2,4611.5199375,background
S01_U04.CH4.wav,4611.36,4611.9199375,foreground
S01_U04.CH4.wav,4611.76,4613.1599375,background
S01_U04.CH4.wav,4613,4613.5999375,foreground
S01_U04.CH4.wav,4613.44,4614.2399375,background
S01_U04.CH4.wav,4614.08,4614.3999375,foreground
S01_U04.CH4.wav,4614.24,4614.4399375,background
S01_U04.CH4.wav,4614.28,4614.6399375,foreground
S01_U04.CH4.wav,4614.48,4614.7999375,background
S01_U04.CH4.wav,4614.64,4615.2399375,foreground
S01_U04.CH4.wav,4615.08,4616.9999375,background
S01_U04.CH4.wav,4616.84,4617.0799375,foreground
S01_U04.CH4.wav,4616.92,4622.9999375,background
S01_U04.CH4.wav,4622.84,4623.2399375,foreground
S01_U04.CH4.wav,4623.08,4624.8399375,background
S01_U04.CH4.wav,4624.68,4625.1599375,foreground
S01_U04.CH4.wav,4625,4629.7599375,background
S01_U04.CH4.wav,4629.6,4629.7999375,foreground
S01_U04.CH4.wav,4629.64,4631.5199375,background
S01_U04.CH4.wav,4631.36,4631.6799375,foreground
S01_U04.CH4.wav,4631.52,4644.9999375,background
S01_U04.CH4.wav,4644.84,4645.0799375,foreground
S01_U04.CH4.wav,4644.92,4647.0399375,background
S01_U04.CH4.wav,4646.88,4647.1199375,foreground
S01_U04.CH4.wav,4646.96,4648.5599375,background
S01_U04.CH4.wav,4648.4,4648.7599375,foreground
S01_U04.CH4.wav,4648.6,4651.7199375,background
S01_U04.CH4.wav,4651.56,4651.7599375,foreground
S01_U04.CH4.wav,4651.6,4664.7999375,background
S01_U04.CH4.wav,4664.64,4664.9599375,foreground
S01_U04.CH4.wav,4664.8,4666.5999375,background
S01_U04.CH4.wav,4666.44,4666.7199375,foreground
S01_U04.CH4.wav,4666.56,4667.3599375,background
S01_U04.CH4.wav,4667.2,4667.5599375,foreground
S01_U04.CH4.wav,4667.4,4667.6399375,background
S01_U04.CH4.wav,4667.48,4667.7199375,foreground
S01_U04.CH4.wav,4667.56,4670.0799375,background
S01_U04.CH4.wav,4669.92,4670.2799375,foreground
S01_U04.CH4.wav,4670.12,4679.6399375,background
S01_U04.CH4.wav,4679.48,4679.7999375,foreground
S01_U04.CH4.wav,4679.64,4680.9199375,background
S01_U04.CH4.wav,4680.76,4681.2399375,foreground
S01_U04.CH4.wav,4681.08,4681.4799375,background
S01_U04.CH4.wav,4681.32,4681.7199375,foreground
S01_U04.CH4.wav,4681.56,4683.3599375,background
S01_U04.CH4.wav,4683.2,4683.5199375,foreground
S01_U04.CH4.wav,4683.36,4683.5999375,background
S01_U04.CH4.wav,4683.44,4683.6399375,foreground
S01_U04.CH4.wav,4683.48,4683.9199375,background
S01_U04.CH4.wav,4683.76,4683.9599375,foreground
S01_U04.CH4.wav,4683.8,4685.0399375,background
S01_U04.CH4.wav,4684.88,4685.3199375,foreground
S01_U04.CH4.wav,4685.16,4688.0399375,background
S01_U04.CH4.wav,4687.88,4688.1599375,foreground
S01_U04.CH4.wav,4688,4690.2799375,background
S01_U04.CH4.wav,4690.12,4690.6399375,foreground
S01_U04.CH4.wav,4690.48,4691.8399375,background
S01_U04.CH4.wav,4691.68,4691.8799375,foreground
S01_U04.CH4.wav,4691.72,4693.1999375,background
S01_U04.CH4.wav,4693.04,4693.3599375,foreground
S01_U04.CH4.wav,4693.2,4703.1999375,background
S01_U04.CH4.wav,4703.04,4703.2399375,foreground
S01_U04.CH4.wav,4703.08,4718.4799375,background
S01_U04.CH4.wav,4718.32,4718.5999375,foreground
S01_U04.CH4.wav,4718.44,4725.8399375,background
S01_U04.CH4.wav,4725.68,4725.9199375,foreground
S01_U04.CH4.wav,4725.76,4726.0799375,background
S01_U04.CH4.wav,4725.92,4726.2399375,foreground
S01_U04.CH4.wav,4726.08,4729.5999375,background
S01_U04.CH4.wav,4729.44,4729.7999375,foreground
S01_U04.CH4.wav,4729.64,4732.8399375,background
S01_U04.CH4.wav,4732.68,4732.9599375,foreground
S01_U04.CH4.wav,4732.8,4733.3199375,background
S01_U04.CH4.wav,4733.16,4733.4799375,foreground
S01_U04.CH4.wav,4733.32,4733.7199375,background
S01_U04.CH4.wav,4733.56,4733.9199375,foreground
S01_U04.CH4.wav,4733.76,4735.7199375,background
S01_U04.CH4.wav,4735.56,4736.1199375,foreground
S01_U04.CH4.wav,4735.96,4737.1199375,background
S01_U04.CH4.wav,4736.96,4737.2399375,foreground
S01_U04.CH4.wav,4737.08,4741.4399375,background
S01_U04.CH4.wav,4741.28,4741.5199375,foreground
S01_U04.CH4.wav,4741.36,4741.7999375,background
S01_U04.CH4.wav,4741.64,4741.9999375,foreground
S01_U04.CH4.wav,4741.84,4742.0799375,background
S01_U04.CH4.wav,4741.92,4742.2799375,foreground
S01_U04.CH4.wav,4742.12,4774.6799375,background
S01_U04.CH4.wav,4774.52,4774.7599375,foreground
S01_U04.CH4.wav,4774.6,4782.5999375,background
S01_U04.CH4.wav,4782.44,4782.6799375,foreground
S01_U04.CH4.wav,4782.52,4785.1199375,background
S01_U04.CH4.wav,4784.96,4785.3599375,foreground
S01_U04.CH4.wav,4785.2,4788.8399375,background
S01_U04.CH4.wav,4788.68,4788.9599375,foreground
S01_U04.CH4.wav,4788.8,4791.3599375,background
S01_U04.CH4.wav,4791.2,4791.6799375,foreground
S01_U04.CH4.wav,4791.52,4793.3999375,background
S01_U04.CH4.wav,4793.24,4793.6799375,foreground
S01_U04.CH4.wav,4793.52,4793.9999375,background
S01_U04.CH4.wav,4793.84,4794.0399375,foreground
S01_U04.CH4.wav,4793.88,4798.7999375,background
S01_U04.CH4.wav,4798.64,4799.1599375,foreground
S01_U04.CH4.wav,4799,4800.5599375,background
S01_U04.CH4.wav,4800.4,4800.8399375,foreground
S01_U04.CH4.wav,4800.68,4801.6399375,background
S01_U04.CH4.wav,4801.48,4801.7199375,foreground
S01_U04.CH4.wav,4801.56,4801.7599375,background
S01_U04.CH4.wav,4801.6,4801.7999375,foreground
S01_U04.CH4.wav,4801.64,4802.0399375,background
S01_U04.CH4.wav,4801.88,4802.2399375,foreground
S01_U04.CH4.wav,4802.08,4809.2799375,background
S01_U04.CH4.wav,4809.12,4809.3999375,foreground
S01_U04.CH4.wav,4809.24,4810.8799375,background
S01_U04.CH4.wav,4810.72,4810.9199375,foreground
S01_U04.CH4.wav,4810.76,4811.1199375,background
S01_U04.CH4.wav,4810.96,4811.1999375,foreground
S01_U04.CH4.wav,4811.04,4823.0799375,background
S01_U04.CH4.wav,4822.92,4823.1999375,foreground
S01_U04.CH4.wav,4823.04,4823.6799375,background
S01_U04.CH4.wav,4823.52,4823.7599375,foreground
S01_U04.CH4.wav,4823.6,4826.9599375,background
S01_U04.CH4.wav,4826.8,4827.0799375,foreground
S01_U04.CH4.wav,4826.92,4832.6399375,background
S01_U04.CH4.wav,4832.48,4832.7599375,foreground
S01_U04.CH4.wav,4832.6,4846.5199375,background
S01_U04.CH4.wav,4846.36,4846.5999375,foreground
S01_U04.CH4.wav,4846.44,4852.1999375,background
S01_U04.CH4.wav,4852.04,4852.2799375,foreground
S01_U04.CH4.wav,4852.12,4852.3199375,background
S01_U04.CH4.wav,4852.16,4852.5999375,foreground
S01_U04.CH4.wav,4852.44,4852.7199375,background
S01_U04.CH4.wav,4852.56,4852.8799375,foreground
S01_U04.CH4.wav,4852.72,4856.1999375,background
S01_U04.CH4.wav,4856.04,4856.9999375,foreground
S01_U04.CH4.wav,4856.84,4857.7999375,background
S01_U04.CH4.wav,4857.64,4858.1999375,foreground
S01_U04.CH4.wav,4858.04,4861.0399375,background
S01_U04.CH4.wav,4860.88,4861.2799375,foreground
S01_U04.CH4.wav,4861.12,4863.2799375,background
S01_U04.CH4.wav,4863.12,4863.4399375,foreground
S01_U04.CH4.wav,4863.28,4863.6799375,background
S01_U04.CH4.wav,4863.52,4863.7599375,foreground
S01_U04.CH4.wav,4863.6,4864.1199375,background
S01_U04.CH4.wav,4863.96,4864.2399375,foreground
S01_U04.CH4.wav,4864.08,4872.1599375,background
S01_U04.CH4.wav,4872,4872.5199375,foreground
S01_U04.CH4.wav,4872.36,4873.7599375,background
S01_U04.CH4.wav,4873.6,4873.7999375,foreground
S01_U04.CH4.wav,4873.64,4873.8399375,background
S01_U04.CH4.wav,4873.68,4873.9199375,foreground
S01_U04.CH4.wav,4873.76,4875.0399375,background
S01_U04.CH4.wav,4874.88,4875.3199375,foreground
S01_U04.CH4.wav,4875.16,4875.4799375,background
S01_U04.CH4.wav,4875.32,4875.6399375,foreground
S01_U04.CH4.wav,4875.48,4875.7199375,background
S01_U04.CH4.wav,4875.56,4876.0399375,foreground
S01_U04.CH4.wav,4875.88,4876.7199375,background
S01_U04.CH4.wav,4876.56,4876.9599375,foreground
S01_U04.CH4.wav,4876.8,4896.9199375,background
S01_U04.CH4.wav,4896.76,4897.1599375,foreground
S01_U04.CH4.wav,4897,4913.7599375,background
S01_U04.CH4.wav,4913.6,4913.9599375,foreground
S01_U04.CH4.wav,4913.8,4914.1599375,background
S01_U04.CH4.wav,4914,4914.2399375,foreground
S01_U04.CH4.wav,4914.08,4914.2799375,background
S01_U04.CH4.wav,4914.12,4914.3199375,foreground
S01_U04.CH4.wav,4914.16,4914.3999375,background
S01_U04.CH4.wav,4914.24,4914.5599375,foreground
S01_U04.CH4.wav,4914.4,4914.8399375,background
S01_U04.CH4.wav,4914.68,4915.1199375,foreground
S01_U04.CH4.wav,4914.96,4916.3599375,background
S01_U04.CH4.wav,4916.2,4916.5599375,foreground
S01_U04.CH4.wav,4916.4,4917.5199375,background
S01_U04.CH4.wav,4917.36,4917.6799375,foreground
S01_U04.CH4.wav,4917.52,4920.3999375,background
S01_U04.CH4.wav,4920.24,4920.5599375,foreground
S01_U04.CH4.wav,4920.4,4920.9599375,background
S01_U04.CH4.wav,4920.8,4921.0799375,foreground
S01_U04.CH4.wav,4920.92,4925.5599375,background
S01_U04.CH4.wav,4925.4,4925.6799375,foreground
S01_U04.CH4.wav,4925.52,4926.9999375,background
S01_U04.CH4.wav,4926.84,4927.1599375,foreground
S01_U04.CH4.wav,4927,4927.5999375,background
S01_U04.CH4.wav,4927.44,4927.6399375,foreground
S01_U04.CH4.wav,4927.48,4928.3199375,background
S01_U04.CH4.wav,4928.16,4928.3599375,foreground
S01_U04.CH4.wav,4928.2,4929.5599375,background
S01_U04.CH4.wav,4929.4,4929.6399375,foreground
S01_U04.CH4.wav,4929.48,4930.1199375,background
S01_U04.CH4.wav,4929.96,4930.1599375,foreground
S01_U04.CH4.wav,4930,4930.7599375,background
S01_U04.CH4.wav,4930.6,4930.9999375,foreground
S01_U04.CH4.wav,4930.84,4932.5999375,background
S01_U04.CH4.wav,4932.44,4932.7199375,foreground
S01_U04.CH4.wav,4932.56,4936.7199375,background
S01_U04.CH4.wav,4936.56,4937.1999375,foreground
S01_U04.CH4.wav,4937.04,4937.9999375,background
S01_U04.CH4.wav,4937.84,4938.3999375,foreground
S01_U04.CH4.wav,4938.24,4938.5199375,background
S01_U04.CH4.wav,4938.36,4938.5599375,foreground
S01_U04.CH4.wav,4938.4,4938.7199375,background
S01_U04.CH4.wav,4938.56,4938.7999375,foreground
S01_U04.CH4.wav,4938.64,4942.9199375,background
S01_U04.CH4.wav,4942.76,4943.3599375,foreground
S01_U04.CH4.wav,4943.2,4944.4799375,background
S01_U04.CH4.wav,4944.32,4944.5599375,foreground
S01_U04.CH4.wav,4944.4,4945.2799375,background
S01_U04.CH4.wav,4945.12,4945.5199375,foreground
S01_U04.CH4.wav,4945.36,4949.5999375,background
S01_U04.CH4.wav,4949.44,4949.7599375,foreground
S01_U04.CH4.wav,4949.6,4951.8399375,background
S01_U04.CH4.wav,4951.68,4952.0399375,foreground
S01_U04.CH4.wav,4951.88,4952.0799375,background
S01_U04.CH4.wav,4951.92,4952.1599375,foreground
S01_U04.CH4.wav,4952,4953.1599375,background
S01_U04.CH4.wav,4953,4953.2399375,foreground
S01_U04.CH4.wav,4953.08,4953.3599375,background
S01_U04.CH4.wav,4953.2,4953.5199375,foreground
S01_U04.CH4.wav,4953.36,4955.4399375,background
S01_U04.CH4.wav,4955.28,4955.4799375,foreground
S01_U04.CH4.wav,4955.32,4956.1599375,background
S01_U04.CH4.wav,4956,4956.3599375,foreground
S01_U04.CH4.wav,4956.2,4959.3199375,background
S01_U04.CH4.wav,4959.16,4959.6399375,foreground
S01_U04.CH4.wav,4959.48,4960.7199375,background
S01_U04.CH4.wav,4960.56,4961.1199375,foreground
S01_U04.CH4.wav,4960.96,4962.4399375,background
S01_U04.CH4.wav,4962.28,4962.5199375,foreground
S01_U04.CH4.wav,4962.36,4968.1199375,background
S01_U04.CH4.wav,4967.96,4968.1599375,foreground
S01_U04.CH4.wav,4968,4968.4399375,background
S01_U04.CH4.wav,4968.28,4968.7199375,foreground
S01_U04.CH4.wav,4968.56,4978.7199375,background
S01_U04.CH4.wav,4978.56,4978.8399375,foreground
S01_U04.CH4.wav,4978.68,4981.0399375,background
S01_U04.CH4.wav,4980.88,4981.1999375,foreground
S01_U04.CH4.wav,4981.04,4981.5999375,background
S01_U04.CH4.wav,4981.44,4981.7999375,foreground
S01_U04.CH4.wav,4981.64,4982.6799375,background
S01_U04.CH4.wav,4982.52,4982.7599375,foreground
S01_U04.CH4.wav,4982.6,4982.8399375,background
S01_U04.CH4.wav,4982.68,4983.0399375,foreground
S01_U04.CH4.wav,4982.88,4986.1199375,background
S01_U04.CH4.wav,4985.96,4986.3199375,foreground
S01_U04.CH4.wav,4986.16,4986.5199375,background
S01_U04.CH4.wav,4986.36,4986.5599375,foreground
S01_U04.CH4.wav,4986.4,4988.5599375,background
S01_U04.CH4.wav,4988.4,4988.5999375,foreground
S01_U04.CH4.wav,4988.44,4990.3199375,background
S01_U04.CH4.wav,4990.16,4990.5199375,foreground
S01_U04.CH4.wav,4990.36,4990.6799375,background
S01_U04.CH4.wav,4990.52,4990.8399375,foreground
S01_U04.CH4.wav,4990.68,5006.3199375,background
S01_U04.CH4.wav,5006.16,5006.3599375,foreground
S01_U04.CH4.wav,5006.2,5006.7599375,background
S01_U04.CH4.wav,5006.6,5006.8799375,foreground
S01_U04.CH4.wav,5006.72,5008.8399375,background
S01_U04.CH4.wav,5008.68,5008.9599375,foreground
S01_U04.CH4.wav,5008.8,5009.7999375,background
S01_U04.CH4.wav,5009.64,5009.9199375,foreground
S01_U04.CH4.wav,5009.76,5010.2799375,background
S01_U04.CH4.wav,5010.12,5011.3999375,foreground
S01_U04.CH4.wav,5011.24,5027.4399375,background
S01_U04.CH4.wav,5027.28,5027.5599375,foreground
S01_U04.CH4.wav,5027.4,5027.8799375,background
S01_U04.CH4.wav,5027.72,5028.1199375,foreground
S01_U04.CH4.wav,5027.96,5028.7599375,background
S01_U04.CH4.wav,5028.6,5028.8399375,foreground
S01_U04.CH4.wav,5028.68,5029.4399375,background
S01_U04.CH4.wav,5029.28,5029.6399375,foreground
S01_U04.CH4.wav,5029.48,5029.8799375,background
S01_U04.CH4.wav,5029.72,5029.9199375,foreground
S01_U04.CH4.wav,5029.76,5030.0399375,background
S01_U04.CH4.wav,5029.88,5030.2399375,foreground
S01_U04.CH4.wav,5030.08,5030.5199375,background
S01_U04.CH4.wav,5030.36,5030.6399375,foreground
S01_U04.CH4.wav,5030.48,5030.7999375,background
S01_U04.CH4.wav,5030.64,5030.9599375,foreground
S01_U04.CH4.wav,5030.8,5031.1599375,background
S01_U04.CH4.wav,5031,5031.3199375,foreground
S01_U04.CH4.wav,5031.16,5031.5199375,background
S01_U04.CH4.wav,5031.36,5031.5999375,foreground
S01_U04.CH4.wav,5031.44,5033.4399375,background
S01_U04.CH4.wav,5033.28,5033.7999375,foreground
S01_U04.CH4.wav,5033.64,5035.0799375,background
S01_U04.CH4.wav,5034.92,5035.3599375,foreground
S01_U04.CH4.wav,5035.2,5040.9999375,background
S01_U04.CH4.wav,5040.84,5041.1999375,foreground
S01_U04.CH4.wav,5041.04,5041.8399375,background
S01_U04.CH4.wav,5041.68,5042.0399375,foreground
S01_U04.CH4.wav,5041.88,5042.8799375,background
S01_U04.CH4.wav,5042.72,5042.9599375,foreground
S01_U04.CH4.wav,5042.8,5043.1999375,background
S01_U04.CH4.wav,5043.04,5043.4799375,foreground
S01_U04.CH4.wav,5043.32,5043.8799375,background
S01_U04.CH4.wav,5043.72,5043.9999375,foreground
S01_U04.CH4.wav,5043.84,5047.3199375,background
S01_U04.CH4.wav,5047.16,5047.4399375,foreground
S01_U04.CH4.wav,5047.28,5048.3999375,background
S01_U04.CH4.wav,5048.24,5048.7199375,foreground
S01_U04.CH4.wav,5048.56,5050.7599375,background
S01_U04.CH4.wav,5050.6,5050.9199375,foreground
S01_U04.CH4.wav,5050.76,5055.1999375,background
S01_U04.CH4.wav,5055.04,5055.3199375,foreground
S01_U04.CH4.wav,5055.16,5058.7599375,background
S01_U04.CH4.wav,5058.6,5058.9599375,foreground
S01_U04.CH4.wav,5058.8,5060.1599375,background
S01_U04.CH4.wav,5060,5060.3999375,foreground
S01_U04.CH4.wav,5060.24,5060.5599375,background
S01_U04.CH4.wav,5060.4,5060.6799375,foreground
S01_U04.CH4.wav,5060.52,5063.3199375,background
S01_U04.CH4.wav,5063.16,5063.5599375,foreground
S01_U04.CH4.wav,5063.4,5066.3999375,background
S01_U04.CH4.wav,5066.24,5066.5999375,foreground
S01_U04.CH4.wav,5066.44,5066.8399375,background
S01_U04.CH4.wav,5066.68,5066.9599375,foreground
S01_U04.CH4.wav,5066.8,5073.4399375,background
S01_U04.CH4.wav,5073.28,5073.4799375,foreground
S01_U04.CH4.wav,5073.32,5073.6399375,background
S01_U04.CH4.wav,5073.48,5073.6799375,foreground
S01_U04.CH4.wav,5073.52,5075.2399375,background
S01_U04.CH4.wav,5075.08,5075.3599375,foreground
S01_U04.CH4.wav,5075.2,5080.4799375,background
S01_U04.CH4.wav,5080.32,5080.5999375,foreground
S01_U04.CH4.wav,5080.44,5081.6799375,background
S01_U04.CH4.wav,5081.52,5081.7599375,foreground
S01_U04.CH4.wav,5081.6,5082.9999375,background
S01_U04.CH4.wav,5082.84,5083.1199375,foreground
S01_U04.CH4.wav,5082.96,5084.8399375,background
S01_U04.CH4.wav,5084.68,5084.9599375,foreground
S01_U04.CH4.wav,5084.8,5087.6799375,background
S01_U04.CH4.wav,5087.52,5087.7599375,foreground
S01_U04.CH4.wav,5087.6,5096.7999375,background
S01_U04.CH4.wav,5096.64,5096.9599375,foreground
S01_U04.CH4.wav,5096.8,5097.0799375,background
S01_U04.CH4.wav,5096.92,5097.1599375,foreground
S01_U04.CH4.wav,5097,5097.6399375,background
S01_U04.CH4.wav,5097.48,5097.7199375,foreground
S01_U04.CH4.wav,5097.56,5106.3999375,background
S01_U04.CH4.wav,5106.24,5106.4399375,foreground
S01_U04.CH4.wav,5106.28,5107.0399375,background
S01_U04.CH4.wav,5106.88,5107.1199375,foreground
S01_U04.CH4.wav,5106.96,5109.5999375,background
S01_U04.CH4.wav,5109.44,5109.8399375,foreground
S01_U04.CH4.wav,5109.68,5110.1599375,background
S01_U04.CH4.wav,5110,5110.3199375,foreground
S01_U04.CH4.wav,5110.16,5116.1199375,background
S01_U04.CH4.wav,5115.96,5116.1999375,foreground
S01_U04.CH4.wav,5116.04,5117.2399375,background
S01_U04.CH4.wav,5117.08,5117.2799375,foreground
S01_U04.CH4.wav,5117.12,5119.3599375,background
S01_U04.CH4.wav,5119.2,5119.5199375,foreground
S01_U04.CH4.wav,5119.36,5120.3999375,background
S01_U04.CH4.wav,5120.24,5120.5999375,foreground
S01_U04.CH4.wav,5120.44,5121.3999375,background
S01_U04.CH4.wav,5121.24,5121.4399375,foreground
S01_U04.CH4.wav,5121.28,5121.4799375,background
S01_U04.CH4.wav,5121.32,5121.5599375,foreground
S01_U04.CH4.wav,5121.4,5122.5999375,background
S01_U04.CH4.wav,5122.44,5122.7199375,foreground
S01_U04.CH4.wav,5122.56,5126.9199375,background
S01_U04.CH4.wav,5126.76,5127.0799375,foreground
S01_U04.CH4.wav,5126.92,5128.1999375,background
S01_U04.CH4.wav,5128.04,5128.5599375,foreground
S01_U04.CH4.wav,5128.4,5128.6799375,background
S01_U04.CH4.wav,5128.52,5128.7599375,foreground
S01_U04.CH4.wav,5128.6,5128.8799375,background
S01_U04.CH4.wav,5128.72,5128.9199375,foreground
S01_U04.CH4.wav,5128.76,5129.1199375,background
S01_U04.CH4.wav,5128.96,5129.3199375,foreground
S01_U04.CH4.wav,5129.16,5129.5599375,background
S01_U04.CH4.wav,5129.4,5130.0799375,foreground
S01_U04.CH4.wav,5129.92,5133.3199375,background
S01_U04.CH4.wav,5133.16,5133.3999375,foreground
S01_U04.CH4.wav,5133.24,5136.2399375,background
S01_U04.CH4.wav,5136.08,5136.3999375,foreground
S01_U04.CH4.wav,5136.24,5137.8799375,background
S01_U04.CH4.wav,5137.72,5138.0399375,foreground
S01_U04.CH4.wav,5137.88,5140.4399375,background
S01_U04.CH4.wav,5140.28,5140.7599375,foreground
S01_U04.CH4.wav,5140.6,5141.0799375,background
S01_U04.CH4.wav,5140.92,5141.3199375,foreground
S01_U04.CH4.wav,5141.16,5141.3599375,background
S01_U04.CH4.wav,5141.2,5141.3999375,foreground
S01_U04.CH4.wav,5141.24,5141.5599375,background
S01_U04.CH4.wav,5141.4,5141.7999375,foreground
S01_U04.CH4.wav,5141.64,5147.7599375,background
S01_U04.CH4.wav,5147.6,5147.7999375,foreground
S01_U04.CH4.wav,5147.64,5149.0799375,background
S01_U04.CH4.wav,5148.92,5149.1999375,foreground
S01_U04.CH4.wav,5149.04,5149.3999375,background
S01_U04.CH4.wav,5149.24,5149.6399375,foreground
S01_U04.CH4.wav,5149.48,5153.1599375,background
S01_U04.CH4.wav,5153,5153.6799375,foreground
S01_U04.CH4.wav,5153.52,5159.3199375,background
S01_U04.CH4.wav,5159.16,5159.3999375,foreground
S01_U04.CH4.wav,5159.24,5160.3599375,background
S01_U04.CH4.wav,5160.2,5160.4799375,foreground
S01_U04.CH4.wav,5160.32,5161.0799375,background
S01_U04.CH4.wav,5160.92,5161.3599375,foreground
S01_U04.CH4.wav,5161.2,5161.7999375,background
S01_U04.CH4.wav,5161.64,5161.8799375,foreground
S01_U04.CH4.wav,5161.72,5169.2399375,background
S01_U04.CH4.wav,5169.08,5169.3999375,foreground
S01_U04.CH4.wav,5169.24,5178.8799375,background
S01_U04.CH4.wav,5178.72,5179.2399375,foreground
S01_U04.CH4.wav,5179.08,5180.3199375,background
S01_U04.CH4.wav,5180.16,5180.3599375,foreground
S01_U04.CH4.wav,5180.2,5182.4399375,background
S01_U04.CH4.wav,5182.28,5182.7599375,foreground
S01_U04.CH4.wav,5182.6,5182.9199375,background
S01_U04.CH4.wav,5182.76,5182.9599375,foreground
S01_U04.CH4.wav,5182.8,5183.3599375,background
S01_U04.CH4.wav,5183.2,5183.3999375,foreground
S01_U04.CH4.wav,5183.24,5183.6799375,background
S01_U04.CH4.wav,5183.52,5183.7599375,foreground
S01_U04.CH4.wav,5183.6,5184.7599375,background
S01_U04.CH4.wav,5184.6,5185.3199375,foreground
S01_U04.CH4.wav,5185.16,5186.5999375,background
S01_U04.CH4.wav,5186.44,5186.7999375,foreground
S01_U04.CH4.wav,5186.64,5187.5599375,background
S01_U04.CH4.wav,5187.4,5187.6799375,foreground
S01_U04.CH4.wav,5187.52,5188.0799375,background
S01_U04.CH4.wav,5187.92,5188.3199375,foreground
S01_U04.CH4.wav,5188.16,5190.1199375,background
S01_U04.CH4.wav,5189.96,5190.1599375,foreground
S01_U04.CH4.wav,5190,5190.1999375,background
S01_U04.CH4.wav,5190.04,5190.2399375,foreground
S01_U04.CH4.wav,5190.08,5190.7199375,background
S01_U04.CH4.wav,5190.56,5191.0399375,foreground
S01_U04.CH4.wav,5190.88,5191.1999375,background
S01_U04.CH4.wav,5191.04,5191.2399375,foreground
S01_U04.CH4.wav,5191.08,5191.4799375,background
S01_U04.CH4.wav,5191.32,5191.5599375,foreground
S01_U04.CH4.wav,5191.4,5191.6399375,background
S01_U04.CH4.wav,5191.48,5191.7199375,foreground
S01_U04.CH4.wav,5191.56,5192.4399375,background
S01_U04.CH4.wav,5192.28,5192.5599375,foreground
S01_U04.CH4.wav,5192.4,5192.7599375,background
S01_U04.CH4.wav,5192.6,5192.8399375,foreground
S01_U04.CH4.wav,5192.68,5193.6799375,background
S01_U04.CH4.wav,5193.52,5193.9199375,foreground
S01_U04.CH4.wav,5193.76,5194.3199375,background
S01_U04.CH4.wav,5194.16,5194.4399375,foreground
S01_U04.CH4.wav,5194.28,5195.2399375,background
S01_U04.CH4.wav,5195.08,5195.7999375,foreground
S01_U04.CH4.wav,5195.64,5197.7599375,background
S01_U04.CH4.wav,5197.6,5197.8399375,foreground
S01_U04.CH4.wav,5197.68,5197.8799375,background
S01_U04.CH4.wav,5197.72,5197.9599375,foreground
S01_U04.CH4.wav,5197.8,5199.1999375,background
S01_U04.CH4.wav,5199.04,5199.2799375,foreground
S01_U04.CH4.wav,5199.12,5199.5999375,background
S01_U04.CH4.wav,5199.44,5199.7199375,foreground
S01_U04.CH4.wav,5199.56,5200.8399375,background
S01_U04.CH4.wav,5200.68,5200.9999375,foreground
S01_U04.CH4.wav,5200.84,5201.2799375,background
S01_U04.CH4.wav,5201.12,5201.4399375,foreground
S01_U04.CH4.wav,5201.28,5201.7199375,background
S01_U04.CH4.wav,5201.56,5201.7599375,foreground
S01_U04.CH4.wav,5201.6,5202.1999375,background
S01_U04.CH4.wav,5202.04,5202.2799375,foreground
S01_U04.CH4.wav,5202.12,5202.4399375,background
S01_U04.CH4.wav,5202.28,5202.5599375,foreground
S01_U04.CH4.wav,5202.4,5203.0399375,background
S01_U04.CH4.wav,5202.88,5203.3999375,foreground
S01_U04.CH4.wav,5203.24,5204.1599375,background
S01_U04.CH4.wav,5204,5204.3199375,foreground
S01_U04.CH4.wav,5204.16,5206.1599375,background
S01_U04.CH4.wav,5206,5206.2799375,foreground
S01_U04.CH4.wav,5206.12,5207.8799375,background
S01_U04.CH4.wav,5207.72,5208.1199375,foreground
S01_U04.CH4.wav,5207.96,5208.4399375,background
S01_U04.CH4.wav,5208.28,5208.5599375,foreground
S01_U04.CH4.wav,5208.4,5208.7199375,background
S01_U04.CH4.wav,5208.56,5208.8799375,foreground
S01_U04.CH4.wav,5208.72,5208.9999375,background
S01_U04.CH4.wav,5208.84,5209.6799375,foreground
S01_U04.CH4.wav,5209.52,5209.9599375,background
S01_U04.CH4.wav,5209.8,5210.0399375,foreground
S01_U04.CH4.wav,5209.88,5211.0799375,background
S01_U04.CH4.wav,5210.92,5211.1999375,foreground
S01_U04.CH4.wav,5211.04,5211.4799375,background
S01_U04.CH4.wav,5211.32,5211.5199375,foreground
S01_U04.CH4.wav,5211.36,5212.1199375,background
S01_U04.CH4.wav,5211.96,5212.1599375,foreground
S01_U04.CH4.wav,5212,5213.3199375,background
S01_U04.CH4.wav,5213.16,5213.4399375,foreground
S01_U04.CH4.wav,5213.28,5214.3599375,background
S01_U04.CH4.wav,5214.2,5214.5599375,foreground
S01_U04.CH4.wav,5214.4,5215.7599375,background
S01_U04.CH4.wav,5215.6,5215.8399375,foreground
S01_U04.CH4.wav,5215.68,5218.2399375,background
S01_U04.CH4.wav,5218.08,5218.7599375,foreground
S01_U04.CH4.wav,5218.6,5219.1999375,background
S01_U04.CH4.wav,5219.04,5219.3999375,foreground
S01_U04.CH4.wav,5219.24,5219.5199375,background
S01_U04.CH4.wav,5219.36,5219.6799375,foreground
S01_U04.CH4.wav,5219.52,5220.1599375,background
S01_U04.CH4.wav,5220,5220.2799375,foreground
S01_U04.CH4.wav,5220.12,5220.7999375,background
S01_U04.CH4.wav,5220.64,5221.0399375,foreground
S01_U04.CH4.wav,5220.88,5221.2399375,background
S01_U04.CH4.wav,5221.08,5221.3199375,foreground
S01_U04.CH4.wav,5221.16,5221.7599375,background
S01_U04.CH4.wav,5221.6,5221.9199375,foreground
S01_U04.CH4.wav,5221.76,5223.2799375,background
S01_U04.CH4.wav,5223.12,5223.4399375,foreground
S01_U04.CH4.wav,5223.28,5223.5199375,background
S01_U04.CH4.wav,5223.36,5223.6799375,foreground
S01_U04.CH4.wav,5223.52,5224.0799375,background
S01_U04.CH4.wav,5223.92,5224.1999375,foreground
S01_U04.CH4.wav,5224.04,5224.3999375,background
S01_U04.CH4.wav,5224.24,5224.5999375,foreground
S01_U04.CH4.wav,5224.44,5224.9999375,background
S01_U04.CH4.wav,5224.84,5225.0399375,foreground
S01_U04.CH4.wav,5224.88,5225.3199375,background
S01_U04.CH4.wav,5225.16,5225.4799375,foreground
S01_U04.CH4.wav,5225.32,5225.7599375,background
S01_U04.CH4.wav,5225.6,5225.9599375,foreground
S01_U04.CH4.wav,5225.8,5226.7999375,background
S01_U04.CH4.wav,5226.64,5226.9199375,foreground
S01_U04.CH4.wav,5226.76,5227.1599375,background
S01_U04.CH4.wav,5227,5227.2399375,foreground
S01_U04.CH4.wav,5227.08,5227.5199375,background
S01_U04.CH4.wav,5227.36,5227.8399375,foreground
S01_U04.CH4.wav,5227.68,5233.7599375,background
S01_U04.CH4.wav,5233.6,5233.8399375,foreground
S01_U04.CH4.wav,5233.68,5235.3599375,background
S01_U04.CH4.wav,5235.2,5235.4799375,foreground
S01_U04.CH4.wav,5235.32,5235.7199375,background
S01_U04.CH4.wav,5235.56,5235.7999375,foreground
S01_U04.CH4.wav,5235.64,5236.2799375,background
S01_U04.CH4.wav,5236.12,5236.3999375,foreground
S01_U04.CH4.wav,5236.24,5236.8399375,background
S01_U04.CH4.wav,5236.68,5236.9999375,foreground
S01_U04.CH4.wav,5236.84,5237.0399375,background
S01_U04.CH4.wav,5236.88,5237.0799375,foreground
S01_U04.CH4.wav,5236.92,5238.2399375,background
S01_U04.CH4.wav,5238.08,5238.3599375,foreground
S01_U04.CH4.wav,5238.2,5241.2799375,background
S01_U04.CH4.wav,5241.12,5241.5999375,foreground
S01_U04.CH4.wav,5241.44,5241.9599375,background
S01_U04.CH4.wav,5241.8,5241.9999375,foreground
S01_U04.CH4.wav,5241.84,5242.4399375,background
S01_U04.CH4.wav,5242.28,5242.6399375,foreground
S01_U04.CH4.wav,5242.48,5246.2799375,background
S01_U04.CH4.wav,5246.12,5246.3199375,foreground
S01_U04.CH4.wav,5246.16,5246.7599375,background
S01_U04.CH4.wav,5246.6,5246.8799375,foreground
S01_U04.CH4.wav,5246.72,5247.1999375,background
S01_U04.CH4.wav,5247.04,5247.2399375,foreground
S01_U04.CH4.wav,5247.08,5248.2399375,background
S01_U04.CH4.wav,5248.08,5248.5199375,foreground
S01_U04.CH4.wav,5248.36,5248.8399375,background
S01_U04.CH4.wav,5248.68,5249.1599375,foreground
S01_U04.CH4.wav,5249,5250.7199375,background
S01_U04.CH4.wav,5250.56,5250.8399375,foreground
S01_U04.CH4.wav,5250.68,5251.6799375,background
S01_U04.CH4.wav,5251.52,5251.9199375,foreground
S01_U04.CH4.wav,5251.76,5252.0799375,background
S01_U04.CH4.wav,5251.92,5252.1199375,foreground
S01_U04.CH4.wav,5251.96,5252.8399375,background
S01_U04.CH4.wav,5252.68,5252.9199375,foreground
S01_U04.CH4.wav,5252.76,5253.4399375,background
S01_U04.CH4.wav,5253.28,5253.7199375,foreground
S01_U04.CH4.wav,5253.56,5256.8799375,background
S01_U04.CH4.wav,5256.72,5256.9999375,foreground
S01_U04.CH4.wav,5256.84,5257.3999375,background
S01_U04.CH4.wav,5257.24,5257.4399375,foreground
S01_U04.CH4.wav,5257.28,5261.9999375,background
S01_U04.CH4.wav,5261.84,5262.3199375,foreground
S01_U04.CH4.wav,5262.16,5262.4399375,background
S01_U04.CH4.wav,5262.28,5262.4799375,foreground
S01_U04.CH4.wav,5262.32,5263.9999375,background
S01_U04.CH4.wav,5263.84,5264.0799375,foreground
S01_U04.CH4.wav,5263.92,5265.3199375,background
S01_U04.CH4.wav,5265.16,5265.5599375,foreground
S01_U04.CH4.wav,5265.4,5266.5599375,background
S01_U04.CH4.wav,5266.4,5266.7199375,foreground
S01_U04.CH4.wav,5266.56,5266.8399375,background
S01_U04.CH4.wav,5266.68,5266.9999375,foreground
S01_U04.CH4.wav,5266.84,5267.6399375,background
S01_U04.CH4.wav,5267.48,5268.1199375,foreground
S01_U04.CH4.wav,5267.96,5268.6399375,background
S01_U04.CH4.wav,5268.48,5268.7999375,foreground
S01_U04.CH4.wav,5268.64,5270.5999375,background
S01_U04.CH4.wav,5270.44,5270.7599375,foreground
S01_U04.CH4.wav,5270.6,5271.9599375,background
S01_U04.CH4.wav,5271.8,5271.9999375,foreground
S01_U04.CH4.wav,5271.84,5272.1199375,background
S01_U04.CH4.wav,5271.96,5272.2799375,foreground
S01_U04.CH4.wav,5272.12,5272.7999375,background
S01_U04.CH4.wav,5272.64,5273.0799375,foreground
S01_U04.CH4.wav,5272.92,5273.9199375,background
S01_U04.CH4.wav,5273.76,5273.9599375,foreground
S01_U04.CH4.wav,5273.8,5275.1999375,background
S01_U04.CH4.wav,5275.04,5275.2399375,foreground
S01_U04.CH4.wav,5275.08,5276.2399375,background
S01_U04.CH4.wav,5276.08,5276.2799375,foreground
S01_U04.CH4.wav,5276.12,5276.4799375,background
S01_U04.CH4.wav,5276.32,5276.6399375,foreground
S01_U04.CH4.wav,5276.48,5277.1999375,background
S01_U04.CH4.wav,5277.04,5277.3199375,foreground
S01_U04.CH4.wav,5277.16,5277.5999375,background
S01_U04.CH4.wav,5277.44,5277.7199375,foreground
S01_U04.CH4.wav,5277.56,5279.3599375,background
S01_U04.CH4.wav,5279.2,5279.4399375,foreground
S01_U04.CH4.wav,5279.28,5279.7999375,background
S01_U04.CH4.wav,5279.64,5280.1199375,foreground
S01_U04.CH4.wav,5279.96,5280.3999375,background
S01_U04.CH4.wav,5280.24,5280.5599375,foreground
S01_U04.CH4.wav,5280.4,5281.1999375,background
S01_U04.CH4.wav,5281.04,5281.3599375,foreground
S01_U04.CH4.wav,5281.2,5281.4799375,background
S01_U04.CH4.wav,5281.32,5281.5599375,foreground
S01_U04.CH4.wav,5281.4,5282.9599375,background
S01_U04.CH4.wav,5282.8,5282.9999375,foreground
S01_U04.CH4.wav,5282.84,5283.1199375,background
S01_U04.CH4.wav,5282.96,5283.3199375,foreground
S01_U04.CH4.wav,5283.16,5283.3599375,background
S01_U04.CH4.wav,5283.2,5283.5199375,foreground
S01_U04.CH4.wav,5283.36,5284.5599375,background
S01_U04.CH4.wav,5284.4,5284.6799375,foreground
S01_U04.CH4.wav,5284.52,5285.1599375,background
S01_U04.CH4.wav,5285,5285.2799375,foreground
S01_U04.CH4.wav,5285.12,5286.3999375,background
S01_U04.CH4.wav,5286.24,5286.4399375,foreground
S01_U04.CH4.wav,5286.28,5289.7599375,background
S01_U04.CH4.wav,5289.6,5289.7999375,foreground
S01_U04.CH4.wav,5289.64,5290.5599375,background
S01_U04.CH4.wav,5290.4,5290.8399375,foreground
S01_U04.CH4.wav,5290.68,5290.9999375,background
S01_U04.CH4.wav,5290.84,5291.0799375,foreground
S01_U04.CH4.wav,5290.92,5291.2799375,background
S01_U04.CH4.wav,5291.12,5291.4799375,foreground
S01_U04.CH4.wav,5291.32,5296.8799375,background
S01_U04.CH4.wav,5296.72,5297.0399375,foreground
S01_U04.CH4.wav,5296.88,5297.3199375,background
S01_U04.CH4.wav,5297.16,5297.4799375,foreground
S01_U04.CH4.wav,5297.32,5298.4799375,background
S01_U04.CH4.wav,5298.32,5298.7999375,foreground
S01_U04.CH4.wav,5298.64,5299.0799375,background
S01_U04.CH4.wav,5298.92,5299.2799375,foreground
S01_U04.CH4.wav,5299.12,5299.5199375,background
S01_U04.CH4.wav,5299.36,5299.6399375,foreground
S01_U04.CH4.wav,5299.48,5300.0399375,background
S01_U04.CH4.wav,5299.88,5300.0799375,foreground
S01_U04.CH4.wav,5299.92,5300.7199375,background
S01_U04.CH4.wav,5300.56,5300.8799375,foreground
S01_U04.CH4.wav,5300.72,5303.7999375,background
S01_U04.CH4.wav,5303.64,5303.9599375,foreground
S01_U04.CH4.wav,5303.8,5304.5599375,background
S01_U04.CH4.wav,5304.4,5304.5999375,foreground
S01_U04.CH4.wav,5304.44,5307.4399375,background
S01_U04.CH4.wav,5307.28,5307.4799375,foreground
S01_U04.CH4.wav,5307.32,5308.4799375,background
S01_U04.CH4.wav,5308.32,5308.5999375,foreground
S01_U04.CH4.wav,5308.44,5308.7999375,background
S01_U04.CH4.wav,5308.64,5308.8399375,foreground
S01_U04.CH4.wav,5308.68,5309.0399375,background
S01_U04.CH4.wav,5308.88,5309.2799375,foreground
S01_U04.CH4.wav,5309.12,5312.2799375,background
S01_U04.CH4.wav,5312.12,5312.7599375,foreground
S01_U04.CH4.wav,5312.6,5313.2399375,background
S01_U04.CH4.wav,5313.08,5313.2799375,foreground
S01_U04.CH4.wav,5313.12,5318.5599375,background
S01_U04.CH4.wav,5318.4,5318.9599375,foreground
S01_U04.CH4.wav,5318.8,5319.0799375,background
S01_U04.CH4.wav,5318.92,5319.3599375,foreground
S01_U04.CH4.wav,5319.2,5319.8799375,background
S01_U04.CH4.wav,5319.72,5320.1199375,foreground
S01_U04.CH4.wav,5319.96,5322.7999375,background
S01_U04.CH4.wav,5322.64,5322.8799375,foreground
S01_U04.CH4.wav,5322.72,5323.5199375,background
S01_U04.CH4.wav,5323.36,5324.0399375,foreground
S01_U04.CH4.wav,5323.88,5325.0399375,background
S01_U04.CH4.wav,5324.88,5325.3199375,foreground
S01_U04.CH4.wav,5325.16,5325.7999375,background
S01_U04.CH4.wav,5325.64,5325.9999375,foreground
S01_U04.CH4.wav,5325.84,5326.5999375,background
S01_U04.CH4.wav,5326.44,5326.7199375,foreground
S01_U04.CH4.wav,5326.56,5330.3999375,background
S01_U04.CH4.wav,5330.24,5330.5999375,foreground
S01_U04.CH4.wav,5330.44,5331.4399375,background
S01_U04.CH4.wav,5331.28,5331.8399375,foreground
S01_U04.CH4.wav,5331.68,5331.9599375,background
S01_U04.CH4.wav,5331.8,5332.0799375,foreground
S01_U04.CH4.wav,5331.92,5332.8399375,background
S01_U04.CH4.wav,5332.68,5333.5999375,foreground
S01_U04.CH4.wav,5333.44,5333.7599375,background
S01_U04.CH4.wav,5333.6,5333.9999375,foreground
S01_U04.CH4.wav,5333.84,5334.7199375,background
S01_U04.CH4.wav,5334.56,5334.7599375,foreground
S01_U04.CH4.wav,5334.6,5335.3199375,background
S01_U04.CH4.wav,5335.16,5335.5599375,foreground
S01_U04.CH4.wav,5335.4,5336.6799375,background
S01_U04.CH4.wav,5336.52,5336.9599375,foreground
S01_U04.CH4.wav,5336.8,5337.2799375,background
S01_U04.CH4.wav,5337.12,5337.3599375,foreground
S01_U04.CH4.wav,5337.2,5338.7599375,background
S01_U04.CH4.wav,5338.6,5338.8399375,foreground
S01_U04.CH4.wav,5338.68,5339.3999375,background
S01_U04.CH4.wav,5339.24,5339.4799375,foreground
S01_U04.CH4.wav,5339.32,5339.9199375,background
S01_U04.CH4.wav,5339.76,5339.9999375,foreground
S01_U04.CH4.wav,5339.84,5340.6799375,background
S01_U04.CH4.wav,5340.52,5340.7599375,foreground
S01_U04.CH4.wav,5340.6,5343.6799375,background
S01_U04.CH4.wav,5343.52,5344.0399375,foreground
S01_U04.CH4.wav,5343.88,5344.2399375,background
S01_U04.CH4.wav,5344.08,5344.3599375,foreground
S01_U04.CH4.wav,5344.2,5345.1999375,background
S01_U04.CH4.wav,5345.04,5345.5599375,foreground
S01_U04.CH4.wav,5345.4,5346.5199375,background
S01_U04.CH4.wav,5346.36,5346.7599375,foreground
S01_U04.CH4.wav,5346.6,5348.4399375,background
S01_U04.CH4.wav,5348.28,5348.6799375,foreground
S01_U04.CH4.wav,5348.52,5348.8399375,background
S01_U04.CH4.wav,5348.68,5349.6399375,foreground
S01_U04.CH4.wav,5349.48,5349.9599375,background
S01_U04.CH4.wav,5349.8,5350.0399375,foreground
S01_U04.CH4.wav,5349.88,5350.5199375,background
S01_U04.CH4.wav,5350.36,5350.6399375,foreground
S01_U04.CH4.wav,5350.48,5351.2799375,background
S01_U04.CH4.wav,5351.12,5351.4799375,foreground
S01_U04.CH4.wav,5351.32,5351.8799375,background
S01_U04.CH4.wav,5351.72,5352.0399375,foreground
S01_U04.CH4.wav,5351.88,5352.9999375,background
S01_U04.CH4.wav,5352.84,5353.1599375,foreground
S01_U04.CH4.wav,5353,5353.2799375,background
S01_U04.CH4.wav,5353.12,5353.4399375,foreground
S01_U04.CH4.wav,5353.28,5353.7999375,background
S01_U04.CH4.wav,5353.64,5353.9599375,foreground
S01_U04.CH4.wav,5353.8,5354.7999375,background
S01_U04.CH4.wav,5354.64,5354.8399375,foreground
S01_U04.CH4.wav,5354.68,5355.4399375,background
S01_U04.CH4.wav,5355.28,5355.5599375,foreground
S01_U04.CH4.wav,5355.4,5355.5999375,background
S01_U04.CH4.wav,5355.44,5355.6399375,foreground
S01_U04.CH4.wav,5355.48,5356.1999375,background
S01_U04.CH4.wav,5356.04,5356.3999375,foreground
S01_U04.CH4.wav,5356.24,5356.7599375,background
S01_U04.CH4.wav,5356.6,5356.9199375,foreground
S01_U04.CH4.wav,5356.76,5358.8399375,background
S01_U04.CH4.wav,5358.68,5358.9199375,foreground
S01_U04.CH4.wav,5358.76,5360.0399375,background
S01_U04.CH4.wav,5359.88,5360.3199375,foreground
S01_U04.CH4.wav,5360.16,5363.5199375,background
S01_U04.CH4.wav,5363.36,5363.6399375,foreground
S01_U04.CH4.wav,5363.48,5365.7199375,background
S01_U04.CH4.wav,5365.56,5366.0399375,foreground
S01_U04.CH4.wav,5365.88,5366.1599375,background
S01_U04.CH4.wav,5366,5366.5599375,foreground
S01_U04.CH4.wav,5366.4,5366.7199375,background
S01_U04.CH4.wav,5366.56,5366.7999375,foreground
S01_U04.CH4.wav,5366.64,5367.9199375,background
S01_U04.CH4.wav,5367.76,5368.0399375,foreground
S01_U04.CH4.wav,5367.88,5369.9199375,background
S01_U04.CH4.wav,5369.76,5370.0399375,foreground
S01_U04.CH4.wav,5369.88,5373.2799375,background
S01_U04.CH4.wav,5373.12,5373.4399375,foreground
S01_U04.CH4.wav,5373.28,5377.1599375,background
S01_U04.CH4.wav,5377,5377.4799375,foreground
S01_U04.CH4.wav,5377.32,5378.7999375,background
S01_U04.CH4.wav,5378.64,5378.8799375,foreground
S01_U04.CH4.wav,5378.72,5379.6399375,background
S01_U04.CH4.wav,5379.48,5379.7199375,foreground
S01_U04.CH4.wav,5379.56,5379.7599375,background
S01_U04.CH4.wav,5379.6,5379.7999375,foreground
S01_U04.CH4.wav,5379.64,5381.1599375,background
S01_U04.CH4.wav,5381,5381.2399375,foreground
S01_U04.CH4.wav,5381.08,5384.6799375,background
S01_U04.CH4.wav,5384.52,5384.7199375,foreground
S01_U04.CH4.wav,5384.56,5387.8799375,background
S01_U04.CH4.wav,5387.72,5388.0799375,foreground
S01_U04.CH4.wav,5387.92,5388.8799375,background
S01_U04.CH4.wav,5388.72,5388.9199375,foreground
S01_U04.CH4.wav,5388.76,5389.3599375,background
S01_U04.CH4.wav,5389.2,5389.4799375,foreground
S01_U04.CH4.wav,5389.32,5391.1199375,background
S01_U04.CH4.wav,5390.96,5391.1999375,foreground
S01_U04.CH4.wav,5391.04,5391.7999375,background
S01_U04.CH4.wav,5391.64,5391.9599375,foreground
S01_U04.CH4.wav,5391.8,5392.1999375,background
S01_U04.CH4.wav,5392.04,5392.3999375,foreground
S01_U04.CH4.wav,5392.24,5394.1599375,background
S01_U04.CH4.wav,5394,5394.3999375,foreground
S01_U04.CH4.wav,5394.24,5395.3599375,background
S01_U04.CH4.wav,5395.2,5395.4399375,foreground
S01_U04.CH4.wav,5395.28,5396.6399375,background
S01_U04.CH4.wav,5396.48,5396.8799375,foreground
S01_U04.CH4.wav,5396.72,5397.0799375,background
S01_U04.CH4.wav,5396.92,5397.1999375,foreground
S01_U04.CH4.wav,5397.04,5399.5199375,background
S01_U04.CH4.wav,5399.36,5399.5599375,foreground
S01_U04.CH4.wav,5399.4,5400.1999375,background
S01_U04.CH4.wav,5400.04,5400.4399375,foreground
S01_U04.CH4.wav,5400.28,5403.6799375,background
S01_U04.CH4.wav,5403.52,5403.8799375,foreground
S01_U04.CH4.wav,5403.72,5404.4399375,background
S01_U04.CH4.wav,5404.28,5404.5999375,foreground
S01_U04.CH4.wav,5404.44,5405.8799375,background
S01_U04.CH4.wav,5405.72,5405.9999375,foreground
S01_U04.CH4.wav,5405.84,5406.6799375,background
S01_U04.CH4.wav,5406.52,5406.8399375,foreground
S01_U04.CH4.wav,5406.68,5407.9999375,background
S01_U04.CH4.wav,5407.84,5408.2399375,foreground
S01_U04.CH4.wav,5408.08,5409.8799375,background
S01_U04.CH4.wav,5409.72,5410.2399375,foreground
S01_U04.CH4.wav,5410.08,5410.6799375,background
S01_U04.CH4.wav,5410.52,5410.7599375,foreground
S01_U04.CH4.wav,5410.6,5411.5599375,background
S01_U04.CH4.wav,5411.4,5411.7599375,foreground
S01_U04.CH4.wav,5411.6,5415.8399375,background
S01_U04.CH4.wav,5415.68,5416.1999375,foreground
S01_U04.CH4.wav,5416.04,5419.1999375,background
S01_U04.CH4.wav,5419.04,5419.5599375,foreground
S01_U04.CH4.wav,5419.4,5424.3599375,background
S01_U04.CH4.wav,5424.2,5424.8399375,foreground
S01_U04.CH4.wav,5424.68,5425.1599375,background
S01_U04.CH4.wav,5425,5425.1999375,foreground
S01_U04.CH4.wav,5425.04,5429.7199375,background
S01_U04.CH4.wav,5429.56,5429.8399375,foreground
S01_U04.CH4.wav,5429.68,5430.4799375,background
S01_U04.CH4.wav,5430.32,5430.5999375,foreground
S01_U04.CH4.wav,5430.44,5436.6399375,background
S01_U04.CH4.wav,5436.48,5437.1999375,foreground
S01_U04.CH4.wav,5437.04,5437.3999375,background
S01_U04.CH4.wav,5437.24,5437.5599375,foreground
S01_U04.CH4.wav,5437.4,5437.6399375,background
S01_U04.CH4.wav,5437.48,5437.6799375,foreground
S01_U04.CH4.wav,5437.52,5438.9599375,background
S01_U04.CH4.wav,5438.8,5439.1999375,foreground
S01_U04.CH4.wav,5439.04,5444.0399375,background
S01_U04.CH4.wav,5443.88,5444.1599375,foreground
S01_U04.CH4.wav,5444,5447.5199375,background
S01_U04.CH4.wav,5447.36,5447.7199375,foreground
S01_U04.CH4.wav,5447.56,5449.1999375,background
S01_U04.CH4.wav,5449.04,5449.2799375,foreground
S01_U04.CH4.wav,5449.12,5449.8399375,background
S01_U04.CH4.wav,5449.68,5450.5199375,foreground
S01_U04.CH4.wav,5450.36,5450.7599375,background
S01_U04.CH4.wav,5450.6,5450.9599375,foreground
S01_U04.CH4.wav,5450.8,5451.1599375,background
S01_U04.CH4.wav,5451,5451.4399375,foreground
S01_U04.CH4.wav,5451.28,5451.9999375,background
S01_U04.CH4.wav,5451.84,5452.1199375,foreground
S01_U04.CH4.wav,5451.96,5453.5199375,background
S01_U04.CH4.wav,5453.36,5453.6399375,foreground
S01_U04.CH4.wav,5453.48,5455.6399375,background
S01_U04.CH4.wav,5455.48,5455.7199375,foreground
S01_U04.CH4.wav,5455.56,5455.7999375,background
S01_U04.CH4.wav,5455.64,5455.9599375,foreground
S01_U04.CH4.wav,5455.8,5459.1999375,background
S01_U04.CH4.wav,5459.04,5459.5999375,foreground
S01_U04.CH4.wav,5459.44,5460.0799375,background
S01_U04.CH4.wav,5459.92,5460.3999375,foreground
S01_U04.CH4.wav,5460.24,5463.1999375,background
S01_U04.CH4.wav,5463.04,5463.3999375,foreground
S01_U04.CH4.wav,5463.24,5464.2399375,background
S01_U04.CH4.wav,5464.08,5464.3599375,foreground
S01_U04.CH4.wav,5464.2,5464.4399375,background
S01_U04.CH4.wav,5464.28,5464.7199375,foreground
S01_U04.CH4.wav,5464.56,5469.7999375,background
S01_U04.CH4.wav,5469.64,5470.2799375,foreground
S01_U04.CH4.wav,5470.12,5474.1599375,background
S01_U04.CH4.wav,5474,5474.5199375,foreground
S01_U04.CH4.wav,5474.36,5482.2799375,background
S01_U04.CH4.wav,5482.12,5482.4799375,foreground
S01_U04.CH4.wav,5482.32,5483.3199375,background
S01_U04.CH4.wav,5483.16,5483.3999375,foreground
S01_U04.CH4.wav,5483.24,5483.5199375,background
S01_U04.CH4.wav,5483.36,5483.6399375,foreground
S01_U04.CH4.wav,5483.48,5487.2399375,background
S01_U04.CH4.wav,5487.08,5487.3599375,foreground
S01_U04.CH4.wav,5487.2,5487.7999375,background
S01_U04.CH4.wav,5487.64,5488.0399375,foreground
S01_U04.CH4.wav,5487.88,5488.5999375,background
S01_U04.CH4.wav,5488.44,5488.9199375,foreground
S01_U04.CH4.wav,5488.76,5488.9599375,background
S01_U04.CH4.wav,5488.8,5488.9999375,foreground
S01_U04.CH4.wav,5488.84,5490.3599375,background
S01_U04.CH4.wav,5490.2,5490.5599375,foreground
S01_U04.CH4.wav,5490.4,5491.1199375,background
S01_U04.CH4.wav,5490.96,5491.3199375,foreground
S01_U04.CH4.wav,5491.16,5491.8799375,background
S01_U04.CH4.wav,5491.72,5492.1999375,foreground
S01_U04.CH4.wav,5492.04,5492.6399375,background
S01_U04.CH4.wav,5492.48,5492.8799375,foreground
S01_U04.CH4.wav,5492.72,5493.5599375,background
S01_U04.CH4.wav,5493.4,5493.6799375,foreground
S01_U04.CH4.wav,5493.52,5495.5999375,background
S01_U04.CH4.wav,5495.44,5495.8799375,foreground
S01_U04.CH4.wav,5495.72,5496.5599375,background
S01_U04.CH4.wav,5496.4,5496.8799375,foreground
S01_U04.CH4.wav,5496.72,5497.3999375,background
S01_U04.CH4.wav,5497.24,5497.5999375,foreground
S01_U04.CH4.wav,5497.44,5497.8399375,background
S01_U04.CH4.wav,5497.68,5497.8799375,foreground
S01_U04.CH4.wav,5497.72,5500.1199375,background
S01_U04.CH4.wav,5499.96,5500.2399375,foreground
S01_U04.CH4.wav,5500.08,5501.5999375,background
S01_U04.CH4.wav,5501.44,5501.7999375,foreground
S01_U04.CH4.wav,5501.64,5509.9199375,background
S01_U04.CH4.wav,5509.76,5509.9999375,foreground
S01_U04.CH4.wav,5509.84,5510.6399375,background
S01_U04.CH4.wav,5510.48,5510.7999375,foreground
S01_U04.CH4.wav,5510.64,5517.6799375,background
S01_U04.CH4.wav,5517.52,5517.8399375,foreground
S01_U04.CH4.wav,5517.68,5520.6799375,background
S01_U04.CH4.wav,5520.52,5520.9199375,foreground
S01_U04.CH4.wav,5520.76,5520.9999375,background
S01_U04.CH4.wav,5520.84,5521.0799375,foreground
S01_U04.CH4.wav,5520.92,5522.0399375,background
S01_U04.CH4.wav,5521.88,5522.1199375,foreground
S01_U04.CH4.wav,5521.96,5524.9999375,background
S01_U04.CH4.wav,5524.84,5525.0399375,foreground
S01_U04.CH4.wav,5524.88,5525.0799375,background
S01_U04.CH4.wav,5524.92,5525.1199375,foreground
S01_U04.CH4.wav,5524.96,5525.5599375,background
S01_U04.CH4.wav,5525.4,5525.7199375,foreground
S01_U04.CH4.wav,5525.56,5526.0799375,background
S01_U04.CH4.wav,5525.92,5526.3999375,foreground
S01_U04.CH4.wav,5526.24,5528.5999375,background
S01_U04.CH4.wav,5528.44,5528.8799375,foreground
S01_U04.CH4.wav,5528.72,5529.3999375,background
S01_U04.CH4.wav,5529.24,5529.6399375,foreground
S01_U04.CH4.wav,5529.48,5530.3199375,background
S01_U04.CH4.wav,5530.16,5530.7599375,foreground
S01_U04.CH4.wav,5530.6,5532.7199375,background
S01_U04.CH4.wav,5532.56,5533.3599375,foreground
S01_U04.CH4.wav,5533.2,5533.6799375,background
S01_U04.CH4.wav,5533.52,5533.7199375,foreground
S01_U04.CH4.wav,5533.56,5534.7999375,background
S01_U04.CH4.wav,5534.64,5534.9999375,foreground
S01_U04.CH4.wav,5534.84,5537.9599375,background
S01_U04.CH4.wav,5537.8,5538.0799375,foreground
S01_U04.CH4.wav,5537.92,5539.9599375,background
S01_U04.CH4.wav,5539.8,5539.9999375,foreground
S01_U04.CH4.wav,5539.84,5542.3599375,background
S01_U04.CH4.wav,5542.2,5542.3999375,foreground
S01_U04.CH4.wav,5542.24,5542.4399375,background
S01_U04.CH4.wav,5542.28,5542.7199375,foreground
S01_U04.CH4.wav,5542.56,5543.5199375,background
S01_U04.CH4.wav,5543.36,5543.8399375,foreground
S01_U04.CH4.wav,5543.68,5543.9599375,background
S01_U04.CH4.wav,5543.8,5544.5199375,foreground
S01_U04.CH4.wav,5544.36,5547.1199375,background
S01_U04.CH4.wav,5546.96,5547.4799375,foreground
S01_U04.CH4.wav,5547.32,5550.5999375,background
S01_U04.CH4.wav,5550.44,5551.1599375,foreground
S01_U04.CH4.wav,5551,5551.2799375,background
S01_U04.CH4.wav,5551.12,5551.5199375,foreground
S01_U04.CH4.wav,5551.36,5552.2799375,background
S01_U04.CH4.wav,5552.12,5552.4399375,foreground
S01_U04.CH4.wav,5552.28,5553.1999375,background
S01_U04.CH4.wav,5553.04,5553.3199375,foreground
S01_U04.CH4.wav,5553.16,5553.5599375,background
S01_U04.CH4.wav,5553.4,5553.8399375,foreground
S01_U04.CH4.wav,5553.68,5553.8799375,background
S01_U04.CH4.wav,5553.72,5554.2799375,foreground
S01_U04.CH4.wav,5554.12,5555.2399375,background
S01_U04.CH4.wav,5555.08,5555.3199375,foreground
S01_U04.CH4.wav,5555.16,5555.8399375,background
S01_U04.CH4.wav,5555.68,5556.0399375,foreground
S01_U04.CH4.wav,5555.88,5556.2799375,background
S01_U04.CH4.wav,5556.12,5556.3199375,foreground
S01_U04.CH4.wav,5556.16,5556.5199375,background
S01_U04.CH4.wav,5556.36,5556.5999375,foreground
S01_U04.CH4.wav,5556.44,5557.0399375,background
S01_U04.CH4.wav,5556.88,5557.2799375,foreground
S01_U04.CH4.wav,5557.12,5557.4799375,background
S01_U04.CH4.wav,5557.32,5557.7599375,foreground
S01_U04.CH4.wav,5557.6,5560.4399375,background
S01_U04.CH4.wav,5560.28,5560.6399375,foreground
S01_U04.CH4.wav,5560.48,5562.4399375,background
S01_U04.CH4.wav,5562.28,5562.5999375,foreground
S01_U04.CH4.wav,5562.44,5564.5599375,background
S01_U04.CH4.wav,5564.4,5564.6799375,foreground
S01_U04.CH4.wav,5564.52,5567.5999375,background
S01_U04.CH4.wav,5567.44,5568.4399375,foreground
S01_U04.CH4.wav,5568.28,5573.0799375,background
S01_U04.CH4.wav,5572.92,5573.1599375,foreground
S01_U04.CH4.wav,5573,5573.3999375,background
S01_U04.CH4.wav,5573.24,5573.5199375,foreground
S01_U04.CH4.wav,5573.36,5573.7599375,background
S01_U04.CH4.wav,5573.6,5573.8799375,foreground
S01_U04.CH4.wav,5573.72,5574.1599375,background
S01_U04.CH4.wav,5574,5574.9999375,foreground
S01_U04.CH4.wav,5574.84,5576.1599375,background
S01_U04.CH4.wav,5576,5576.3199375,foreground
S01_U04.CH4.wav,5576.16,5576.6799375,background
S01_U04.CH4.wav,5576.52,5576.7599375,foreground
S01_U04.CH4.wav,5576.6,5576.8399375,background
S01_U04.CH4.wav,5576.68,5576.9599375,foreground
S01_U04.CH4.wav,5576.8,5577.1999375,background
S01_U04.CH4.wav,5577.04,5577.2399375,foreground
S01_U04.CH4.wav,5577.08,5577.8399375,background
S01_U04.CH4.wav,5577.68,5578.0399375,foreground
S01_U04.CH4.wav,5577.88,5579.9199375,background
S01_U04.CH4.wav,5579.76,5580.0799375,foreground
S01_U04.CH4.wav,5579.92,5582.2399375,background
S01_U04.CH4.wav,5582.08,5582.8399375,foreground
S01_U04.CH4.wav,5582.68,5584.8399375,background
S01_U04.CH4.wav,5584.68,5584.9999375,foreground
S01_U04.CH4.wav,5584.84,5591.5599375,background
S01_U04.CH4.wav,5591.4,5591.7199375,foreground
S01_U04.CH4.wav,5591.56,5592.4799375,background
S01_U04.CH4.wav,5592.32,5592.8799375,foreground
S01_U04.CH4.wav,5592.72,5593.5599375,background
S01_U04.CH4.wav,5593.4,5593.8799375,foreground
S01_U04.CH4.wav,5593.72,5594.1999375,background
S01_U04.CH4.wav,5594.04,5594.4399375,foreground
S01_U04.CH4.wav,5594.28,5594.5999375,background
S01_U04.CH4.wav,5594.44,5595.1199375,foreground
S01_U04.CH4.wav,5594.96,5595.5999375,background
S01_U04.CH4.wav,5595.44,5595.6399375,foreground
S01_U04.CH4.wav,5595.48,5596.2799375,background
S01_U04.CH4.wav,5596.12,5596.4799375,foreground
S01_U04.CH4.wav,5596.32,5596.6399375,background
S01_U04.CH4.wav,5596.48,5596.9599375,foreground
S01_U04.CH4.wav,5596.8,5597.4799375,background
S01_U04.CH4.wav,5597.32,5597.7199375,foreground
S01_U04.CH4.wav,5597.56,5598.0799375,background
S01_U04.CH4.wav,5597.92,5598.2799375,foreground
S01_U04.CH4.wav,5598.12,5598.7599375,background
S01_U04.CH4.wav,5598.6,5598.8399375,foreground
S01_U04.CH4.wav,5598.68,5599.5599375,background
S01_U04.CH4.wav,5599.4,5599.6399375,foreground
S01_U04.CH4.wav,5599.48,5600.1199375,background
S01_U04.CH4.wav,5599.96,5600.1599375,foreground
S01_U04.CH4.wav,5600,5602.9199375,background
S01_U04.CH4.wav,5602.76,5603.0399375,foreground
S01_U04.CH4.wav,5602.88,5603.7599375,background
S01_U04.CH4.wav,5603.6,5603.9199375,foreground
S01_U04.CH4.wav,5603.76,5606.5999375,background
S01_U04.CH4.wav,5606.44,5606.9999375,foreground
S01_U04.CH4.wav,5606.84,5607.2399375,background
S01_U04.CH4.wav,5607.08,5607.2799375,foreground
S01_U04.CH4.wav,5607.12,5607.5599375,background
S01_U04.CH4.wav,5607.4,5608.4799375,foreground
S01_U04.CH4.wav,5608.32,5609.9999375,background
S01_U04.CH4.wav,5609.84,5610.0799375,foreground
S01_U04.CH4.wav,5609.92,5610.3199375,background
S01_U04.CH4.wav,5610.16,5610.7199375,foreground
S01_U04.CH4.wav,5610.56,5612.1199375,background
S01_U04.CH4.wav,5611.96,5612.2799375,foreground
S01_U04.CH4.wav,5612.12,5615.0399375,background
S01_U04.CH4.wav,5614.88,5615.2399375,foreground
S01_U04.CH4.wav,5615.08,5615.6399375,background
S01_U04.CH4.wav,5615.48,5615.9199375,foreground
S01_U04.CH4.wav,5615.76,5616.1199375,background
S01_U04.CH4.wav,5615.96,5616.7199375,foreground
S01_U04.CH4.wav,5616.56,5619.1199375,background
S01_U04.CH4.wav,5618.96,5619.1599375,foreground
S01_U04.CH4.wav,5619,5619.5599375,background
S01_U04.CH4.wav,5619.4,5619.7199375,foreground
S01_U04.CH4.wav,5619.56,5620.9599375,background
S01_U04.CH4.wav,5620.8,5621.1599375,foreground
S01_U04.CH4.wav,5621,5622.4799375,background
S01_U04.CH4.wav,5622.32,5622.5999375,foreground
S01_U04.CH4.wav,5622.44,5623.5999375,background
S01_U04.CH4.wav,5623.44,5623.6399375,foreground
S01_U04.CH4.wav,5623.48,5624.0799375,background
S01_U04.CH4.wav,5623.92,5624.6399375,foreground
S01_U04.CH4.wav,5624.48,5624.6799375,background
S01_U04.CH4.wav,5624.52,5624.7999375,foreground
S01_U04.CH4.wav,5624.64,5624.8799375,background
S01_U04.CH4.wav,5624.72,5624.9599375,foreground
S01_U04.CH4.wav,5624.8,5626.5199375,background
S01_U04.CH4.wav,5626.36,5626.6799375,foreground
S01_U04.CH4.wav,5626.52,5626.8799375,background
S01_U04.CH4.wav,5626.72,5626.9199375,foreground
S01_U04.CH4.wav,5626.76,5626.9599375,background
S01_U04.CH4.wav,5626.8,5627.3599375,foreground
S01_U04.CH4.wav,5627.2,5629.7999375,background
S01_U04.CH4.wav,5629.64,5630.1199375,foreground
S01_U04.CH4.wav,5629.96,5631.5599375,background
S01_U04.CH4.wav,5631.4,5631.8399375,foreground
S01_U04.CH4.wav,5631.68,5632.0799375,background
S01_U04.CH4.wav,5631.92,5632.2399375,foreground
S01_U04.CH4.wav,5632.08,5633.7199375,background
S01_U04.CH4.wav,5633.56,5633.7599375,foreground
S01_U04.CH4.wav,5633.6,5633.9599375,background
S01_U04.CH4.wav,5633.8,5634.1599375,foreground
S01_U04.CH4.wav,5634,5638.8399375,background
S01_U04.CH4.wav,5638.68,5639.1199375,foreground
S01_U04.CH4.wav,5638.96,5639.5599375,background
S01_U04.CH4.wav,5639.4,5640.1599375,foreground
S01_U04.CH4.wav,5640,5640.1999375,background
S01_U04.CH4.wav,5640.04,5640.3999375,foreground
S01_U04.CH4.wav,5640.24,5640.6399375,background
S01_U04.CH4.wav,5640.48,5640.8399375,foreground
S01_U04.CH4.wav,5640.68,5641.3199375,background
S01_U04.CH4.wav,5641.16,5641.3999375,foreground
S01_U04.CH4.wav,5641.24,5641.6799375,background
S01_U04.CH4.wav,5641.52,5641.8399375,foreground
S01_U04.CH4.wav,5641.68,5643.6399375,background
S01_U04.CH4.wav,5643.48,5643.8399375,foreground
S01_U04.CH4.wav,5643.68,5649.2799375,background
S01_U04.CH4.wav,5649.12,5649.6799375,foreground
S01_U04.CH4.wav,5649.52,5655.1999375,background
S01_U04.CH4.wav,5655.04,5655.2799375,foreground
S01_U04.CH4.wav,5655.12,5655.3599375,background
S01_U04.CH4.wav,5655.2,5655.5599375,foreground
S01_U04.CH4.wav,5655.4,5656.4799375,background
S01_U04.CH4.wav,5656.32,5656.6399375,foreground
S01_U04.CH4.wav,5656.48,5657.6799375,background
S01_U04.CH4.wav,5657.52,5657.8399375,foreground
S01_U04.CH4.wav,5657.68,5660.5999375,background
S01_U04.CH4.wav,5660.44,5660.8399375,foreground
S01_U04.CH4.wav,5660.68,5663.4399375,background
S01_U04.CH4.wav,5663.28,5663.4799375,foreground
S01_U04.CH4.wav,5663.32,5663.7199375,background
S01_U04.CH4.wav,5663.56,5663.9999375,foreground
S01_U04.CH4.wav,5663.84,5664.1999375,background
S01_U04.CH4.wav,5664.04,5664.3599375,foreground
S01_U04.CH4.wav,5664.2,5664.8399375,background
S01_U04.CH4.wav,5664.68,5664.9199375,foreground
S01_U04.CH4.wav,5664.76,5665.1999375,background
S01_U04.CH4.wav,5665.04,5665.2799375,foreground
S01_U04.CH4.wav,5665.12,5665.5199375,background
S01_U04.CH4.wav,5665.36,5665.6799375,foreground
S01_U04.CH4.wav,5665.52,5668.9999375,background
S01_U04.CH4.wav,5668.84,5669.0799375,foreground
S01_U04.CH4.wav,5668.92,5671.9999375,background
S01_U04.CH4.wav,5671.84,5672.3599375,foreground
S01_U04.CH4.wav,5672.2,5673.3999375,background
S01_U04.CH4.wav,5673.24,5673.5599375,foreground
S01_U04.CH4.wav,5673.4,5675.7599375,background
S01_U04.CH4.wav,5675.6,5675.9999375,foreground
S01_U04.CH4.wav,5675.84,5678.5599375,background
S01_U04.CH4.wav,5678.4,5678.6799375,foreground
S01_U04.CH4.wav,5678.52,5678.9199375,background
S01_U04.CH4.wav,5678.76,5678.9599375,foreground
S01_U04.CH4.wav,5678.8,5679.3999375,background
S01_U04.CH4.wav,5679.24,5679.5599375,foreground
S01_U04.CH4.wav,5679.4,5683.7599375,background
S01_U04.CH4.wav,5683.6,5683.9599375,foreground
S01_U04.CH4.wav,5683.8,5684.9999375,background
S01_U04.CH4.wav,5684.84,5685.0799375,foreground
S01_U04.CH4.wav,5684.92,5685.3199375,background
S01_U04.CH4.wav,5685.16,5685.4799375,foreground
S01_U04.CH4.wav,5685.32,5692.3199375,background
S01_U04.CH4.wav,5692.16,5692.3999375,foreground
S01_U04.CH4.wav,5692.24,5697.4799375,background
S01_U04.CH4.wav,5697.32,5697.7999375,foreground
S01_U04.CH4.wav,5697.64,5697.9999375,background
S01_U04.CH4.wav,5697.84,5698.1199375,foreground
S01_U04.CH4.wav,5697.96,5700.1199375,background
S01_U04.CH4.wav,5699.96,5700.3999375,foreground
S01_U04.CH4.wav,5700.24,5721.9599375,background
S01_U04.CH4.wav,5721.8,5722.1599375,foreground
S01_U04.CH4.wav,5722,5722.4799375,background
S01_U04.CH4.wav,5722.32,5722.5199375,foreground
S01_U04.CH4.wav,5722.36,5723.5199375,background
S01_U04.CH4.wav,5723.36,5723.5999375,foreground
S01_U04.CH4.wav,5723.44,5727.5999375,background
S01_U04.CH4.wav,5727.44,5727.8799375,foreground
S01_U04.CH4.wav,5727.72,5728.4799375,background
S01_U04.CH4.wav,5728.32,5728.6799375,foreground
S01_U04.CH4.wav,5728.52,5731.2399375,background
S01_U04.CH4.wav,5731.08,5731.3199375,foreground
S01_U04.CH4.wav,5731.16,5731.4799375,background
S01_U04.CH4.wav,5731.32,5731.7999375,foreground
S01_U04.CH4.wav,5731.64,5733.5999375,background
S01_U04.CH4.wav,5733.44,5733.7999375,foreground
S01_U04.CH4.wav,5733.64,5735.0799375,background
S01_U04.CH4.wav,5734.92,5735.3999375,foreground
S01_U04.CH4.wav,5735.24,5735.4399375,background
S01_U04.CH4.wav,5735.28,5735.6399375,foreground
S01_U04.CH4.wav,5735.48,5736.7999375,background
S01_U04.CH4.wav,5736.64,5736.9599375,foreground
S01_U04.CH4.wav,5736.8,5737.0399375,background
S01_U04.CH4.wav,5736.88,5737.4799375,foreground
S01_U04.CH4.wav,5737.32,5737.9599375,background
S01_U04.CH4.wav,5737.8,5738.3999375,foreground
S01_U04.CH4.wav,5738.24,5738.6399375,background
S01_U04.CH4.wav,5738.48,5738.6799375,foreground
S01_U04.CH4.wav,5738.52,5739.8799375,background
S01_U04.CH4.wav,5739.72,5740.8799375,foreground
S01_U04.CH4.wav,5740.72,5741.1199375,background
S01_U04.CH4.wav,5740.96,5741.3999375,foreground
S01_U04.CH4.wav,5741.24,5741.5199375,background
S01_U04.CH4.wav,5741.36,5741.7999375,foreground
S01_U04.CH4.wav,5741.64,5742.1599375,background
S01_U04.CH4.wav,5742,5742.1999375,foreground
S01_U04.CH4.wav,5742.04,5744.0399375,background
S01_U04.CH4.wav,5743.88,5744.2399375,foreground
S01_U04.CH4.wav,5744.08,5745.9199375,background
S01_U04.CH4.wav,5745.76,5745.9999375,foreground
S01_U04.CH4.wav,5745.84,5746.1599375,background
S01_U04.CH4.wav,5746,5746.5999375,foreground
S01_U04.CH4.wav,5746.44,5748.3999375,background
S01_U04.CH4.wav,5748.24,5748.4399375,foreground
S01_U04.CH4.wav,5748.28,5748.5999375,background
S01_U04.CH4.wav,5748.44,5748.8399375,foreground
S01_U04.CH4.wav,5748.68,5748.8799375,background
S01_U04.CH4.wav,5748.72,5748.9199375,foreground
S01_U04.CH4.wav,5748.76,5749.3999375,background
S01_U04.CH4.wav,5749.24,5749.6799375,foreground
S01_U04.CH4.wav,5749.52,5749.8399375,background
S01_U04.CH4.wav,5749.68,5749.9599375,foreground
S01_U04.CH4.wav,5749.8,5750.1199375,background
S01_U04.CH4.wav,5749.96,5750.5199375,foreground
S01_U04.CH4.wav,5750.36,5750.9199375,background
S01_U04.CH4.wav,5750.76,5751.1599375,foreground
S01_U04.CH4.wav,5751,5751.3199375,background
S01_U04.CH4.wav,5751.16,5751.8799375,foreground
S01_U04.CH4.wav,5751.72,5752.1599375,background
S01_U04.CH4.wav,5752,5752.3199375,foreground
S01_U04.CH4.wav,5752.16,5752.3599375,background
S01_U04.CH4.wav,5752.2,5752.5999375,foreground
S01_U04.CH4.wav,5752.44,5752.7999375,background
S01_U04.CH4.wav,5752.64,5752.8799375,foreground
S01_U04.CH4.wav,5752.72,5757.9599375,background
S01_U04.CH4.wav,5757.8,5758.3999375,foreground
S01_U04.CH4.wav,5758.24,5759.3599375,background
S01_U04.CH4.wav,5759.2,5759.7999375,foreground
S01_U04.CH4.wav,5759.64,5768.3199375,background
S01_U04.CH4.wav,5768.16,5768.3599375,foreground
S01_U04.CH4.wav,5768.2,5768.4799375,background
S01_U04.CH4.wav,5768.32,5768.5199375,foreground
S01_U04.CH4.wav,5768.36,5769.1199375,background
S01_U04.CH4.wav,5768.96,5769.3199375,foreground
S01_U04.CH4.wav,5769.16,5775.0399375,background
S01_U04.CH4.wav,5774.88,5775.0799375,foreground
S01_U04.CH4.wav,5774.92,5776.4799375,background
S01_U04.CH4.wav,5776.32,5776.5599375,foreground
S01_U04.CH4.wav,5776.4,5779.5999375,background
S01_U04.CH4.wav,5779.44,5779.8399375,foreground
S01_U04.CH4.wav,5779.68,5782.0799375,background
S01_U04.CH4.wav,5781.92,5782.1999375,foreground
S01_U04.CH4.wav,5782.04,5782.8799375,background
S01_U04.CH4.wav,5782.72,5783.0799375,foreground
S01_U04.CH4.wav,5782.92,5783.7599375,background
S01_U04.CH4.wav,5783.6,5783.8799375,foreground
S01_U04.CH4.wav,5783.72,5789.2399375,background
S01_U04.CH4.wav,5789.08,5789.3599375,foreground
S01_U04.CH4.wav,5789.2,5789.5199375,background
S01_U04.CH4.wav,5789.36,5789.6399375,foreground
S01_U04.CH4.wav,5789.48,5794.7199375,background
S01_U04.CH4.wav,5794.56,5794.8799375,foreground
S01_U04.CH4.wav,5794.72,5808.8399375,background
S01_U04.CH4.wav,5808.68,5808.8799375,foreground
S01_U04.CH4.wav,5808.72,5809.2799375,background
S01_U04.CH4.wav,5809.12,5809.3999375,foreground
S01_U04.CH4.wav,5809.24,5810.1599375,background
S01_U04.CH4.wav,5810,5810.3599375,foreground
S01_U04.CH4.wav,5810.2,5810.4399375,background
S01_U04.CH4.wav,5810.28,5810.7199375,foreground
S01_U04.CH4.wav,5810.56,5811.1599375,background
S01_U04.CH4.wav,5811,5811.5199375,foreground
S01_U04.CH4.wav,5811.36,5811.9199375,background
S01_U04.CH4.wav,5811.76,5812.1199375,foreground
S01_U04.CH4.wav,5811.96,5812.9599375,background
S01_U04.CH4.wav,5812.8,5813.0399375,foreground
S01_U04.CH4.wav,5812.88,5813.3999375,background
S01_U04.CH4.wav,5813.24,5813.5999375,foreground
S01_U04.CH4.wav,5813.44,5815.9199375,background
S01_U04.CH4.wav,5815.76,5816.0399375,foreground
S01_U04.CH4.wav,5815.88,5817.1599375,background
S01_U04.CH4.wav,5817,5817.4799375,foreground
S01_U04.CH4.wav,5817.32,5819.8799375,background
S01_U04.CH4.wav,5819.72,5819.9599375,foreground
S01_U04.CH4.wav,5819.8,5823.6799375,background
S01_U04.CH4.wav,5823.52,5823.7599375,foreground
S01_U04.CH4.wav,5823.6,5838.2399375,background
S01_U04.CH4.wav,5838.08,5838.3199375,foreground
S01_U04.CH4.wav,5838.16,5840.5599375,background
S01_U04.CH4.wav,5840.4,5840.6399375,foreground
S01_U04.CH4.wav,5840.48,5846.5999375,background
S01_U04.CH4.wav,5846.44,5846.6399375,foreground
S01_U04.CH4.wav,5846.48,5847.3999375,background
S01_U04.CH4.wav,5847.24,5847.5599375,foreground
S01_U04.CH4.wav,5847.4,5849.3199375,background
S01_U04.CH4.wav,5849.16,5849.4399375,foreground
S01_U04.CH4.wav,5849.28,5856.4799375,background
S01_U04.CH4.wav,5856.32,5856.5599375,foreground
S01_U04.CH4.wav,5856.4,5869.8399375,background
S01_U04.CH4.wav,5869.68,5869.9199375,foreground
S01_U04.CH4.wav,5869.76,5870.6799375,background
S01_U04.CH4.wav,5870.52,5870.7599375,foreground
S01_U04.CH4.wav,5870.6,5873.5999375,background
S01_U04.CH4.wav,5873.44,5873.6399375,foreground
S01_U04.CH4.wav,5873.48,5910.5199375,background
S01_U04.CH4.wav,5910.36,5910.7199375,foreground
S01_U04.CH4.wav,5910.56,5910.7599375,background
S01_U04.CH4.wav,5910.6,5910.7999375,foreground
S01_U04.CH4.wav,5910.64,5921.1199375,background
S01_U04.CH4.wav,5920.96,5921.1599375,foreground
S01_U04.CH4.wav,5921,5921.1999375,background
S01_U04.CH4.wav,5921.04,5921.2399375,foreground
S01_U04.CH4.wav,5921.08,5959.7199375,background
S01_U04.CH4.wav,5959.56,5959.9999375,foreground
S01_U04.CH4.wav,5959.84,6002.4799375,background
S01_U04.CH4.wav,6002.32,6002.5199375,foreground
S01_U04.CH4.wav,6002.36,6006.5599375,background
S01_U04.CH4.wav,6006.4,6006.7999375,foreground
S01_U04.CH4.wav,6006.64,6007.2799375,background
S01_U04.CH4.wav,6007.12,6007.3999375,foreground
S01_U04.CH4.wav,6007.24,6013.3599375,background
S01_U04.CH4.wav,6013.2,6013.4799375,foreground
S01_U04.CH4.wav,6013.32,6021.9999375,background
S01_U04.CH4.wav,6021.84,6022.1999375,foreground
S01_U04.CH4.wav,6022.04,6080.5599375,background
S01_U04.CH4.wav,6080.4,6080.6399375,foreground
S01_U04.CH4.wav,6080.48,6087.3999375,background
S01_U04.CH4.wav,6087.24,6087.4799375,foreground
S01_U04.CH4.wav,6087.32,6087.5999375,background
S01_U04.CH4.wav,6087.44,6087.6399375,foreground
S01_U04.CH4.wav,6087.48,6156.3999375,background
S01_U04.CH4.wav,6156.24,6156.4799375,foreground
S01_U04.CH4.wav,6156.32,6196.4399375,background
S01_U04.CH4.wav,6196.28,6196.5599375,foreground
S01_U04.CH4.wav,6196.4,6197.6399375,background
S01_U04.CH4.wav,6197.48,6197.6799375,foreground
S01_U04.CH4.wav,6197.52,6278.3999375,background
S01_U04.CH4.wav,6278.24,6278.5199375,foreground
S01_U04.CH4.wav,6278.36,6346.3999375,background
S01_U04.CH4.wav,6346.24,6346.4399375,foreground
S01_U04.CH4.wav,6346.28,6347.0399375,background
S01_U04.CH4.wav,6346.88,6347.1599375,foreground
S01_U04.CH4.wav,6347,6350.6399375,background
S01_U04.CH4.wav,6350.48,6350.7999375,foreground
S01_U04.CH4.wav,6350.64,6357.2399375,background
S01_U04.CH4.wav,6357.08,6357.2799375,foreground
S01_U04.CH4.wav,6357.12,6359.2799375,background
S01_U04.CH4.wav,6359.12,6359.3199375,foreground
S01_U04.CH4.wav,6359.16,6365.3199375,background
S01_U04.CH4.wav,6365.16,6365.5199375,foreground
S01_U04.CH4.wav,6365.36,6388.2799375,background
S01_U04.CH4.wav,6388.12,6388.4399375,foreground
S01_U04.CH4.wav,6388.28,6394.9999375,background
S01_U04.CH4.wav,6394.84,6395.0799375,foreground
S01_U04.CH4.wav,6394.92,6397.3599375,background
S01_U04.CH4.wav,6397.2,6397.3999375,foreground
S01_U04.CH4.wav,6397.24,6398.6399375,background
S01_U04.CH4.wav,6398.48,6398.8399375,foreground
S01_U04.CH4.wav,6398.68,6398.9599375,background
S01_U04.CH4.wav,6398.8,6399.0399375,foreground
S01_U04.CH4.wav,6398.88,6400.6799375,background
S01_U04.CH4.wav,6400.52,6400.7999375,foreground
S01_U04.CH4.wav,6400.64,6401.3599375,background
S01_U04.CH4.wav,6401.2,6401.3999375,foreground
S01_U04.CH4.wav,6401.24,6405.6799375,background
S01_U04.CH4.wav,6405.52,6405.7199375,foreground
S01_U04.CH4.wav,6405.56,6411.5199375,background
S01_U04.CH4.wav,6411.36,6411.5599375,foreground
S01_U04.CH4.wav,6411.4,6411.9199375,background
S01_U04.CH4.wav,6411.76,6412.0799375,foreground
S01_U04.CH4.wav,6411.92,6433.9599375,background
S01_U04.CH4.wav,6433.8,6434.0399375,foreground
S01_U04.CH4.wav,6433.88,6441.9999375,background
S01_U04.CH4.wav,6441.84,6442.0799375,foreground
S01_U04.CH4.wav,6441.92,6442.4399375,background
S01_U04.CH4.wav,6442.28,6442.5599375,foreground
S01_U04.CH4.wav,6442.4,6446.1199375,background
S01_U04.CH4.wav,6445.96,6446.1999375,foreground
S01_U04.CH4.wav,6446.04,6446.3199375,background
S01_U04.CH4.wav,6446.16,6446.4799375,foreground
S01_U04.CH4.wav,6446.32,6447.5199375,background
S01_U04.CH4.wav,6447.36,6447.8799375,foreground
S01_U04.CH4.wav,6447.72,6449.5999375,background
S01_U04.CH4.wav,6449.44,6449.6399375,foreground
S01_U04.CH4.wav,6449.48,6456.3999375,background
S01_U04.CH4.wav,6456.24,6456.4799375,foreground
S01_U04.CH4.wav,6456.32,6463.5199375,background
S01_U04.CH4.wav,6463.36,6463.7599375,foreground
S01_U04.CH4.wav,6463.6,6470.6799375,background
S01_U04.CH4.wav,6470.52,6470.7599375,foreground
S01_U04.CH4.wav,6470.6,6483.1999375,background
S01_U04.CH4.wav,6483.04,6483.2399375,foreground
S01_U04.CH4.wav,6483.08,6483.3999375,background
S01_U04.CH4.wav,6483.24,6483.5599375,foreground
S01_U04.CH4.wav,6483.4,6484.7199375,background
S01_U04.CH4.wav,6484.56,6484.8799375,foreground
S01_U04.CH4.wav,6484.72,6492.9199375,background
S01_U04.CH4.wav,6492.76,6493.0399375,foreground
S01_U04.CH4.wav,6492.88,6495.1599375,background
S01_U04.CH4.wav,6495,6495.2399375,foreground
S01_U04.CH4.wav,6495.08,6498.2399375,background
S01_U04.CH4.wav,6498.08,6498.3599375,foreground
S01_U04.CH4.wav,6498.2,6498.9199375,background
S01_U04.CH4.wav,6498.76,6498.9999375,foreground
S01_U04.CH4.wav,6498.84,6505.6399375,background
S01_U04.CH4.wav,6505.48,6505.7999375,foreground
S01_U04.CH4.wav,6505.64,6506.7999375,background
S01_U04.CH4.wav,6506.64,6507.1999375,foreground
S01_U04.CH4.wav,6507.04,6509.5999375,background
S01_U04.CH4.wav,6509.44,6509.7199375,foreground
S01_U04.CH4.wav,6509.56,6510.9199375,background
S01_U04.CH4.wav,6510.76,6510.9999375,foreground
S01_U04.CH4.wav,6510.84,6511.3999375,background
S01_U04.CH4.wav,6511.24,6511.5199375,foreground
S01_U04.CH4.wav,6511.36,6518.3999375,background
S01_U04.CH4.wav,6518.24,6518.4799375,foreground
S01_U04.CH4.wav,6518.32,6525.5999375,background
S01_U04.CH4.wav,6525.44,6525.6799375,foreground
S01_U04.CH4.wav,6525.52,6528.5599375,background
S01_U04.CH4.wav,6528.4,6528.6799375,foreground
S01_U04.CH4.wav,6528.52,6530.1199375,background
S01_U04.CH4.wav,6529.96,6530.5199375,foreground
S01_U04.CH4.wav,6530.36,6537.1199375,background
S01_U04.CH4.wav,6536.96,6537.4399375,foreground
S01_U04.CH4.wav,6537.28,6538.9199375,background
S01_U04.CH4.wav,6538.76,6538.9999375,foreground
S01_U04.CH4.wav,6538.84,6544.6399375,background
S01_U04.CH4.wav,6544.48,6544.6799375,foreground
S01_U04.CH4.wav,6544.52,6548.5599375,background
S01_U04.CH4.wav,6548.4,6548.6399375,foreground
S01_U04.CH4.wav,6548.48,6551.5599375,background
S01_U04.CH4.wav,6551.4,6551.7999375,foreground
S01_U04.CH4.wav,6551.64,6556.1199375,background
S01_U04.CH4.wav,6555.96,6556.3599375,foreground
S01_U04.CH4.wav,6556.2,6559.3999375,background
S01_U04.CH4.wav,6559.24,6559.5199375,foreground
S01_U04.CH4.wav,6559.36,6561.2799375,background
S01_U04.CH4.wav,6561.12,6561.4399375,foreground
S01_U04.CH4.wav,6561.28,6562.9599375,background
S01_U04.CH4.wav,6562.8,6563.1599375,foreground
S01_U04.CH4.wav,6563,6567.7599375,background
S01_U04.CH4.wav,6567.6,6567.8399375,foreground
S01_U04.CH4.wav,6567.68,6569.5999375,background
S01_U04.CH4.wav,6569.44,6569.6399375,foreground
S01_U04.CH4.wav,6569.48,6572.2799375,background
S01_U04.CH4.wav,6572.12,6572.3599375,foreground
S01_U04.CH4.wav,6572.2,6577.9999375,background
S01_U04.CH4.wav,6577.84,6578.1599375,foreground
S01_U04.CH4.wav,6578,6579.9999375,background
S01_U04.CH4.wav,6579.84,6580.1199375,foreground
S01_U04.CH4.wav,6579.96,6582.0399375,background
S01_U04.CH4.wav,6581.88,6582.0799375,foreground
S01_U04.CH4.wav,6581.92,6584.5199375,background
S01_U04.CH4.wav,6584.36,6585.2399375,foreground
S01_U04.CH4.wav,6585.08,6591.9999375,background
S01_U04.CH4.wav,6591.84,6592.0799375,foreground
S01_U04.CH4.wav,6591.92,6594.0399375,background
S01_U04.CH4.wav,6593.88,6594.0799375,foreground
S01_U04.CH4.wav,6593.92,6594.1199375,background
S01_U04.CH4.wav,6593.96,6594.2399375,foreground
S01_U04.CH4.wav,6594.08,6596.6799375,background
S01_U04.CH4.wav,6596.52,6596.7999375,foreground
S01_U04.CH4.wav,6596.64,6597.1999375,background
S01_U04.CH4.wav,6597.04,6597.2799375,foreground
S01_U04.CH4.wav,6597.12,6599.3199375,background
S01_U04.CH4.wav,6599.16,6599.5599375,foreground
S01_U04.CH4.wav,6599.4,6599.5999375,background
S01_U04.CH4.wav,6599.44,6599.6399375,foreground
S01_U04.CH4.wav,6599.48,6607.6399375,background
S01_U04.CH4.wav,6607.48,6607.8799375,foreground
S01_U04.CH4.wav,6607.72,6611.5599375,background
S01_U04.CH4.wav,6611.4,6611.6799375,foreground
S01_U04.CH4.wav,6611.52,6612.4399375,background
S01_U04.CH4.wav,6612.28,6612.6799375,foreground
S01_U04.CH4.wav,6612.52,6613.1999375,background
S01_U04.CH4.wav,6613.04,6613.2799375,foreground
S01_U04.CH4.wav,6613.12,6614.8799375,background
S01_U04.CH4.wav,6614.72,6615.0799375,foreground
S01_U04.CH4.wav,6614.92,6615.5599375,background
S01_U04.CH4.wav,6615.4,6615.6399375,foreground
S01_U04.CH4.wav,6615.48,6616.3599375,background
S01_U04.CH4.wav,6616.2,6616.5199375,foreground
S01_U04.CH4.wav,6616.36,6618.1599375,background
S01_U04.CH4.wav,6618,6618.2799375,foreground
S01_U04.CH4.wav,6618.12,6619.7199375,background
S01_U04.CH4.wav,6619.56,6619.8399375,foreground
S01_U04.CH4.wav,6619.68,6620.4399375,background
S01_U04.CH4.wav,6620.28,6620.5999375,foreground
S01_U04.CH4.wav,6620.44,6622.1199375,background
S01_U04.CH4.wav,6621.96,6622.2799375,foreground
S01_U04.CH4.wav,6622.12,6622.9199375,background
S01_U04.CH4.wav,6622.76,6623.0399375,foreground
S01_U04.CH4.wav,6622.88,6623.1599375,background
S01_U04.CH4.wav,6623,6623.3599375,foreground
S01_U04.CH4.wav,6623.2,6623.9199375,background
S01_U04.CH4.wav,6623.76,6623.9999375,foreground
S01_U04.CH4.wav,6623.84,6624.0399375,background
S01_U04.CH4.wav,6623.88,6624.3199375,foreground
S01_U04.CH4.wav,6624.16,6628.2799375,background
S01_U04.CH4.wav,6628.12,6628.4399375,foreground
S01_U04.CH4.wav,6628.28,6629.1999375,background
S01_U04.CH4.wav,6629.04,6629.3199375,foreground
S01_U04.CH4.wav,6629.16,6633.9599375,background
S01_U04.CH4.wav,6633.8,6634.0799375,foreground
S01_U04.CH4.wav,6633.92,6641.3999375,background
S01_U04.CH4.wav,6641.24,6641.5999375,foreground
S01_U04.CH4.wav,6641.44,6641.7199375,background
S01_U04.CH4.wav,6641.56,6641.7599375,foreground
S01_U04.CH4.wav,6641.6,6641.9599375,background
S01_U04.CH4.wav,6641.8,6642.3999375,foreground
S01_U04.CH4.wav,6642.24,6646.1999375,background
S01_U04.CH4.wav,6646.04,6646.2399375,foreground
S01_U04.CH4.wav,6646.08,6647.5199375,background
S01_U04.CH4.wav,6647.36,6648.1999375,foreground
S01_U04.CH4.wav,6648.04,6648.5199375,background
S01_U04.CH4.wav,6648.36,6648.5599375,foreground
S01_U04.CH4.wav,6648.4,6653.3599375,background
S01_U04.CH4.wav,6653.2,6653.5599375,foreground
S01_U04.CH4.wav,6653.4,6657.7599375,background
S01_U04.CH4.wav,6657.6,6657.9599375,foreground
S01_U04.CH4.wav,6657.8,6664.2399375,background
S01_U04.CH4.wav,6664.08,6664.4399375,foreground
S01_U04.CH4.wav,6664.28,6665.5599375,background
S01_U04.CH4.wav,6665.4,6665.5999375,foreground
S01_U04.CH4.wav,6665.44,6667.0399375,background
S01_U04.CH4.wav,6666.88,6667.3999375,foreground
S01_U04.CH4.wav,6667.24,6667.5599375,background
S01_U04.CH4.wav,6667.4,6667.5999375,foreground
S01_U04.CH4.wav,6667.44,6668.3599375,background
S01_U04.CH4.wav,6668.2,6668.4399375,foreground
S01_U04.CH4.wav,6668.28,6669.0399375,background
S01_U04.CH4.wav,6668.88,6669.1199375,foreground
S01_U04.CH4.wav,6668.96,6672.8399375,background
S01_U04.CH4.wav,6672.68,6672.9999375,foreground
S01_U04.CH4.wav,6672.84,6674.7999375,background
S01_U04.CH4.wav,6674.64,6674.9999375,foreground
S01_U04.CH4.wav,6674.84,6676.8399375,background
S01_U04.CH4.wav,6676.68,6676.9199375,foreground
S01_U04.CH4.wav,6676.76,6677.2799375,background
S01_U04.CH4.wav,6677.12,6677.4399375,foreground
S01_U04.CH4.wav,6677.28,6678.0799375,background
S01_U04.CH4.wav,6677.92,6678.1999375,foreground
S01_U04.CH4.wav,6678.04,6682.1999375,background
S01_U04.CH4.wav,6682.04,6682.3199375,foreground
S01_U04.CH4.wav,6682.16,6683.8399375,background
S01_U04.CH4.wav,6683.68,6683.9199375,foreground
S01_U04.CH4.wav,6683.76,6684.6799375,background
S01_U04.CH4.wav,6684.52,6684.8399375,foreground
S01_U04.CH4.wav,6684.68,6686.3199375,background
S01_U04.CH4.wav,6686.16,6686.4399375,foreground
S01_U04.CH4.wav,6686.28,6688.3599375,background
S01_U04.CH4.wav,6688.2,6688.3999375,foreground
S01_U04.CH4.wav,6688.24,6689.6799375,background
S01_U04.CH4.wav,6689.52,6689.8399375,foreground
S01_U04.CH4.wav,6689.68,6690.4799375,background
S01_U04.CH4.wav,6690.32,6690.6399375,foreground
S01_U04.CH4.wav,6690.48,6692.2799375,background
S01_U04.CH4.wav,6692.12,6692.5599375,foreground
S01_U04.CH4.wav,6692.4,6694.2799375,background
S01_U04.CH4.wav,6694.12,6694.3199375,foreground
S01_U04.CH4.wav,6694.16,6696.5199375,background
S01_U04.CH4.wav,6696.36,6697.0799375,foreground
S01_U04.CH4.wav,6696.92,6699.3199375,background
S01_U04.CH4.wav,6699.16,6699.6399375,foreground
S01_U04.CH4.wav,6699.48,6699.7599375,background
S01_U04.CH4.wav,6699.6,6700.0799375,foreground
S01_U04.CH4.wav,6699.92,6703.7199375,background
S01_U04.CH4.wav,6703.56,6704.3199375,foreground
S01_U04.CH4.wav,6704.16,6704.3599375,background
S01_U04.CH4.wav,6704.2,6704.5199375,foreground
S01_U04.CH4.wav,6704.36,6705.9599375,background
S01_U04.CH4.wav,6705.8,6706.0399375,foreground
S01_U04.CH4.wav,6705.88,6706.1199375,background
S01_U04.CH4.wav,6705.96,6706.2399375,foreground
S01_U04.CH4.wav,6706.08,6707.5199375,background
S01_U04.CH4.wav,6707.36,6707.7199375,foreground
S01_U04.CH4.wav,6707.56,6708.4799375,background
S01_U04.CH4.wav,6708.32,6708.5999375,foreground
S01_U04.CH4.wav,6708.44,6715.2399375,background
S01_U04.CH4.wav,6715.08,6715.2799375,foreground
S01_U04.CH4.wav,6715.12,6718.4399375,background
S01_U04.CH4.wav,6718.28,6718.6399375,foreground
S01_U04.CH4.wav,6718.48,6718.7999375,background
S01_U04.CH4.wav,6718.64,6718.8799375,foreground
S01_U04.CH4.wav,6718.72,6719.1999375,background
S01_U04.CH4.wav,6719.04,6719.3199375,foreground
S01_U04.CH4.wav,6719.16,6719.8399375,background
S01_U04.CH4.wav,6719.68,6719.8799375,foreground
S01_U04.CH4.wav,6719.72,6723.7999375,background
S01_U04.CH4.wav,6723.64,6723.9999375,foreground
S01_U04.CH4.wav,6723.84,6724.8799375,background
S01_U04.CH4.wav,6724.72,6724.9199375,foreground
S01_U04.CH4.wav,6724.76,6725.4799375,background
S01_U04.CH4.wav,6725.32,6725.7999375,foreground
S01_U04.CH4.wav,6725.64,6728.5199375,background
S01_U04.CH4.wav,6728.36,6728.5999375,foreground
S01_U04.CH4.wav,6728.44,6729.2799375,background
S01_U04.CH4.wav,6729.12,6729.4799375,foreground
S01_U04.CH4.wav,6729.32,6730.2799375,background
S01_U04.CH4.wav,6730.12,6730.8399375,foreground
S01_U04.CH4.wav,6730.68,6731.9999375,background
S01_U04.CH4.wav,6731.84,6732.1199375,foreground
S01_U04.CH4.wav,6731.96,6732.5199375,background
S01_U04.CH4.wav,6732.36,6732.5999375,foreground
S01_U04.CH4.wav,6732.44,6742.1599375,background
S01_U04.CH4.wav,6742,6742.1999375,foreground
S01_U04.CH4.wav,6742.04,6747.5599375,background
S01_U04.CH4.wav,6747.4,6747.7999375,foreground
S01_U04.CH4.wav,6747.64,6765.6399375,background
S01_U04.CH4.wav,6765.48,6765.6799375,foreground
S01_U04.CH4.wav,6765.52,6772.1999375,background
S01_U04.CH4.wav,6772.04,6772.3199375,foreground
S01_U04.CH4.wav,6772.16,6788.6799375,background
S01_U04.CH4.wav,6788.52,6789.0799375,foreground
S01_U04.CH4.wav,6788.92,6789.9999375,background
S01_U04.CH4.wav,6789.84,6790.1999375,foreground
S01_U04.CH4.wav,6790.04,6797.3999375,background
S01_U04.CH4.wav,6797.24,6797.4399375,foreground
S01_U04.CH4.wav,6797.28,6798.0399375,background
S01_U04.CH4.wav,6797.88,6798.3599375,foreground
S01_U04.CH4.wav,6798.2,6802.3999375,background
S01_U04.CH4.wav,6802.24,6802.5599375,foreground
S01_U04.CH4.wav,6802.4,6809.9599375,background
S01_U04.CH4.wav,6809.8,6810.1199375,foreground
S01_U04.CH4.wav,6809.96,6813.5199375,background
S01_U04.CH4.wav,6813.36,6814.0799375,foreground
S01_U04.CH4.wav,6813.92,6823.6399375,background
S01_U04.CH4.wav,6823.48,6823.6799375,foreground
S01_U04.CH4.wav,6823.52,6825.9599375,background
S01_U04.CH4.wav,6825.8,6826.1599375,foreground
S01_U04.CH4.wav,6826,6839.2399375,background
S01_U04.CH4.wav,6839.08,6839.3199375,foreground
S01_U04.CH4.wav,6839.16,6842.5999375,background
S01_U04.CH4.wav,6842.44,6842.6799375,foreground
S01_U04.CH4.wav,6842.52,6842.9199375,background
S01_U04.CH4.wav,6842.76,6842.9599375,foreground
S01_U04.CH4.wav,6842.8,6855.3999375,background
S01_U04.CH4.wav,6855.24,6855.5199375,foreground
S01_U04.CH4.wav,6855.36,6856.1599375,background
S01_U04.CH4.wav,6856,6856.3199375,foreground
S01_U04.CH4.wav,6856.16,6859.2799375,background
S01_U04.CH4.wav,6859.12,6859.3199375,foreground
S01_U04.CH4.wav,6859.16,6859.8799375,background
S01_U04.CH4.wav,6859.72,6859.9199375,foreground
S01_U04.CH4.wav,6859.76,6860.9199375,background
S01_U04.CH4.wav,6860.76,6861.0399375,foreground
S01_U04.CH4.wav,6860.88,6863.2799375,background
S01_U04.CH4.wav,6863.12,6863.3999375,foreground
S01_U04.CH4.wav,6863.24,6864.8399375,background
S01_U04.CH4.wav,6864.68,6864.8799375,foreground
S01_U04.CH4.wav,6864.72,6865.5199375,background
S01_U04.CH4.wav,6865.36,6865.6399375,foreground
S01_U04.CH4.wav,6865.48,6866.3199375,background
S01_U04.CH4.wav,6866.16,6866.4399375,foreground
S01_U04.CH4.wav,6866.28,6866.8399375,background
S01_U04.CH4.wav,6866.68,6867.0399375,foreground
S01_U04.CH4.wav,6866.88,6868.9999375,background
S01_U04.CH4.wav,6868.84,6869.3999375,foreground
S01_U04.CH4.wav,6869.24,6871.1199375,background
S01_U04.CH4.wav,6870.96,6871.2799375,foreground
S01_U04.CH4.wav,6871.12,6878.5599375,background
S01_U04.CH4.wav,6878.4,6878.7199375,foreground
S01_U04.CH4.wav,6878.56,6880.4399375,background
S01_U04.CH4.wav,6880.28,6880.4799375,foreground
S01_U04.CH4.wav,6880.32,6880.6799375,background
S01_U04.CH4.wav,6880.52,6880.8799375,foreground
S01_U04.CH4.wav,6880.72,6880.9599375,background
S01_U04.CH4.wav,6880.8,6880.9999375,foreground
S01_U04.CH4.wav,6880.84,6881.1599375,background
S01_U04.CH4.wav,6881,6881.3199375,foreground
S01_U04.CH4.wav,6881.16,6881.6799375,background
S01_U04.CH4.wav,6881.52,6881.7199375,foreground
S01_U04.CH4.wav,6881.56,6883.4799375,background
S01_U04.CH4.wav,6883.32,6883.5999375,foreground
S01_U04.CH4.wav,6883.44,6884.9199375,background
S01_U04.CH4.wav,6884.76,6885.0399375,foreground
S01_U04.CH4.wav,6884.88,6885.1199375,background
S01_U04.CH4.wav,6884.96,6885.3199375,foreground
S01_U04.CH4.wav,6885.16,6885.7999375,background
S01_U04.CH4.wav,6885.64,6885.9999375,foreground
S01_U04.CH4.wav,6885.84,6886.4799375,background
S01_U04.CH4.wav,6886.32,6886.6399375,foreground
S01_U04.CH4.wav,6886.48,6886.9599375,background
S01_U04.CH4.wav,6886.8,6887.1199375,foreground
S01_U04.CH4.wav,6886.96,6887.4399375,background
S01_U04.CH4.wav,6887.28,6887.6399375,foreground
S01_U04.CH4.wav,6887.48,6887.8799375,background
S01_U04.CH4.wav,6887.72,6888.0399375,foreground
S01_U04.CH4.wav,6887.88,6892.8799375,background
S01_U04.CH4.wav,6892.72,6893.0399375,foreground
S01_U04.CH4.wav,6892.88,6893.0799375,background
S01_U04.CH4.wav,6892.92,6893.1999375,foreground
S01_U04.CH4.wav,6893.04,6894.5599375,background
S01_U04.CH4.wav,6894.4,6894.6399375,foreground
S01_U04.CH4.wav,6894.48,6895.7599375,background
S01_U04.CH4.wav,6895.6,6895.9999375,foreground
S01_U04.CH4.wav,6895.84,6897.7999375,background
S01_U04.CH4.wav,6897.64,6897.8799375,foreground
S01_U04.CH4.wav,6897.72,6899.2799375,background
S01_U04.CH4.wav,6899.12,6899.3599375,foreground
S01_U04.CH4.wav,6899.2,6899.5599375,background
S01_U04.CH4.wav,6899.4,6899.6399375,foreground
S01_U04.CH4.wav,6899.48,6900.1599375,background
S01_U04.CH4.wav,6900,6900.1999375,foreground
S01_U04.CH4.wav,6900.04,6900.4399375,background
S01_U04.CH4.wav,6900.28,6900.5999375,foreground
S01_U04.CH4.wav,6900.44,6901.2799375,background
S01_U04.CH4.wav,6901.12,6901.3599375,foreground
S01_U04.CH4.wav,6901.2,6901.7599375,background
S01_U04.CH4.wav,6901.6,6901.9599375,foreground
S01_U04.CH4.wav,6901.8,6906.6399375,background
S01_U04.CH4.wav,6906.48,6906.6799375,foreground
S01_U04.CH4.wav,6906.52,6907.9999375,background
S01_U04.CH4.wav,6907.84,6908.3599375,foreground
S01_U04.CH4.wav,6908.2,6908.5999375,background
S01_U04.CH4.wav,6908.44,6908.7999375,foreground
S01_U04.CH4.wav,6908.64,6909.8799375,background
S01_U04.CH4.wav,6909.72,6910.4399375,foreground
S01_U04.CH4.wav,6910.28,6910.5199375,background
S01_U04.CH4.wav,6910.36,6910.5599375,foreground
S01_U04.CH4.wav,6910.4,6910.7599375,background
S01_U04.CH4.wav,6910.6,6910.8399375,foreground
S01_U04.CH4.wav,6910.68,6911.1999375,background
S01_U04.CH4.wav,6911.04,6911.4399375,foreground
S01_U04.CH4.wav,6911.28,6913.4799375,background
S01_U04.CH4.wav,6913.32,6913.5599375,foreground
S01_U04.CH4.wav,6913.4,6917.4399375,background
S01_U04.CH4.wav,6917.28,6917.6399375,foreground
S01_U04.CH4.wav,6917.48,6918.1199375,background
S01_U04.CH4.wav,6917.96,6918.1999375,foreground
S01_U04.CH4.wav,6918.04,6923.2799375,background
S01_U04.CH4.wav,6923.12,6923.3999375,foreground
S01_U04.CH4.wav,6923.24,6924.1999375,background
S01_U04.CH4.wav,6924.04,6924.5999375,foreground
S01_U04.CH4.wav,6924.44,6924.7199375,background
S01_U04.CH4.wav,6924.56,6924.9999375,foreground
S01_U04.CH4.wav,6924.84,6926.1599375,background
S01_U04.CH4.wav,6926,6926.4799375,foreground
S01_U04.CH4.wav,6926.32,6927.4799375,background
S01_U04.CH4.wav,6927.32,6927.6399375,foreground
S01_U04.CH4.wav,6927.48,6927.7199375,background
S01_U04.CH4.wav,6927.56,6927.7599375,foreground
S01_U04.CH4.wav,6927.6,6932.3199375,background
S01_U04.CH4.wav,6932.16,6932.4399375,foreground
S01_U04.CH4.wav,6932.28,6943.3199375,background
S01_U04.CH4.wav,6943.16,6943.4799375,foreground
S01_U04.CH4.wav,6943.32,6944.3599375,background
S01_U04.CH4.wav,6944.2,6944.4399375,foreground
S01_U04.CH4.wav,6944.28,6944.8399375,background
S01_U04.CH4.wav,6944.68,6944.9199375,foreground
S01_U04.CH4.wav,6944.76,6945.3599375,background
S01_U04.CH4.wav,6945.2,6945.4799375,foreground
S01_U04.CH4.wav,6945.32,6948.9599375,background
S01_U04.CH4.wav,6948.8,6948.9999375,foreground
S01_U04.CH4.wav,6948.84,6949.5599375,background
S01_U04.CH4.wav,6949.4,6949.6399375,foreground
S01_U04.CH4.wav,6949.48,6955.5999375,background
S01_U04.CH4.wav,6955.44,6955.6399375,foreground
S01_U04.CH4.wav,6955.48,6957.7999375,background
S01_U04.CH4.wav,6957.64,6957.9199375,foreground
S01_U04.CH4.wav,6957.76,6961.4399375,background
S01_U04.CH4.wav,6961.28,6961.4799375,foreground
S01_U04.CH4.wav,6961.32,6963.9999375,background
S01_U04.CH4.wav,6963.84,6964.0799375,foreground
S01_U04.CH4.wav,6963.92,6969.1599375,background
S01_U04.CH4.wav,6969,6969.7199375,foreground
S01_U04.CH4.wav,6969.56,6970.3599375,background
S01_U04.CH4.wav,6970.2,6970.5199375,foreground
S01_U04.CH4.wav,6970.36,6976.5999375,background
S01_U04.CH4.wav,6976.44,6976.6399375,foreground
S01_U04.CH4.wav,6976.48,6977.7999375,background
S01_U04.CH4.wav,6977.64,6977.8799375,foreground
S01_U04.CH4.wav,6977.72,6977.9599375,background
S01_U04.CH4.wav,6977.8,6978.1199375,foreground
S01_U04.CH4.wav,6977.96,6978.3999375,background
S01_U04.CH4.wav,6978.24,6978.7599375,foreground
S01_U04.CH4.wav,6978.6,6995.5999375,background
S01_U04.CH4.wav,6995.44,6995.7999375,foreground
S01_U04.CH4.wav,6995.64,6997.3599375,background
S01_U04.CH4.wav,6997.2,6997.5599375,foreground
S01_U04.CH4.wav,6997.4,7000.2399375,background
S01_U04.CH4.wav,7000.08,7000.6399375,foreground
S01_U04.CH4.wav,7000.48,7000.7199375,background
S01_U04.CH4.wav,7000.56,7000.7599375,foreground
S01_U04.CH4.wav,7000.6,7006.9599375,background
S01_U04.CH4.wav,7006.8,7007.0399375,foreground
S01_U04.CH4.wav,7006.88,7007.4399375,background
S01_U04.CH4.wav,7007.28,7007.6399375,foreground
S01_U04.CH4.wav,7007.48,7011.7199375,background
S01_U04.CH4.wav,7011.56,7011.7599375,foreground
S01_U04.CH4.wav,7011.6,7011.9999375,background
S01_U04.CH4.wav,7011.84,7012.1199375,foreground
S01_U04.CH4.wav,7011.96,7026.6399375,background
S01_U04.CH4.wav,7026.48,7026.7999375,foreground
S01_U04.CH4.wav,7026.64,7027.3999375,background
S01_U04.CH4.wav,7027.24,7028.1199375,foreground
S01_U04.CH4.wav,7027.96,7038.8799375,background
S01_U04.CH4.wav,7038.72,7039.0399375,foreground
S01_U04.CH4.wav,7038.88,7042.8799375,background
S01_U04.CH4.wav,7042.72,7043.3599375,foreground
S01_U04.CH4.wav,7043.2,7052.4399375,background
S01_U04.CH4.wav,7052.28,7052.5199375,foreground
S01_U04.CH4.wav,7052.36,7055.9999375,background
S01_U04.CH4.wav,7055.84,7056.1199375,foreground
S01_U04.CH4.wav,7055.96,7056.2799375,background
S01_U04.CH4.wav,7056.12,7056.8399375,foreground
S01_U04.CH4.wav,7056.68,7056.9199375,background
S01_U04.CH4.wav,7056.76,7057.1599375,foreground
S01_U04.CH4.wav,7057,7059.1199375,background
S01_U04.CH4.wav,7058.96,7059.2799375,foreground
S01_U04.CH4.wav,7059.12,7063.0799375,background
S01_U04.CH4.wav,7062.92,7063.1599375,foreground
S01_U04.CH4.wav,7063,7070.1999375,background
S01_U04.CH4.wav,7070.04,7070.3599375,foreground
S01_U04.CH4.wav,7070.2,7078.3199375,background
S01_U04.CH4.wav,7078.16,7078.3599375,foreground
S01_U04.CH4.wav,7078.2,7078.9599375,background
S01_U04.CH4.wav,7078.8,7079.0399375,foreground
S01_U04.CH4.wav,7078.88,7083.9999375,background
S01_U04.CH4.wav,7083.84,7084.1999375,foreground
S01_U04.CH4.wav,7084.04,7097.1599375,background
S01_U04.CH4.wav,7097,7097.4399375,foreground
S01_U04.CH4.wav,7097.28,7112.7599375,background
S01_U04.CH4.wav,7112.6,7112.9199375,foreground
S01_U04.CH4.wav,7112.76,7126.5599375,background
S01_U04.CH4.wav,7126.4,7126.8799375,foreground
S01_U04.CH4.wav,7126.72,7127.1999375,background
S01_U04.CH4.wav,7127.04,7127.2399375,foreground
S01_U04.CH4.wav,7127.08,7127.5999375,background
S01_U04.CH4.wav,7127.44,7127.8399375,foreground
S01_U04.CH4.wav,7127.68,7130.0799375,background
S01_U04.CH4.wav,7129.92,7130.2399375,foreground
S01_U04.CH4.wav,7130.08,7138.6799375,background
S01_U04.CH4.wav,7138.52,7138.8799375,foreground
S01_U04.CH4.wav,7138.72,7159.4799375,background
S01_U04.CH4.wav,7159.32,7159.5999375,foreground
S01_U04.CH4.wav,7159.44,7160.2799375,background
S01_U04.CH4.wav,7160.12,7160.3599375,foreground
S01_U04.CH4.wav,7160.2,7161.0399375,background
S01_U04.CH4.wav,7160.88,7161.0799375,foreground
S01_U04.CH4.wav,7160.92,7161.4799375,background
S01_U04.CH4.wav,7161.32,7161.5199375,foreground
S01_U04.CH4.wav,7161.36,7161.9599375,background
S01_U04.CH4.wav,7161.8,7162.1199375,foreground
S01_U04.CH4.wav,7161.96,7165.7999375,background
S01_U04.CH4.wav,7165.64,7165.9199375,foreground
S01_U04.CH4.wav,7165.76,7166.8399375,background
S01_U04.CH4.wav,7166.68,7167.1199375,foreground
S01_U04.CH4.wav,7166.96,7167.3999375,background
S01_U04.CH4.wav,7167.24,7167.4399375,foreground
S01_U04.CH4.wav,7167.28,7183.3599375,background
S01_U04.CH4.wav,7183.2,7183.5999375,foreground
S01_U04.CH4.wav,7183.44,7183.6799375,background
S01_U04.CH4.wav,7183.52,7183.8799375,foreground
S01_U04.CH4.wav,7183.72,7188.4799375,background
S01_U04.CH4.wav,7188.32,7188.6799375,foreground
S01_U04.CH4.wav,7188.52,7193.6799375,background
S01_U04.CH4.wav,7193.52,7193.8799375,foreground
S01_U04.CH4.wav,7193.72,7193.9999375,background
S01_U04.CH4.wav,7193.84,7194.0799375,foreground
S01_U04.CH4.wav,7193.92,7194.5999375,background
S01_U04.CH4.wav,7194.44,7194.6399375,foreground
S01_U04.CH4.wav,7194.48,7205.6799375,background
S01_U04.CH4.wav,7205.52,7205.7999375,foreground
S01_U04.CH4.wav,7205.64,7209.7599375,background
S01_U04.CH4.wav,7209.6,7209.8799375,foreground
S01_U04.CH4.wav,7209.72,7209.9199375,background
S01_U04.CH4.wav,7209.76,7209.9599375,foreground
S01_U04.CH4.wav,7209.8,7220.9999375,background
S01_U04.CH4.wav,7220.84,7221.0399375,foreground
S01_U04.CH4.wav,7220.88,7228.3199375,background
S01_U04.CH4.wav,7228.16,7228.3599375,foreground
S01_U04.CH4.wav,7228.2,7229.9199375,background
S01_U04.CH4.wav,7229.76,7229.9999375,foreground
S01_U04.CH4.wav,7229.84,7232.0799375,background
S01_U04.CH4.wav,7231.92,7232.2399375,foreground
S01_U04.CH4.wav,7232.08,7232.3199375,background
S01_U04.CH4.wav,7232.16,7232.6399375,foreground
S01_U04.CH4.wav,7232.48,7234.8799375,background
S01_U04.CH4.wav,7234.72,7234.9199375,foreground
S01_U04.CH4.wav,7234.76,7236.1999375,background
S01_U04.CH4.wav,7236.04,7236.3199375,foreground
S01_U04.CH4.wav,7236.16,7258.7599375,background
S01_U04.CH4.wav,7258.6,7259.1999375,foreground
S01_U04.CH4.wav,7259.04,7261.2799375,background
S01_U04.CH4.wav,7261.12,7261.3999375,foreground
S01_U04.CH4.wav,7261.24,7261.5199375,background
S01_U04.CH4.wav,7261.36,7261.5999375,foreground
S01_U04.CH4.wav,7261.44,7265.1199375,background
S01_U04.CH4.wav,7264.96,7265.8799375,foreground
S01_U04.CH4.wav,7265.72,7266.0399375,background
S01_U04.CH4.wav,7265.88,7266.0799375,foreground
S01_U04.CH4.wav,7265.92,7267.9599375,background
S01_U04.CH4.wav,7267.8,7267.9999375,foreground
S01_U04.CH4.wav,7267.84,7268.5599375,background
S01_U04.CH4.wav,7268.4,7268.7199375,foreground
S01_U04.CH4.wav,7268.56,7268.9999375,background
S01_U04.CH4.wav,7268.84,7269.1999375,foreground
S01_U04.CH4.wav,7269.04,7270.5999375,background
S01_U04.CH4.wav,7270.44,7270.6399375,foreground
S01_U04.CH4.wav,7270.48,7270.7199375,background
S01_U04.CH4.wav,7270.56,7270.7599375,foreground
S01_U04.CH4.wav,7270.6,7272.4799375,background
S01_U04.CH4.wav,7272.32,7272.6399375,foreground
S01_U04.CH4.wav,7272.48,7272.8799375,background
S01_U04.CH4.wav,7272.72,7273.1999375,foreground
S01_U04.CH4.wav,7273.04,7274.6399375,background
S01_U04.CH4.wav,7274.48,7274.7999375,foreground
S01_U04.CH4.wav,7274.64,7274.8399375,background
S01_U04.CH4.wav,7274.68,7274.9199375,foreground
S01_U04.CH4.wav,7274.76,7276.4799375,background
S01_U04.CH4.wav,7276.32,7276.5999375,foreground
S01_U04.CH4.wav,7276.44,7276.7599375,background
S01_U04.CH4.wav,7276.6,7277.2399375,foreground
S01_U04.CH4.wav,7277.08,7278.1999375,background
S01_U04.CH4.wav,7278.04,7278.3199375,foreground
S01_U04.CH4.wav,7278.16,7278.5199375,background
S01_U04.CH4.wav,7278.36,7278.5599375,foreground
S01_U04.CH4.wav,7278.4,7281.2399375,background
S01_U04.CH4.wav,7281.08,7281.6799375,foreground
S01_U04.CH4.wav,7281.52,7287.3999375,background
S01_U04.CH4.wav,7287.24,7287.5999375,foreground
S01_U04.CH4.wav,7287.44,7287.7199375,background
S01_U04.CH4.wav,7287.56,7287.8399375,foreground
S01_U04.CH4.wav,7287.68,7290.5199375,background
S01_U04.CH4.wav,7290.36,7290.7999375,foreground
S01_U04.CH4.wav,7290.64,7291.1999375,background
S01_U04.CH4.wav,7291.04,7291.3199375,foreground
S01_U04.CH4.wav,7291.16,7291.8399375,background
S01_U04.CH4.wav,7291.68,7291.8799375,foreground
S01_U04.CH4.wav,7291.72,7291.9199375,background
S01_U04.CH4.wav,7291.76,7292.0399375,foreground
S01_U04.CH4.wav,7291.88,7294.1599375,background
S01_U04.CH4.wav,7294,7294.1999375,foreground
S01_U04.CH4.wav,7294.04,7295.4799375,background
S01_U04.CH4.wav,7295.32,7295.5599375,foreground
S01_U04.CH4.wav,7295.4,7295.7199375,background
S01_U04.CH4.wav,7295.56,7295.7599375,foreground
S01_U04.CH4.wav,7295.6,7296.6399375,background
S01_U04.CH4.wav,7296.48,7296.7599375,foreground
S01_U04.CH4.wav,7296.6,7296.9599375,background
S01_U04.CH4.wav,7296.8,7296.9999375,foreground
S01_U04.CH4.wav,7296.84,7297.4799375,background
S01_U04.CH4.wav,7297.32,7297.7199375,foreground
S01_U04.CH4.wav,7297.56,7314.3599375,background
S01_U04.CH4.wav,7314.2,7314.5199375,foreground
S01_U04.CH4.wav,7314.36,7314.9599375,background
S01_U04.CH4.wav,7314.8,7315.1199375,foreground
S01_U04.CH4.wav,7314.96,7315.3599375,background
S01_U04.CH4.wav,7315.2,7315.7599375,foreground
S01_U04.CH4.wav,7315.6,7324.6799375,background
S01_U04.CH4.wav,7324.52,7324.7599375,foreground
S01_U04.CH4.wav,7324.6,7325.2399375,background
S01_U04.CH4.wav,7325.08,7325.4399375,foreground
S01_U04.CH4.wav,7325.28,7336.1599375,background
S01_U04.CH4.wav,7336,7336.3199375,foreground
S01_U04.CH4.wav,7336.16,7340.3199375,background
S01_U04.CH4.wav,7340.16,7340.4799375,foreground
S01_U04.CH4.wav,7340.32,7341.2399375,background
S01_U04.CH4.wav,7341.08,7341.2799375,foreground
S01_U04.CH4.wav,7341.12,7343.9599375,background
S01_U04.CH4.wav,7343.8,7344.3999375,foreground
S01_U04.CH4.wav,7344.24,7344.5599375,background
S01_U04.CH4.wav,7344.4,7344.7599375,foreground
S01_U04.CH4.wav,7344.6,7344.8399375,background
S01_U04.CH4.wav,7344.68,7344.9199375,foreground
S01_U04.CH4.wav,7344.76,7347.3199375,background
S01_U04.CH4.wav,7347.16,7347.3599375,foreground
S01_U04.CH4.wav,7347.2,7352.7999375,background
S01_U04.CH4.wav,7352.64,7352.9599375,foreground
S01_U04.CH4.wav,7352.8,7354.9999375,background
S01_U04.CH4.wav,7354.84,7355.1199375,foreground
S01_U04.CH4.wav,7354.96,7359.1199375,background
S01_U04.CH4.wav,7358.96,7359.3199375,foreground
S01_U04.CH4.wav,7359.16,7389.9999375,background
S01_U04.CH4.wav,7389.84,7390.1199375,foreground
S01_U04.CH4.wav,7389.96,7397.1199375,background
S01_U04.CH4.wav,7396.96,7397.6399375,foreground
S01_U04.CH4.wav,7397.48,7397.8399375,background
S01_U04.CH4.wav,7397.68,7397.9199375,foreground
S01_U04.CH4.wav,7397.76,7398.0799375,background
S01_U04.CH4.wav,7397.92,7398.3599375,foreground
S01_U04.CH4.wav,7398.2,7431.8399375,background
S01_U04.CH4.wav,7431.68,7432.0799375,foreground
S01_U04.CH4.wav,7431.92,7432.4399375,background
S01_U04.CH4.wav,7432.28,7432.6399375,foreground
S01_U04.CH4.wav,7432.48,7433.1999375,background
S01_U04.CH4.wav,7433.04,7433.4399375,foreground
S01_U04.CH4.wav,7433.28,7434.4799375,background
S01_U04.CH4.wav,7434.32,7434.6799375,foreground
S01_U04.CH4.wav,7434.52,7444.3199375,background
S01_U04.CH4.wav,7444.16,7444.3999375,foreground
S01_U04.CH4.wav,7444.24,7445.7199375,background
S01_U04.CH4.wav,7445.56,7445.7999375,foreground
S01_U04.CH4.wav,7445.64,7452.7999375,background
S01_U04.CH4.wav,7452.64,7452.9199375,foreground
S01_U04.CH4.wav,7452.76,7461.0799375,background
S01_U04.CH4.wav,7460.92,7461.1599375,foreground
S01_U04.CH4.wav,7461,7464.5199375,background
S01_U04.CH4.wav,7464.36,7464.6799375,foreground
S01_U04.CH4.wav,7464.52,7466.2399375,background
S01_U04.CH4.wav,7466.08,7466.3999375,foreground
S01_U04.CH4.wav,7466.24,7468.1599375,background
S01_U04.CH4.wav,7468,7468.5199375,foreground
S01_U04.CH4.wav,7468.36,7481.8399375,background
S01_U04.CH4.wav,7481.68,7482.0399375,foreground
S01_U04.CH4.wav,7481.88,7482.5999375,background
S01_U04.CH4.wav,7482.44,7482.7599375,foreground
S01_U04.CH4.wav,7482.6,7484.8799375,background
S01_U04.CH4.wav,7484.72,7484.9999375,foreground
S01_U04.CH4.wav,7484.84,7488.7999375,background
S01_U04.CH4.wav,7488.64,7488.8399375,foreground
S01_U04.CH4.wav,7488.68,7490.1999375,background
S01_U04.CH4.wav,7490.04,7490.2399375,foreground
S01_U04.CH4.wav,7490.08,7497.9999375,background
S01_U04.CH4.wav,7497.84,7498.0799375,foreground
S01_U04.CH4.wav,7497.92,7498.1999375,background
S01_U04.CH4.wav,7498.04,7498.3999375,foreground
S01_U04.CH4.wav,7498.24,7515.3199375,background
S01_U04.CH4.wav,7515.16,7515.3599375,foreground
S01_U04.CH4.wav,7515.2,7516.1199375,background
S01_U04.CH4.wav,7515.96,7516.3999375,foreground
S01_U04.CH4.wav,7516.24,7519.3199375,background
S01_U04.CH4.wav,7519.16,7519.4399375,foreground
S01_U04.CH4.wav,7519.28,7520.2799375,background
S01_U04.CH4.wav,7520.12,7520.3199375,foreground
S01_U04.CH4.wav,7520.16,7522.4399375,background
S01_U04.CH4.wav,7522.28,7522.7599375,foreground
S01_U04.CH4.wav,7522.6,7523.2799375,background
S01_U04.CH4.wav,7523.12,7523.3199375,foreground
S01_U04.CH4.wav,7523.16,7523.9999375,background
S01_U04.CH4.wav,7523.84,7524.1999375,foreground
S01_U04.CH4.wav,7524.04,7525.1199375,background
S01_U04.CH4.wav,7524.96,7525.1599375,foreground
S01_U04.CH4.wav,7525,7525.5599375,background
S01_U04.CH4.wav,7525.4,7525.7199375,foreground
S01_U04.CH4.wav,7525.56,7526.5199375,background
S01_U04.CH4.wav,7526.36,7526.6799375,foreground
S01_U04.CH4.wav,7526.52,7527.5999375,background
S01_U04.CH4.wav,7527.44,7527.9999375,foreground
S01_U04.CH4.wav,7527.84,7528.0399375,background
S01_U04.CH4.wav,7527.88,7528.1199375,foreground
S01_U04.CH4.wav,7527.96,7528.2399375,background
S01_U04.CH4.wav,7528.08,7528.5999375,foreground
S01_U04.CH4.wav,7528.44,7529.0799375,background
S01_U04.CH4.wav,7528.92,7529.1999375,foreground
S01_U04.CH4.wav,7529.04,7529.6799375,background
S01_U04.CH4.wav,7529.52,7529.7599375,foreground
S01_U04.CH4.wav,7529.6,7534.5999375,background
S01_U04.CH4.wav,7534.44,7534.6399375,foreground
S01_U04.CH4.wav,7534.48,7535.6399375,background
S01_U04.CH4.wav,7535.48,7535.7199375,foreground
S01_U04.CH4.wav,7535.56,7536.8799375,background
S01_U04.CH4.wav,7536.72,7537.0399375,foreground
S01_U04.CH4.wav,7536.88,7537.5599375,background
S01_U04.CH4.wav,7537.4,7537.6399375,foreground
S01_U04.CH4.wav,7537.48,7538.5999375,background
S01_U04.CH4.wav,7538.44,7538.7599375,foreground
S01_U04.CH4.wav,7538.6,7539.0799375,background
S01_U04.CH4.wav,7538.92,7539.1199375,foreground
S01_U04.CH4.wav,7538.96,7539.3999375,background
S01_U04.CH4.wav,7539.24,7539.5999375,foreground
S01_U04.CH4.wav,7539.44,7545.6799375,background
S01_U04.CH4.wav,7545.52,7545.8799375,foreground
S01_U04.CH4.wav,7545.72,7546.5199375,background
S01_U04.CH4.wav,7546.36,7546.6399375,foreground
S01_U04.CH4.wav,7546.48,7549.2399375,background
S01_U04.CH4.wav,7549.08,7549.5199375,foreground
S01_U04.CH4.wav,7549.36,7549.7199375,background
S01_U04.CH4.wav,7549.56,7549.8799375,foreground
S01_U04.CH4.wav,7549.72,7550.4799375,background
S01_U04.CH4.wav,7550.32,7550.9199375,foreground
S01_U04.CH4.wav,7550.76,7551.5199375,background
S01_U04.CH4.wav,7551.36,7551.8799375,foreground
S01_U04.CH4.wav,7551.72,7552.1999375,background
S01_U04.CH4.wav,7552.04,7552.2799375,foreground
S01_U04.CH4.wav,7552.12,7552.7999375,background
S01_U04.CH4.wav,7552.64,7552.8799375,foreground
S01_U04.CH4.wav,7552.72,7569.1199375,background
S01_U04.CH4.wav,7568.96,7569.1999375,foreground
S01_U04.CH4.wav,7569.04,7575.1199375,background
S01_U04.CH4.wav,7574.96,7575.1599375,foreground
S01_U04.CH4.wav,7575,7577.2399375,background
S01_U04.CH4.wav,7577.08,7577.3599375,foreground
S01_U04.CH4.wav,7577.2,7587.8399375,background
S01_U04.CH4.wav,7587.68,7587.9599375,foreground
S01_U04.CH4.wav,7587.8,7589.3999375,background
S01_U04.CH4.wav,7589.24,7589.8399375,foreground
S01_U04.CH4.wav,7589.68,7605.1999375,background
S01_U04.CH4.wav,7605.04,7605.2399375,foreground
S01_U04.CH4.wav,7605.08,7608.7599375,background
S01_U04.CH4.wav,7608.6,7608.8799375,foreground
S01_U04.CH4.wav,7608.72,7608.9999375,background
S01_U04.CH4.wav,7608.84,7609.2399375,foreground
S01_U04.CH4.wav,7609.08,7609.5599375,background
S01_U04.CH4.wav,7609.4,7609.6799375,foreground
S01_U04.CH4.wav,7609.52,7612.8399375,background
S01_U04.CH4.wav,7612.68,7612.8799375,foreground
S01_U04.CH4.wav,7612.72,7612.9599375,background
S01_U04.CH4.wav,7612.8,7613.0799375,foreground
S01_U04.CH4.wav,7612.92,7614.1199375,background
S01_U04.CH4.wav,7613.96,7614.2799375,foreground
S01_U04.CH4.wav,7614.12,7615.1599375,background
S01_U04.CH4.wav,7615,7615.2799375,foreground
S01_U04.CH4.wav,7615.12,7617.5599375,background
S01_U04.CH4.wav,7617.4,7617.6399375,foreground
S01_U04.CH4.wav,7617.48,7618.3999375,background
S01_U04.CH4.wav,7618.24,7618.4799375,foreground
S01_U04.CH4.wav,7618.32,7624.8399375,background
S01_U04.CH4.wav,7624.68,7625.1199375,foreground
S01_U04.CH4.wav,7624.96,7629.3599375,background
S01_U04.CH4.wav,7629.2,7629.3999375,foreground
S01_U04.CH4.wav,7629.24,7638.1599375,background
S01_U04.CH4.wav,7638,7638.2799375,foreground
S01_U04.CH4.wav,7638.12,7638.4799375,background
S01_U04.CH4.wav,7638.32,7638.7199375,foreground
S01_U04.CH4.wav,7638.56,7639.1599375,background
S01_U04.CH4.wav,7639,7639.1999375,foreground
S01_U04.CH4.wav,7639.04,7640.7999375,background
S01_U04.CH4.wav,7640.64,7640.8399375,foreground
S01_U04.CH4.wav,7640.68,7640.8799375,background
S01_U04.CH4.wav,7640.72,7640.9199375,foreground
S01_U04.CH4.wav,7640.76,7643.1599375,background
S01_U04.CH4.wav,7643,7643.3199375,foreground
S01_U04.CH4.wav,7643.16,7648.4399375,background
S01_U04.CH4.wav,7648.28,7648.5599375,foreground
S01_U04.CH4.wav,7648.4,7648.9599375,background
S01_U04.CH4.wav,7648.8,7649.1599375,foreground
S01_U04.CH4.wav,7649,7649.5199375,background
S01_U04.CH4.wav,7649.36,7649.7599375,foreground
S01_U04.CH4.wav,7649.6,7650.1599375,background
S01_U04.CH4.wav,7650,7650.3999375,foreground
S01_U04.CH4.wav,7650.24,7650.6799375,background
S01_U04.CH4.wav,7650.52,7650.7599375,foreground
S01_U04.CH4.wav,7650.6,7656.1999375,background
S01_U04.CH4.wav,7656.04,7657.2399375,foreground
S01_U04.CH4.wav,7657.08,7659.1599375,background
S01_U04.CH4.wav,7659,7659.3199375,foreground
S01_U04.CH4.wav,7659.16,7659.5199375,background
S01_U04.CH4.wav,7659.36,7659.6799375,foreground
S01_U04.CH4.wav,7659.52,7659.9999375,background
S01_U04.CH4.wav,7659.84,7660.0799375,foreground
S01_U04.CH4.wav,7659.92,7660.7599375,background
S01_U04.CH4.wav,7660.6,7660.9199375,foreground
S01_U04.CH4.wav,7660.76,7662.2799375,background
S01_U04.CH4.wav,7662.12,7662.3999375,foreground
S01_U04.CH4.wav,7662.24,7662.6799375,background
S01_U04.CH4.wav,7662.52,7662.9199375,foreground
S01_U04.CH4.wav,7662.76,7663.2799375,background
S01_U04.CH4.wav,7663.12,7663.3599375,foreground
S01_U04.CH4.wav,7663.2,7663.5999375,background
S01_U04.CH4.wav,7663.44,7663.8799375,foreground
S01_U04.CH4.wav,7663.72,7664.3199375,background
S01_U04.CH4.wav,7664.16,7664.5999375,foreground
S01_U04.CH4.wav,7664.44,7665.3199375,background
S01_U04.CH4.wav,7665.16,7665.5199375,foreground
S01_U04.CH4.wav,7665.36,7665.5999375,background
S01_U04.CH4.wav,7665.44,7665.9199375,foreground
S01_U04.CH4.wav,7665.76,7666.6399375,background
S01_U04.CH4.wav,7666.48,7666.9199375,foreground
S01_U04.CH4.wav,7666.76,7667.2399375,background
S01_U04.CH4.wav,7667.08,7667.3199375,foreground
S01_U04.CH4.wav,7667.16,7667.9999375,background
S01_U04.CH4.wav,7667.84,7668.1199375,foreground
S01_U04.CH4.wav,7667.96,7669.2799375,background
S01_U04.CH4.wav,7669.12,7669.3199375,foreground
S01_U04.CH4.wav,7669.16,7669.4399375,background
S01_U04.CH4.wav,7669.28,7669.5199375,foreground
S01_U04.CH4.wav,7669.36,7669.7999375,background
S01_U04.CH4.wav,7669.64,7670.2399375,foreground
S01_U04.CH4.wav,7670.08,7671.0399375,background
S01_U04.CH4.wav,7670.88,7671.1999375,foreground
S01_U04.CH4.wav,7671.04,7671.5599375,background
S01_U04.CH4.wav,7671.4,7671.6799375,foreground
S01_U04.CH4.wav,7671.52,7672.2399375,background
S01_U04.CH4.wav,7672.08,7672.3599375,foreground
S01_U04.CH4.wav,7672.2,7673.4399375,background
S01_U04.CH4.wav,7673.28,7673.4799375,foreground
S01_U04.CH4.wav,7673.32,7676.2399375,background
S01_U04.CH4.wav,7676.08,7676.5199375,foreground
S01_U04.CH4.wav,7676.36,7677.8799375,background
S01_U04.CH4.wav,7677.72,7678.0799375,foreground
S01_U04.CH4.wav,7677.92,7678.2799375,background
S01_U04.CH4.wav,7678.12,7678.3999375,foreground
S01_U04.CH4.wav,7678.24,7678.9599375,background
S01_U04.CH4.wav,7678.8,7679.5199375,foreground
S01_U04.CH4.wav,7679.36,7680.1199375,background
S01_U04.CH4.wav,7679.96,7680.2799375,foreground
S01_U04.CH4.wav,7680.12,7681.3199375,background
S01_U04.CH4.wav,7681.16,7681.3599375,foreground
S01_U04.CH4.wav,7681.2,7682.1599375,background
S01_U04.CH4.wav,7682,7682.3199375,foreground
S01_U04.CH4.wav,7682.16,7686.8799375,background
S01_U04.CH4.wav,7686.72,7687.2799375,foreground
S01_U04.CH4.wav,7687.12,7689.8799375,background
S01_U04.CH4.wav,7689.72,7690.1999375,foreground
S01_U04.CH4.wav,7690.04,7691.1199375,background
S01_U04.CH4.wav,7690.96,7691.6399375,foreground
S01_U04.CH4.wav,7691.48,7691.6799375,background
S01_U04.CH4.wav,7691.52,7691.7999375,foreground
S01_U04.CH4.wav,7691.64,7692.3199375,background
S01_U04.CH4.wav,7692.16,7692.5999375,foreground
S01_U04.CH4.wav,7692.44,7692.7599375,background
S01_U04.CH4.wav,7692.6,7692.9599375,foreground
S01_U04.CH4.wav,7692.8,7693.0799375,background
S01_U04.CH4.wav,7692.92,7693.4399375,foreground
S01_U04.CH4.wav,7693.28,7694.5599375,background
S01_U04.CH4.wav,7694.4,7694.5999375,foreground
S01_U04.CH4.wav,7694.44,7695.1199375,background
S01_U04.CH4.wav,7694.96,7695.2799375,foreground
S01_U04.CH4.wav,7695.12,7701.8799375,background
S01_U04.CH4.wav,7701.72,7701.9999375,foreground
S01_U04.CH4.wav,7701.84,7702.3999375,background
S01_U04.CH4.wav,7702.24,7702.5199375,foreground
S01_U04.CH4.wav,7702.36,7702.8799375,background
S01_U04.CH4.wav,7702.72,7703.0399375,foreground
S01_U04.CH4.wav,7702.88,7704.3999375,background
S01_U04.CH4.wav,7704.24,7704.4399375,foreground
S01_U04.CH4.wav,7704.28,7704.4799375,background
S01_U04.CH4.wav,7704.32,7705.3199375,foreground
S01_U04.CH4.wav,7705.16,7705.9999375,background
S01_U04.CH4.wav,7705.84,7706.1599375,foreground
S01_U04.CH4.wav,7706,7706.4799375,background
S01_U04.CH4.wav,7706.32,7706.6399375,foreground
S01_U04.CH4.wav,7706.48,7706.7999375,background
S01_U04.CH4.wav,7706.64,7706.9999375,foreground
S01_U04.CH4.wav,7706.84,7707.3199375,background
S01_U04.CH4.wav,7707.16,7707.3599375,foreground
S01_U04.CH4.wav,7707.2,7709.2799375,background
S01_U04.CH4.wav,7709.12,7709.4799375,foreground
S01_U04.CH4.wav,7709.32,7709.8399375,background
S01_U04.CH4.wav,7709.68,7710.0399375,foreground
S01_U04.CH4.wav,7709.88,7710.6399375,background
S01_U04.CH4.wav,7710.48,7710.7599375,foreground
S01_U04.CH4.wav,7710.6,7713.3599375,background
S01_U04.CH4.wav,7713.2,7713.5199375,foreground
S01_U04.CH4.wav,7713.36,7714.2399375,background
S01_U04.CH4.wav,7714.08,7714.4799375,foreground
S01_U04.CH4.wav,7714.32,7722.5199375,background
S01_U04.CH4.wav,7722.36,7722.6399375,foreground
S01_U04.CH4.wav,7722.48,7727.3199375,background
S01_U04.CH4.wav,7727.16,7727.3999375,foreground
S01_U04.CH4.wav,7727.24,7727.7599375,background
S01_U04.CH4.wav,7727.6,7728.3999375,foreground
S01_U04.CH4.wav,7728.24,7731.2399375,background
S01_U04.CH4.wav,7731.08,7731.3599375,foreground
S01_U04.CH4.wav,7731.2,7733.2399375,background
S01_U04.CH4.wav,7733.08,7733.4399375,foreground
S01_U04.CH4.wav,7733.28,7734.9199375,background
S01_U04.CH4.wav,7734.76,7734.9599375,foreground
S01_U04.CH4.wav,7734.8,7736.2399375,background
S01_U04.CH4.wav,7736.08,7736.3599375,foreground
S01_U04.CH4.wav,7736.2,7736.5199375,background
S01_U04.CH4.wav,7736.36,7736.5599375,foreground
S01_U04.CH4.wav,7736.4,7736.7199375,background
S01_U04.CH4.wav,7736.56,7737.0799375,foreground
S01_U04.CH4.wav,7736.92,7737.3199375,background
S01_U04.CH4.wav,7737.16,7737.3999375,foreground
S01_U04.CH4.wav,7737.24,7739.1599375,background
S01_U04.CH4.wav,7739,7739.5599375,foreground
S01_U04.CH4.wav,7739.4,7739.5999375,background
S01_U04.CH4.wav,7739.44,7739.6399375,foreground
S01_U04.CH4.wav,7739.48,7741.1599375,background
S01_U04.CH4.wav,7741,7741.2799375,foreground
S01_U04.CH4.wav,7741.12,7741.9999375,background
S01_U04.CH4.wav,7741.84,7742.0399375,foreground
S01_U04.CH4.wav,7741.88,7742.6799375,background
S01_U04.CH4.wav,7742.52,7742.8399375,foreground
S01_U04.CH4.wav,7742.68,7743.8399375,background
S01_U04.CH4.wav,7743.68,7743.9999375,foreground
S01_U04.CH4.wav,7743.84,7746.2399375,background
S01_U04.CH4.wav,7746.08,7746.3199375,foreground
S01_U04.CH4.wav,7746.16,7748.8399375,background
S01_U04.CH4.wav,7748.68,7748.9599375,foreground
S01_U04.CH4.wav,7748.8,7749.7599375,background
S01_U04.CH4.wav,7749.6,7749.7999375,foreground
S01_U04.CH4.wav,7749.64,7750.9599375,background
S01_U04.CH4.wav,7750.8,7751.1599375,foreground
S01_U04.CH4.wav,7751,7753.7199375,background
S01_U04.CH4.wav,7753.56,7753.8399375,foreground
S01_U04.CH4.wav,7753.68,7754.8799375,background
S01_U04.CH4.wav,7754.72,7755.0799375,foreground
S01_U04.CH4.wav,7754.92,7757.2399375,background
S01_U04.CH4.wav,7757.08,7757.4399375,foreground
S01_U04.CH4.wav,7757.28,7758.2799375,background
S01_U04.CH4.wav,7758.12,7758.7999375,foreground
S01_U04.CH4.wav,7758.64,7762.8799375,background
S01_U04.CH4.wav,7762.72,7763.1999375,foreground
S01_U04.CH4.wav,7763.04,7764.1599375,background
S01_U04.CH4.wav,7764,7764.3599375,foreground
S01_U04.CH4.wav,7764.2,7766.6799375,background
S01_U04.CH4.wav,7766.52,7766.7999375,foreground
S01_U04.CH4.wav,7766.64,7768.4399375,background
S01_U04.CH4.wav,7768.28,7768.5599375,foreground
S01_U04.CH4.wav,7768.4,7769.4799375,background
S01_U04.CH4.wav,7769.32,7769.5199375,foreground
S01_U04.CH4.wav,7769.36,7770.2399375,background
S01_U04.CH4.wav,7770.08,7770.3599375,foreground
S01_U04.CH4.wav,7770.2,7771.2799375,background
S01_U04.CH4.wav,7771.12,7771.5999375,foreground
S01_U04.CH4.wav,7771.44,7777.3199375,background
S01_U04.CH4.wav,7777.16,7777.3599375,foreground
S01_U04.CH4.wav,7777.2,7779.9599375,background
S01_U04.CH4.wav,7779.8,7780.0799375,foreground
S01_U04.CH4.wav,7779.92,7784.1999375,background
S01_U04.CH4.wav,7784.04,7784.4399375,foreground
S01_U04.CH4.wav,7784.28,7792.2399375,background
S01_U04.CH4.wav,7792.08,7792.7599375,foreground
S01_U04.CH4.wav,7792.6,7793.7199375,background
S01_U04.CH4.wav,7793.56,7793.7999375,foreground
S01_U04.CH4.wav,7793.64,7794.0799375,background
S01_U04.CH4.wav,7793.92,7794.5199375,foreground
S01_U04.CH4.wav,7794.36,7795.4399375,background
S01_U04.CH4.wav,7795.28,7795.5199375,foreground
S01_U04.CH4.wav,7795.36,7796.7999375,background
S01_U04.CH4.wav,7796.64,7797.0399375,foreground
S01_U04.CH4.wav,7796.88,7798.7199375,background
S01_U04.CH4.wav,7798.56,7799.1999375,foreground
S01_U04.CH4.wav,7799.04,7800.0399375,background
S01_U04.CH4.wav,7799.88,7800.2399375,foreground
S01_U04.CH4.wav,7800.08,7802.1599375,background
S01_U04.CH4.wav,7802,7802.3599375,foreground
S01_U04.CH4.wav,7802.2,7809.6399375,background
S01_U04.CH4.wav,7809.48,7809.7599375,foreground
S01_U04.CH4.wav,7809.6,7812.5199375,background
S01_U04.CH4.wav,7812.36,7812.5599375,foreground
S01_U04.CH4.wav,7812.4,7812.7199375,background
S01_U04.CH4.wav,7812.56,7812.7999375,foreground
S01_U04.CH4.wav,7812.64,7812.9599375,background
S01_U04.CH4.wav,7812.8,7813.2399375,foreground
S01_U04.CH4.wav,7813.08,7815.0799375,background
S01_U04.CH4.wav,7814.92,7815.1999375,foreground
S01_U04.CH4.wav,7815.04,7815.6799375,background
S01_U04.CH4.wav,7815.52,7815.7199375,foreground
S01_U04.CH4.wav,7815.56,7816.5999375,background
S01_U04.CH4.wav,7816.44,7816.6399375,foreground
S01_U04.CH4.wav,7816.48,7819.4799375,background
S01_U04.CH4.wav,7819.32,7819.7599375,foreground
S01_U04.CH4.wav,7819.6,7820.5999375,background
S01_U04.CH4.wav,7820.44,7820.9599375,foreground
S01_U04.CH4.wav,7820.8,7821.5199375,background
S01_U04.CH4.wav,7821.36,7821.7999375,foreground
S01_U04.CH4.wav,7821.64,7825.9199375,background
S01_U04.CH4.wav,7825.76,7826.2399375,foreground
S01_U04.CH4.wav,7826.08,7829.1999375,background
S01_U04.CH4.wav,7829.04,7829.4399375,foreground
S01_U04.CH4.wav,7829.28,7831.3999375,background
S01_U04.CH4.wav,7831.24,7831.5999375,foreground
S01_U04.CH4.wav,7831.44,7831.8399375,background
S01_U04.CH4.wav,7831.68,7832.1199375,foreground
S01_U04.CH4.wav,7831.96,7832.4399375,background
S01_U04.CH4.wav,7832.28,7832.5599375,foreground
S01_U04.CH4.wav,7832.4,7835.9199375,background
S01_U04.CH4.wav,7835.76,7836.0399375,foreground
S01_U04.CH4.wav,7835.88,7844.3599375,background
S01_U04.CH4.wav,7844.2,7844.4799375,foreground
S01_U04.CH4.wav,7844.32,7845.6399375,background
S01_U04.CH4.wav,7845.48,7845.6799375,foreground
S01_U04.CH4.wav,7845.52,7845.7199375,background
S01_U04.CH4.wav,7845.56,7845.7599375,foreground
S01_U04.CH4.wav,7845.6,7850.0799375,background
S01_U04.CH4.wav,7849.92,7850.1199375,foreground
S01_U04.CH4.wav,7849.96,7852.7999375,background
S01_U04.CH4.wav,7852.64,7852.8399375,foreground
S01_U04.CH4.wav,7852.68,7853.5599375,background
S01_U04.CH4.wav,7853.4,7853.6399375,foreground
S01_U04.CH4.wav,7853.48,7856.7999375,background
S01_U04.CH4.wav,7856.64,7856.9599375,foreground
S01_U04.CH4.wav,7856.8,7863.7599375,background
S01_U04.CH4.wav,7863.6,7863.9199375,foreground
S01_U04.CH4.wav,7863.76,7874.3999375,background
S01_U04.CH4.wav,7874.24,7874.4399375,foreground
S01_U04.CH4.wav,7874.28,7874.9199375,background
S01_U04.CH4.wav,7874.76,7875.1199375,foreground
S01_U04.CH4.wav,7874.96,7875.1599375,background
S01_U04.CH4.wav,7875,7875.3199375,foreground
S01_U04.CH4.wav,7875.16,7875.7199375,background
S01_U04.CH4.wav,7875.56,7875.9999375,foreground
S01_U04.CH4.wav,7875.84,7881.7599375,background
S01_U04.CH4.wav,7881.6,7881.9199375,foreground
S01_U04.CH4.wav,7881.76,7883.1599375,background
S01_U04.CH4.wav,7883,7883.2799375,foreground
S01_U04.CH4.wav,7883.12,7884.9999375,background
S01_U04.CH4.wav,7884.84,7885.0399375,foreground
S01_U04.CH4.wav,7884.88,7886.2799375,background
S01_U04.CH4.wav,7886.12,7886.3199375,foreground
S01_U04.CH4.wav,7886.16,7886.7599375,background
S01_U04.CH4.wav,7886.6,7886.9599375,foreground
S01_U04.CH4.wav,7886.8,7889.7199375,background
S01_U04.CH4.wav,7889.56,7889.9999375,foreground
S01_U04.CH4.wav,7889.84,7890.9199375,background
S01_U04.CH4.wav,7890.76,7891.0399375,foreground
S01_U04.CH4.wav,7890.88,7892.5199375,background
S01_U04.CH4.wav,7892.36,7892.5599375,foreground
S01_U04.CH4.wav,7892.4,7893.5199375,background
S01_U04.CH4.wav,7893.36,7893.5999375,foreground
S01_U04.CH4.wav,7893.44,7893.8799375,background
S01_U04.CH4.wav,7893.72,7893.9999375,foreground
S01_U04.CH4.wav,7893.84,7894.3599375,background
S01_U04.CH4.wav,7894.2,7894.4799375,foreground
S01_U04.CH4.wav,7894.32,7894.7199375,background
S01_U04.CH4.wav,7894.56,7894.8399375,foreground
S01_U04.CH4.wav,7894.68,7896.1199375,background
S01_U04.CH4.wav,7895.96,7896.1599375,foreground
S01_U04.CH4.wav,7896,7898.6399375,background
S01_U04.CH4.wav,7898.48,7898.7199375,foreground
S01_U04.CH4.wav,7898.56,7901.6799375,background
S01_U04.CH4.wav,7901.52,7901.7199375,foreground
S01_U04.CH4.wav,7901.56,7901.8399375,background
S01_U04.CH4.wav,7901.68,7901.9599375,foreground
S01_U04.CH4.wav,7901.8,7902.6399375,background
S01_U04.CH4.wav,7902.48,7902.7199375,foreground
S01_U04.CH4.wav,7902.56,7905.6399375,background
S01_U04.CH4.wav,7905.48,7905.6799375,foreground
S01_U04.CH4.wav,7905.52,7907.7599375,background
S01_U04.CH4.wav,7907.6,7908.0799375,foreground
S01_U04.CH4.wav,7907.92,7911.1599375,background
S01_U04.CH4.wav,7911,7911.3199375,foreground
S01_U04.CH4.wav,7911.16,7911.6799375,background
S01_U04.CH4.wav,7911.52,7911.7999375,foreground
S01_U04.CH4.wav,7911.64,7913.1199375,background
S01_U04.CH4.wav,7912.96,7913.1599375,foreground
S01_U04.CH4.wav,7913,7914.9599375,background
S01_U04.CH4.wav,7914.8,7915.0399375,foreground
S01_U04.CH4.wav,7914.88,7915.0799375,background
S01_U04.CH4.wav,7914.92,7915.2399375,foreground
S01_U04.CH4.wav,7915.08,7915.3999375,background
S01_U04.CH4.wav,7915.24,7915.5599375,foreground
S01_U04.CH4.wav,7915.4,7917.5199375,background
S01_U04.CH4.wav,7917.36,7917.7199375,foreground
S01_U04.CH4.wav,7917.56,7917.8799375,background
S01_U04.CH4.wav,7917.72,7918.6399375,foreground
S01_U04.CH4.wav,7918.48,7918.9599375,background
S01_U04.CH4.wav,7918.8,7919.0799375,foreground
S01_U04.CH4.wav,7918.92,7919.2399375,background
S01_U04.CH4.wav,7919.08,7919.3199375,foreground
S01_U04.CH4.wav,7919.16,7920.0799375,background
S01_U04.CH4.wav,7919.92,7920.1599375,foreground
S01_U04.CH4.wav,7920,7921.3999375,background
S01_U04.CH4.wav,7921.24,7921.5599375,foreground
S01_U04.CH4.wav,7921.4,7921.6799375,background
S01_U04.CH4.wav,7921.52,7921.7199375,foreground
S01_U04.CH4.wav,7921.56,7927.0399375,background
S01_U04.CH4.wav,7926.88,7927.0799375,foreground
S01_U04.CH4.wav,7926.92,7927.8399375,background
S01_U04.CH4.wav,7927.68,7927.9599375,foreground
S01_U04.CH4.wav,7927.8,7928.1199375,background
S01_U04.CH4.wav,7927.96,7928.5999375,foreground
S01_U04.CH4.wav,7928.44,7929.4799375,background
S01_U04.CH4.wav,7929.32,7929.5599375,foreground
S01_U04.CH4.wav,7929.4,7929.7999375,background
S01_U04.CH4.wav,7929.64,7930.0399375,foreground
S01_U04.CH4.wav,7929.88,7933.9999375,background
S01_U04.CH4.wav,7933.84,7934.1599375,foreground
S01_U04.CH4.wav,7934,7934.4399375,background
S01_U04.CH4.wav,7934.28,7934.4799375,foreground
S01_U04.CH4.wav,7934.32,7941.0799375,background
S01_U04.CH4.wav,7940.92,7941.1999375,foreground
S01_U04.CH4.wav,7941.04,7943.9199375,background
S01_U04.CH4.wav,7943.76,7944.3199375,foreground
S01_U04.CH4.wav,7944.16,7945.1199375,background
S01_U04.CH4.wav,7944.96,7945.4399375,foreground
S01_U04.CH4.wav,7945.28,7949.2799375,background
S01_U04.CH4.wav,7949.12,7949.3199375,foreground
S01_U04.CH4.wav,7949.16,7955.0799375,background
S01_U04.CH4.wav,7954.92,7955.2399375,foreground
S01_U04.CH4.wav,7955.08,7957.3999375,background
S01_U04.CH4.wav,7957.24,7957.4799375,foreground
S01_U04.CH4.wav,7957.32,7957.7599375,background
S01_U04.CH4.wav,7957.6,7958.3199375,foreground
S01_U04.CH4.wav,7958.16,7958.3999375,background
S01_U04.CH4.wav,7958.24,7958.6799375,foreground
S01_U04.CH4.wav,7958.52,7965.1999375,background
S01_U04.CH4.wav,7965.04,7965.2799375,foreground
S01_U04.CH4.wav,7965.12,7966.1199375,background
S01_U04.CH4.wav,7965.96,7966.2399375,foreground
S01_U04.CH4.wav,7966.08,7975.8399375,background
S01_U04.CH4.wav,7975.68,7975.9199375,foreground
S01_U04.CH4.wav,7975.76,7980.9199375,background
S01_U04.CH4.wav,7980.76,7980.9599375,foreground
S01_U04.CH4.wav,7980.8,7980.9999375,background
S01_U04.CH4.wav,7980.84,7981.1199375,foreground
S01_U04.CH4.wav,7980.96,7982.1999375,background
S01_U04.CH4.wav,7982.04,7982.2399375,foreground
S01_U04.CH4.wav,7982.08,7983.1999375,background
S01_U04.CH4.wav,7983.04,7983.2399375,foreground
S01_U04.CH4.wav,7983.08,7986.5999375,background
S01_U04.CH4.wav,7986.44,7986.7599375,foreground
S01_U04.CH4.wav,7986.6,7987.5999375,background
S01_U04.CH4.wav,7987.44,7987.6399375,foreground
S01_U04.CH4.wav,7987.48,7988.1599375,background
S01_U04.CH4.wav,7988,7988.2399375,foreground
S01_U04.CH4.wav,7988.08,7988.3999375,background
S01_U04.CH4.wav,7988.24,7988.4399375,foreground
S01_U04.CH4.wav,7988.28,7989.6799375,background
S01_U04.CH4.wav,7989.52,7989.8799375,foreground
S01_U04.CH4.wav,7989.72,7993.8799375,background
S01_U04.CH4.wav,7993.72,7993.9599375,foreground
S01_U04.CH4.wav,7993.8,7996.4399375,background
S01_U04.CH4.wav,7996.28,7996.5999375,foreground
S01_U04.CH4.wav,7996.44,7999.8799375,background
S01_U04.CH4.wav,7999.72,7999.9999375,foreground
S01_U04.CH4.wav,7999.84,8004.1599375,background
S01_U04.CH4.wav,8004,8004.1999375,foreground
S01_U04.CH4.wav,8004.04,8008.3599375,background
S01_U04.CH4.wav,8008.2,8008.3999375,foreground
S01_U04.CH4.wav,8008.24,8008.4799375,background
S01_U04.CH4.wav,8008.32,8008.9199375,foreground
S01_U04.CH4.wav,8008.76,8009.1599375,background
S01_U04.CH4.wav,8009,8009.3199375,foreground
S01_U04.CH4.wav,8009.16,8011.5199375,background
S01_U04.CH4.wav,8011.36,8011.5999375,foreground
S01_U04.CH4.wav,8011.44,8011.7599375,background
S01_U04.CH4.wav,8011.6,8012.0799375,foreground
S01_U04.CH4.wav,8011.92,8013.9999375,background
S01_U04.CH4.wav,8013.84,8014.3199375,foreground
S01_U04.CH4.wav,8014.16,8014.7199375,background
S01_U04.CH4.wav,8014.56,8014.7599375,foreground
S01_U04.CH4.wav,8014.6,8015.6399375,background
S01_U04.CH4.wav,8015.48,8015.7999375,foreground
S01_U04.CH4.wav,8015.64,8015.9599375,background
S01_U04.CH4.wav,8015.8,8015.9999375,foreground
S01_U04.CH4.wav,8015.84,8016.3999375,background
S01_U04.CH4.wav,8016.24,8016.6799375,foreground
S01_U04.CH4.wav,8016.52,8016.8399375,background
S01_U04.CH4.wav,8016.68,8016.9199375,foreground
S01_U04.CH4.wav,8016.76,8017.3999375,background
S01_U04.CH4.wav,8017.24,8017.5599375,foreground
S01_U04.CH4.wav,8017.4,8017.8799375,background
S01_U04.CH4.wav,8017.72,8017.9199375,foreground
S01_U04.CH4.wav,8017.76,8017.9999375,background
S01_U04.CH4.wav,8017.84,8018.0799375,foreground
S01_U04.CH4.wav,8017.92,8022.8399375,background
S01_U04.CH4.wav,8022.68,8022.9599375,foreground
S01_U04.CH4.wav,8022.8,8023.4399375,background
S01_U04.CH4.wav,8023.28,8023.6799375,foreground
S01_U04.CH4.wav,8023.52,8023.7199375,background
S01_U04.CH4.wav,8023.56,8023.7999375,foreground
S01_U04.CH4.wav,8023.64,8024.0399375,background
S01_U04.CH4.wav,8023.88,8024.2399375,foreground
S01_U04.CH4.wav,8024.08,8026.0799375,background
S01_U04.CH4.wav,8025.92,8026.1199375,foreground
S01_U04.CH4.wav,8025.96,8041.7199375,background
S01_U04.CH4.wav,8041.56,8041.7599375,foreground
S01_U04.CH4.wav,8041.6,8042.0799375,background
S01_U04.CH4.wav,8041.92,8042.3199375,foreground
S01_U04.CH4.wav,8042.16,8043.0799375,background
S01_U04.CH4.wav,8042.92,8043.3199375,foreground
S01_U04.CH4.wav,8043.16,8043.4799375,background
S01_U04.CH4.wav,8043.32,8043.5599375,foreground
S01_U04.CH4.wav,8043.4,8045.8799375,background
S01_U04.CH4.wav,8045.72,8045.9599375,foreground
S01_U04.CH4.wav,8045.8,8047.8399375,background
S01_U04.CH4.wav,8047.68,8047.9199375,foreground
S01_U04.CH4.wav,8047.76,8049.9199375,background
S01_U04.CH4.wav,8049.76,8050.0399375,foreground
S01_U04.CH4.wav,8049.88,8051.6799375,background
S01_U04.CH4.wav,8051.52,8051.8799375,foreground
S01_U04.CH4.wav,8051.72,8058.5999375,background
S01_U04.CH4.wav,8058.44,8058.7999375,foreground
S01_U04.CH4.wav,8058.64,8059.8799375,background
S01_U04.CH4.wav,8059.72,8059.9999375,foreground
S01_U04.CH4.wav,8059.84,8068.6799375,background
S01_U04.CH4.wav,8068.52,8068.7999375,foreground
S01_U04.CH4.wav,8068.64,8073.0399375,background
S01_U04.CH4.wav,8072.88,8073.0799375,foreground
S01_U04.CH4.wav,8072.92,8077.1199375,background
S01_U04.CH4.wav,8076.96,8077.2799375,foreground
S01_U04.CH4.wav,8077.12,8079.1199375,background
S01_U04.CH4.wav,8078.96,8079.2399375,foreground
S01_U04.CH4.wav,8079.08,8080.6399375,background
S01_U04.CH4.wav,8080.48,8080.7599375,foreground
S01_U04.CH4.wav,8080.6,8082.9999375,background
S01_U04.CH4.wav,8082.84,8083.1599375,foreground
S01_U04.CH4.wav,8083,8083.8799375,background
S01_U04.CH4.wav,8083.72,8083.9599375,foreground
S01_U04.CH4.wav,8083.8,8087.3199375,background
S01_U04.CH4.wav,8087.16,8087.3599375,foreground
S01_U04.CH4.wav,8087.2,8087.9999375,background
S01_U04.CH4.wav,8087.84,8088.1599375,foreground
S01_U04.CH4.wav,8088,8091.5599375,background
S01_U04.CH4.wav,8091.4,8091.5999375,foreground
S01_U04.CH4.wav,8091.44,8091.6799375,background
S01_U04.CH4.wav,8091.52,8091.9599375,foreground
S01_U04.CH4.wav,8091.8,8092.1199375,background
S01_U04.CH4.wav,8091.96,8092.1999375,foreground
S01_U04.CH4.wav,8092.04,8092.3599375,background
S01_U04.CH4.wav,8092.2,8093.1199375,foreground
S01_U04.CH4.wav,8092.96,8093.2799375,background
S01_U04.CH4.wav,8093.12,8093.5999375,foreground
S01_U04.CH4.wav,8093.44,8096.7599375,background
S01_U04.CH4.wav,8096.6,8096.9199375,foreground
S01_U04.CH4.wav,8096.76,8097.9999375,background
S01_U04.CH4.wav,8097.84,8098.1599375,foreground
S01_U04.CH4.wav,8098,8098.3199375,background
S01_U04.CH4.wav,8098.16,8098.6799375,foreground
S01_U04.CH4.wav,8098.52,8099.7999375,background
S01_U04.CH4.wav,8099.64,8099.9199375,foreground
S01_U04.CH4.wav,8099.76,8100.0399375,background
S01_U04.CH4.wav,8099.88,8100.5999375,foreground
S01_U04.CH4.wav,8100.44,8103.8799375,background
S01_U04.CH4.wav,8103.72,8103.9999375,foreground
S01_U04.CH4.wav,8103.84,8104.9999375,background
S01_U04.CH4.wav,8104.84,8105.0399375,foreground
S01_U04.CH4.wav,8104.88,8106.1999375,background
S01_U04.CH4.wav,8106.04,8106.3599375,foreground
S01_U04.CH4.wav,8106.2,8106.3999375,background
S01_U04.CH4.wav,8106.24,8107.2799375,foreground
S01_U04.CH4.wav,8107.12,8107.6799375,background
S01_U04.CH4.wav,8107.52,8107.7999375,foreground
S01_U04.CH4.wav,8107.64,8107.9199375,background
S01_U04.CH4.wav,8107.76,8108.3599375,foreground
S01_U04.CH4.wav,8108.2,8108.4399375,background
S01_U04.CH4.wav,8108.28,8108.6399375,foreground
S01_U04.CH4.wav,8108.48,8108.9599375,background
S01_U04.CH4.wav,8108.8,8109.1199375,foreground
S01_U04.CH4.wav,8108.96,8109.7999375,background
S01_U04.CH4.wav,8109.64,8109.9199375,foreground
S01_U04.CH4.wav,8109.76,8110.5599375,background
S01_U04.CH4.wav,8110.4,8110.6799375,foreground
S01_U04.CH4.wav,8110.52,8110.7199375,background
S01_U04.CH4.wav,8110.56,8110.7599375,foreground
S01_U04.CH4.wav,8110.6,8110.7999375,background
S01_U04.CH4.wav,8110.64,8111.0399375,foreground
S01_U04.CH4.wav,8110.88,8111.1199375,background
S01_U04.CH4.wav,8110.96,8111.1999375,foreground
S01_U04.CH4.wav,8111.04,8111.7599375,background
S01_U04.CH4.wav,8111.6,8111.9199375,foreground
S01_U04.CH4.wav,8111.76,8112.1199375,background
S01_U04.CH4.wav,8111.96,8112.3199375,foreground
S01_U04.CH4.wav,8112.16,8113.6399375,background
S01_U04.CH4.wav,8113.48,8113.9199375,foreground
S01_U04.CH4.wav,8113.76,8113.9599375,background
S01_U04.CH4.wav,8113.8,8113.9999375,foreground
S01_U04.CH4.wav,8113.84,8115.3999375,background
S01_U04.CH4.wav,8115.24,8115.4799375,foreground
S01_U04.CH4.wav,8115.32,8115.6399375,background
S01_U04.CH4.wav,8115.48,8115.8799375,foreground
S01_U04.CH4.wav,8115.72,8117.0799375,background
S01_U04.CH4.wav,8116.92,8117.1999375,foreground
S01_U04.CH4.wav,8117.04,8117.3599375,background
S01_U04.CH4.wav,8117.2,8117.8799375,foreground
S01_U04.CH4.wav,8117.72,8118.1999375,background
S01_U04.CH4.wav,8118.04,8118.2399375,foreground
S01_U04.CH4.wav,8118.08,8119.9599375,background
S01_U04.CH4.wav,8119.8,8120.1599375,foreground
S01_U04.CH4.wav,8120,8120.6799375,background
S01_U04.CH4.wav,8120.52,8120.9599375,foreground
S01_U04.CH4.wav,8120.8,8121.7599375,background
S01_U04.CH4.wav,8121.6,8121.9999375,foreground
S01_U04.CH4.wav,8121.84,8123.5999375,background
S01_U04.CH4.wav,8123.44,8123.9199375,foreground
S01_U04.CH4.wav,8123.76,8124.1199375,background
S01_U04.CH4.wav,8123.96,8124.1599375,foreground
S01_U04.CH4.wav,8124,8124.4399375,background
S01_U04.CH4.wav,8124.28,8125.1599375,foreground
S01_U04.CH4.wav,8125,8125.2399375,background
S01_U04.CH4.wav,8125.08,8125.3599375,foreground
S01_U04.CH4.wav,8125.2,8126.0799375,background
S01_U04.CH4.wav,8125.92,8126.3599375,foreground
S01_U04.CH4.wav,8126.2,8126.5199375,background
S01_U04.CH4.wav,8126.36,8126.7599375,foreground
S01_U04.CH4.wav,8126.6,8128.1599375,background
S01_U04.CH4.wav,8128,8128.5999375,foreground
S01_U04.CH4.wav,8128.44,8128.9599375,background
S01_U04.CH4.wav,8128.8,8129.1199375,foreground
S01_U04.CH4.wav,8128.96,8129.1999375,background
S01_U04.CH4.wav,8129.04,8129.5599375,foreground
S01_U04.CH4.wav,8129.4,8129.6399375,background
S01_U04.CH4.wav,8129.48,8129.6799375,foreground
S01_U04.CH4.wav,8129.52,8129.9999375,background
S01_U04.CH4.wav,8129.84,8130.0799375,foreground
S01_U04.CH4.wav,8129.92,8131.1199375,background
S01_U04.CH4.wav,8130.96,8131.1999375,foreground
S01_U04.CH4.wav,8131.04,8131.4399375,background
S01_U04.CH4.wav,8131.28,8132.3599375,foreground
S01_U04.CH4.wav,8132.2,8133.3999375,background
S01_U04.CH4.wav,8133.24,8133.6399375,foreground
S01_U04.CH4.wav,8133.48,8133.8399375,background
S01_U04.CH4.wav,8133.68,8133.8799375,foreground
S01_U04.CH4.wav,8133.72,8133.9599375,background
S01_U04.CH4.wav,8133.8,8134.0399375,foreground
S01_U04.CH4.wav,8133.88,8134.1999375,background
S01_U04.CH4.wav,8134.04,8134.5199375,foreground
S01_U04.CH4.wav,8134.36,8134.5599375,background
S01_U04.CH4.wav,8134.4,8134.7599375,foreground
S01_U04.CH4.wav,8134.6,8135.4399375,background
S01_U04.CH4.wav,8135.28,8135.4799375,foreground
S01_U04.CH4.wav,8135.32,8135.9199375,background
S01_U04.CH4.wav,8135.76,8135.9999375,foreground
S01_U04.CH4.wav,8135.84,8136.0399375,background
S01_U04.CH4.wav,8135.88,8136.3599375,foreground
S01_U04.CH4.wav,8136.2,8137.4799375,background
S01_U04.CH4.wav,8137.32,8137.5599375,foreground
S01_U04.CH4.wav,8137.4,8138.9999375,background
S01_U04.CH4.wav,8138.84,8139.1599375,foreground
S01_U04.CH4.wav,8139,8142.6399375,background
S01_U04.CH4.wav,8142.48,8142.8399375,foreground
S01_U04.CH4.wav,8142.68,8146.7599375,background
S01_U04.CH4.wav,8146.6,8146.9199375,foreground
S01_U04.CH4.wav,8146.76,8150.0399375,background
S01_U04.CH4.wav,8149.88,8150.1999375,foreground
S01_U04.CH4.wav,8150.04,8150.9599375,background
S01_U04.CH4.wav,8150.8,8151.0399375,foreground
S01_U04.CH4.wav,8150.88,8156.2799375,background
S01_U04.CH4.wav,8156.12,8156.3599375,foreground
S01_U04.CH4.wav,8156.2,8163.7999375,background
S01_U04.CH4.wav,8163.64,8163.8399375,foreground
S01_U04.CH4.wav,8163.68,8168.6799375,background
S01_U04.CH4.wav,8168.52,8168.7999375,foreground
S01_U04.CH4.wav,8168.64,8171.5599375,background
S01_U04.CH4.wav,8171.4,8171.5999375,foreground
S01_U04.CH4.wav,8171.44,8171.7999375,background
S01_U04.CH4.wav,8171.64,8172.0399375,foreground
S01_U04.CH4.wav,8171.88,8172.2799375,background
S01_U04.CH4.wav,8172.12,8172.3199375,foreground
S01_U04.CH4.wav,8172.16,8175.3599375,background
S01_U04.CH4.wav,8175.2,8175.5199375,foreground
S01_U04.CH4.wav,8175.36,8176.6399375,background
S01_U04.CH4.wav,8176.48,8176.7599375,foreground
S01_U04.CH4.wav,8176.6,8180.7999375,background
S01_U04.CH4.wav,8180.64,8180.9599375,foreground
S01_U04.CH4.wav,8180.8,8181.2799375,background
S01_U04.CH4.wav,8181.12,8181.4399375,foreground
S01_U04.CH4.wav,8181.28,8182.5999375,background
S01_U04.CH4.wav,8182.44,8182.7199375,foreground
S01_U04.CH4.wav,8182.56,8182.8399375,background
S01_U04.CH4.wav,8182.68,8182.8799375,foreground
S01_U04.CH4.wav,8182.72,8188.0399375,background
S01_U04.CH4.wav,8187.88,8188.1599375,foreground
S01_U04.CH4.wav,8188,8191.9199375,background
S01_U04.CH4.wav,8191.76,8191.9599375,foreground
S01_U04.CH4.wav,8191.8,8191.9999375,background
S01_U04.CH4.wav,8191.84,8192.1599375,foreground
S01_U04.CH4.wav,8192,8218.6399375,background
S01_U04.CH4.wav,8218.48,8218.8799375,foreground
S01_U04.CH4.wav,8218.72,8219.1999375,background
S01_U04.CH4.wav,8219.04,8219.5599375,foreground
S01_U04.CH4.wav,8219.4,8226.3599375,background
S01_U04.CH4.wav,8226.2,8226.4399375,foreground
S01_U04.CH4.wav,8226.28,8229.8799375,background
S01_U04.CH4.wav,8229.72,8229.9999375,foreground
S01_U04.CH4.wav,8229.84,8230.2399375,background
S01_U04.CH4.wav,8230.08,8230.6399375,foreground
S01_U04.CH4.wav,8230.48,8230.7199375,background
S01_U04.CH4.wav,8230.56,8230.8399375,foreground
S01_U04.CH4.wav,8230.68,8232.7999375,background
S01_U04.CH4.wav,8232.64,8232.9999375,foreground
S01_U04.CH4.wav,8232.84,8235.6399375,background
S01_U04.CH4.wav,8235.48,8235.6799375,foreground
S01_U04.CH4.wav,8235.52,8236.2399375,background
S01_U04.CH4.wav,8236.08,8236.3599375,foreground
S01_U04.CH4.wav,8236.2,8236.5199375,background
S01_U04.CH4.wav,8236.36,8236.5999375,foreground
S01_U04.CH4.wav,8236.44,8239.9199375,background
S01_U04.CH4.wav,8239.76,8240.1599375,foreground
S01_U04.CH4.wav,8240,8240.3999375,background
S01_U04.CH4.wav,8240.24,8240.4399375,foreground
S01_U04.CH4.wav,8240.28,8240.6799375,background
S01_U04.CH4.wav,8240.52,8241.5199375,foreground
S01_U04.CH4.wav,8241.36,8242.3599375,background
S01_U04.CH4.wav,8242.2,8242.6399375,foreground
S01_U04.CH4.wav,8242.48,8242.8799375,background
S01_U04.CH4.wav,8242.72,8242.9599375,foreground
S01_U04.CH4.wav,8242.8,8244.4799375,background
S01_U04.CH4.wav,8244.32,8244.5599375,foreground
S01_U04.CH4.wav,8244.4,8245.0399375,background
S01_U04.CH4.wav,8244.88,8245.2799375,foreground
S01_U04.CH4.wav,8245.12,8246.1599375,background
S01_U04.CH4.wav,8246,8246.5999375,foreground
S01_U04.CH4.wav,8246.44,8246.9599375,background
S01_U04.CH4.wav,8246.8,8247.0799375,foreground
S01_U04.CH4.wav,8246.92,8247.8399375,background
S01_U04.CH4.wav,8247.68,8247.8799375,foreground
S01_U04.CH4.wav,8247.72,8248.8799375,background
S01_U04.CH4.wav,8248.72,8249.0799375,foreground
S01_U04.CH4.wav,8248.92,8249.5999375,background
S01_U04.CH4.wav,8249.44,8249.7599375,foreground
S01_U04.CH4.wav,8249.6,8253.3999375,background
S01_U04.CH4.wav,8253.24,8253.4799375,foreground
S01_U04.CH4.wav,8253.32,8253.7199375,background
S01_U04.CH4.wav,8253.56,8254.1199375,foreground
S01_U04.CH4.wav,8253.96,8255.0399375,background
S01_U04.CH4.wav,8254.88,8255.2799375,foreground
S01_U04.CH4.wav,8255.12,8259.3999375,background
S01_U04.CH4.wav,8259.24,8259.9599375,foreground
S01_U04.CH4.wav,8259.8,8260.2399375,background
S01_U04.CH4.wav,8260.08,8260.7199375,foreground
S01_U04.CH4.wav,8260.56,8261.9999375,background
S01_U04.CH4.wav,8261.84,8262.0399375,foreground
S01_U04.CH4.wav,8261.88,8262.4799375,background
S01_U04.CH4.wav,8262.32,8263.1599375,foreground
S01_U04.CH4.wav,8263,8263.5599375,background
S01_U04.CH4.wav,8263.4,8263.6399375,foreground
S01_U04.CH4.wav,8263.48,8263.7199375,background
S01_U04.CH4.wav,8263.56,8263.8399375,foreground
S01_U04.CH4.wav,8263.68,8264.5999375,background
S01_U04.CH4.wav,8264.44,8264.6399375,foreground
S01_U04.CH4.wav,8264.48,8267.1599375,background
S01_U04.CH4.wav,8267,8267.3599375,foreground
S01_U04.CH4.wav,8267.2,8267.7599375,background
S01_U04.CH4.wav,8267.6,8267.8399375,foreground
S01_U04.CH4.wav,8267.68,8271.0799375,background
S01_U04.CH4.wav,8270.92,8271.4399375,foreground
S01_U04.CH4.wav,8271.28,8273.1599375,background
S01_U04.CH4.wav,8273,8273.3599375,foreground
S01_U04.CH4.wav,8273.2,8274.4799375,background
S01_U04.CH4.wav,8274.32,8274.6799375,foreground
S01_U04.CH4.wav,8274.52,8274.7599375,background
S01_U04.CH4.wav,8274.6,8274.9599375,foreground
S01_U04.CH4.wav,8274.8,8275.0799375,background
S01_U04.CH4.wav,8274.92,8275.1199375,foreground
S01_U04.CH4.wav,8274.96,8276.0799375,background
S01_U04.CH4.wav,8275.92,8276.2799375,foreground
S01_U04.CH4.wav,8276.12,8277.1599375,background
S01_U04.CH4.wav,8277,8277.5199375,foreground
S01_U04.CH4.wav,8277.36,8279.2799375,background
S01_U04.CH4.wav,8279.12,8279.3199375,foreground
S01_U04.CH4.wav,8279.16,8279.4799375,background
S01_U04.CH4.wav,8279.32,8280.4399375,foreground
S01_U04.CH4.wav,8280.28,8280.6399375,background
S01_U04.CH4.wav,8280.48,8280.6799375,foreground
S01_U04.CH4.wav,8280.52,8286.6399375,background
S01_U04.CH4.wav,8286.48,8286.7599375,foreground
S01_U04.CH4.wav,8286.6,8289.2799375,background
S01_U04.CH4.wav,8289.12,8289.4399375,foreground
S01_U04.CH4.wav,8289.28,8289.5999375,background
S01_U04.CH4.wav,8289.44,8289.7199375,foreground
S01_U04.CH4.wav,8289.56,8290.1599375,background
S01_U04.CH4.wav,8290,8290.5599375,foreground
S01_U04.CH4.wav,8290.4,8290.7199375,background
S01_U04.CH4.wav,8290.56,8291.3599375,foreground
S01_U04.CH4.wav,8291.2,8292.1599375,background
S01_U04.CH4.wav,8292,8292.3999375,foreground
S01_U04.CH4.wav,8292.24,8292.7999375,background
S01_U04.CH4.wav,8292.64,8293.1199375,foreground
S01_U04.CH4.wav,8292.96,8293.9199375,background
S01_U04.CH4.wav,8293.76,8293.9999375,foreground
S01_U04.CH4.wav,8293.84,8294.7599375,background
S01_U04.CH4.wav,8294.6,8295.0399375,foreground
S01_U04.CH4.wav,8294.88,8295.5599375,background
S01_U04.CH4.wav,8295.4,8295.5999375,foreground
S01_U04.CH4.wav,8295.44,8298.8799375,background
S01_U04.CH4.wav,8298.72,8298.9999375,foreground
S01_U04.CH4.wav,8298.84,8299.1199375,background
S01_U04.CH4.wav,8298.96,8299.1999375,foreground
S01_U04.CH4.wav,8299.04,8299.5199375,background
S01_U04.CH4.wav,8299.36,8299.6799375,foreground
S01_U04.CH4.wav,8299.52,8299.9199375,background
S01_U04.CH4.wav,8299.76,8299.9599375,foreground
S01_U04.CH4.wav,8299.8,8300.1999375,background
S01_U04.CH4.wav,8300.04,8300.3199375,foreground
S01_U04.CH4.wav,8300.16,8300.3599375,background
S01_U04.CH4.wav,8300.2,8301.0399375,foreground
S01_U04.CH4.wav,8300.88,8301.3199375,background
S01_U04.CH4.wav,8301.16,8301.5999375,foreground
S01_U04.CH4.wav,8301.44,8302.5199375,background
S01_U04.CH4.wav,8302.36,8302.6799375,foreground
S01_U04.CH4.wav,8302.52,8303.6799375,background
S01_U04.CH4.wav,8303.52,8303.7599375,foreground
S01_U04.CH4.wav,8303.6,8303.9999375,background
S01_U04.CH4.wav,8303.84,8304.5999375,foreground
S01_U04.CH4.wav,8304.44,8306.0799375,background
S01_U04.CH4.wav,8305.92,8306.3599375,foreground
S01_U04.CH4.wav,8306.2,8307.1199375,background
S01_U04.CH4.wav,8306.96,8307.2799375,foreground
S01_U04.CH4.wav,8307.12,8307.9599375,background
S01_U04.CH4.wav,8307.8,8308.1199375,foreground
S01_U04.CH4.wav,8307.96,8308.9599375,background
S01_U04.CH4.wav,8308.8,8309.3199375,foreground
S01_U04.CH4.wav,8309.16,8309.4799375,background
S01_U04.CH4.wav,8309.32,8309.8399375,foreground
S01_U04.CH4.wav,8309.68,8309.8799375,background
S01_U04.CH4.wav,8309.72,8310.0799375,foreground
S01_U04.CH4.wav,8309.92,8311.7599375,background
S01_U04.CH4.wav,8311.6,8311.9599375,foreground
S01_U04.CH4.wav,8311.8,8312.7599375,background
S01_U04.CH4.wav,8312.6,8312.9199375,foreground
S01_U04.CH4.wav,8312.76,8312.9999375,background
S01_U04.CH4.wav,8312.84,8313.0799375,foreground
S01_U04.CH4.wav,8312.92,8313.7599375,background
S01_U04.CH4.wav,8313.6,8313.7999375,foreground
S01_U04.CH4.wav,8313.64,8317.7599375,background
S01_U04.CH4.wav,8317.6,8317.9999375,foreground
S01_U04.CH4.wav,8317.84,8319.7599375,background
S01_U04.CH4.wav,8319.6,8319.9599375,foreground
S01_U04.CH4.wav,8319.8,8320.0799375,background
S01_U04.CH4.wav,8319.92,8320.1999375,foreground
S01_U04.CH4.wav,8320.04,8320.4799375,background
S01_U04.CH4.wav,8320.32,8320.7999375,foreground
S01_U04.CH4.wav,8320.64,8321.5999375,background
S01_U04.CH4.wav,8321.44,8321.7999375,foreground
S01_U04.CH4.wav,8321.64,8321.8399375,background
S01_U04.CH4.wav,8321.68,8321.9599375,foreground
S01_U04.CH4.wav,8321.8,8322.5999375,background
S01_U04.CH4.wav,8322.44,8322.9599375,foreground
S01_U04.CH4.wav,8322.8,8323.3199375,background
S01_U04.CH4.wav,8323.16,8323.5999375,foreground
S01_U04.CH4.wav,8323.44,8323.7199375,background
S01_U04.CH4.wav,8323.56,8323.8799375,foreground
S01_U04.CH4.wav,8323.72,8325.6799375,background
S01_U04.CH4.wav,8325.52,8325.8399375,foreground
S01_U04.CH4.wav,8325.68,8326.0799375,background
S01_U04.CH4.wav,8325.92,8326.1599375,foreground
S01_U04.CH4.wav,8326,8326.5199375,background
S01_U04.CH4.wav,8326.36,8326.5999375,foreground
S01_U04.CH4.wav,8326.44,8326.7999375,background
S01_U04.CH4.wav,8326.64,8326.8799375,foreground
S01_U04.CH4.wav,8326.72,8327.3199375,background
S01_U04.CH4.wav,8327.16,8327.3999375,foreground
S01_U04.CH4.wav,8327.24,8329.1199375,background
S01_U04.CH4.wav,8328.96,8329.1599375,foreground
S01_U04.CH4.wav,8329,8329.9999375,background
S01_U04.CH4.wav,8329.84,8330.1199375,foreground
S01_U04.CH4.wav,8329.96,8330.8399375,background
S01_U04.CH4.wav,8330.68,8331.1199375,foreground
S01_U04.CH4.wav,8330.96,8331.3999375,background
S01_U04.CH4.wav,8331.24,8331.5199375,foreground
S01_U04.CH4.wav,8331.36,8331.8399375,background
S01_U04.CH4.wav,8331.68,8331.9199375,foreground
S01_U04.CH4.wav,8331.76,8332.3199375,background
S01_U04.CH4.wav,8332.16,8332.3599375,foreground
S01_U04.CH4.wav,8332.2,8332.9199375,background
S01_U04.CH4.wav,8332.76,8333.0399375,foreground
S01_U04.CH4.wav,8332.88,8335.0399375,background
S01_U04.CH4.wav,8334.88,8335.0799375,foreground
S01_U04.CH4.wav,8334.92,8336.2799375,background
S01_U04.CH4.wav,8336.12,8336.6799375,foreground
S01_U04.CH4.wav,8336.52,8343.2799375,background
S01_U04.CH4.wav,8343.12,8343.7999375,foreground
S01_U04.CH4.wav,8343.64,8346.2799375,background
S01_U04.CH4.wav,8346.12,8346.4399375,foreground
S01_U04.CH4.wav,8346.28,8348.5599375,background
S01_U04.CH4.wav,8348.4,8348.8399375,foreground
S01_U04.CH4.wav,8348.68,8352.5999375,background
S01_U04.CH4.wav,8352.44,8353.1199375,foreground
S01_U04.CH4.wav,8352.96,8354.7599375,background
S01_U04.CH4.wav,8354.6,8354.8799375,foreground
S01_U04.CH4.wav,8354.72,8355.2399375,background
S01_U04.CH4.wav,8355.08,8355.4399375,foreground
S01_U04.CH4.wav,8355.28,8355.7999375,background
S01_U04.CH4.wav,8355.64,8356.0399375,foreground
S01_U04.CH4.wav,8355.88,8356.5999375,background
S01_U04.CH4.wav,8356.44,8357.0799375,foreground
S01_U04.CH4.wav,8356.92,8357.3199375,background
S01_U04.CH4.wav,8357.16,8357.5199375,foreground
S01_U04.CH4.wav,8357.36,8357.9199375,background
S01_U04.CH4.wav,8357.76,8358.3599375,foreground
S01_U04.CH4.wav,8358.2,8358.4399375,background
S01_U04.CH4.wav,8358.28,8358.6799375,foreground
S01_U04.CH4.wav,8358.52,8358.9199375,background
S01_U04.CH4.wav,8358.76,8359.3999375,foreground
S01_U04.CH4.wav,8359.24,8359.5199375,background
S01_U04.CH4.wav,8359.36,8359.9599375,foreground
S01_U04.CH4.wav,8359.8,8360.6799375,background
S01_U04.CH4.wav,8360.52,8361.5199375,foreground
S01_U04.CH4.wav,8361.36,8362.1199375,background
S01_U04.CH4.wav,8361.96,8362.3199375,foreground
S01_U04.CH4.wav,8362.16,8362.5999375,background
S01_U04.CH4.wav,8362.44,8362.7599375,foreground
S01_U04.CH4.wav,8362.6,8364.6799375,background
S01_U04.CH4.wav,8364.52,8364.7999375,foreground
S01_U04.CH4.wav,8364.64,8365.3199375,background
S01_U04.CH4.wav,8365.16,8365.7199375,foreground
S01_U04.CH4.wav,8365.56,8366.2799375,background
S01_U04.CH4.wav,8366.12,8366.3999375,foreground
S01_U04.CH4.wav,8366.24,8366.5199375,background
S01_U04.CH4.wav,8366.36,8366.8399375,foreground
S01_U04.CH4.wav,8366.68,8368.4399375,background
S01_U04.CH4.wav,8368.28,8369.2799375,foreground
S01_U04.CH4.wav,8369.12,8370.1199375,background
S01_U04.CH4.wav,8369.96,8370.1599375,foreground
S01_U04.CH4.wav,8370,8371.2399375,background
S01_U04.CH4.wav,8371.08,8371.5199375,foreground
S01_U04.CH4.wav,8371.36,8378.2399375,background
S01_U04.CH4.wav,8378.08,8378.3999375,foreground
S01_U04.CH4.wav,8378.24,8380.2799375,background
S01_U04.CH4.wav,8380.12,8380.3999375,foreground
S01_U04.CH4.wav,8380.24,8381.1599375,background
S01_U04.CH4.wav,8381,8381.2399375,foreground
S01_U04.CH4.wav,8381.08,8381.5599375,background
S01_U04.CH4.wav,8381.4,8381.7999375,foreground
S01_U04.CH4.wav,8381.64,8381.9999375,background
S01_U04.CH4.wav,8381.84,8382.1199375,foreground
S01_U04.CH4.wav,8381.96,8382.1599375,background
S01_U04.CH4.wav,8382,8382.3599375,foreground
S01_U04.CH4.wav,8382.2,8382.4399375,background
S01_U04.CH4.wav,8382.28,8382.9999375,foreground
S01_U04.CH4.wav,8382.84,8383.3999375,background
S01_U04.CH4.wav,8383.24,8383.6399375,foreground
S01_U04.CH4.wav,8383.48,8383.9999375,background
S01_U04.CH4.wav,8383.84,8384.0799375,foreground
S01_U04.CH4.wav,8383.92,8384.6399375,background
S01_U04.CH4.wav,8384.48,8384.7199375,foreground
S01_U04.CH4.wav,8384.56,8385.3999375,background
S01_U04.CH4.wav,8385.24,8385.5999375,foreground
S01_U04.CH4.wav,8385.44,8386.3599375,background
S01_U04.CH4.wav,8386.2,8386.4799375,foreground
S01_U04.CH4.wav,8386.32,8386.5199375,background
S01_U04.CH4.wav,8386.36,8386.5599375,foreground
S01_U04.CH4.wav,8386.4,8388.5999375,background
S01_U04.CH4.wav,8388.44,8389.1999375,foreground
S01_U04.CH4.wav,8389.04,8389.5599375,background
S01_U04.CH4.wav,8389.4,8390.2799375,foreground
S01_U04.CH4.wav,8390.12,8390.3599375,background
S01_U04.CH4.wav,8390.2,8390.9199375,foreground
S01_U04.CH4.wav,8390.76,8391.1199375,background
S01_U04.CH4.wav,8390.96,8391.2399375,foreground
S01_U04.CH4.wav,8391.08,8392.2399375,background
S01_U04.CH4.wav,8392.08,8392.2799375,foreground
S01_U04.CH4.wav,8392.12,8392.4799375,background
S01_U04.CH4.wav,8392.32,8392.7199375,foreground
S01_U04.CH4.wav,8392.56,8392.9199375,background
S01_U04.CH4.wav,8392.76,8393.0799375,foreground
S01_U04.CH4.wav,8392.92,8395.5599375,background
S01_U04.CH4.wav,8395.4,8395.8799375,foreground
S01_U04.CH4.wav,8395.72,8396.5999375,background
S01_U04.CH4.wav,8396.44,8396.8399375,foreground
S01_U04.CH4.wav,8396.68,8398.0799375,background
S01_U04.CH4.wav,8397.92,8398.2399375,foreground
S01_U04.CH4.wav,8398.08,8398.2799375,background
S01_U04.CH4.wav,8398.12,8398.4799375,foreground
S01_U04.CH4.wav,8398.32,8399.7199375,background
S01_U04.CH4.wav,8399.56,8400.1599375,foreground
S01_U04.CH4.wav,8400,8400.3199375,background
S01_U04.CH4.wav,8400.16,8400.4799375,foreground
S01_U04.CH4.wav,8400.32,8400.8399375,background
S01_U04.CH4.wav,8400.68,8400.9199375,foreground
S01_U04.CH4.wav,8400.76,8401.1999375,background
S01_U04.CH4.wav,8401.04,8401.5599375,foreground
S01_U04.CH4.wav,8401.4,8404.7999375,background
S01_U04.CH4.wav,8404.64,8405.0399375,foreground
S01_U04.CH4.wav,8404.88,8405.7999375,background
S01_U04.CH4.wav,8405.64,8405.9999375,foreground
S01_U04.CH4.wav,8405.84,8406.5199375,background
S01_U04.CH4.wav,8406.36,8406.6399375,foreground
S01_U04.CH4.wav,8406.48,8406.7199375,background
S01_U04.CH4.wav,8406.56,8406.9199375,foreground
S01_U04.CH4.wav,8406.76,8407.0399375,background
S01_U04.CH4.wav,8406.88,8407.0799375,foreground
S01_U04.CH4.wav,8406.92,8408.5199375,background
S01_U04.CH4.wav,8408.36,8408.6799375,foreground
S01_U04.CH4.wav,8408.52,8409.4399375,background
S01_U04.CH4.wav,8409.28,8409.8799375,foreground
S01_U04.CH4.wav,8409.72,8410.5599375,background
S01_U04.CH4.wav,8410.4,8410.8399375,foreground
S01_U04.CH4.wav,8410.68,8410.9999375,background
S01_U04.CH4.wav,8410.84,8411.0799375,foreground
S01_U04.CH4.wav,8410.92,8411.3199375,background
S01_U04.CH4.wav,8411.16,8411.7599375,foreground
S01_U04.CH4.wav,8411.6,8412.3599375,background
S01_U04.CH4.wav,8412.2,8412.7599375,foreground
S01_U04.CH4.wav,8412.6,8414.8799375,background
S01_U04.CH4.wav,8414.72,8414.9999375,foreground
S01_U04.CH4.wav,8414.84,8416.1999375,background
S01_U04.CH4.wav,8416.04,8416.3199375,foreground
S01_U04.CH4.wav,8416.16,8418.0799375,background
S01_U04.CH4.wav,8417.92,8418.1599375,foreground
S01_U04.CH4.wav,8418,8419.8799375,background
S01_U04.CH4.wav,8419.72,8419.9999375,foreground
S01_U04.CH4.wav,8419.84,8421.3199375,background
S01_U04.CH4.wav,8421.16,8421.3999375,foreground
S01_U04.CH4.wav,8421.24,8422.2399375,background
S01_U04.CH4.wav,8422.08,8422.3999375,foreground
S01_U04.CH4.wav,8422.24,8422.5599375,background
S01_U04.CH4.wav,8422.4,8422.7599375,foreground
S01_U04.CH4.wav,8422.6,8423.7999375,background
S01_U04.CH4.wav,8423.64,8423.9199375,foreground
S01_U04.CH4.wav,8423.76,8424.1999375,background
S01_U04.CH4.wav,8424.04,8424.2799375,foreground
S01_U04.CH4.wav,8424.12,8427.0399375,background
S01_U04.CH4.wav,8426.88,8427.1999375,foreground
S01_U04.CH4.wav,8427.04,8429.7599375,background
S01_U04.CH4.wav,8429.6,8429.9199375,foreground
S01_U04.CH4.wav,8429.76,8432.1999375,background
S01_U04.CH4.wav,8432.04,8432.3599375,foreground
S01_U04.CH4.wav,8432.2,8440.7999375,background
S01_U04.CH4.wav,8440.64,8440.8799375,foreground
S01_U04.CH4.wav,8440.72,8445.5199375,background
S01_U04.CH4.wav,8445.36,8445.5999375,foreground
S01_U04.CH4.wav,8445.44,8445.7599375,background
S01_U04.CH4.wav,8445.6,8445.8799375,foreground
S01_U04.CH4.wav,8445.72,8446.6399375,background
S01_U04.CH4.wav,8446.48,8446.7199375,foreground
S01_U04.CH4.wav,8446.56,8448.8399375,background
S01_U04.CH4.wav,8448.68,8448.8799375,foreground
S01_U04.CH4.wav,8448.72,8449.0399375,background
S01_U04.CH4.wav,8448.88,8449.3999375,foreground
S01_U04.CH4.wav,8449.24,8453.1199375,background
S01_U04.CH4.wav,8452.96,8453.1999375,foreground
S01_U04.CH4.wav,8453.04,8456.2399375,background
S01_U04.CH4.wav,8456.08,8456.2799375,foreground
S01_U04.CH4.wav,8456.12,8458.1999375,background
S01_U04.CH4.wav,8458.04,8458.4399375,foreground
S01_U04.CH4.wav,8458.28,8459.7599375,background
S01_U04.CH4.wav,8459.6,8459.8399375,foreground
S01_U04.CH4.wav,8459.68,8460.7199375,background
S01_U04.CH4.wav,8460.56,8460.9599375,foreground
S01_U04.CH4.wav,8460.8,8467.7599375,background
S01_U04.CH4.wav,8467.6,8467.7999375,foreground
S01_U04.CH4.wav,8467.64,8471.3599375,background
S01_U04.CH4.wav,8471.2,8471.4399375,foreground
S01_U04.CH4.wav,8471.28,8476.0399375,background
S01_U04.CH4.wav,8475.88,8476.1199375,foreground
S01_U04.CH4.wav,8475.96,8479.0799375,background
S01_U04.CH4.wav,8478.92,8479.1599375,foreground
S01_U04.CH4.wav,8479,8480.5599375,background
S01_U04.CH4.wav,8480.4,8480.6799375,foreground
S01_U04.CH4.wav,8480.52,8483.4399375,background
S01_U04.CH4.wav,8483.28,8483.5999375,foreground
S01_U04.CH4.wav,8483.44,8483.9599375,background
S01_U04.CH4.wav,8483.8,8484.2399375,foreground
S01_U04.CH4.wav,8484.08,8484.9999375,background
S01_U04.CH4.wav,8484.84,8485.1199375,foreground
S01_U04.CH4.wav,8484.96,8485.4799375,background
S01_U04.CH4.wav,8485.32,8485.5199375,foreground
S01_U04.CH4.wav,8485.36,8486.3599375,background
S01_U04.CH4.wav,8486.2,8486.6399375,foreground
S01_U04.CH4.wav,8486.48,8486.9999375,background
S01_U04.CH4.wav,8486.84,8487.1199375,foreground
S01_U04.CH4.wav,8486.96,8490.1999375,background
S01_U04.CH4.wav,8490.04,8490.3199375,foreground
S01_U04.CH4.wav,8490.16,8490.7199375,background
S01_U04.CH4.wav,8490.56,8490.7999375,foreground
S01_U04.CH4.wav,8490.64,8493.0399375,background
S01_U04.CH4.wav,8492.88,8493.1599375,foreground
S01_U04.CH4.wav,8493,8493.2399375,background
S01_U04.CH4.wav,8493.08,8493.3199375,foreground
S01_U04.CH4.wav,8493.16,8493.8799375,background
S01_U04.CH4.wav,8493.72,8493.9999375,foreground
S01_U04.CH4.wav,8493.84,8494.7999375,background
S01_U04.CH4.wav,8494.64,8494.8799375,foreground
S01_U04.CH4.wav,8494.72,8495.7999375,background
S01_U04.CH4.wav,8495.64,8496.1199375,foreground
S01_U04.CH4.wav,8495.96,8496.5199375,background
S01_U04.CH4.wav,8496.36,8497.3199375,foreground
S01_U04.CH4.wav,8497.16,8497.8399375,background
S01_U04.CH4.wav,8497.68,8497.9599375,foreground
S01_U04.CH4.wav,8497.8,8498.7199375,background
S01_U04.CH4.wav,8498.56,8499.1599375,foreground
S01_U04.CH4.wav,8499,8499.4399375,background
S01_U04.CH4.wav,8499.28,8499.9999375,foreground
S01_U04.CH4.wav,8499.84,8500.6399375,background
S01_U04.CH4.wav,8500.48,8500.7199375,foreground
S01_U04.CH4.wav,8500.56,8502.4399375,background
S01_U04.CH4.wav,8502.28,8502.9199375,foreground
S01_U04.CH4.wav,8502.76,8504.2799375,background
S01_U04.CH4.wav,8504.12,8504.4799375,foreground
S01_U04.CH4.wav,8504.32,8505.2799375,background
S01_U04.CH4.wav,8505.12,8505.4399375,foreground
S01_U04.CH4.wav,8505.28,8507.3999375,background
S01_U04.CH4.wav,8507.24,8507.6399375,foreground
S01_U04.CH4.wav,8507.48,8508.0399375,background
S01_U04.CH4.wav,8507.88,8508.8399375,foreground
S01_U04.CH4.wav,8508.68,8509.0799375,background
S01_U04.CH4.wav,8508.92,8509.3199375,foreground
S01_U04.CH4.wav,8509.16,8509.5999375,background
S01_U04.CH4.wav,8509.44,8509.6399375,foreground
S01_U04.CH4.wav,8509.48,8511.8399375,background
S01_U04.CH4.wav,8511.68,8512.1999375,foreground
S01_U04.CH4.wav,8512.04,8512.2399375,background
S01_U04.CH4.wav,8512.08,8512.3199375,foreground
S01_U04.CH4.wav,8512.16,8512.9599375,background
S01_U04.CH4.wav,8512.8,8513.2399375,foreground
S01_U04.CH4.wav,8513.08,8513.3599375,background
S01_U04.CH4.wav,8513.2,8513.4799375,foreground
S01_U04.CH4.wav,8513.32,8515.0799375,background
S01_U04.CH4.wav,8514.92,8515.3999375,foreground
S01_U04.CH4.wav,8515.24,8515.6799375,background
S01_U04.CH4.wav,8515.52,8515.7199375,foreground
S01_U04.CH4.wav,8515.56,8517.9199375,background
S01_U04.CH4.wav,8517.76,8518.0799375,foreground
S01_U04.CH4.wav,8517.92,8518.9999375,background
S01_U04.CH4.wav,8518.84,8519.1999375,foreground
S01_U04.CH4.wav,8519.04,8520.1199375,background
S01_U04.CH4.wav,8519.96,8520.1599375,foreground
S01_U04.CH4.wav,8520,8521.9999375,background
S01_U04.CH4.wav,8521.84,8522.1199375,foreground
S01_U04.CH4.wav,8521.96,8522.3599375,background
S01_U04.CH4.wav,8522.2,8522.4799375,foreground
S01_U04.CH4.wav,8522.32,8525.3199375,background
S01_U04.CH4.wav,8525.16,8525.3599375,foreground
S01_U04.CH4.wav,8525.2,8525.3999375,background
S01_U04.CH4.wav,8525.24,8525.5599375,foreground
S01_U04.CH4.wav,8525.4,8527.4799375,background
S01_U04.CH4.wav,8527.32,8527.7599375,foreground
S01_U04.CH4.wav,8527.6,8528.6399375,background
S01_U04.CH4.wav,8528.48,8528.9599375,foreground
S01_U04.CH4.wav,8528.8,8532.1199375,background
S01_U04.CH4.wav,8531.96,8532.2399375,foreground
S01_U04.CH4.wav,8532.08,8533.8399375,background
S01_U04.CH4.wav,8533.68,8533.8799375,foreground
S01_U04.CH4.wav,8533.72,8536.4799375,background
S01_U04.CH4.wav,8536.32,8536.6799375,foreground
S01_U04.CH4.wav,8536.52,8537.6399375,background
S01_U04.CH4.wav,8537.48,8537.7599375,foreground
S01_U04.CH4.wav,8537.6,8539.4399375,background
S01_U04.CH4.wav,8539.28,8539.4799375,foreground
S01_U04.CH4.wav,8539.32,8555.1199375,background
S01_U04.CH4.wav,8554.96,8555.1999375,foreground
S01_U04.CH4.wav,8555.04,8555.3599375,background
S01_U04.CH4.wav,8555.2,8555.3999375,foreground
S01_U04.CH4.wav,8555.24,8555.5199375,background
S01_U04.CH4.wav,8555.36,8555.7599375,foreground
S01_U04.CH4.wav,8555.6,8558.9199375,background
S01_U04.CH4.wav,8558.76,8559.0799375,foreground
S01_U04.CH4.wav,8558.92,8568.5599375,background
S01_U04.CH4.wav,8568.4,8568.7199375,foreground
S01_U04.CH4.wav,8568.56,8569.4399375,background
S01_U04.CH4.wav,8569.28,8569.5599375,foreground
S01_U04.CH4.wav,8569.4,8569.7199375,background
S01_U04.CH4.wav,8569.56,8570.0799375,foreground
S01_U04.CH4.wav,8569.92,8571.3199375,background
S01_U04.CH4.wav,8571.16,8571.3999375,foreground
S01_U04.CH4.wav,8571.24,8571.7199375,background
S01_U04.CH4.wav,8571.56,8571.8799375,foreground
S01_U04.CH4.wav,8571.72,8573.5599375,background
S01_U04.CH4.wav,8573.4,8573.5999375,foreground
S01_U04.CH4.wav,8573.44,8574.3599375,background
S01_U04.CH4.wav,8574.2,8574.3999375,foreground
S01_U04.CH4.wav,8574.24,8579.9199375,background
S01_U04.CH4.wav,8579.76,8580.1599375,foreground
S01_U04.CH4.wav,8580,8582.8399375,background
S01_U04.CH4.wav,8582.68,8582.9599375,foreground
S01_U04.CH4.wav,8582.8,8583.5999375,background
S01_U04.CH4.wav,8583.44,8583.7999375,foreground
S01_U04.CH4.wav,8583.64,8584.6399375,background
S01_U04.CH4.wav,8584.48,8584.9199375,foreground
S01_U04.CH4.wav,8584.76,8585.8399375,background
S01_U04.CH4.wav,8585.68,8585.9199375,foreground
S01_U04.CH4.wav,8585.76,8585.9599375,background
S01_U04.CH4.wav,8585.8,8586.1599375,foreground
S01_U04.CH4.wav,8586,8597.7199375,background
S01_U04.CH4.wav,8597.56,8597.8799375,foreground
S01_U04.CH4.wav,8597.72,8598.2399375,background
S01_U04.CH4.wav,8598.08,8598.4799375,foreground
S01_U04.CH4.wav,8598.32,8599.5199375,background
S01_U04.CH4.wav,8599.36,8599.6399375,foreground
S01_U04.CH4.wav,8599.48,8601.1599375,background
S01_U04.CH4.wav,8601,8601.1999375,foreground
S01_U04.CH4.wav,8601.04,8601.4799375,background
S01_U04.CH4.wav,8601.32,8601.6799375,foreground
S01_U04.CH4.wav,8601.52,8602.4399375,background
S01_U04.CH4.wav,8602.28,8602.4799375,foreground
S01_U04.CH4.wav,8602.32,8605.3999375,background
S01_U04.CH4.wav,8605.24,8605.9999375,foreground
S01_U04.CH4.wav,8605.84,8606.1199375,background
S01_U04.CH4.wav,8605.96,8606.1599375,foreground
S01_U04.CH4.wav,8606,8611.7599375,background
S01_U04.CH4.wav,8611.6,8612.2799375,foreground
S01_U04.CH4.wav,8612.12,8612.6399375,background
S01_U04.CH4.wav,8612.48,8612.6799375,foreground
S01_U04.CH4.wav,8612.52,8612.9199375,background
S01_U04.CH4.wav,8612.76,8613.1199375,foreground
S01_U04.CH4.wav,8612.96,8617.6799375,background
S01_U04.CH4.wav,8617.52,8618.1599375,foreground
S01_U04.CH4.wav,8618,8618.3599375,background
S01_U04.CH4.wav,8618.2,8618.7199375,foreground
S01_U04.CH4.wav,8618.56,8620.4799375,background
S01_U04.CH4.wav,8620.32,8621.0399375,foreground
S01_U04.CH4.wav,8620.88,8622.2399375,background
S01_U04.CH4.wav,8622.08,8622.7599375,foreground
S01_U04.CH4.wav,8622.6,8623.2399375,background
S01_U04.CH4.wav,8623.08,8623.3199375,foreground
S01_U04.CH4.wav,8623.16,8629.5999375,background
S01_U04.CH4.wav,8629.44,8629.7199375,foreground
S01_U04.CH4.wav,8629.56,8630.3199375,background
S01_U04.CH4.wav,8630.16,8630.5599375,foreground
S01_U04.CH4.wav,8630.4,8632.1199375,background
S01_U04.CH4.wav,8631.96,8632.3599375,foreground
S01_U04.CH4.wav,8632.2,8632.4799375,background
S01_U04.CH4.wav,8632.32,8632.5199375,foreground
S01_U04.CH4.wav,8632.36,8632.5599375,background
S01_U04.CH4.wav,8632.4,8632.5999375,foreground
S01_U04.CH4.wav,8632.44,8633.6399375,background
S01_U04.CH4.wav,8633.48,8634.1599375,foreground
S01_U04.CH4.wav,8634,8634.5199375,background
S01_U04.CH4.wav,8634.36,8634.6799375,foreground
S01_U04.CH4.wav,8634.52,8635.3199375,background
S01_U04.CH4.wav,8635.16,8635.3599375,foreground
S01_U04.CH4.wav,8635.2,8637.5999375,background
S01_U04.CH4.wav,8637.44,8637.7599375,foreground
S01_U04.CH4.wav,8637.6,8641.0399375,background
S01_U04.CH4.wav,8640.88,8641.1599375,foreground
S01_U04.CH4.wav,8641,8643.2799375,background
S01_U04.CH4.wav,8643.12,8643.4799375,foreground
S01_U04.CH4.wav,8643.32,8645.1199375,background
S01_U04.CH4.wav,8644.96,8645.2399375,foreground
S01_U04.CH4.wav,8645.08,8652.5999375,background
S01_U04.CH4.wav,8652.44,8652.7199375,foreground
S01_U04.CH4.wav,8652.56,8654.5199375,background
S01_U04.CH4.wav,8654.36,8654.7999375,foreground
S01_U04.CH4.wav,8654.64,8655.6399375,background
S01_U04.CH4.wav,8655.48,8655.6799375,foreground
S01_U04.CH4.wav,8655.52,8657.4799375,background
S01_U04.CH4.wav,8657.32,8657.5599375,foreground
S01_U04.CH4.wav,8657.4,8658.7999375,background
S01_U04.CH4.wav,8658.64,8658.9999375,foreground
S01_U04.CH4.wav,8658.84,8660.4399375,background
S01_U04.CH4.wav,8660.28,8660.4799375,foreground
S01_U04.CH4.wav,8660.32,8662.1199375,background
S01_U04.CH4.wav,8661.96,8662.1599375,foreground
S01_U04.CH4.wav,8662,8662.8399375,background
S01_U04.CH4.wav,8662.68,8662.9999375,foreground
S01_U04.CH4.wav,8662.84,8663.0399375,background
S01_U04.CH4.wav,8662.88,8663.1199375,foreground
S01_U04.CH4.wav,8662.96,8666.3199375,background
S01_U04.CH4.wav,8666.16,8666.3999375,foreground
S01_U04.CH4.wav,8666.24,8670.2399375,background
S01_U04.CH4.wav,8670.08,8670.2799375,foreground
S01_U04.CH4.wav,8670.12,8671.0799375,background
S01_U04.CH4.wav,8670.92,8671.5999375,foreground
S01_U04.CH4.wav,8671.44,8671.6399375,background
S01_U04.CH4.wav,8671.48,8671.6799375,foreground
S01_U04.CH4.wav,8671.52,8671.7999375,background
S01_U04.CH4.wav,8671.64,8671.8399375,foreground
S01_U04.CH4.wav,8671.68,8671.8799375,background
S01_U04.CH4.wav,8671.72,8672.0799375,foreground
S01_U04.CH4.wav,8671.92,8673.5199375,background
S01_U04.CH4.wav,8673.36,8673.7599375,foreground
S01_U04.CH4.wav,8673.6,8673.7999375,background
S01_U04.CH4.wav,8673.64,8673.8399375,foreground
S01_U04.CH4.wav,8673.68,8676.9599375,background
S01_U04.CH4.wav,8676.8,8677.1999375,foreground
S01_U04.CH4.wav,8677.04,8678.9999375,background
S01_U04.CH4.wav,8678.84,8679.6399375,foreground
S01_U04.CH4.wav,8679.48,8679.9199375,background
S01_U04.CH4.wav,8679.76,8680.5199375,foreground
S01_U04.CH4.wav,8680.36,8681.1599375,background
S01_U04.CH4.wav,8681,8681.1999375,foreground
S01_U04.CH4.wav,8681.04,8681.2399375,background
S01_U04.CH4.wav,8681.08,8681.3199375,foreground
S01_U04.CH4.wav,8681.16,8683.8399375,background
S01_U04.CH4.wav,8683.68,8684.0399375,foreground
S01_U04.CH4.wav,8683.88,8684.0799375,background
S01_U04.CH4.wav,8683.92,8684.1199375,foreground
S01_U04.CH4.wav,8683.96,8690.0799375,background
S01_U04.CH4.wav,8689.92,8690.2399375,foreground
S01_U04.CH4.wav,8690.08,8690.7599375,background
S01_U04.CH4.wav,8690.6,8690.9199375,foreground
S01_U04.CH4.wav,8690.76,8690.9599375,background
S01_U04.CH4.wav,8690.8,8691.1999375,foreground
S01_U04.CH4.wav,8691.04,8691.8399375,background
S01_U04.CH4.wav,8691.68,8691.8799375,foreground
S01_U04.CH4.wav,8691.72,8695.1199375,background
S01_U04.CH4.wav,8694.96,8695.3199375,foreground
S01_U04.CH4.wav,8695.16,8696.3999375,background
S01_U04.CH4.wav,8696.24,8696.6799375,foreground
S01_U04.CH4.wav,8696.52,8697.3999375,background
S01_U04.CH4.wav,8697.24,8697.7999375,foreground
S01_U04.CH4.wav,8697.64,8698.2799375,background
S01_U04.CH4.wav,8698.12,8698.4399375,foreground
S01_U04.CH4.wav,8698.28,8701.3199375,background
S01_U04.CH4.wav,8701.16,8701.3999375,foreground
S01_U04.CH4.wav,8701.24,8701.5599375,background
S01_U04.CH4.wav,8701.4,8701.7599375,foreground
S01_U04.CH4.wav,8701.6,8705.4399375,background
S01_U04.CH4.wav,8705.28,8705.5599375,foreground
S01_U04.CH4.wav,8705.4,8706.2399375,background
S01_U04.CH4.wav,8706.08,8706.7999375,foreground
S01_U04.CH4.wav,8706.64,8715.5999375,background
S01_U04.CH4.wav,8715.44,8715.7599375,foreground
S01_U04.CH4.wav,8715.6,8716.0799375,background
S01_U04.CH4.wav,8715.92,8716.2799375,foreground
S01_U04.CH4.wav,8716.12,8718.5999375,background
S01_U04.CH4.wav,8718.44,8718.8399375,foreground
S01_U04.CH4.wav,8718.68,8719.1999375,background
S01_U04.CH4.wav,8719.04,8719.2799375,foreground
S01_U04.CH4.wav,8719.12,8719.8799375,background
S01_U04.CH4.wav,8719.72,8719.9599375,foreground
S01_U04.CH4.wav,8719.8,8723.4799375,background
S01_U04.CH4.wav,8723.32,8723.6399375,foreground
S01_U04.CH4.wav,8723.48,8725.0399375,background
S01_U04.CH4.wav,8724.88,8725.6799375,foreground
S01_U04.CH4.wav,8725.52,8725.9999375,background
S01_U04.CH4.wav,8725.84,8726.1199375,foreground
S01_U04.CH4.wav,8725.96,8726.3999375,background
S01_U04.CH4.wav,8726.24,8726.5599375,foreground
S01_U04.CH4.wav,8726.4,8732.4799375,background
S01_U04.CH4.wav,8732.32,8732.5999375,foreground
S01_U04.CH4.wav,8732.44,8737.6399375,background
S01_U04.CH4.wav,8737.48,8737.7199375,foreground
S01_U04.CH4.wav,8737.56,8738.4799375,background
S01_U04.CH4.wav,8738.32,8738.5599375,foreground
S01_U04.CH4.wav,8738.4,8739.4399375,background
S01_U04.CH4.wav,8739.28,8739.5199375,foreground
S01_U04.CH4.wav,8739.36,8740.3599375,background
S01_U04.CH4.wav,8740.2,8740.5999375,foreground
S01_U04.CH4.wav,8740.44,8745.1999375,background
S01_U04.CH4.wav,8745.04,8745.3599375,foreground
S01_U04.CH4.wav,8745.2,8746.0799375,background
S01_U04.CH4.wav,8745.92,8746.3199375,foreground
S01_U04.CH4.wav,8746.16,8746.5999375,background
S01_U04.CH4.wav,8746.44,8746.8799375,foreground
S01_U04.CH4.wav,8746.72,8748.7199375,background
S01_U04.CH4.wav,8748.56,8748.9199375,foreground
S01_U04.CH4.wav,8748.76,8750.3199375,background
S01_U04.CH4.wav,8750.16,8750.5199375,foreground
S01_U04.CH4.wav,8750.36,8752.2799375,background
S01_U04.CH4.wav,8752.12,8752.5199375,foreground
S01_U04.CH4.wav,8752.36,8752.8799375,background
S01_U04.CH4.wav,8752.72,8752.9599375,foreground
S01_U04.CH4.wav,8752.8,8753.5599375,background
S01_U04.CH4.wav,8753.4,8753.9599375,foreground
S01_U04.CH4.wav,8753.8,8753.9999375,background
S01_U04.CH4.wav,8753.84,8754.0399375,foreground
S01_U04.CH4.wav,8753.88,8754.7999375,background
S01_U04.CH4.wav,8754.64,8754.8799375,foreground
S01_U04.CH4.wav,8754.72,8755.0799375,background
S01_U04.CH4.wav,8754.92,8755.1599375,foreground
S01_U04.CH4.wav,8755,8755.1999375,background
S01_U04.CH4.wav,8755.04,8755.3999375,foreground
S01_U04.CH4.wav,8755.24,8758.5999375,background
S01_U04.CH4.wav,8758.44,8758.7599375,foreground
S01_U04.CH4.wav,8758.6,8759.9599375,background
S01_U04.CH4.wav,8759.8,8760.0399375,foreground
S01_U04.CH4.wav,8759.88,8761.3599375,background
S01_U04.CH4.wav,8761.2,8761.4799375,foreground
S01_U04.CH4.wav,8761.32,8761.5199375,background
S01_U04.CH4.wav,8761.36,8761.7599375,foreground
S01_U04.CH4.wav,8761.6,8767.3999375,background
S01_U04.CH4.wav,8767.24,8767.4799375,foreground
S01_U04.CH4.wav,8767.32,8767.7199375,background
S01_U04.CH4.wav,8767.56,8767.7999375,foreground
S01_U04.CH4.wav,8767.64,8768.0399375,background
S01_U04.CH4.wav,8767.88,8768.0799375,foreground
S01_U04.CH4.wav,8767.92,8768.3599375,background
S01_U04.CH4.wav,8768.2,8768.6799375,foreground
S01_U04.CH4.wav,8768.52,8770.7599375,background
S01_U04.CH4.wav,8770.6,8770.9199375,foreground
S01_U04.CH4.wav,8770.76,8773.5599375,background
S01_U04.CH4.wav,8773.4,8773.7599375,foreground
S01_U04.CH4.wav,8773.6,8773.9199375,background
S01_U04.CH4.wav,8773.76,8774.2799375,foreground
S01_U04.CH4.wav,8774.12,8782.4399375,background
S01_U04.CH4.wav,8782.28,8782.5999375,foreground
S01_U04.CH4.wav,8782.44,8783.0799375,background
S01_U04.CH4.wav,8782.92,8783.2799375,foreground
S01_U04.CH4.wav,8783.12,8784.5199375,background
S01_U04.CH4.wav,8784.36,8784.8799375,foreground
S01_U04.CH4.wav,8784.72,8785.5599375,background
S01_U04.CH4.wav,8785.4,8785.9199375,foreground
S01_U04.CH4.wav,8785.76,8785.9999375,background
S01_U04.CH4.wav,8785.84,8786.1599375,foreground
S01_U04.CH4.wav,8786,8787.5599375,background
S01_U04.CH4.wav,8787.4,8787.7199375,foreground
S01_U04.CH4.wav,8787.56,8787.9999375,background
S01_U04.CH4.wav,8787.84,8788.3599375,foreground
S01_U04.CH4.wav,8788.2,8791.1199375,background
S01_U04.CH4.wav,8790.96,8791.5199375,foreground
S01_U04.CH4.wav,8791.36,8791.6799375,background
S01_U04.CH4.wav,8791.52,8791.7599375,foreground
S01_U04.CH4.wav,8791.6,8793.5999375,background
S01_U04.CH4.wav,8793.44,8793.7599375,foreground
S01_U04.CH4.wav,8793.6,8793.7999375,background
S01_U04.CH4.wav,8793.64,8793.8799375,foreground
S01_U04.CH4.wav,8793.72,8794.3599375,background
S01_U04.CH4.wav,8794.2,8794.4799375,foreground
S01_U04.CH4.wav,8794.32,8794.5599375,background
S01_U04.CH4.wav,8794.4,8794.5999375,foreground
S01_U04.CH4.wav,8794.44,8797.2399375,background
S01_U04.CH4.wav,8797.08,8797.4799375,foreground
S01_U04.CH4.wav,8797.32,8797.7199375,background
S01_U04.CH4.wav,8797.56,8797.8799375,foreground
S01_U04.CH4.wav,8797.72,8799.1999375,background
S01_U04.CH4.wav,8799.04,8799.6399375,foreground
S01_U04.CH4.wav,8799.48,8799.7999375,background
S01_U04.CH4.wav,8799.64,8800.1999375,foreground
S01_U04.CH4.wav,8800.04,8801.2799375,background
S01_U04.CH4.wav,8801.12,8801.3599375,foreground
S01_U04.CH4.wav,8801.2,8801.7199375,background
S01_U04.CH4.wav,8801.56,8802.0799375,foreground
S01_U04.CH4.wav,8801.92,8802.2799375,background
S01_U04.CH4.wav,8802.12,8802.7999375,foreground
S01_U04.CH4.wav,8802.64,8803.8399375,background
S01_U04.CH4.wav,8803.68,8803.8799375,foreground
S01_U04.CH4.wav,8803.72,8803.9599375,background
S01_U04.CH4.wav,8803.8,8804.0799375,foreground
S01_U04.CH4.wav,8803.92,8804.9599375,background
S01_U04.CH4.wav,8804.8,8805.0399375,foreground
S01_U04.CH4.wav,8804.88,8805.1199375,background
S01_U04.CH4.wav,8804.96,8805.3599375,foreground
S01_U04.CH4.wav,8805.2,8805.4799375,background
S01_U04.CH4.wav,8805.32,8805.7199375,foreground
S01_U04.CH4.wav,8805.56,8806.3599375,background
S01_U04.CH4.wav,8806.2,8806.4799375,foreground
S01_U04.CH4.wav,8806.32,8806.8399375,background
S01_U04.CH4.wav,8806.68,8806.9199375,foreground
S01_U04.CH4.wav,8806.76,8807.1599375,background
S01_U04.CH4.wav,8807,8807.3999375,foreground
S01_U04.CH4.wav,8807.24,8807.9599375,background
S01_U04.CH4.wav,8807.8,8808.0799375,foreground
S01_U04.CH4.wav,8807.92,8811.1599375,background
S01_U04.CH4.wav,8811,8811.3199375,foreground
S01_U04.CH4.wav,8811.16,8811.7199375,background
S01_U04.CH4.wav,8811.56,8811.7999375,foreground
S01_U04.CH4.wav,8811.64,8811.9999375,background
S01_U04.CH4.wav,8811.84,8812.1199375,foreground
S01_U04.CH4.wav,8811.96,8812.1999375,background
S01_U04.CH4.wav,8812.04,8812.3999375,foreground
S01_U04.CH4.wav,8812.24,8812.9999375,background
S01_U04.CH4.wav,8812.84,8813.5199375,foreground
S01_U04.CH4.wav,8813.36,8813.8799375,background
S01_U04.CH4.wav,8813.72,8814.0399375,foreground
S01_U04.CH4.wav,8813.88,8814.6399375,background
S01_U04.CH4.wav,8814.48,8814.7199375,foreground
S01_U04.CH4.wav,8814.56,8816.0799375,background
S01_U04.CH4.wav,8815.92,8816.2399375,foreground
S01_U04.CH4.wav,8816.08,8816.7599375,background
S01_U04.CH4.wav,8816.6,8816.8799375,foreground
S01_U04.CH4.wav,8816.72,8817.1199375,background
S01_U04.CH4.wav,8816.96,8817.1599375,foreground
S01_U04.CH4.wav,8817,8817.5999375,background
S01_U04.CH4.wav,8817.44,8817.7599375,foreground
S01_U04.CH4.wav,8817.6,8818.2799375,background
S01_U04.CH4.wav,8818.12,8818.4399375,foreground
S01_U04.CH4.wav,8818.28,8821.3999375,background
S01_U04.CH4.wav,8821.24,8821.7199375,foreground
S01_U04.CH4.wav,8821.56,8822.1599375,background
S01_U04.CH4.wav,8822,8822.4399375,foreground
S01_U04.CH4.wav,8822.28,8822.7999375,background
S01_U04.CH4.wav,8822.64,8823.2799375,foreground
S01_U04.CH4.wav,8823.12,8823.4399375,background
S01_U04.CH4.wav,8823.28,8824.0799375,foreground
S01_U04.CH4.wav,8823.92,8824.4799375,background
S01_U04.CH4.wav,8824.32,8824.6799375,foreground
S01_U04.CH4.wav,8824.52,8825.0399375,background
S01_U04.CH4.wav,8824.88,8825.7999375,foreground
S01_U04.CH4.wav,8825.64,8826.2799375,background
S01_U04.CH4.wav,8826.12,8826.5999375,foreground
S01_U04.CH4.wav,8826.44,8826.7999375,background
S01_U04.CH4.wav,8826.64,8826.8799375,foreground
S01_U04.CH4.wav,8826.72,8828.2399375,background
S01_U04.CH4.wav,8828.08,8828.2799375,foreground
S01_U04.CH4.wav,8828.12,8828.7999375,background
S01_U04.CH4.wav,8828.64,8828.8799375,foreground
S01_U04.CH4.wav,8828.72,8830.1999375,background
S01_U04.CH4.wav,8830.04,8830.5599375,foreground
S01_U04.CH4.wav,8830.4,8831.1199375,background
S01_U04.CH4.wav,8830.96,8831.5199375,foreground
S01_U04.CH4.wav,8831.36,8832.0399375,background
S01_U04.CH4.wav,8831.88,8832.1199375,foreground
S01_U04.CH4.wav,8831.96,8832.3999375,background
S01_U04.CH4.wav,8832.24,8832.4799375,foreground
S01_U04.CH4.wav,8832.32,8834.3199375,background
S01_U04.CH4.wav,8834.16,8834.4799375,foreground
S01_U04.CH4.wav,8834.32,8835.1999375,background
S01_U04.CH4.wav,8835.04,8835.3199375,foreground
S01_U04.CH4.wav,8835.16,8835.9599375,background
S01_U04.CH4.wav,8835.8,8836.1999375,foreground
S01_U04.CH4.wav,8836.04,8836.6799375,background
S01_U04.CH4.wav,8836.52,8836.7999375,foreground
S01_U04.CH4.wav,8836.64,8837.9199375,background
S01_U04.CH4.wav,8837.76,8838.0399375,foreground
S01_U04.CH4.wav,8837.88,8838.8399375,background
S01_U04.CH4.wav,8838.68,8839.1199375,foreground
S01_U04.CH4.wav,8838.96,8840.7599375,background
S01_U04.CH4.wav,8840.6,8840.7999375,foreground
S01_U04.CH4.wav,8840.64,8842.2399375,background
S01_U04.CH4.wav,8842.08,8843.1199375,foreground
S01_U04.CH4.wav,8842.96,8847.6799375,background
S01_U04.CH4.wav,8847.52,8847.9199375,foreground
S01_U04.CH4.wav,8847.76,8851.7199375,background
S01_U04.CH4.wav,8851.56,8851.7999375,foreground
S01_U04.CH4.wav,8851.64,8855.3599375,background
S01_U04.CH4.wav,8855.2,8855.3999375,foreground
S01_U04.CH4.wav,8855.24,8862.8399375,background
S01_U04.CH4.wav,8862.68,8863.0399375,foreground
S01_U04.CH4.wav,8862.88,8865.2799375,background
S01_U04.CH4.wav,8865.12,8865.7999375,foreground
S01_U04.CH4.wav,8865.64,8869.9599375,background
S01_U04.CH4.wav,8869.8,8870.0399375,foreground
S01_U04.CH4.wav,8869.88,8878.2399375,background
S01_U04.CH4.wav,8878.08,8878.3599375,foreground
S01_U04.CH4.wav,8878.2,8878.5199375,background
S01_U04.CH4.wav,8878.36,8878.8399375,foreground
S01_U04.CH4.wav,8878.68,8879.3999375,background
S01_U04.CH4.wav,8879.24,8879.7199375,foreground
S01_U04.CH4.wav,8879.56,8880.1999375,background
S01_U04.CH4.wav,8880.04,8880.2399375,foreground
S01_U04.CH4.wav,8880.08,8881.4799375,background
S01_U04.CH4.wav,8881.32,8881.5599375,foreground
S01_U04.CH4.wav,8881.4,8883.7999375,background
S01_U04.CH4.wav,8883.64,8883.9999375,foreground
S01_U04.CH4.wav,8883.84,8884.5199375,background
S01_U04.CH4.wav,8884.36,8884.5599375,foreground
S01_U04.CH4.wav,8884.4,8884.7199375,background
S01_U04.CH4.wav,8884.56,8884.8399375,foreground
S01_U04.CH4.wav,8884.68,8885.0799375,background
S01_U04.CH4.wav,8884.92,8885.5599375,foreground
S01_U04.CH4.wav,8885.4,8885.7599375,background
S01_U04.CH4.wav,8885.6,8885.8799375,foreground
S01_U04.CH4.wav,8885.72,8885.9199375,background
S01_U04.CH4.wav,8885.76,8886.1199375,foreground
S01_U04.CH4.wav,8885.96,8886.1599375,background
S01_U04.CH4.wav,8886,8886.2799375,foreground
S01_U04.CH4.wav,8886.12,8886.9999375,background
S01_U04.CH4.wav,8886.84,8887.1199375,foreground
S01_U04.CH4.wav,8886.96,8888.3199375,background
S01_U04.CH4.wav,8888.16,8888.4799375,foreground
S01_U04.CH4.wav,8888.32,8888.7199375,background
S01_U04.CH4.wav,8888.56,8888.8799375,foreground
S01_U04.CH4.wav,8888.72,8889.5599375,background
S01_U04.CH4.wav,8889.4,8889.6399375,foreground
S01_U04.CH4.wav,8889.48,8890.5999375,background
S01_U04.CH4.wav,8890.44,8890.6399375,foreground
S01_U04.CH4.wav,8890.48,8891.5999375,background
S01_U04.CH4.wav,8891.44,8891.7999375,foreground
S01_U04.CH4.wav,8891.64,8893.3199375,background
S01_U04.CH4.wav,8893.16,8893.4399375,foreground
S01_U04.CH4.wav,8893.28,8893.8399375,background
S01_U04.CH4.wav,8893.68,8893.9999375,foreground
S01_U04.CH4.wav,8893.84,8896.7599375,background
S01_U04.CH4.wav,8896.6,8896.9199375,foreground
S01_U04.CH4.wav,8896.76,8898.4799375,background
S01_U04.CH4.wav,8898.32,8898.7199375,foreground
S01_U04.CH4.wav,8898.56,8898.7999375,background
S01_U04.CH4.wav,8898.64,8898.8799375,foreground
S01_U04.CH4.wav,8898.72,8899.2799375,background
S01_U04.CH4.wav,8899.12,8899.5999375,foreground
S01_U04.CH4.wav,8899.44,8899.9599375,background
S01_U04.CH4.wav,8899.8,8899.9999375,foreground
S01_U04.CH4.wav,8899.84,8900.3999375,background
S01_U04.CH4.wav,8900.24,8900.4399375,foreground
S01_U04.CH4.wav,8900.28,8900.9599375,background
S01_U04.CH4.wav,8900.8,8901.2399375,foreground
S01_U04.CH4.wav,8901.08,8901.5599375,background
S01_U04.CH4.wav,8901.4,8901.6399375,foreground
S01_U04.CH4.wav,8901.48,8902.5599375,background
S01_U04.CH4.wav,8902.4,8902.6399375,foreground
S01_U04.CH4.wav,8902.48,8902.9999375,background
S01_U04.CH4.wav,8902.84,8903.0799375,foreground
S01_U04.CH4.wav,8902.92,8904.7199375,background
S01_U04.CH4.wav,8904.56,8904.8799375,foreground
S01_U04.CH4.wav,8904.72,8905.3999375,background
S01_U04.CH4.wav,8905.24,8905.7599375,foreground
S01_U04.CH4.wav,8905.6,8907.7199375,background
S01_U04.CH4.wav,8907.56,8907.9199375,foreground
S01_U04.CH4.wav,8907.76,8908.1199375,background
S01_U04.CH4.wav,8907.96,8908.1999375,foreground
S01_U04.CH4.wav,8908.04,8909.5199375,background
S01_U04.CH4.wav,8909.36,8910.0399375,foreground
S01_U04.CH4.wav,8909.88,8911.0799375,background
S01_U04.CH4.wav,8910.92,8911.3599375,foreground
S01_U04.CH4.wav,8911.2,8913.3999375,background
S01_U04.CH4.wav,8913.24,8913.4799375,foreground
S01_U04.CH4.wav,8913.32,8913.7199375,background
S01_U04.CH4.wav,8913.56,8914.0399375,foreground
S01_U04.CH4.wav,8913.88,8915.5599375,background
S01_U04.CH4.wav,8915.4,8915.8799375,foreground
S01_U04.CH4.wav,8915.72,8915.9999375,background
S01_U04.CH4.wav,8915.84,8916.0799375,foreground
S01_U04.CH4.wav,8915.92,8916.4799375,background
S01_U04.CH4.wav,8916.32,8916.8399375,foreground
S01_U04.CH4.wav,8916.68,8917.0799375,background
S01_U04.CH4.wav,8916.92,8917.1199375,foreground
S01_U04.CH4.wav,8916.96,8917.4799375,background
S01_U04.CH4.wav,8917.32,8917.7199375,foreground
S01_U04.CH4.wav,8917.56,8917.7999375,background
S01_U04.CH4.wav,8917.64,8917.9999375,foreground
S01_U04.CH4.wav,8917.84,8918.4399375,background
S01_U04.CH4.wav,8918.28,8918.6799375,foreground
S01_U04.CH4.wav,8918.52,8919.0799375,background
S01_U04.CH4.wav,8918.92,8919.3599375,foreground
S01_U04.CH4.wav,8919.2,8919.4399375,background
S01_U04.CH4.wav,8919.28,8919.5999375,foreground
S01_U04.CH4.wav,8919.44,8920.6799375,background
S01_U04.CH4.wav,8920.52,8920.8799375,foreground
S01_U04.CH4.wav,8920.72,8921.4799375,background
S01_U04.CH4.wav,8921.32,8921.8399375,foreground
S01_U04.CH4.wav,8921.68,8921.9199375,background
S01_U04.CH4.wav,8921.76,8922.0799375,foreground
S01_U04.CH4.wav,8921.92,8922.1199375,background
S01_U04.CH4.wav,8921.96,8922.4799375,foreground
S01_U04.CH4.wav,8922.32,8923.6399375,background
S01_U04.CH4.wav,8923.48,8923.8799375,foreground
S01_U04.CH4.wav,8923.72,8923.9599375,background
S01_U04.CH4.wav,8923.8,8924.0799375,foreground
S01_U04.CH4.wav,8923.92,8926.0399375,background
S01_U04.CH4.wav,8925.88,8926.1199375,foreground
S01_U04.CH4.wav,8925.96,8928.8799375,background
S01_U04.CH4.wav,8928.72,8928.9199375,foreground
S01_U04.CH4.wav,8928.76,8928.9999375,background
S01_U04.CH4.wav,8928.84,8929.2799375,foreground
S01_U04.CH4.wav,8929.12,8929.7999375,background
S01_U04.CH4.wav,8929.64,8929.8799375,foreground
S01_U04.CH4.wav,8929.72,8932.9199375,background
S01_U04.CH4.wav,8932.76,8933.0799375,foreground
S01_U04.CH4.wav,8932.92,8933.5599375,background
S01_U04.CH4.wav,8933.4,8933.7599375,foreground
S01_U04.CH4.wav,8933.6,8933.9599375,background
S01_U04.CH4.wav,8933.8,8933.9999375,foreground
S01_U04.CH4.wav,8933.84,8934.1999375,background
S01_U04.CH4.wav,8934.04,8934.2799375,foreground
S01_U04.CH4.wav,8934.12,8934.5199375,background
S01_U04.CH4.wav,8934.36,8934.5599375,foreground
S01_U04.CH4.wav,8934.4,8935.7199375,background
S01_U04.CH4.wav,8935.56,8935.7999375,foreground
S01_U04.CH4.wav,8935.64,8937.1599375,background
S01_U04.CH4.wav,8937,8937.2399375,foreground
S01_U04.CH4.wav,8937.08,8939.5199375,background
S01_U04.CH4.wav,8939.36,8939.5999375,foreground
S01_U04.CH4.wav,8939.44,8939.8399375,background
S01_U04.CH4.wav,8939.68,8939.9199375,foreground
S01_U04.CH4.wav,8939.76,8940.8799375,background
S01_U04.CH4.wav,8940.72,8940.9999375,foreground
S01_U04.CH4.wav,8940.84,8941.1199375,background
S01_U04.CH4.wav,8940.96,8941.2799375,foreground
S01_U04.CH4.wav,8941.12,8942.1199375,background
S01_U04.CH4.wav,8941.96,8942.4399375,foreground
S01_U04.CH4.wav,8942.28,8944.3199375,background
S01_U04.CH4.wav,8944.16,8944.7599375,foreground
S01_U04.CH4.wav,8944.6,8945.1599375,background
S01_U04.CH4.wav,8945,8945.4799375,foreground
S01_U04.CH4.wav,8945.32,8945.5599375,background
S01_U04.CH4.wav,8945.4,8945.5999375,foreground
S01_U04.CH4.wav,8945.44,8949.6399375,background
S01_U04.CH4.wav,8949.48,8949.9599375,foreground
S01_U04.CH4.wav,8949.8,8951.5999375,background
S01_U04.CH4.wav,8951.44,8951.6399375,foreground
S01_U04.CH4.wav,8951.48,8954.4399375,background
S01_U04.CH4.wav,8954.28,8954.5199375,foreground
S01_U04.CH4.wav,8954.36,8954.6399375,background
S01_U04.CH4.wav,8954.48,8954.7999375,foreground
S01_U04.CH4.wav,8954.64,8955.2399375,background
S01_U04.CH4.wav,8955.08,8955.3199375,foreground
S01_U04.CH4.wav,8955.16,8955.6399375,background
S01_U04.CH4.wav,8955.48,8955.7599375,foreground
S01_U04.CH4.wav,8955.6,8957.2399375,background
S01_U04.CH4.wav,8957.08,8957.3599375,foreground
S01_U04.CH4.wav,8957.2,8957.9199375,background
S01_U04.CH4.wav,8957.76,8958.3999375,foreground
S01_U04.CH4.wav,8958.24,8958.6799375,background
S01_U04.CH4.wav,8958.52,8958.8399375,foreground
S01_U04.CH4.wav,8958.68,8959.0799375,background
S01_U04.CH4.wav,8958.92,8959.1999375,foreground
S01_U04.CH4.wav,8959.04,8959.2399375,background
S01_U04.CH4.wav,8959.08,8959.3599375,foreground
S01_U04.CH4.wav,8959.2,8964.1599375,background
S01_U04.CH4.wav,8964,8964.3599375,foreground
S01_U04.CH4.wav,8964.2,8965.6399375,background
S01_U04.CH4.wav,8965.48,8965.8799375,foreground
S01_U04.CH4.wav,8965.72,8966.0399375,background
S01_U04.CH4.wav,8965.88,8966.0799375,foreground
S01_U04.CH4.wav,8965.92,8967.9599375,background
S01_U04.CH4.wav,8967.8,8968.2399375,foreground
S01_U04.CH4.wav,8968.08,8968.3599375,background
S01_U04.CH4.wav,8968.2,8968.5599375,foreground
S01_U04.CH4.wav,8968.4,8969.8799375,background
S01_U04.CH4.wav,8969.72,8969.9999375,foreground
S01_U04.CH4.wav,8969.84,8971.5199375,background
S01_U04.CH4.wav,8971.36,8971.5599375,foreground
S01_U04.CH4.wav,8971.4,8971.8399375,background
S01_U04.CH4.wav,8971.68,8971.9999375,foreground
S01_U04.CH4.wav,8971.84,8976.4799375,background
S01_U04.CH4.wav,8976.32,8976.5599375,foreground
S01_U04.CH4.wav,8976.4,8977.0399375,background
S01_U04.CH4.wav,8976.88,8977.1599375,foreground
S01_U04.CH4.wav,8977,8984.3599375,background
S01_U04.CH4.wav,8984.2,8984.4399375,foreground
S01_U04.CH4.wav,8984.28,8984.7999375,background
S01_U04.CH4.wav,8984.64,8984.9599375,foreground
S01_U04.CH4.wav,8984.8,8986.6799375,background
S01_U04.CH4.wav,8986.52,8986.9999375,foreground
S01_U04.CH4.wav,8986.84,8988.3599375,background
S01_U04.CH4.wav,8988.2,8988.8399375,foreground
S01_U04.CH4.wav,8988.68,8988.9599375,background
S01_U04.CH4.wav,8988.8,8988.9999375,foreground
S01_U04.CH4.wav,8988.84,8989.1999375,background
S01_U04.CH4.wav,8989.04,8989.3999375,foreground
S01_U04.CH4.wav,8989.24,8990.2399375,background
S01_U04.CH4.wav,8990.08,8990.3599375,foreground
S01_U04.CH4.wav,8990.2,8991.3199375,background
S01_U04.CH4.wav,8991.16,8991.6399375,foreground
S01_U04.CH4.wav,8991.48,8992.1599375,background
S01_U04.CH4.wav,8992,8992.2799375,foreground
S01_U04.CH4.wav,8992.12,8995.1199375,background
S01_U04.CH4.wav,8994.96,8995.1599375,foreground
S01_U04.CH4.wav,8995,8997.1599375,background
S01_U04.CH4.wav,8997,8997.4399375,foreground
S01_U04.CH4.wav,8997.28,9000.0799375,background
S01_U04.CH4.wav,8999.92,9000.1599375,foreground
S01_U04.CH4.wav,9000,9001.0799375,background
S01_U04.CH4.wav,9000.92,9001.1999375,foreground
S01_U04.CH4.wav,9001.04,9005.8399375,background
S01_U04.CH4.wav,9005.68,9006.1599375,foreground
S01_U04.CH4.wav,9006,9006.3999375,background
S01_U04.CH4.wav,9006.24,9006.6799375,foreground
S01_U04.CH4.wav,9006.52,9010.6399375,background
S01_U04.CH4.wav,9010.48,9010.7599375,foreground
S01_U04.CH4.wav,9010.6,9012.9599375,background
S01_U04.CH4.wav,9012.8,9013.0399375,foreground
S01_U04.CH4.wav,9012.88,9014.2399375,background
S01_U04.CH4.wav,9014.08,9014.3199375,foreground
S01_U04.CH4.wav,9014.16,9015.3599375,background
S01_U04.CH4.wav,9015.2,9015.5999375,foreground
S01_U04.CH4.wav,9015.44,9017.1999375,background
S01_U04.CH4.wav,9017.04,9017.3599375,foreground
S01_U04.CH4.wav,9017.2,9021.2399375,background
S01_U04.CH4.wav,9021.08,9021.3999375,foreground
S01_U04.CH4.wav,9021.24,9022.7999375,background
S01_U04.CH4.wav,9022.64,9022.9199375,foreground
S01_U04.CH4.wav,9022.76,9023.2799375,background
S01_U04.CH4.wav,9023.12,9023.4799375,foreground
S01_U04.CH4.wav,9023.32,9024.3199375,background
S01_U04.CH4.wav,9024.16,9024.3999375,foreground
S01_U04.CH4.wav,9024.24,9026.8799375,background
S01_U04.CH4.wav,9026.72,9026.9599375,foreground
S01_U04.CH4.wav,9026.8,9028.0799375,background
S01_U04.CH4.wav,9027.92,9028.1199375,foreground
S01_U04.CH4.wav,9027.96,9031.3199375,background
S01_U04.CH4.wav,9031.16,9031.5199375,foreground
S01_U04.CH4.wav,9031.36,9035.1599375,background
S01_U04.CH4.wav,9035,9035.5199375,foreground
S01_U04.CH4.wav,9035.36,9037.6799375,background
S01_U04.CH4.wav,9037.52,9037.9999375,foreground
S01_U04.CH4.wav,9037.84,9039.0399375,background
S01_U04.CH4.wav,9038.88,9039.2799375,foreground
S01_U04.CH4.wav,9039.12,9039.7999375,background
S01_U04.CH4.wav,9039.64,9039.9599375,foreground
S01_U04.CH4.wav,9039.8,9040.1199375,background
S01_U04.CH4.wav,9039.96,9040.4799375,foreground
S01_U04.CH4.wav,9040.32,9046.0799375,background
S01_U04.CH4.wav,9045.92,9046.3599375,foreground
S01_U04.CH4.wav,9046.2,9047.1199375,background
S01_U04.CH4.wav,9046.96,9047.1999375,foreground
S01_U04.CH4.wav,9047.04,9054.0399375,background
S01_U04.CH4.wav,9053.88,9054.1599375,foreground
S01_U04.CH4.wav,9054,9060.1599375,background
S01_U04.CH4.wav,9060,9060.3199375,foreground
S01_U04.CH4.wav,9060.16,9064.6799375,background
S01_U04.CH4.wav,9064.52,9064.7199375,foreground
S01_U04.CH4.wav,9064.56,9066.9999375,background
S01_U04.CH4.wav,9066.84,9067.7999375,foreground
S01_U04.CH4.wav,9067.64,9069.0399375,background
S01_U04.CH4.wav,9068.88,9069.3999375,foreground
S01_U04.CH4.wav,9069.24,9069.5199375,background
S01_U04.CH4.wav,9069.36,9069.9199375,foreground
S01_U04.CH4.wav,9069.76,9070.4799375,background
S01_U04.CH4.wav,9070.32,9071.5599375,foreground
S01_U04.CH4.wav,9071.4,9071.6799375,background
S01_U04.CH4.wav,9071.52,9072.0399375,foreground
S01_U04.CH4.wav,9071.88,9082.7199375,background
S01_U04.CH4.wav,9082.56,9082.8799375,foreground
S01_U04.CH4.wav,9082.72,9084.3999375,background
S01_U04.CH4.wav,9084.24,9084.4799375,foreground
S01_U04.CH4.wav,9084.32,9085.0799375,background
S01_U04.CH4.wav,9084.92,9085.1999375,foreground
S01_U04.CH4.wav,9085.04,9086.7599375,background
S01_U04.CH4.wav,9086.6,9086.8799375,foreground
S01_U04.CH4.wav,9086.72,9088.3199375,background
S01_U04.CH4.wav,9088.16,9088.6399375,foreground
S01_U04.CH4.wav,9088.48,9092.7999375,background
S01_U04.CH4.wav,9092.64,9092.8799375,foreground
S01_U04.CH4.wav,9092.72,9093.7599375,background
S01_U04.CH4.wav,9093.6,9094.1999375,foreground
S01_U04.CH4.wav,9094.04,9094.9199375,background
S01_U04.CH4.wav,9094.76,9094.9999375,foreground
S01_U04.CH4.wav,9094.84,9095.8799375,background
S01_U04.CH4.wav,9095.72,9095.9599375,foreground
S01_U04.CH4.wav,9095.8,9096.7999375,background
S01_U04.CH4.wav,9096.64,9097.1999375,foreground
S01_U04.CH4.wav,9097.04,9097.2399375,background
S01_U04.CH4.wav,9097.08,9097.3199375,foreground
S01_U04.CH4.wav,9097.16,9098.4799375,background
S01_U04.CH4.wav,9098.32,9098.5599375,foreground
S01_U04.CH4.wav,9098.4,9098.7199375,background
S01_U04.CH4.wav,9098.56,9098.8799375,foreground
S01_U04.CH4.wav,9098.72,9099.3599375,background
S01_U04.CH4.wav,9099.2,9099.4799375,foreground
S01_U04.CH4.wav,9099.32,9099.7999375,background
S01_U04.CH4.wav,9099.64,9100.4399375,foreground
S01_U04.CH4.wav,9100.28,9102.7599375,background
S01_U04.CH4.wav,9102.6,9102.8799375,foreground
S01_U04.CH4.wav,9102.72,9105.4399375,background
S01_U04.CH4.wav,9105.28,9105.4799375,foreground
S01_U04.CH4.wav,9105.32,9105.8399375,background
S01_U04.CH4.wav,9105.68,9106.1199375,foreground
S01_U04.CH4.wav,9105.96,9106.4799375,background
S01_U04.CH4.wav,9106.32,9106.6799375,foreground
S01_U04.CH4.wav,9106.52,9109.3599375,background
S01_U04.CH4.wav,9109.2,9109.5199375,foreground
S01_U04.CH4.wav,9109.36,9109.9199375,background
S01_U04.CH4.wav,9109.76,9110.1599375,foreground
S01_U04.CH4.wav,9110,9110.7199375,background
S01_U04.CH4.wav,9110.56,9110.8399375,foreground
S01_U04.CH4.wav,9110.68,9112.9199375,background
S01_U04.CH4.wav,9112.76,9113.1199375,foreground
S01_U04.CH4.wav,9112.96,9113.2799375,background
S01_U04.CH4.wav,9113.12,9113.5199375,foreground
S01_U04.CH4.wav,9113.36,9118.2799375,background
S01_U04.CH4.wav,9118.12,9118.7999375,foreground
S01_U04.CH4.wav,9118.64,9119.7599375,background
S01_U04.CH4.wav,9119.6,9119.9999375,foreground
S01_U04.CH4.wav,9119.84,9121.6399375,background
S01_U04.CH4.wav,9121.48,9121.7599375,foreground
S01_U04.CH4.wav,9121.6,9122.3599375,background
S01_U04.CH4.wav,9122.2,9122.4399375,foreground
S01_U04.CH4.wav,9122.28,9123.0799375,background
S01_U04.CH4.wav,9122.92,9123.2399375,foreground
S01_U04.CH4.wav,9123.08,9123.7599375,background
S01_U04.CH4.wav,9123.6,9123.9599375,foreground
S01_U04.CH4.wav,9123.8,9125.7199375,background
S01_U04.CH4.wav,9125.56,9125.7999375,foreground
S01_U04.CH4.wav,9125.64,9126.4399375,background
S01_U04.CH4.wav,9126.28,9126.6799375,foreground
S01_U04.CH4.wav,9126.52,9126.8399375,background
S01_U04.CH4.wav,9126.68,9127.4799375,foreground
S01_U04.CH4.wav,9127.32,9128.4799375,background
S01_U04.CH4.wav,9128.32,9128.6399375,foreground
S01_U04.CH4.wav,9128.48,9131.1199375,background
S01_U04.CH4.wav,9130.96,9131.3999375,foreground
S01_U04.CH4.wav,9131.24,9131.9999375,background
S01_U04.CH4.wav,9131.84,9132.3999375,foreground
S01_U04.CH4.wav,9132.24,9133.4799375,background
S01_U04.CH4.wav,9133.32,9133.7599375,foreground
S01_U04.CH4.wav,9133.6,9133.9599375,background
S01_U04.CH4.wav,9133.8,9134.1199375,foreground
S01_U04.CH4.wav,9133.96,9134.1599375,background
S01_U04.CH4.wav,9134,9134.2399375,foreground
S01_U04.CH4.wav,9134.08,9135.8799375,background
S01_U04.CH4.wav,9135.72,9136.1599375,foreground
S01_U04.CH4.wav,9136,9136.6799375,background
S01_U04.CH4.wav,9136.52,9136.8399375,foreground
S01_U04.CH4.wav,9136.68,9137.8799375,background
S01_U04.CH4.wav,9137.72,9137.9999375,foreground
S01_U04.CH4.wav,9137.84,9138.3199375,background
S01_U04.CH4.wav,9138.16,9138.3599375,foreground
S01_U04.CH4.wav,9138.2,9139.8799375,background
S01_U04.CH4.wav,9139.72,9140.0799375,foreground
S01_U04.CH4.wav,9139.92,9140.4399375,background
S01_U04.CH4.wav,9140.28,9140.7199375,foreground
S01_U04.CH4.wav,9140.56,9141.5199375,background
S01_U04.CH4.wav,9141.36,9141.6399375,foreground
S01_U04.CH4.wav,9141.48,9141.7999375,background
S01_U04.CH4.wav,9141.64,9141.9199375,foreground
S01_U04.CH4.wav,9141.76,9142.5999375,background
S01_U04.CH4.wav,9142.44,9142.6799375,foreground
S01_U04.CH4.wav,9142.52,9142.9199375,background
S01_U04.CH4.wav,9142.76,9142.9999375,foreground
S01_U04.CH4.wav,9142.84,9144.6799375,background
S01_U04.CH4.wav,9144.52,9144.7199375,foreground
S01_U04.CH4.wav,9144.56,9144.9999375,background
S01_U04.CH4.wav,9144.84,9145.1599375,foreground
S01_U04.CH4.wav,9145,9145.6399375,background
S01_U04.CH4.wav,9145.48,9145.7999375,foreground
S01_U04.CH4.wav,9145.64,9145.8799375,background
S01_U04.CH4.wav,9145.72,9146.5199375,foreground
S01_U04.CH4.wav,9146.36,9147.1599375,background
S01_U04.CH4.wav,9147,9147.1999375,foreground
S01_U04.CH4.wav,9147.04,9147.9199375,background
S01_U04.CH4.wav,9147.76,9148.2399375,foreground
S01_U04.CH4.wav,9148.08,9149.1199375,background
S01_U04.CH4.wav,9148.96,9149.3999375,foreground
S01_U04.CH4.wav,9149.24,9149.7999375,background
S01_U04.CH4.wav,9149.64,9149.9999375,foreground
S01_U04.CH4.wav,9149.84,9150.2799375,background
S01_U04.CH4.wav,9150.12,9150.3999375,foreground
S01_U04.CH4.wav,9150.24,9150.5199375,background
S01_U04.CH4.wav,9150.36,9150.5999375,foreground
S01_U04.CH4.wav,9150.44,9152.8399375,background
S01_U04.CH4.wav,9152.68,9153.0799375,foreground
S01_U04.CH4.wav,9152.92,9153.2799375,background
S01_U04.CH4.wav,9153.12,9153.6399375,foreground
S01_U04.CH4.wav,9153.48,9155.7199375,background
S01_U04.CH4.wav,9155.56,9155.8399375,foreground
S01_U04.CH4.wav,9155.68,9158.0799375,background
S01_U04.CH4.wav,9157.92,9158.1199375,foreground
S01_U04.CH4.wav,9157.96,9164.9999375,background
S01_U04.CH4.wav,9164.84,9165.0799375,foreground
S01_U04.CH4.wav,9164.92,9166.8399375,background
S01_U04.CH4.wav,9166.68,9166.9599375,foreground
S01_U04.CH4.wav,9166.8,9168.7599375,background
S01_U04.CH4.wav,9168.6,9168.9199375,foreground
S01_U04.CH4.wav,9168.76,9170.4399375,background
S01_U04.CH4.wav,9170.28,9170.9999375,foreground
S01_U04.CH4.wav,9170.84,9171.1999375,background
S01_U04.CH4.wav,9171.04,9171.7999375,foreground
S01_U04.CH4.wav,9171.64,9171.9599375,background
S01_U04.CH4.wav,9171.8,9171.9999375,foreground
S01_U04.CH4.wav,9171.84,9172.1599375,background
S01_U04.CH4.wav,9172,9172.7599375,foreground
S01_U04.CH4.wav,9172.6,9172.8399375,background
S01_U04.CH4.wav,9172.68,9173.1199375,foreground
S01_U04.CH4.wav,9172.96,9174.4399375,background
S01_U04.CH4.wav,9174.28,9174.6399375,foreground
S01_U04.CH4.wav,9174.48,9175.7599375,background
S01_U04.CH4.wav,9175.6,9176.1999375,foreground
S01_U04.CH4.wav,9176.04,9177.0799375,background
S01_U04.CH4.wav,9176.92,9177.1999375,foreground
S01_U04.CH4.wav,9177.04,9177.5599375,background
S01_U04.CH4.wav,9177.4,9177.9599375,foreground
S01_U04.CH4.wav,9177.8,9180.4799375,background
S01_U04.CH4.wav,9180.32,9180.7199375,foreground
S01_U04.CH4.wav,9180.56,9181.3199375,background
S01_U04.CH4.wav,9181.16,9181.3599375,foreground
S01_U04.CH4.wav,9181.2,9181.8399375,background
S01_U04.CH4.wav,9181.68,9181.9599375,foreground
S01_U04.CH4.wav,9181.8,9182.6799375,background
S01_U04.CH4.wav,9182.52,9182.7999375,foreground
S01_U04.CH4.wav,9182.64,9186.2399375,background
S01_U04.CH4.wav,9186.08,9186.5999375,foreground
S01_U04.CH4.wav,9186.44,9187.5599375,background
S01_U04.CH4.wav,9187.4,9187.6399375,foreground
S01_U04.CH4.wav,9187.48,9191.1199375,background
S01_U04.CH4.wav,9190.96,9191.1599375,foreground
S01_U04.CH4.wav,9191,9191.9999375,background
S01_U04.CH4.wav,9191.84,9192.3199375,foreground
S01_U04.CH4.wav,9192.16,9194.2799375,background
S01_U04.CH4.wav,9194.12,9194.4399375,foreground
S01_U04.CH4.wav,9194.28,9194.6399375,background
S01_U04.CH4.wav,9194.48,9195.4799375,foreground
S01_U04.CH4.wav,9195.32,9195.6399375,background
S01_U04.CH4.wav,9195.48,9196.1599375,foreground
S01_U04.CH4.wav,9196,9199.5599375,background
S01_U04.CH4.wav,9199.4,9200.1599375,foreground
S01_U04.CH4.wav,9200,9200.1999375,background
S01_U04.CH4.wav,9200.04,9200.3199375,foreground
S01_U04.CH4.wav,9200.16,9201.5599375,background
S01_U04.CH4.wav,9201.4,9201.5999375,foreground
S01_U04.CH4.wav,9201.44,9202.3599375,background
S01_U04.CH4.wav,9202.2,9202.5599375,foreground
S01_U04.CH4.wav,9202.4,9202.5999375,background
S01_U04.CH4.wav,9202.44,9202.7599375,foreground
S01_U04.CH4.wav,9202.6,9204.2399375,background
S01_U04.CH4.wav,9204.08,9204.7199375,foreground
S01_U04.CH4.wav,9204.56,9204.9199375,background
S01_U04.CH4.wav,9204.76,9205.3999375,foreground
S01_U04.CH4.wav,9205.24,9206.3199375,background
S01_U04.CH4.wav,9206.16,9206.3999375,foreground
S01_U04.CH4.wav,9206.24,9206.5599375,background
S01_U04.CH4.wav,9206.4,9206.6399375,foreground
S01_U04.CH4.wav,9206.48,9208.0799375,background
S01_U04.CH4.wav,9207.92,9208.3599375,foreground
S01_U04.CH4.wav,9208.2,9208.5199375,background
S01_U04.CH4.wav,9208.36,9208.5599375,foreground
S01_U04.CH4.wav,9208.4,9208.9999375,background
S01_U04.CH4.wav,9208.84,9209.3599375,foreground
S01_U04.CH4.wav,9209.2,9209.8399375,background
S01_U04.CH4.wav,9209.68,9210.2399375,foreground
S01_U04.CH4.wav,9210.08,9212.2399375,background
S01_U04.CH4.wav,9212.08,9212.4399375,foreground
S01_U04.CH4.wav,9212.28,9213.0399375,background
S01_U04.CH4.wav,9212.88,9213.1199375,foreground
S01_U04.CH4.wav,9212.96,9213.3599375,background
S01_U04.CH4.wav,9213.2,9213.4399375,foreground
S01_U04.CH4.wav,9213.28,9213.6399375,background
S01_U04.CH4.wav,9213.48,9213.9199375,foreground
S01_U04.CH4.wav,9213.76,9214.7999375,background
S01_U04.CH4.wav,9214.64,9214.9599375,foreground
S01_U04.CH4.wav,9214.8,9215.2799375,background
S01_U04.CH4.wav,9215.12,9215.3599375,foreground
S01_U04.CH4.wav,9215.2,9215.5999375,background
S01_U04.CH4.wav,9215.44,9215.7199375,foreground
S01_U04.CH4.wav,9215.56,9216.3599375,background
S01_U04.CH4.wav,9216.2,9216.6799375,foreground
S01_U04.CH4.wav,9216.52,9219.0399375,background
S01_U04.CH4.wav,9218.88,9219.3999375,foreground
S01_U04.CH4.wav,9219.24,9219.4399375,background
S01_U04.CH4.wav,9219.28,9219.4799375,foreground
S01_U04.CH4.wav,9219.32,9219.6799375,background
S01_U04.CH4.wav,9219.52,9219.8399375,foreground
S01_U04.CH4.wav,9219.68,9226.9199375,background
S01_U04.CH4.wav,9226.76,9227.0799375,foreground
S01_U04.CH4.wav,9226.92,9227.4399375,background
S01_U04.CH4.wav,9227.28,9227.6799375,foreground
S01_U04.CH4.wav,9227.52,9228.1999375,background
S01_U04.CH4.wav,9228.04,9228.3599375,foreground
S01_U04.CH4.wav,9228.2,9231.1999375,background
S01_U04.CH4.wav,9231.04,9231.4799375,foreground
S01_U04.CH4.wav,9231.32,9231.5199375,background
S01_U04.CH4.wav,9231.36,9231.6399375,foreground
S01_U04.CH4.wav,9231.48,9231.7999375,background
S01_U04.CH4.wav,9231.64,9231.9599375,foreground
S01_U04.CH4.wav,9231.8,9232.0799375,background
S01_U04.CH4.wav,9231.92,9232.1199375,foreground
S01_U04.CH4.wav,9231.96,9232.5599375,background
S01_U04.CH4.wav,9232.4,9232.7199375,foreground
S01_U04.CH4.wav,9232.56,9235.5199375,background
S01_U04.CH4.wav,9235.36,9235.6799375,foreground
S01_U04.CH4.wav,9235.52,9235.9599375,background
S01_U04.CH4.wav,9235.8,9236.2799375,foreground
S01_U04.CH4.wav,9236.12,9236.4799375,background
S01_U04.CH4.wav,9236.32,9236.9599375,foreground
S01_U04.CH4.wav,9236.8,9237.1199375,background
S01_U04.CH4.wav,9236.96,9237.7599375,foreground
S01_U04.CH4.wav,9237.6,9237.8399375,background
S01_U04.CH4.wav,9237.68,9238.1999375,foreground
S01_U04.CH4.wav,9238.04,9241.1999375,background
S01_U04.CH4.wav,9241.04,9241.4399375,foreground
S01_U04.CH4.wav,9241.28,9242.3599375,background
S01_U04.CH4.wav,9242.2,9242.9199375,foreground
S01_U04.CH4.wav,9242.76,9243.6399375,background
S01_U04.CH4.wav,9243.48,9244.1999375,foreground
S01_U04.CH4.wav,9244.04,9244.4399375,background
S01_U04.CH4.wav,9244.28,9245.0799375,foreground
S01_U04.CH4.wav,9244.92,9245.5999375,background
S01_U04.CH4.wav,9245.44,9245.9599375,foreground
S01_U04.CH4.wav,9245.8,9246.3199375,background
S01_U04.CH4.wav,9246.16,9246.4399375,foreground
S01_U04.CH4.wav,9246.28,9246.4799375,background
S01_U04.CH4.wav,9246.32,9246.5199375,foreground
S01_U04.CH4.wav,9246.36,9246.6399375,background
S01_U04.CH4.wav,9246.48,9247.1199375,foreground
S01_U04.CH4.wav,9246.96,9247.1599375,background
S01_U04.CH4.wav,9247,9247.3599375,foreground
S01_U04.CH4.wav,9247.2,9249.1599375,background
S01_U04.CH4.wav,9249,9249.3599375,foreground
S01_U04.CH4.wav,9249.2,9249.7999375,background
S01_U04.CH4.wav,9249.64,9249.8399375,foreground
S01_U04.CH4.wav,9249.68,9249.9599375,background
S01_U04.CH4.wav,9249.8,9249.9999375,foreground
S01_U04.CH4.wav,9249.84,9250.4799375,background
S01_U04.CH4.wav,9250.32,9250.7999375,foreground
S01_U04.CH4.wav,9250.64,9252.5199375,background
S01_U04.CH4.wav,9252.36,9252.5599375,foreground
S01_U04.CH4.wav,9252.4,9253.2399375,background
S01_U04.CH4.wav,9253.08,9253.4399375,foreground
S01_U04.CH4.wav,9253.28,9253.8799375,background
S01_U04.CH4.wav,9253.72,9253.9199375,foreground
S01_U04.CH4.wav,9253.76,9254.5999375,background
S01_U04.CH4.wav,9254.44,9254.8799375,foreground
S01_U04.CH4.wav,9254.72,9256.7999375,background
S01_U04.CH4.wav,9256.64,9257.0799375,foreground
S01_U04.CH4.wav,9256.92,9257.1999375,background
S01_U04.CH4.wav,9257.04,9257.3599375,foreground
S01_U04.CH4.wav,9257.2,9258.8399375,background
S01_U04.CH4.wav,9258.68,9259.0799375,foreground
S01_U04.CH4.wav,9258.92,9263.3999375,background
S01_U04.CH4.wav,9263.24,9263.6399375,foreground
S01_U04.CH4.wav,9263.48,9264.9999375,background
S01_U04.CH4.wav,9264.84,9265.1599375,foreground
S01_U04.CH4.wav,9265,9265.8799375,background
S01_U04.CH4.wav,9265.72,9266.0399375,foreground
S01_U04.CH4.wav,9265.88,9266.5599375,background
S01_U04.CH4.wav,9266.4,9266.6799375,foreground
S01_U04.CH4.wav,9266.52,9268.1199375,background
S01_U04.CH4.wav,9267.96,9268.1999375,foreground
S01_U04.CH4.wav,9268.04,9268.2399375,background
S01_U04.CH4.wav,9268.08,9268.4399375,foreground
S01_U04.CH4.wav,9268.28,9269.5199375,background
S01_U04.CH4.wav,9269.36,9269.6799375,foreground
S01_U04.CH4.wav,9269.52,9269.8399375,background
S01_U04.CH4.wav,9269.68,9269.8799375,foreground
S01_U04.CH4.wav,9269.72,9270.4799375,background
S01_U04.CH4.wav,9270.32,9270.7199375,foreground
S01_U04.CH4.wav,9270.56,9271.6399375,background
S01_U04.CH4.wav,9271.48,9271.7199375,foreground
S01_U04.CH4.wav,9271.56,9271.7999375,background
S01_U04.CH4.wav,9271.64,9272.4399375,foreground
S01_U04.CH4.wav,9272.28,9274.5199375,background
S01_U04.CH4.wav,9274.36,9274.5999375,foreground
S01_U04.CH4.wav,9274.44,9274.9199375,background
S01_U04.CH4.wav,9274.76,9274.9999375,foreground
S01_U04.CH4.wav,9274.84,9278.4399375,background
S01_U04.CH4.wav,9278.28,9278.7999375,foreground
S01_U04.CH4.wav,9278.64,9279.9199375,background
S01_U04.CH4.wav,9279.76,9279.9999375,foreground
S01_U04.CH4.wav,9279.84,9280.1599375,background
S01_U04.CH4.wav,9280,9280.2799375,foreground
S01_U04.CH4.wav,9280.12,9283.6799375,background
S01_U04.CH4.wav,9283.52,9283.9599375,foreground
S01_U04.CH4.wav,9283.8,9284.8799375,background
S01_U04.CH4.wav,9284.72,9284.9599375,foreground
S01_U04.CH4.wav,9284.8,9285.3999375,background
S01_U04.CH4.wav,9285.24,9285.4799375,foreground
S01_U04.CH4.wav,9285.32,9287.1199375,background
S01_U04.CH4.wav,9286.96,9287.2399375,foreground
S01_U04.CH4.wav,9287.08,9288.3599375,background
S01_U04.CH4.wav,9288.2,9288.4799375,foreground
S01_U04.CH4.wav,9288.32,9289.3999375,background
S01_U04.CH4.wav,9289.24,9289.4799375,foreground
S01_U04.CH4.wav,9289.32,9289.5599375,background
S01_U04.CH4.wav,9289.4,9289.9199375,foreground
S01_U04.CH4.wav,9289.76,9290.1199375,background
S01_U04.CH4.wav,9289.96,9290.3199375,foreground
S01_U04.CH4.wav,9290.16,9291.2799375,background
S01_U04.CH4.wav,9291.12,9291.5199375,foreground
S01_U04.CH4.wav,9291.36,9292.2399375,background
S01_U04.CH4.wav,9292.08,9292.5199375,foreground
S01_U04.CH4.wav,9292.36,9293.9199375,background
S01_U04.CH4.wav,9293.76,9293.9599375,foreground
S01_U04.CH4.wav,9293.8,9294.3199375,background
S01_U04.CH4.wav,9294.16,9294.5199375,foreground
S01_U04.CH4.wav,9294.36,9295.0799375,background
S01_U04.CH4.wav,9294.92,9295.5999375,foreground
S01_U04.CH4.wav,9295.44,9296.1199375,background
S01_U04.CH4.wav,9295.96,9296.5199375,foreground
S01_U04.CH4.wav,9296.36,9296.7999375,background
S01_U04.CH4.wav,9296.64,9296.8799375,foreground
S01_U04.CH4.wav,9296.72,9297.2399375,background
S01_U04.CH4.wav,9297.08,9297.2799375,foreground
S01_U04.CH4.wav,9297.12,9297.3999375,background
S01_U04.CH4.wav,9297.24,9297.5999375,foreground
S01_U04.CH4.wav,9297.44,9297.7599375,background
S01_U04.CH4.wav,9297.6,9298.1199375,foreground
S01_U04.CH4.wav,9297.96,9298.7599375,background
S01_U04.CH4.wav,9298.6,9299.0399375,foreground
S01_U04.CH4.wav,9298.88,9301.3199375,background
S01_U04.CH4.wav,9301.16,9301.7999375,foreground
S01_U04.CH4.wav,9301.64,9302.7999375,background
S01_U04.CH4.wav,9302.64,9302.9599375,foreground
S01_U04.CH4.wav,9302.8,9303.0399375,background
S01_U04.CH4.wav,9302.88,9303.3199375,foreground
S01_U04.CH4.wav,9303.16,9303.8799375,background
S01_U04.CH4.wav,9303.72,9304.0399375,foreground
S01_U04.CH4.wav,9303.88,9304.2399375,background
S01_U04.CH4.wav,9304.08,9304.3199375,foreground
S01_U04.CH4.wav,9304.16,9304.5599375,background
S01_U04.CH4.wav,9304.4,9304.7199375,foreground
S01_U04.CH4.wav,9304.56,9304.8399375,background
S01_U04.CH4.wav,9304.68,9304.9999375,foreground
S01_U04.CH4.wav,9304.84,9305.0799375,background
S01_U04.CH4.wav,9304.92,9305.1199375,foreground
S01_U04.CH4.wav,9304.96,9305.3599375,background
S01_U04.CH4.wav,9305.2,9305.6399375,foreground
S01_U04.CH4.wav,9305.48,9305.7599375,background
S01_U04.CH4.wav,9305.6,9305.9199375,foreground
S01_U04.CH4.wav,9305.76,9307.4799375,background
S01_U04.CH4.wav,9307.32,9307.5199375,foreground
S01_U04.CH4.wav,9307.36,9307.8799375,background
S01_U04.CH4.wav,9307.72,9308.6799375,foreground
S01_U04.CH4.wav,9308.52,9311.7599375,background
S01_U04.CH4.wav,9311.6,9311.9999375,foreground
S01_U04.CH4.wav,9311.84,9312.8799375,background
S01_U04.CH4.wav,9312.72,9313.1199375,foreground
S01_U04.CH4.wav,9312.96,9313.7599375,background
S01_U04.CH4.wav,9313.6,9314.5199375,foreground
S01_U04.CH4.wav,9314.36,9314.6399375,background
S01_U04.CH4.wav,9314.48,9314.7999375,foreground
S01_U04.CH4.wav,9314.64,9317.0399375,background
S01_U04.CH4.wav,9316.88,9317.9199375,foreground
S01_U04.CH4.wav,9317.76,9318.6399375,background
S01_U04.CH4.wav,9318.48,9318.6799375,foreground
S01_U04.CH4.wav,9318.52,9320.5599375,background
S01_U04.CH4.wav,9320.4,9320.7199375,foreground
S01_U04.CH4.wav,9320.56,9321.8799375,background
S01_U04.CH4.wav,9321.72,9321.9599375,foreground
S01_U04.CH4.wav,9321.8,9323.7199375,background
S01_U04.CH4.wav,9323.56,9323.9199375,foreground
S01_U04.CH4.wav,9323.76,9324.7599375,background
S01_U04.CH4.wav,9324.6,9324.9199375,foreground
S01_U04.CH4.wav,9324.76,9325.7199375,background
S01_U04.CH4.wav,9325.56,9326.0399375,foreground
S01_U04.CH4.wav,9325.88,9326.7599375,background
S01_U04.CH4.wav,9326.6,9326.9599375,foreground
S01_U04.CH4.wav,9326.8,9328.0799375,background
S01_U04.CH4.wav,9327.92,9328.2799375,foreground
S01_U04.CH4.wav,9328.12,9329.4799375,background
S01_U04.CH4.wav,9329.32,9329.6799375,foreground
S01_U04.CH4.wav,9329.52,9330.2399375,background
S01_U04.CH4.wav,9330.08,9330.3199375,foreground
S01_U04.CH4.wav,9330.16,9330.4399375,background
S01_U04.CH4.wav,9330.28,9330.8399375,foreground
S01_U04.CH4.wav,9330.68,9333.4799375,background
S01_U04.CH4.wav,9333.32,9333.7599375,foreground
S01_U04.CH4.wav,9333.6,9334.1199375,background
S01_U04.CH4.wav,9333.96,9334.2399375,foreground
S01_U04.CH4.wav,9334.08,9334.2799375,background
S01_U04.CH4.wav,9334.12,9334.4399375,foreground
S01_U04.CH4.wav,9334.28,9334.9599375,background
S01_U04.CH4.wav,9334.8,9335.2399375,foreground
S01_U04.CH4.wav,9335.08,9340.9999375,background
S01_U04.CH4.wav,9340.84,9341.1599375,foreground
S01_U04.CH4.wav,9341,9349.1199375,background
S01_U04.CH4.wav,9348.96,9349.2799375,foreground
S01_U04.CH4.wav,9349.12,9350.1599375,background
S01_U04.CH4.wav,9350,9350.1999375,foreground
S01_U04.CH4.wav,9350.04,9352.3999375,background
S01_U04.CH4.wav,9352.24,9352.5599375,foreground
S01_U04.CH4.wav,9352.4,9353.8799375,background
S01_U04.CH4.wav,9353.72,9353.9999375,foreground
S01_U04.CH4.wav,9353.84,9354.5599375,background
S01_U04.CH4.wav,9354.4,9354.6399375,foreground
S01_U04.CH4.wav,9354.48,9358.8799375,background
S01_U04.CH4.wav,9358.72,9358.9199375,foreground
S01_U04.CH4.wav,9358.76,9362.7199375,background
S01_U04.CH4.wav,9362.56,9362.7999375,foreground
S01_U04.CH4.wav,9362.64,9364.4799375,background
S01_U04.CH4.wav,9364.32,9364.5199375,foreground
S01_U04.CH4.wav,9364.36,9365.5199375,background
S01_U04.CH4.wav,9365.36,9365.7199375,foreground
S01_U04.CH4.wav,9365.56,9366.3999375,background
S01_U04.CH4.wav,9366.24,9366.4799375,foreground
S01_U04.CH4.wav,9366.32,9367.4799375,background
S01_U04.CH4.wav,9367.32,9367.8799375,foreground
S01_U04.CH4.wav,9367.72,9370.1199375,background
S01_U04.CH4.wav,9369.96,9370.2799375,foreground
S01_U04.CH4.wav,9370.12,9370.6399375,background
S01_U04.CH4.wav,9370.48,9370.8399375,foreground
S01_U04.CH4.wav,9370.68,9371.4799375,background
S01_U04.CH4.wav,9371.32,9371.9199375,foreground
S01_U04.CH4.wav,9371.76,9372.8799375,background
S01_U04.CH4.wav,9372.72,9373.0399375,foreground
S01_U04.CH4.wav,9372.88,9373.1199375,background
S01_U04.CH4.wav,9372.96,9373.1999375,foreground
S01_U04.CH4.wav,9373.04,9373.5999375,background
S01_U04.CH4.wav,9373.44,9373.6799375,foreground
S01_U04.CH4.wav,9373.52,9377.4799375,background
S01_U04.CH4.wav,9377.32,9377.7199375,foreground
S01_U04.CH4.wav,9377.56,9379.2799375,background
S01_U04.CH4.wav,9379.12,9379.5599375,foreground
S01_U04.CH4.wav,9379.4,9384.4799375,background
S01_U04.CH4.wav,9384.32,9384.5999375,foreground
S01_U04.CH4.wav,9384.44,9386.4399375,background
S01_U04.CH4.wav,9386.28,9386.7599375,foreground
S01_U04.CH4.wav,9386.6,9386.8399375,background
S01_U04.CH4.wav,9386.68,9386.8799375,foreground
S01_U04.CH4.wav,9386.72,9386.9199375,background
S01_U04.CH4.wav,9386.76,9386.9599375,foreground
S01_U04.CH4.wav,9386.8,9387.1599375,background
S01_U04.CH4.wav,9387,9387.4799375,foreground
S01_U04.CH4.wav,9387.32,9387.7999375,background
S01_U04.CH4.wav,9387.64,9387.8399375,foreground
S01_U04.CH4.wav,9387.68,9391.0799375,background
S01_U04.CH4.wav,9390.92,9391.1999375,foreground
S01_U04.CH4.wav,9391.04,9391.5999375,background
S01_U04.CH4.wav,9391.44,9391.7199375,foreground
S01_U04.CH4.wav,9391.56,9392.3599375,background
S01_U04.CH4.wav,9392.2,9392.9599375,foreground
S01_U04.CH4.wav,9392.8,9393.1999375,background
S01_U04.CH4.wav,9393.04,9393.5999375,foreground
S01_U04.CH4.wav,9393.44,9394.8399375,background
S01_U04.CH4.wav,9394.68,9395.0399375,foreground
S01_U04.CH4.wav,9394.88,9395.5999375,background
S01_U04.CH4.wav,9395.44,9395.8799375,foreground
S01_U04.CH4.wav,9395.72,9396.9599375,background
S01_U04.CH4.wav,9396.8,9397.0399375,foreground
S01_U04.CH4.wav,9396.88,9397.7199375,background
S01_U04.CH4.wav,9397.56,9398.0799375,foreground
S01_U04.CH4.wav,9397.92,9399.6399375,background
S01_U04.CH4.wav,9399.48,9399.7199375,foreground
S01_U04.CH4.wav,9399.56,9401.0799375,background
S01_U04.CH4.wav,9400.92,9401.1999375,foreground
S01_U04.CH4.wav,9401.04,9401.7199375,background
S01_U04.CH4.wav,9401.56,9402.0799375,foreground
S01_U04.CH4.wav,9401.92,9402.8399375,background
S01_U04.CH4.wav,9402.68,9402.8799375,foreground
S01_U04.CH4.wav,9402.72,9403.9599375,background
S01_U04.CH4.wav,9403.8,9404.0799375,foreground
S01_U04.CH4.wav,9403.92,9406.9199375,background
S01_U04.CH4.wav,9406.76,9406.9599375,foreground
S01_U04.CH4.wav,9406.8,9408.7199375,background
S01_U04.CH4.wav,9408.56,9408.9199375,foreground
S01_U04.CH4.wav,9408.76,9409.3999375,background
S01_U04.CH4.wav,9409.24,9409.4799375,foreground
S01_U04.CH4.wav,9409.32,9409.7199375,background
S01_U04.CH4.wav,9409.56,9409.8799375,foreground
S01_U04.CH4.wav,9409.72,9416.5199375,background
S01_U04.CH4.wav,9416.36,9416.6399375,foreground
S01_U04.CH4.wav,9416.48,9416.7199375,background
S01_U04.CH4.wav,9416.56,9416.7599375,foreground
S01_U04.CH4.wav,9416.6,9418.5999375,background
S01_U04.CH4.wav,9418.44,9418.6799375,foreground
S01_U04.CH4.wav,9418.52,9420.4399375,background
S01_U04.CH4.wav,9420.28,9420.4799375,foreground
S01_U04.CH4.wav,9420.32,9421.1199375,background
S01_U04.CH4.wav,9420.96,9421.1999375,foreground
S01_U04.CH4.wav,9421.04,9437.3199375,background
S01_U04.CH4.wav,9437.16,9437.4399375,foreground
S01_U04.CH4.wav,9437.28,9437.6399375,background
S01_U04.CH4.wav,9437.48,9438.1199375,foreground
S01_U04.CH4.wav,9437.96,9438.6399375,background
S01_U04.CH4.wav,9438.48,9438.7599375,foreground
S01_U04.CH4.wav,9438.6,9440.5999375,background
S01_U04.CH4.wav,9440.44,9440.8399375,foreground
S01_U04.CH4.wav,9440.68,9440.8799375,background
S01_U04.CH4.wav,9440.72,9440.9199375,foreground
S01_U04.CH4.wav,9440.76,9441.0799375,background
S01_U04.CH4.wav,9440.92,9441.1599375,foreground
S01_U04.CH4.wav,9441,9442.3999375,background
S01_U04.CH4.wav,9442.24,9442.4799375,foreground
S01_U04.CH4.wav,9442.32,9443.0399375,background
S01_U04.CH4.wav,9442.88,9443.0799375,foreground
S01_U04.CH4.wav,9442.92,9443.4799375,background
S01_U04.CH4.wav,9443.32,9444.1199375,foreground
S01_U04.CH4.wav,9443.96,9444.2799375,background
S01_U04.CH4.wav,9444.12,9444.5199375,foreground
S01_U04.CH4.wav,9444.36,9444.8799375,background
S01_U04.CH4.wav,9444.72,9445.0799375,foreground
S01_U04.CH4.wav,9444.92,9445.1199375,background
S01_U04.CH4.wav,9444.96,9445.1599375,foreground
S01_U04.CH4.wav,9445,9445.5599375,background
S01_U04.CH4.wav,9445.4,9445.6799375,foreground
S01_U04.CH4.wav,9445.52,9445.8399375,background
S01_U04.CH4.wav,9445.68,9446.1599375,foreground
S01_U04.CH4.wav,9446,9446.6399375,background
S01_U04.CH4.wav,9446.48,9447.2399375,foreground
S01_U04.CH4.wav,9447.08,9454.2799375,background
S01_U04.CH4.wav,9454.12,9454.3199375,foreground
S01_U04.CH4.wav,9454.16,9456.4399375,background
S01_U04.CH4.wav,9456.28,9456.5599375,foreground
S01_U04.CH4.wav,9456.4,9456.7999375,background
S01_U04.CH4.wav,9456.64,9457.2399375,foreground
S01_U04.CH4.wav,9457.08,9457.2799375,background
S01_U04.CH4.wav,9457.12,9457.5199375,foreground
S01_U04.CH4.wav,9457.36,9461.3999375,background
S01_U04.CH4.wav,9461.24,9461.6799375,foreground
S01_U04.CH4.wav,9461.52,9469.9599375,background
S01_U04.CH4.wav,9469.8,9470.4399375,foreground
S01_U04.CH4.wav,9470.28,9474.5199375,background
S01_U04.CH4.wav,9474.36,9474.5599375,foreground
S01_U04.CH4.wav,9474.4,9475.1599375,background
S01_U04.CH4.wav,9475,9475.4799375,foreground
S01_U04.CH4.wav,9475.32,9475.5199375,background
S01_U04.CH4.wav,9475.36,9475.5599375,foreground
S01_U04.CH4.wav,9475.4,9475.7599375,background
S01_U04.CH4.wav,9475.6,9475.8399375,foreground
S01_U04.CH4.wav,9475.68,9476.1599375,background
S01_U04.CH4.wav,9476,9476.4799375,foreground
S01_U04.CH4.wav,9476.32,9477.7599375,background
S01_U04.CH4.wav,9477.6,9478.1999375,foreground
S01_U04.CH4.wav,9478.04,9478.5199375,background
S01_U04.CH4.wav,9478.36,9478.8399375,foreground
S01_U04.CH4.wav,9478.68,9479.1599375,background
S01_U04.CH4.wav,9479,9479.2799375,foreground
S01_U04.CH4.wav,9479.12,9481.9999375,background
S01_U04.CH4.wav,9481.84,9482.8399375,foreground
S01_U04.CH4.wav,9482.68,9488.4399375,background
S01_U04.CH4.wav,9488.28,9488.6399375,foreground
S01_U04.CH4.wav,9488.48,9489.1599375,background
S01_U04.CH4.wav,9489,9489.5599375,foreground
S01_U04.CH4.wav,9489.4,9489.7599375,background
S01_U04.CH4.wav,9489.6,9489.9999375,foreground
S01_U04.CH4.wav,9489.84,9491.5599375,background
S01_U04.CH4.wav,9491.4,9491.7999375,foreground
S01_U04.CH4.wav,9491.64,9494.7199375,background
S01_U04.CH4.wav,9494.56,9494.7999375,foreground
S01_U04.CH4.wav,9494.64,9496.5999375,background
S01_U04.CH4.wav,9496.44,9496.6399375,foreground
S01_U04.CH4.wav,9496.48,9497.1199375,background
S01_U04.CH4.wav,9496.96,9497.4399375,foreground
S01_U04.CH4.wav,9497.28,9497.6799375,background
S01_U04.CH4.wav,9497.52,9497.9599375,foreground
S01_U04.CH4.wav,9497.8,9497.9999375,background
S01_U04.CH4.wav,9497.84,9498.1199375,foreground
S01_U04.CH4.wav,9497.96,9498.4799375,background
S01_U04.CH4.wav,9498.32,9498.6399375,foreground
S01_U04.CH4.wav,9498.48,9499.5999375,background
S01_U04.CH4.wav,9499.44,9499.9999375,foreground
S01_U04.CH4.wav,9499.84,9500.2799375,background
S01_U04.CH4.wav,9500.12,9500.3999375,foreground
S01_U04.CH4.wav,9500.24,9503.7199375,background
S01_U04.CH4.wav,9503.56,9503.8399375,foreground
S01_U04.CH4.wav,9503.68,9503.9599375,background
S01_U04.CH4.wav,9503.8,9504.0399375,foreground
S01_U04.CH4.wav,9503.88,9504.5999375,background
S01_U04.CH4.wav,9504.44,9504.7199375,foreground
S01_U04.CH4.wav,9504.56,9505.3599375,background
S01_U04.CH4.wav,9505.2,9505.6799375,foreground
S01_U04.CH4.wav,9505.52,9506.3599375,background
S01_U04.CH4.wav,9506.2,9506.5199375,foreground
S01_U04.CH4.wav,9506.36,9506.6399375,background
S01_U04.CH4.wav,9506.48,9507.0399375,foreground
S01_U04.CH4.wav,9506.88,9509.9999375,background
S01_U04.CH4.wav,9509.84,9510.1999375,foreground
S01_U04.CH4.wav,9510.04,9510.4799375,background
S01_U04.CH4.wav,9510.32,9510.6799375,foreground
S01_U04.CH4.wav,9510.52,9510.8799375,background
S01_U04.CH4.wav,9510.72,9511.0799375,foreground
S01_U04.CH4.wav,9510.92,9511.3999375,background
S01_U04.CH4.wav,9511.24,9511.5599375,foreground
S01_U04.CH4.wav,9511.4,9511.7199375,background
S01_U04.CH4.wav,9511.56,9511.8799375,foreground
S01_U04.CH4.wav,9511.72,9511.9199375,background
S01_U04.CH4.wav,9511.76,9511.9599375,foreground
S01_U04.CH4.wav,9511.8,9515.0399375,background
S01_U04.CH4.wav,9514.88,9515.3199375,foreground
S01_U04.CH4.wav,9515.16,9516.5199375,background
S01_U04.CH4.wav,9516.36,9516.6799375,foreground
S01_U04.CH4.wav,9516.52,9516.9999375,background
S01_U04.CH4.wav,9516.84,9517.2399375,foreground
S01_U04.CH4.wav,9517.08,9518.3599375,background
S01_U04.CH4.wav,9518.2,9518.7599375,foreground
S01_U04.CH4.wav,9518.6,9518.9199375,background
S01_U04.CH4.wav,9518.76,9519.0399375,foreground
S01_U04.CH4.wav,9518.88,9519.3199375,background
S01_U04.CH4.wav,9519.16,9519.5199375,foreground
S01_U04.CH4.wav,9519.36,9519.5999375,background
S01_U04.CH4.wav,9519.44,9519.9599375,foreground
S01_U04.CH4.wav,9519.8,9520.1999375,background
S01_U04.CH4.wav,9520.04,9520.2799375,foreground
S01_U04.CH4.wav,9520.12,9521.9999375,background
S01_U04.CH4.wav,9521.84,9522.1199375,foreground
S01_U04.CH4.wav,9521.96,9522.3199375,background
S01_U04.CH4.wav,9522.16,9522.4799375,foreground
S01_U04.CH4.wav,9522.32,9523.5199375,background
S01_U04.CH4.wav,9523.36,9523.6399375,foreground
S01_U04.CH4.wav,9523.48,9523.7199375,background
S01_U04.CH4.wav,9523.56,9523.9199375,foreground
S01_U04.CH4.wav,9523.76,9524.3999375,background
S01_U04.CH4.wav,9524.24,9524.9599375,foreground
S01_U04.CH4.wav,9524.8,9525.0399375,background
S01_U04.CH4.wav,9524.88,9525.1599375,foreground
S01_U04.CH4.wav,9525,9525.5599375,background
S01_U04.CH4.wav,9525.4,9525.8799375,foreground
S01_U04.CH4.wav,9525.72,9526.0399375,background
S01_U04.CH4.wav,9525.88,9526.1999375,foreground
S01_U04.CH4.wav,9526.04,9526.6799375,background
S01_U04.CH4.wav,9526.52,9526.9199375,foreground
S01_U04.CH4.wav,9526.76,9530.1199375,background
S01_U04.CH4.wav,9529.96,9530.3199375,foreground
S01_U04.CH4.wav,9530.16,9531.0399375,background
S01_U04.CH4.wav,9530.88,9531.3999375,foreground
S01_U04.CH4.wav,9531.24,9531.4799375,background
S01_U04.CH4.wav,9531.32,9531.7599375,foreground
S01_U04.CH4.wav,9531.6,9533.4799375,background
S01_U04.CH4.wav,9533.32,9533.5999375,foreground
S01_U04.CH4.wav,9533.44,9533.8399375,background
S01_U04.CH4.wav,9533.68,9534.4399375,foreground
S01_U04.CH4.wav,9534.28,9535.1599375,background
S01_U04.CH4.wav,9535,9535.1999375,foreground
S01_U04.CH4.wav,9535.04,9535.2399375,background
S01_U04.CH4.wav,9535.08,9535.2799375,foreground
S01_U04.CH4.wav,9535.12,9537.9599375,background
S01_U04.CH4.wav,9537.8,9538.1599375,foreground
S01_U04.CH4.wav,9538,9539.7599375,background
S01_U04.CH4.wav,9539.6,9539.9199375,foreground
S01_U04.CH4.wav,9539.76,9544.1199375,background
